replicate_id,T_HET
0,0.00018321176609925678
1,8.594436498500397e-05
2,7.697809779929345e-05
3,5.344906737221616e-05
4,0.0001545839500496555
5,5.295369747466846e-05
6,0.00015201609721529602
7,4.723562809516085e-05
8,5.967395308121876e-05
9,9.30160109326032e-05
10,0.00027392567018443443
11,0.00010931952567580993
12,9.290532110980101e-05
13,0.00021905124249626298
14,0.00012379505199205351
15,0.00014591120014504364
16,0.00020160785797407852
17,5.6043968339573936e-05
18,5.735103490763926e-05
19,0.00020042032018572609
20,0.00015360376073360413
21,0.0001221714108133521
22,4.918405981868201e-05
23,0.0002793542705833012
24,6.704004219897368e-05
25,0.00013542361929962682
26,7.739808893332977e-05
27,8.464316662342999e-05
28,0.00011459893786762456
29,0.00010120478909023954
30,0.00017449096469149513
31,0.00015067858022696327
32,5.063658808447767e-05
33,0.00014542622839776504
34,0.00010839949787435561
35,8.082611413736052e-05
36,0.00018758911621070143
37,0.00017931466820266488
38,0.00012178102937087549
39,0.00010191122664949496
40,0.0003262223279674425
41,5.334280496141878e-05
42,7.634924126185766e-05
43,0.00012373693460597003
44,4.120145697788799e-05
45,0.00017323423069468729
46,4.7286794634978404e-05
47,0.00011368288241287916
48,0.00019098589000656434
49,0.00016907092205116283
50,9.256952813251542e-05
51,6.388584105595125e-05
52,0.00012654433250527508
53,8.002140346352702e-05
54,6.156354122898156e-05
55,0.00014435969557716153
56,8.256839482414572e-05
57,0.00012423962726356268
58,8.710989378248656e-05
59,7.053121542221816e-05
60,0.00016356320911933337
61,0.000163077934129131
62,5.062290126805508e-05
63,0.00013543310500844987
64,9.033189892305248e-05
65,9.74299970863349e-05
66,6.365931896750029e-05
67,0.00014172927859103669
68,2.7514689841236846e-05
69,0.0001440289289812134
70,0.00014780321188152714
71,9.821775182161627e-05
72,0.0001444880996486694
73,9.615167233676151e-05
74,0.00016851330175776327
75,2.4621110478632295e-05
76,0.0001335901238817991
77,8.548115723279612e-05
78,0.00010542927071907575
79,6.918662404756883e-05
80,6.195834421063865e-05
81,0.00012594091382805175
82,3.714647938171904e-05
83,0.00011748682744877373
84,4.763129645328877e-05
85,5.1212905330553035e-05
86,8.241891093471263e-05
87,0.00012513343573592676
88,5.757047138228889e-05
89,0.00014532253869073696
90,0.00012026950907964195
91,0.00016069938133732396
92,0.00020147176859771162
93,0.00015641309578767515
94,0.00011804016185164754
95,8.825365025755713e-05
96,0.0001392128903343928
97,0.00017181140955716554
98,9.896881940348048e-05
99,8.544363082907496e-05
100,9.248373466662323e-05
101,0.0001237783409743651
102,0.0002383119354590648
103,0.00010253434911855917
104,0.0001216257263431883
105,0.00011939626889204992
106,7.123295613856753e-05
107,0.000257286122586135
108,6.582372847564664e-05
109,0.00014402257682957567
110,0.00021358581883621226
111,0.00012341291672348783
112,0.00011692854997847429
113,0.0001091737908605564
114,0.00018398083050803199
115,5.142123881489055e-05
116,6.494371014144072e-05
117,0.00020776993225314527
118,0.00013209492735322064
119,4.811542057395765e-05
120,0.00010732397974597236
121,0.0001291656801969792
122,0.0001093853139029592
123,6.685934510085106e-05
124,8.072066844340507e-05
125,8.670878461740715e-05
126,9.854691273131154e-05
127,0.0001284650947428127
128,0.00027190012279267706
129,7.164031231250471e-05
130,0.0001311447942901668
131,0.00021691122590645405
132,0.0001339344944450455
133,0.00010556828996045234
134,9.957948194166732e-05
135,0.0001402826922206951
136,0.00013610960191297902
137,0.0001058821388197671
138,0.00018111898321018668
139,4.008161693537098e-05
140,0.00010882590774629918
141,6.83142461712539e-05
142,6.292501410544987e-05
143,5.396570991727326e-05
144,0.00022447451660952283
145,0.00017709348115688668
146,0.0002520376148049885
147,0.00023483485533772007
148,0.00013416895363590198
149,0.00011643041274598254
150,7.545458111215849e-05
151,0.0001331560378179674
152,0.00010723612971529932
153,5.4633085448234714e-05
154,9.891864049969243e-05
155,6.463043876324948e-05
156,0.00015619763709720638
157,8.120571402197698e-05
158,5.81418545428864e-05
159,0.00013875028057534067
160,0.00017345990251212994
161,8.113634448854648e-05
162,2.2263550953875e-05
163,8.266141914736036e-05
164,4.692029805007186e-05
165,0.00011642732487580852
166,9.205107235441955e-05
167,0.0003222384963993754
168,5.021122523691482e-05
169,0.00012123816077304064
170,9.268524727166946e-05
171,0.00018385946360417933
172,8.217894544914283e-05
173,0.00022308354597514268
174,6.463398562940588e-05
175,7.342287524836101e-05
176,0.00015991014365403366
177,9.664518687981049e-05
178,7.980994400298511e-05
179,0.00015403396414182644
180,0.0002534050056718299
181,0.00012822190524271963
182,8.611098888087598e-05
183,9.297566445356926e-05
184,0.00014176433808260104
185,7.076267906710132e-05
186,0.00023193138077799114
187,0.00018612058644811288
188,0.0004201564549255998
189,0.00013478526780394244
190,8.48591371492573e-05
191,0.0001108388742477139
192,6.638661173208161e-05
193,4.883574312485684e-05
194,0.00013064382465229562
195,0.0001418603276309857
196,8.364718889672863e-05
197,0.00012005060220341706
198,8.007445787854337e-05
199,0.00010852661642502205
200,0.00012585858304052681
201,6.72942523459278e-05
202,0.00010653462700069879
203,7.295181264728361e-05
204,0.00013012378404734417
205,5.8846125682450265e-05
206,0.00021687390723489552
207,0.0001146901094512894
208,0.0001509773583577531
209,8.72330530242691e-05
210,0.00010413947648414294
211,0.00011233698273819951
212,3.817256585212406e-05
213,8.797297714380248e-05
214,4.9078305063514116e-05
215,3.9191820149157814e-05
216,0.00010665659476186459
217,5.702193016350867e-05
218,9.078282330024009e-05
219,0.0001452144081396577
220,0.00010280768215191073
221,0.00013150020875428737
222,0.0002894456395434257
223,4.0828435949386395e-05
224,7.582935832379793e-05
225,8.613208350997985e-05
226,0.00010050836231145766
227,0.00013587950493379122
228,0.00012345114738286756
229,0.00012598455567041272
230,8.018602833884366e-05
231,7.085096518246966e-05
232,9.170416523377785e-05
233,0.00023573190030301306
234,8.013546736156e-05
235,8.80661282456276e-05
236,9.810380389690005e-05
237,8.974908486541377e-05
238,0.00010125617573379201
239,0.0001692257115612697
240,0.00014026794710057824
241,0.0002606524625880473
242,9.818655966058677e-05
243,9.393859796581606e-05
244,8.278386864480697e-05
245,6.0335131244260154e-05
246,0.00010378853678355457
247,7.835678376861194e-05
248,0.00022654101422072865
249,4.021344320143203e-05
250,0.00021145940432206725
251,0.00026965333378759193
252,9.054690622250928e-05
253,0.00010134086504300878
254,4.627553016397999e-05
255,0.0001866749968327222
256,0.00012714985541333135
257,4.700612172398396e-05
258,0.00012788490423336216
259,0.00017852204781504673
260,0.0003428159168794528
261,8.088025321578315e-05
262,9.500348780898686e-05
263,8.00404878259103e-05
264,7.78957347636911e-05
265,9.918746330589504e-05
266,0.00016834982142393867
267,0.00014313935998852887
268,0.00018961570784670223
269,0.00011688406427417181
270,8.68826970499501e-05
271,0.00012496061862928167
272,7.770598665150429e-05
273,0.00013641669000426514
274,0.00015497713098597184
275,0.00013477751604943803
276,5.5096830339184924e-05
277,5.350024513538968e-05
278,0.00017311151556926717
279,2.2718104249203767e-05
280,7.762409490041922e-05
281,6.536636322155114e-05
282,0.00041753573245878527
283,0.00014376698603398095
284,8.679407997352992e-05
285,0.00013668232326410874
286,5.8649003910502293e-05
287,0.00015380973751398692
288,3.875294022939065e-05
289,7.383951188897413e-05
290,3.852508082627084e-05
291,7.937613615289089e-05
292,0.00014615502241032666
293,0.00012111646257510325
294,0.00010409341578779897
295,5.737187089195895e-05
296,0.0002109859494287536
297,7.966363617469508e-05
298,0.00014506201024706722
299,8.541764315357327e-05
300,8.857000281815798e-05
301,0.00014469214970619547
302,0.00010773322656254438
303,4.155637732807222e-05
304,0.0001283836974102963
305,3.057095570096898e-05
306,9.335184536092385e-05
307,0.00011446983258620383
308,8.113542689861077e-05
309,0.00022072666521701702
310,7.588957406774e-05
311,4.39706846354921e-05
312,4.546238046421526e-05
313,0.00013355537883194443
314,0.0001207524980028952
315,0.00024898242361217065
316,0.0001626389611177584
317,0.00037692569680278026
318,0.00018419894152738676
319,0.00012573056385639428
320,9.6070107668165e-05
321,0.00013556661813043876
322,7.748445059829634e-05
323,0.00018825303782752303
324,4.3824456282128053e-05
325,0.00012931825379269127
326,0.00016344264722667885
327,0.00016664729966921438
328,9.966546137942108e-05
329,8.993007151638627e-05
330,8.50213821714203e-05
331,0.00017569249714161035
332,6.98162557540796e-05
333,6.746067085356094e-05
334,8.186432569568203e-05
335,3.551629937132267e-05
336,8.332985078481444e-05
337,0.00022071535315315577
338,0.00014713050848148173
339,0.00012738996590929926
340,0.00012597744240052663
341,6.967604209007198e-05
342,0.00010793385242179141
343,0.00018564506228996034
344,9.273824947896287e-05
345,0.00017111559825939578
346,9.769181291786228e-05
347,9.226484543207649e-05
348,0.00013896034803226797
349,0.00010136870291114897
350,3.1832072071134755e-05
351,6.527453601363114e-05
352,0.00017109918399431024
353,0.00010261070561034818
354,0.00010093082711225878
355,0.00015295583270731323
356,0.00020984260485659568
357,4.553559440356406e-05
358,0.00016257475267392467
359,0.00018590464978895455
360,0.00015174981970039004
361,7.740403116672791e-05
362,4.5342937601833975e-05
363,6.726278421642141e-05
364,9.415679552725878e-05
365,0.00022096373992702405
366,0.00019465541304423714
367,0.0001421980448015405
368,0.00013639102376219466
369,0.00012754275584682157
370,0.00019479804613357603
371,0.00023872948009981838
372,0.0003131438965131462
373,0.00016737708274075353
374,0.0002131765036938021
375,0.00014144399643705314
376,0.0001430341905513399
377,0.00010161444024628293
378,0.0001902604432577979
379,0.00020447322513894302
380,9.863303868499159e-05
381,0.00011860233009990278
382,8.659305283512042e-05
383,7.119910651163388e-05
384,0.00013728103739904025
385,5.715428331611643e-05
386,0.00017488721705417103
387,0.0003504608180758857
388,0.00016127816946812597
389,6.644570020876868e-05
390,2.7842301395307165e-05
391,0.0001675508235299578
392,0.00010362717396825152
393,7.158534623300585e-05
394,8.343979386558968e-05
395,7.3517360733491e-05
396,4.6866293646606964e-05
397,8.839030800489919e-05
398,6.667059219301055e-05
399,7.601018398968178e-05
400,0.00016798477702661572
401,6.442613376721961e-05
402,0.00017758238111756881
403,9.534202135981375e-05
404,0.00012765121493963846
405,0.00011968683369003136
406,4.88227020098876e-05
407,9.209959864807389e-05
408,0.00014907697708881946
409,4.123882189223429e-05
410,0.00012413397014471653
411,6.067043379197848e-05
412,0.00024081137465254237
413,8.539318711840085e-05
414,5.966079073888441e-05
415,0.00011935552843552425
416,0.00012518441305936392
417,0.0001280955413992652
418,7.091254282099487e-05
419,6.332700569089721e-05
420,0.00014902567008743989
421,0.000200139369684648
422,0.00023583049444363146
423,0.00015999773205611887
424,7.766978125997072e-05
425,0.00025772409326662026
426,6.384247874333056e-05
427,7.745700870892545e-05
428,0.0002045598269377621
429,0.00012128618376526535
430,8.974372393111408e-05
431,0.0001265734524096223
432,0.0001240196063693169
433,9.76273384086789e-05
434,0.0001753910058088696
435,0.00028467225427529513
436,0.00022633793982834653
437,0.0002641238919780107
438,9.377777297262328e-05
439,9.289762916548722e-05
440,0.0001242889435429023
441,0.00022746936253249372
442,8.647672626276826e-05
443,0.00017601166241962954
444,3.501427253216734e-05
445,0.00014935370301998383
446,5.7619878047779035e-05
447,4.6939119261959994e-05
448,0.00014687157494164922
449,8.79502276789601e-05
450,9.610559944786269e-05
451,5.6945399318000105e-05
452,0.00012408048374121193
453,0.00017709443469978423
454,8.639623550674456e-05
455,0.00010814515710168767
456,8.243668299528456e-05
457,0.00023546091620155112
458,6.533922810571351e-05
459,7.36157365134957e-05
460,0.0003704324124876835
461,0.00021469254836550426
462,0.00014925212859603592
463,0.000253754743564912
464,7.450329397990784e-05
465,0.00011949351363306962
466,0.00022991865394325866
467,0.00014432675267140926
468,7.329747293155564e-05
469,0.00010340545629507966
470,0.00017224944798403384
471,0.00010686119767344735
472,0.00012959871326921233
473,8.148659763819016e-05
474,0.00020674071385207596
475,0.00012517459287894654
476,3.6246637606329624e-05
477,8.01472586178003e-05
478,0.00011304655829151241
479,9.111067143073986e-05
480,0.00023140463196755912
481,6.46540406948496e-05
482,9.661210164899558e-05
483,8.122122396846689e-05
484,9.78273897687128e-05
485,0.00017172477429982274
486,0.0001652463215617592
487,9.829003100473446e-05
488,0.0001756444536542483
489,0.00023154067418936395
490,9.924687031128783e-05
491,0.0001687482781707753
492,6.697914586075144e-05
493,4.766613308781036e-05
494,7.982289745358848e-05
495,6.789378479563823e-05
496,0.00011750049445792245
497,8.111869512463226e-05
498,8.170957160867175e-05
499,0.00010500720961563741
500,9.878725182301326e-05
501,9.143233050665748e-05
502,0.00011685647433834815
503,7.89337490187844e-05
504,0.0002567370060671546
505,9.894168229833862e-05
506,0.00017097835729481295
507,4.545501208308386e-05
508,5.317654656670077e-05
509,7.470718810910132e-05
510,0.0001686711832334398
511,0.00018875852255170405
512,0.00012250151517178204
513,5.3245644358743855e-05
514,8.511515490372488e-05
515,6.539142804300588e-05
516,0.00011946314796903246
517,0.0001325542199631158
518,0.0001453082772210893
519,0.00010774629742416179
520,5.7712024824653515e-05
521,5.741691032210285e-05
522,0.00016705105511042554
523,0.00016606953906453558
524,0.00017855729146502497
525,0.0001113737709429838
526,0.00011362299820696223
527,0.0002652757080342697
528,5.1217768443446314e-05
529,8.52578192170937e-05
530,0.00014130464732755782
531,0.00017454226693615224
532,7.147071313188567e-05
533,3.6763278325004855e-05
534,0.00016937352939328068
535,6.805344444331827e-05
536,0.00020238292754619998
537,0.00011282312796986725
538,6.893952353231883e-05
539,9.849385340632215e-05
540,8.353618464010566e-05
541,7.046349319157965e-05
542,6.857345018859077e-05
543,0.0001571486394356965
544,9.53678482614384e-05
545,0.00022407058344113082
546,0.0001576499441161353
547,0.0001928171416230416
548,0.00012912510755347403
549,0.00013588305758993946
550,0.00012231310196179738
551,0.00023553689043023663
552,0.00011281856213173343
553,0.0001210428443907761
554,0.00014498016453289155
555,0.00026034820364543903
556,0.00015938234286215936
557,7.843004573754634e-05
558,0.00011569742422302029
559,0.00012495182093056971
560,6.702495550500384e-05
561,0.0001345056853968962
562,6.765838636096325e-05
563,0.00018805869066200793
564,3.955603025077506e-05
565,3.720065691825229e-05
566,0.00010851717740798516
567,0.00017826864670443166
568,9.469446317723745e-05
569,7.483775799368284e-05
570,7.676748852306528e-05
571,0.00016552233982434686
572,9.859227600688067e-05
573,0.00016137791670246216
574,0.00020032655455622228
575,0.0002812485541185863
576,8.174159588425473e-05
577,0.00020382988111106707
578,0.0001156741149825588
579,0.00014733497652185594
580,8.143156228128243e-05
581,0.00021519120538272287
582,0.00011686214297800077
583,0.00013007038395082134
584,0.00017956901019192584
585,3.745820215491932e-05
586,7.182381504583969e-05
587,9.24339956523215e-05
588,0.00012422024069271752
589,0.00024632715299750753
590,8.146413055876411e-05
591,3.179325486359239e-05
592,0.00013288123933045376
593,4.168768356566923e-05
594,0.0001302613528010842
595,8.689649760036604e-05
596,0.0002644382227761844
597,6.322034931785106e-05
598,0.00011638532405261575
599,8.756356136660438e-05
600,0.00014929233955168381
601,4.322044750921233e-05
602,6.893709480635395e-05
603,0.00016575955955691713
604,3.943470790941389e-05
605,3.3341877885023104e-05
606,0.00010242680378999967
607,0.00020527131293631502
608,0.0001453363913327438
609,7.786426555294849e-05
610,0.00017735921613636025
611,0.00015673148256320358
612,2.4906225884482107e-05
613,0.00010835202208610765
614,0.00012453723035174232
615,0.00022590548582774903
616,0.00010945324215583636
617,0.00013158623336880626
618,0.00024029124690328325
619,4.3561582616454333e-05
620,9.401216815680011e-05
621,0.0001258341475536783
622,6.943404061221907e-05
623,0.00012340703791120195
624,0.00014169398684718516
625,0.00016236609550538257
626,6.900280970028015e-05
627,0.0001253354568619574
628,0.00011579949539232348
629,7.855613901383328e-05
630,0.00022443931476519638
631,0.00010093201854343908
632,7.384303813252191e-05
633,0.00012980189711755383
634,0.00013225945334883915
635,0.00022934831908810881
636,0.00028911750574053694
637,9.185455223928272e-05
638,4.527533579152984e-05
639,0.00011225920150357692
640,6.269940126053903e-05
641,0.0001231440133118183
642,8.782716010675377e-05
643,9.736338607501512e-05
644,6.930920074874969e-05
645,5.11237426255846e-05
646,5.3457501915655156e-05
647,7.826881104989551e-05
648,7.097426125459622e-05
649,0.00018503878261536425
650,0.00010802820791823713
651,5.432454640447809e-05
652,9.046099722896306e-05
653,0.00031355561806764874
654,0.00010318296513221834
655,0.00010231633258483622
656,0.00019493647319961834
657,6.834340781416131e-05
658,7.849111405155081e-05
659,0.00012520317491904854
660,0.00013753959848974347
661,0.00011939191219301948
662,6.91194247418848e-05
663,4.059824885498891e-05
664,0.0003646112620243737
665,5.324284937512455e-05
666,0.00015191768863875355
667,0.00011759744163357955
668,5.130985055424424e-05
669,0.00016353790557545659
670,4.595114554927102e-05
671,6.571766824719537e-05
672,0.00016930867902971634
673,0.00010511414019644955
674,0.00011571232745701472
675,0.00012720447468821531
676,2.240714242554452e-05
677,0.00011646145431109623
678,0.0001064804398799096
679,0.0002679154594845475
680,0.00020620828347965228
681,8.023898348792738e-05
682,0.0001575710154598156
683,8.328942438536873e-05
684,0.00013305694321247567
685,0.00017352429841586078
686,0.0002645387130895358
687,8.441165337970714e-05
688,0.0001469409202402375
689,0.00011844733246985084
690,7.689701908268082e-05
691,0.0001425650920869392
692,0.0002440361089846812
693,6.255970725638278e-05
694,7.605348701791384e-05
695,0.0002560321781463864
696,6.962178361706168e-05
697,0.0001693958031434178
698,0.00010303404479406264
699,7.055844748190042e-05
700,0.00014993670954861483
701,0.00013894434191871456
702,0.00021695835091482444
703,0.00012355043265085115
704,0.00010774493564036895
705,0.0002325644291808933
706,0.00014092747265253674
707,9.69923762774041e-05
708,0.00020265632121262714
709,0.00019971681589433648
710,0.0001423379460325199
711,9.066292723776024e-05
712,0.00014489288811642115
713,0.00023945180665098161
714,0.00014961093102455335
715,0.0002116731137605852
716,0.00019048937035128072
717,0.00015547331417942005
718,0.0001917637819428562
719,8.174128596544668e-05
720,2.9494207044055897e-05
721,9.926052987526684e-05
722,9.680113265119107e-05
723,0.00012359567301349793
724,3.982907051062598e-05
725,0.00014287168714812885
726,0.00011540309887247484
727,9.659069686419894e-05
728,6.38172161996196e-05
729,8.945546388406585e-05
730,0.00013760484556785043
731,0.00012678395210617322
732,0.00010871222866887766
733,0.0003379305505765395
734,8.565774798160452e-05
735,0.00018551301741360452
736,5.40227650766267e-05
737,0.00011309414577752281
738,3.687313495727204e-05
739,7.299026071543476e-05
740,0.0001618096659252667
741,1.1589592053641707e-05
742,0.00016560261278134703
743,8.969038436362322e-05
744,0.00013942276937532684
745,0.00015055029061478796
746,8.789830030616812e-05
747,9.380769696600708e-05
748,0.0001881730973035903
749,0.00012794460387881849
750,0.00022588383601101122
751,0.00020065577784497045
752,0.0002663796155467125
753,0.00019137038279402776
754,0.00013427040144970193
755,7.91903932984454e-05
756,9.349219453994389e-05
757,2.878150245592475e-05
758,7.487886738545843e-05
759,0.0001487458098748317
760,0.00011183232038451546
761,0.0003543177026025685
762,0.00022737158252740107
763,4.765947746739675e-05
764,0.00012880467391588295
765,0.0001964891852007728
766,7.202745661990628e-05
767,6.612704678358264e-05
768,0.00024118924394731726
769,0.00013381110191012754
770,6.944278513777298e-05
771,9.358334631988752e-05
772,0.0002612601550034582
773,0.00018009203188358024
774,8.135285745099607e-05
775,0.00011756126712653298
776,0.00024134538925376053
777,0.0001504556711413939
778,4.575201120921326e-05
779,0.00010277153930726654
780,9.890945982380911e-05
781,0.00017576547437812614
782,0.0001846378977373414
783,0.00010331159725884599
784,0.00010828611268467817
785,0.00012965547288858114
786,0.00016491465270068224
787,0.00018599239310893544
788,0.00010827580272612574
789,0.00011843067446990692
790,8.198073461911467e-05
791,6.114690622956589e-05
792,3.873110996026354e-05
793,7.824221366139378e-05
794,0.00011675506344435795
795,7.342465750641278e-05
796,8.469507843127566e-05
797,9.052768094451766e-05
798,0.00015282549626940975
799,0.00025533440891306516
800,0.0001236290669098461
801,0.00014210573348117031
802,6.27214454015052e-05
803,2.7414647204978306e-05
804,0.00013787548481824418
805,0.0001286618033971274
806,0.00019594776993157265
807,0.0001884631044034118
808,8.386118483796227e-05
809,6.529436108733703e-05
810,4.782202676572869e-05
811,0.00017468757460748632
812,9.830738251964731e-05
813,0.0003211634108121217
814,4.614897218208927e-05
815,6.524171992236643e-05
816,8.896472327629397e-05
817,0.00012457581441059658
818,8.791847738574775e-05
819,0.00018535591267637317
820,9.117126569505809e-05
821,0.00027632489773665096
822,9.65108208607725e-05
823,0.0001458231205614325
824,2.2761709190931168e-05
825,0.00013352504783295153
826,3.2270028603829945e-05
827,0.00017471068898874674
828,0.0001520246834976819
829,0.00022176565198395192
830,0.00011513205469639518
831,6.323397771497987e-05
832,0.00011042769062204663
833,0.00018923333792464993
834,0.0001890563122093743
835,8.363993636763639e-05
836,0.00015488338441486433
837,0.00013717497460081848
838,0.00013049789938592268
839,0.0001878303178312167
840,9.58849437984217e-05
841,0.00014213921647703156
842,0.00018779027640264867
843,0.00031834514165693904
844,3.910371015048827e-05
845,0.00021430593346247065
846,0.00011008110861345776
847,0.00021141148510580782
848,0.00013042972458825763
849,4.840988599891298e-05
850,4.4490945508636706e-05
851,0.00020829023689180367
852,0.00013465016087620764
853,3.254303893179128e-05
854,0.00019639305959685518
855,0.00015545255832561316
856,0.00010594812607982086
857,0.0001491994919630506
858,0.00016378664556225284
859,0.00015613359399874844
860,6.416811448761999e-05
861,0.00028675248129694244
862,6.736278052543634e-05
863,0.00010999329308342564
864,0.0001501789945627393
865,0.00012130632814938179
866,0.0002172447883675156
867,0.00012630842439542982
868,0.00029150236336617554
869,0.0001881058127090841
870,0.00010001128222300499
871,9.573231067954607e-05
872,0.0001538885487374944
873,0.00011484391171281276
874,2.9696865175228607e-05
875,0.0004714686768274191
876,0.00010799145002758471
877,9.286861459561883e-05
878,9.633230577506775e-05
879,5.810416416538124e-05
880,0.00013552324640669374
881,7.844177126100583e-05
882,9.510044631457916e-05
883,8.662679920462232e-05
884,0.0001295942013383294
885,0.00020981399967465067
886,3.736133987812826e-05
887,7.645024357797782e-05
888,5.560770956361823e-05
889,8.991590825443551e-05
890,0.0001315618319112016
891,0.0001335052691423153
892,0.00021079408804512573
893,0.00014180027644321118
894,7.331597732298574e-05
895,4.4162278833304145e-05
896,6.914289479176061e-05
897,9.006468221422691e-05
898,7.515771297684605e-05
899,0.0001296051232726096
900,9.937212528417892e-05
901,5.8981533781574974e-05
902,0.00011873397496403089
903,6.593172611263118e-05
904,0.00017610825372522783
905,0.00012027957064869219
906,4.4653897020272915e-05
907,7.67969219808155e-05
908,0.00012846177738957878
909,0.0001338789324503363
910,0.00015443458123684092
911,0.00010865114769150144
912,0.000272449157402487
913,5.237177662046657e-05
914,8.721721431221355e-05
915,4.4735030250478606e-05
916,8.820847353679389e-05
917,0.00018741974870440463
918,0.00010701926742016257
919,0.00014879669012296464
920,0.00013753203621489973
921,0.00011080722223197056
922,5.8507199845334346e-05
923,5.5820394574355784e-05
924,0.00011062864101335848
925,0.00017270255355758112
926,6.873749914250474e-05
927,9.565755585356193e-05
928,5.013194474884522e-05
929,7.445600853254423e-05
930,4.788457631859366e-05
931,8.406661372995175e-05
932,0.0002175204521664896
933,8.86181613012392e-05
934,0.00015584743405695027
935,0.00019379700312898858
936,0.00018420082897538395
937,5.967011893100452e-05
938,0.00010856409992934744
939,0.00012803489625972273
940,6.858202817875747e-05
941,0.00013208230516489718
942,4.7276141011525345e-05
943,4.565251999747047e-05
944,0.0001657985293060057
945,0.00011398753321797286
946,0.00020459122019078824
947,0.00014214678191567563
948,0.00013629210532293875
949,0.000150705972813225
950,0.0001237700863799617
951,0.0001669669546616304
952,0.00013089836506368296
953,0.00018362122844028746
954,0.0001381167655996834
955,0.0007811591485522598
956,7.825903658503249e-05
957,8.874212760525843e-05
958,7.317103619435694e-05
959,5.0688163176953984e-05
960,0.00010712537055329919
961,0.00012649095449294198
962,0.00011839537879837107
963,0.00011727728692265539
964,0.0003661048365296211
965,0.00016420022649132882
966,6.243020145013718e-05
967,0.00015335971579559952
968,0.00011594115303406241
969,6.534831103348988e-05
970,0.00016817795481433574
971,8.15001706572104e-05
972,9.587450343790802e-05
973,6.021299277204207e-05
974,0.00015012566869411945
975,0.0002681249442650453
976,6.041205544646213e-05
977,7.31533484076604e-05
978,0.00020809374933461328
979,0.000205896216846853
980,0.00016377380524938264
981,0.00014442836917536573
982,0.00013135383095923432
983,5.2349519166466344e-05
984,0.00011703160982990669
985,0.00011059402911133708
986,0.00010195592325693623
987,0.00014841177385355837
988,9.551074764291183e-05
989,0.0003204329304614941
990,8.861254165923917e-05
991,0.00014248630216020817
992,7.950748429834318e-05
993,5.474493479235784e-05
994,0.00019220960325523932
995,0.00018400686771529465
996,6.343635372503873e-05
997,8.520881797252484e-05
998,0.00010155877021947263
999,0.00012996188133475764
1000,0.0002183312331778024
1001,0.00028071819768368627
1002,0.00011239037298931334
1003,8.386251033939594e-05
1004,0.00016480684773901398
1005,0.00015964798822388698
1006,0.0001216874379524448
1007,0.00022178908871927302
1008,0.00020275980345779463
1009,0.00010749538306169815
1010,3.6559882983048495e-05
1011,2.810276946061602e-05
1012,0.00015737950025112
1013,9.094113354287147e-05
1014,0.00011814355763343948
1015,0.00013383398530387574
1016,0.00011528516477896295
1017,9.988341821310539e-05
1018,0.00018077946205596532
1019,0.0001028707003678438
1020,0.00014971810261004852
1021,0.00013548157612685628
1022,7.405019175523132e-05
1023,0.000119774931691201
1024,4.8952119076740914e-05
1025,0.00020146122411450842
1026,0.00011935663510975233
1027,0.00015287328872174902
1028,0.00012784021539848843
1029,7.281558909661239e-05
1030,0.00013358923250998323
1031,0.00010964887790006763
1032,0.00010351497556596801
1033,0.00010823632752359375
1034,0.0001464264614904878
1035,9.329047395700163e-05
1036,8.578695781066872e-05
1037,7.583286637950128e-05
1038,0.0001120419200174756
1039,0.00017307741101709682
1040,0.00015305090454141495
1041,0.0001024999943765982
1042,7.910316174626305e-05
1043,0.00018073876041067055
1044,0.00016331453966734306
1045,0.00024569579918402585
1046,8.806631866299656e-05
1047,0.00010818315258334418
1048,0.00013567151703833044
1049,0.00019303585228410013
1050,6.984696492200412e-05
1051,6.603727921319207e-05
1052,0.00011243110600469056
1053,7.495649719074964e-05
1054,0.00022030246345058422
1055,0.0002155282942607223
1056,6.83659324204947e-05
1057,4.560313326964752e-05
1058,0.0001779771832379884
1059,0.00020129690025392282
1060,0.00011052038352253604
1061,0.00028392661707895043
1062,0.00023498706845961117
1063,6.75606364066683e-05
1064,0.00022099788292618476
1065,4.142520659443542e-05
1066,9.9575716550415e-05
1067,9.36074121620345e-05
1068,0.00020468558873986117
1069,6.107479845697735e-05
1070,9.308148791188478e-05
1071,0.00016324111523271912
1072,8.576477847479293e-05
1073,8.631042669689824e-05
1074,0.00010156468365106448
1075,0.00018750880379176982
1076,6.695295341929512e-05
1077,0.00013998209506366013
1078,0.00015939185283817675
1079,0.00010975824307709697
1080,0.0001764941097246343
1081,0.00011010164956269501
1082,9.594536649621974e-05
1083,0.00010169291603435956
1084,8.370731959381371e-05
1085,0.00010800096253690012
1086,2.2246876435966123e-05
1087,0.00012632259367163394
1088,0.00015107326233495692
1089,0.00016335107355968623
1090,0.00027874561486975245
1091,0.00010525580810626448
1092,7.97779254249088e-05
1093,6.6399366862225e-05
1094,0.00018308386993869002
1095,4.731413970249186e-05
1096,0.0001239709774558901
1097,4.7896948896329916e-05
1098,1.9526018756209526e-05
1099,7.510928697917709e-05
1100,0.0001178930776993164
1101,0.0002179079154620523
1102,0.000257851251605521
1103,0.00010365360826912802
1104,5.2897492118533565e-05
1105,0.0001189470323289834
1106,7.958606472165378e-05
1107,0.00010026484660857398
1108,0.00015463388997289998
1109,0.00015081555190184608
1110,2.4589076819873624e-05
1111,9.652361455180514e-05
1112,0.00014402509366626573
1113,8.986970541045015e-05
1114,7.312222928341545e-05
1115,0.0001678560927137249
1116,9.69440597196875e-05
1117,0.00011327678145300295
1118,5.514570169336778e-05
1119,0.0001032342867731733
1120,0.00017393003672453027
1121,0.000393443413885989
1122,0.00024677733569138864
1123,5.560227861547378e-05
1124,6.805271449634792e-05
1125,5.303055120286849e-05
1126,0.00014420769721135732
1127,0.00015077829104994541
1128,2.0819016574148075e-05
1129,0.00015087661697075528
1130,0.00012128996628524771
1131,0.00011794140848904775
1132,4.328182484500385e-05
1133,0.00010957766618442688
1134,0.00020084383432548874
1135,4.828807216477632e-05
1136,0.00010491545905252082
1137,0.00020164145733674293
1138,0.00014468446777419106
1139,6.20596939834578e-05
1140,0.0002674092882863787
1141,5.7278974646912103e-05
1142,0.00013611890345136468
1143,7.811521569373221e-05
1144,9.293459001551641e-05
1145,7.552716552351225e-05
1146,0.00014966234147410258
1147,6.003157687692598e-05
1148,5.623585571051337e-05
1149,7.45690965382386e-05
1150,5.682966698098669e-05
1151,6.055341541732672e-05
1152,0.00011870318574577292
1153,0.00031699530735115184
1154,0.00010515865802292507
1155,0.00021950691039134302
1156,0.00018430957804499128
1157,4.703811256017523e-05
1158,0.0001127788871789475
1159,9.131345215568985e-05
1160,0.00010578014934091852
1161,0.00017327799321287105
1162,0.00010911725748211037
1163,0.0001807915082552414
1164,0.00018271737250815474
1165,0.0001482537523079652
1166,0.00021418571592556423
1167,9.992647896466587e-05
1168,0.00016258642947344364
1169,0.00012082967904349712
1170,5.994349956673713e-05
1171,9.284979727527684e-05
1172,0.00010939764421383279
1173,9.187555174440842e-05
1174,0.00010484907007444397
1175,0.00011305469768256284
1176,0.0001657814552956344
1177,0.00012786434586948853
1178,9.982814909511194e-05
1179,4.079451364766809e-05
1180,5.1451712790081034e-05
1181,9.970646511882853e-05
1182,0.00011176183843206415
1183,0.00021504018204344981
1184,7.700302263247048e-05
1185,0.00019618045848520966
1186,0.00014282449522108053
1187,6.120181343693852e-05
1188,7.81183933767878e-05
1189,0.00014368383577954098
1190,7.042617897831349e-05
1191,7.3753671827375e-05
1192,0.0001097511821190044
1193,7.732166160097808e-05
1194,8.933812015065447e-05
1195,0.00014607676000937545
1196,0.00015321411362605937
1197,0.00010948895469400018
1198,0.0001791224193713592
1199,5.078974877315824e-05
1200,9.027889441438337e-05
1201,0.00016704374510450128
1202,8.356168709558478e-05
1203,0.00011088112811639699
1204,3.2329844060491e-05
1205,6.0055430665252206e-05
1206,9.296477225318158e-05
1207,7.454152984151829e-05
1208,8.941534130586551e-05
1209,0.00014445695498780504
1210,0.00012030967761237211
1211,8.379559182812612e-05
1212,0.00018846688785142344
1213,5.9357201081341134e-05
1214,9.182569363344198e-05
1215,3.4647879689132006e-05
1216,2.6802113714700015e-05
1217,0.00017910739051181884
1218,8.738186512584165e-05
1219,4.583417696534079e-05
1220,0.00014046117948568842
1221,0.00014476926561355727
1222,8.339847128777538e-05
1223,8.074648151757133e-05
1224,0.00015587297731913275
1225,9.366027960733293e-05
1226,0.00020190980876472054
1227,0.0001395171967090367
1228,8.234450341877072e-05
1229,9.93671797942426e-05
1230,6.798503999028957e-05
1231,0.0001135905277799216
1232,0.0001923813228761664
1233,0.00015160863924908977
1234,0.00013935838679153393
1235,0.0001032081544857819
1236,0.00013691111340016088
1237,4.680250250798772e-05
1238,6.521074833165247e-05
1239,0.00012660058227087864
1240,3.587846416950459e-05
1241,9.725191563564957e-05
1242,0.00010685479128452781
1243,9.205037441791476e-05
1244,0.00021237622695073437
1245,0.00015388175503928673
1246,0.00014001702050029605
1247,6.251353871605597e-05
1248,3.805058457244501e-05
1249,6.738798488883437e-05
1250,5.409595412173145e-05
1251,4.032727962017519e-05
1252,6.322123192941705e-05
1253,9.16704346282269e-05
1254,0.00010106546194187997
1255,0.0001791429628288885
1256,0.00012004544938684025
1257,0.00011698588191378105
1258,0.0001122506008039689
1259,6.375386678659535e-05
1260,0.00019062473614383341
1261,0.00010860231491453186
1262,0.00016760553430345291
1263,0.00016958079447455641
1264,0.0001383499319275384
1265,0.00014544753954541764
1266,0.00015627675736552794
1267,0.0001244066090470509
1268,0.00024964091646263324
1269,9.092326889496522e-05
1270,0.00012018581322181534
1271,8.052970567404868e-05
1272,0.00016439123410070687
1273,0.00014393046777989545
1274,0.0001386031138831445
1275,0.0001878320428604107
1276,0.00017969591576647028
1277,7.894356078948079e-05
1278,0.00010683961686532732
1279,5.584302273570216e-05
1280,8.237227650468596e-05
1281,0.00039412833323160756
1282,0.0001282923660803333
1283,7.003076556336126e-05
1284,0.00014902400293791582
1285,0.00010688695308600142
1286,6.882719459873246e-05
1287,0.00013185889294603745
1288,0.00016193134229438482
1289,5.596785879480952e-05
1290,0.00013855594293518886
1291,7.879246118201017e-05
1292,0.00012915155267800645
1293,0.0001492459979034722
1294,8.605148657135324e-05
1295,0.00014889894102033773
1296,0.00022193854544057278
1297,0.00014468462835996013
1298,8.266760832281553e-05
1299,0.00024925625546895177
1300,8.143049016938158e-05
1301,0.00020712104918265702
1302,0.000100152449131602
1303,5.93025324343272e-05
1304,7.335589355833374e-05
1305,7.712646968998564e-05
1306,0.00017987185606753122
1307,7.201286411550445e-05
1308,0.00017087494636410368
1309,0.00010044584599956744
1310,5.803834268448295e-05
1311,5.597737205251938e-05
1312,8.239076477482234e-05
1313,0.00030350276326300297
1314,0.00019117310283240356
1315,0.00028900509980514375
1316,0.0002867212372136092
1317,0.0002043394013456813
1318,7.754035674037663e-05
1319,8.8618896803093e-05
1320,0.000193134101335371
1321,9.729086544330365e-05
1322,3.589269265995218e-05
1323,3.506850093476593e-05
1324,0.00012472171240113654
1325,0.0001282165109812692
1326,0.00021617155194090734
1327,0.0003669101226130169
1328,9.480023024871926e-05
1329,0.00011400046537956716
1330,0.00015892306250982403
1331,0.00013769446532270257
1332,0.00016100560824039594
1333,0.00011493849812873686
1334,5.932148661423117e-05
1335,0.00017755094631565448
1336,0.00011954353445258469
1337,0.0001297361085417165
1338,0.00011519832786207244
1339,0.00016292855203429928
1340,0.0001009575658890037
1341,0.00012663727854074966
1342,0.00012262463097974176
1343,0.0001450764691057853
1344,0.0001328685694588091
1345,0.00025060426884612264
1346,8.775814803970615e-05
1347,0.00016884814398946096
1348,0.0003790775220993825
1349,7.412961341457068e-05
1350,0.0002600515915030671
1351,3.688741802340949e-05
1352,5.8904201755049655e-05
1353,0.00018401275014863746
1354,0.00014142087993709024
1355,0.00010337243102732935
1356,4.6654655584752417e-05
1357,0.00010424871396465225
1358,0.00021201097265096183
1359,0.00014263018916242214
1360,0.00013023928374810654
1361,0.00016129740567981708
1362,0.00015761801664251874
1363,0.0001624011574448833
1364,0.00010792821605098753
1365,0.00013800288122248832
1366,0.00011183073005978866
1367,0.00022717377409452673
1368,9.075543084716049e-05
1369,0.0002220585383587838
1370,0.00013339820273393797
1371,0.00017434697022414427
1372,8.937855986849012e-05
1373,0.00012406392283939978
1374,0.00015123442764884923
1375,0.00025571994683135096
1376,0.00016076003898232233
1377,4.43935784818337e-05
1378,4.6605084305206444e-05
1379,5.68763169626176e-05
1380,0.0001348885077813271
1381,9.775418779017691e-05
1382,8.419876992619402e-05
1383,5.035362056519789e-05
1384,3.632820208734968e-05
1385,0.00020222042962449912
1386,0.00026038909089552
1387,0.00023858272469924963
1388,0.0001269904800389343
1389,6.903000318438117e-05
1390,9.798618644270113e-05
1391,0.00014974941862752844
1392,0.00020573588684480633
1393,0.0002536892855817166
1394,0.00017377831660973043
1395,0.00015253048119696645
1396,0.00014273104315369101
1397,0.00010501666359443922
1398,0.0003042511637800712
1399,6.041390774125367e-05
1400,0.00025232094108400716
1401,9.257140376220849e-05
1402,7.936124213354912e-05
1403,9.291046275619802e-05
1404,9.742104703649792e-05
1405,6.604098702993817e-05
1406,0.00016997808897562157
1407,8.571746257091283e-05
1408,9.616075146409604e-05
1409,0.00013532999716906518
1410,0.00010199354023323725
1411,5.5491745529035656e-05
1412,7.023888858022096e-05
1413,7.166276578478636e-05
1414,6.584086369055788e-05
1415,0.00021194450107507075
1416,0.00014312564789569336
1417,0.00020265588771277616
1418,0.00010190543411810513
1419,0.00013146227588835052
1420,4.456809720352088e-05
1421,0.0001344151156322442
1422,0.00011326505930128042
1423,0.00016599785250259386
1424,0.00018568626461869055
1425,0.00015294113834790933
1426,9.670295589545801e-05
1427,0.00013049889893322806
1428,0.0001077118831783408
1429,0.00018412557368827572
1430,0.00019579561775404602
1431,0.00015558254357426202
1432,0.00010787734201327886
1433,0.00013835867802497486
1434,8.64717576367089e-05
1435,0.0002575140754387379
1436,0.00015930579796945534
1437,4.906230992426156e-05
1438,7.378804296746393e-05
1439,0.0001042197565240888
1440,0.0003457625937394068
1441,6.29087391749876e-05
1442,5.5365178420013684e-05
1443,9.92916081057958e-05
1444,0.00011413035674927313
1445,7.546651536396351e-05
1446,0.00014411514314093302
1447,0.00021485904286143708
1448,0.00012235721103309312
1449,0.00014528283681769573
1450,9.839349732553085e-05
1451,0.00016962993237980926
1452,8.546527176721822e-05
1453,0.0001098799775754746
1454,4.338183718785118e-05
1455,0.00019606121430244485
1456,6.476722400448118e-05
1457,8.082579032080665e-05
1458,0.00024590921052255067
1459,7.357596359672269e-05
1460,0.00016465776498122888
1461,7.244100319800209e-05
1462,5.0597051769972014e-05
1463,4.9200861659681624e-05
1464,0.00019122285830165214
1465,9.980584517207657e-05
1466,6.960725960234828e-05
1467,0.00020716214982226863
1468,9.614159975368611e-05
1469,0.00013932201723411167
1470,4.720501339750151e-05
1471,5.1827819949969254e-05
1472,0.00010591083598265958
1473,0.00014830935428761883
1474,0.00011556998250339986
1475,0.00016795396506419453
1476,8.956744328738344e-05
1477,0.00016313732390442034
1478,0.00011747400743032074
1479,0.00012000761136593622
1480,0.00015647292778087372
1481,9.394444753227351e-05
1482,0.0001423952296469586
1483,0.00017706050819588044
1484,0.00013585469675124115
1485,0.00011357372222036117
1486,0.0001340192238309781
1487,6.322729502536125e-05
1488,8.255660553368248e-05
1489,0.00013657493712892962
1490,9.880757122375885e-05
1491,8.898860757093075e-05
1492,0.00025118838989278636
1493,0.0001321755463130464
1494,0.00020335378087261465
1495,7.805112567775243e-05
1496,8.324011845992096e-05
1497,0.00010211120087761055
1498,0.00011549690217505396
1499,7.303868703917269e-05
1500,6.120197312185217e-05
1501,0.00011571038378807314
1502,3.262925546867973e-05
1503,0.0002153600485193602
1504,0.00016934633617347468
1505,9.646764868869064e-05
1506,0.00019586854836436913
1507,0.00013352607431983628
1508,0.00020798461169447364
1509,0.00013573233912037735
1510,6.447504474785311e-05
1511,0.00015776778802086396
1512,4.3910986900230806e-05
1513,8.969593709829787e-05
1514,0.00019457610130408964
1515,0.00014493654275352333
1516,0.00015918758039199936
1517,0.0002378690077208767
1518,5.7326190515317294e-05
1519,4.8418440896233323e-05
1520,0.00011310209867499216
1521,0.00018653880001799
1522,0.00011839664612548765
1523,0.00012507241612664567
1524,6.26793124726877e-05
1525,9.469296660693036e-05
1526,7.001518598387691e-05
1527,0.00021172564423703813
1528,9.052359540798575e-05
1529,4.386184907925773e-05
1530,0.0001510430543653435
1531,0.00017788372508827321
1532,0.00015213719232786723
1533,6.351504709461578e-05
1534,5.090021810061031e-05
1535,5.854013141158907e-05
1536,9.868736343201135e-05
1537,4.637656565530042e-05
1538,6.249507028529583e-05
1539,0.0001687009481497179
1540,9.84552656105752e-05
1541,0.00012932097981454928
1542,8.801774640172937e-05
1543,8.956286018327648e-05
1544,0.00012280156802097202
1545,8.435032173479475e-05
1546,5.246973279603259e-05
1547,8.76566254787784e-05
1548,8.385345836080702e-05
1549,0.00017518828036616285
1550,6.858901831509944e-05
1551,5.130790731403959e-05
1552,7.112336486921503e-05
1553,0.00047142500460531573
1554,0.00022252118823478707
1555,5.353462854895512e-05
1556,6.967913336144222e-05
1557,0.00010504791572729858
1558,0.00019397792543253967
1559,0.00011476141431789108
1560,5.456832967548256e-05
1561,0.0001154626421467503
1562,0.0001363050255527791
1563,0.00017883548775900738
1564,5.975040618829552e-05
1565,0.00023945060000170332
1566,9.186828164998049e-05
1567,0.00020106249201959296
1568,7.550741314237966e-05
1569,6.771868480756689e-05
1570,5.3537546154218624e-05
1571,9.724844515596436e-05
1572,9.833166366836061e-05
1573,4.6499613170197806e-05
1574,5.1785576697780716e-05
1575,0.00013139856258484125
1576,0.00010065815275107336
1577,0.00018570866685160581
1578,0.0003449325303036916
1579,0.00021024920097865546
1580,0.00011695077732354022
1581,0.0001305787419759526
1582,2.8649588864995248e-05
1583,3.333989095797263e-05
1584,0.00017645188681570317
1585,0.000116605515270777
1586,5.4575170216776165e-05
1587,0.00015277733816936997
1588,0.00011094710475200296
1589,9.449333769924773e-05
1590,0.00010705439651117735
1591,1.565064218906828e-05
1592,0.00010659459729108653
1593,0.00019758482047887223
1594,0.00018166906371053874
1595,0.00010313689590916593
1596,9.18096261749601e-05
1597,0.0001570939242231656
1598,4.51171630799313e-05
1599,0.00010413399181572567
1600,0.00010777066637252981
1601,0.00012754996671428398
1602,0.00011544201904376764
1603,9.623018885714901e-05
1604,4.00845300237547e-05
1605,8.84086600620273e-05
1606,0.00012564507588761961
1607,6.947004752307857e-05
1608,0.00017349479895141848
1609,9.834451325100765e-05
1610,7.711143982454053e-05
1611,8.833967035706521e-05
1612,9.639129976084598e-05
1613,0.0001076348749525316
1614,0.0001014442886628893
1615,0.00018338275220232912
1616,6.287429606164882e-05
1617,9.131055703832251e-05
1618,2.2997528180435007e-05
1619,0.0002614225546009914
1620,8.350953546630532e-05
1621,5.967165436733915e-05
1622,9.9327623763191e-06
1623,0.00010901451590133184
1624,5.9969643448663486e-05
1625,7.455963066993121e-05
1626,0.0002645965744384175
1627,0.0004596153489107737
1628,0.00017860255204990718
1629,5.465901332052557e-05
1630,0.0001720711787329344
1631,8.028433162255722e-05
1632,0.00016572996384557487
1633,0.00013228759268513624
1634,9.72303199645443e-05
1635,5.313896569730356e-05
1636,0.00011099955577772842
1637,0.00011342992060433718
1638,8.156148351468344e-05
1639,0.00011630241138404684
1640,0.0001021785417650578
1641,0.00012708569135743558
1642,0.00010678247257681886
1643,0.0002506879280678113
1644,6.0360591835519e-05
1645,9.67103033896031e-05
1646,0.00012996597944499666
1647,0.00016962332277161885
1648,5.4112699619534824e-05
1649,9.45662815323179e-05
1650,4.582542106682373e-05
1651,7.6827951688639e-05
1652,0.00015355910278040108
1653,5.7561359710778105e-05
1654,7.330170719283964e-05
1655,0.00015939231023159942
1656,9.98130422354738e-05
1657,0.0003219495688925161
1658,5.993460251688456e-05
1659,0.0002481373972697812
1660,0.00010951248075701507
1661,5.696386326383138e-05
1662,7.960512362540332e-05
1663,0.00015566423282923348
1664,0.00026832756976336833
1665,0.0001213268896338216
1666,0.0001467631114181124
1667,4.940739197293704e-05
1668,8.723658025461167e-05
1669,0.00013908843009403934
1670,0.0001798259466497911
1671,0.00013060669284694644
1672,0.00027142691658477765
1673,0.00018952894983898845
1674,0.00011935098397814503
1675,6.34117881871928e-05
1676,9.992821059162921e-05
1677,9.84175020097167e-05
1678,6.221748584252633e-05
1679,4.9680054727126014e-05
1680,0.0001812540427900933
1681,0.00010018255779499355
1682,9.598396053916315e-05
1683,0.00010402917077140886
1684,3.723514500213974e-05
1685,0.00012095756998486287
1686,0.00011498613763861425
1687,9.507486365070642e-05
1688,9.089547869360014e-05
1689,7.878371394639274e-05
1690,0.00012350455935173325
1691,8.90121536118266e-05
1692,9.615083089417888e-05
1693,0.00016744505465434922
1694,0.00010991963465981761
1695,8.785235434270626e-05
1696,8.519575262962738e-05
1697,0.0001518044659617342
1698,4.721554878866468e-05
1699,9.408699921044893e-05
1700,4.208040091816367e-05
1701,0.00011774967297435977
1702,0.00011457513172890028
1703,0.00015672404388473326
1704,0.00018127229655692147
1705,0.0001880075845407985
1706,0.00015121705794017356
1707,0.00010951535609725082
1708,9.473395734105364e-05
1709,8.720106091796587e-05
1710,9.01151804358625e-05
1711,3.7992220097865455e-05
1712,9.457414989796263e-05
1713,0.00013731242834068034
1714,9.46239977783025e-05
1715,0.0003714084751334877
1716,8.066539835234831e-05
1717,7.765039341458353e-05
1718,0.0001357242314237124
1719,0.00015679212881750335
1720,0.0001917282813724581
1721,0.0001099447958949124
1722,0.00023616006071247003
1723,9.302069580151531e-05
1724,0.00013295343224180422
1725,0.00010708412124175239
1726,4.093000058182485e-05
1727,0.00023184150760102086
1728,0.00025986027585471846
1729,9.069259929750075e-05
1730,0.00015359326218402874
1731,0.00012983279176959422
1732,0.00013107388331529731
1733,4.3849899753864486e-05
1734,9.858601461861287e-05
1735,8.350999482730182e-05
1736,0.00029973283749473094
1737,0.00014731523213161538
1738,8.29675249204285e-05
1739,0.00016134016477169165
1740,7.944662083079251e-05
1741,0.00013612665781527876
1742,0.00013284860148122482
1743,0.00015431299625243567
1744,8.075159511472908e-05
1745,7.908454637835424e-05
1746,0.00011852994087765132
1747,7.741692701393827e-05
1748,0.0001723284639872309
1749,0.0001421095703588603
1750,0.00022924023428944802
1751,0.00018774221659782582
1752,0.00018236259691095105
1753,0.00021820843677637856
1754,0.00011178657198359238
1755,0.00011207528051352269
1756,0.0001829703252888362
1757,0.00026197673823697337
1758,4.822821233176379e-05
1759,8.924543892867337e-05
1760,8.49857425065978e-05
1761,0.0003214055725264381
1762,0.0002480608748866058
1763,7.765546514048429e-05
1764,4.67092409158173e-05
1765,0.00018682276714135297
1766,0.00015024965902995596
1767,0.0003135075078724035
1768,0.00012790804933302858
1769,0.00022243661458057904
1770,7.343744531931122e-05
1771,0.0001417875900791738
1772,8.682158105357602e-05
1773,0.00031835533653834665
1774,0.0001080777976383367
1775,0.00012718695494910994
1776,0.0002837077123203141
1777,0.00011992191800046952
1778,0.00015085218915404105
1779,0.00017361059711374662
1780,0.0001354752832912907
1781,4.74387139365105e-05
1782,0.00019461487896555357
1783,9.377878273788905e-05
1784,6.520747369782047e-05
1785,8.125055578545918e-05
1786,6.357636546199915e-05
1787,0.0001785802628785086
1788,4.197464904310955e-05
1789,0.00021757328574727668
1790,0.00010700401561683588
1791,0.0001459195148998917
1792,0.0001249403966814057
1793,0.0003565811134200167
1794,0.0002159067615281629
1795,0.0001568829516195355
1796,0.00018654607185907332
1797,4.8217037088211994e-05
1798,0.00012978565162792712
1799,0.00021361429440949553
1800,0.00010118831736473025
1801,0.00013738336863533326
1802,0.00011507546401987663
1803,5.7078918209314136e-05
1804,0.00011898308102335875
1805,0.00016224996880436822
1806,0.00020232335078532325
1807,0.00013734415755110245
1808,0.0001446216422187601
1809,0.00016503405118304548
1810,6.13937685652649e-05
1811,3.153235309158193e-05
1812,6.709337530385617e-05
1813,7.784683583640267e-05
1814,0.0001384896220264134
1815,8.066303838600044e-05
1816,8.177196977219805e-05
1817,0.00013550081757883378
1818,3.4496251629087504e-05
1819,5.959268347179146e-05
1820,0.00011442191437087864
1821,3.4711228354365704e-05
1822,0.000294744027888416
1823,0.00010634742728951003
1824,0.00010291933565193066
1825,6.841306425436386e-05
1826,0.00012633526458924186
1827,7.11833093832611e-05
1828,8.850444598267609e-05
1829,7.059391142836656e-05
1830,0.00015789837172560707
1831,0.0001211154531102402
1832,0.00010475422052467042
1833,6.964446535027413e-05
1834,0.00021900988513541886
1835,0.00011528799049607795
1836,0.00015635052845154823
1837,9.97437512477102e-05
1838,0.0001440402764054043
1839,0.0001479827300569438
1840,0.0002516989401389115
1841,0.00022706773450917206
1842,9.739077282267027e-05
1843,0.000124218989364749
1844,5.4607324070169145e-05
1845,0.00014954214010028653
1846,4.028833589819534e-05
1847,0.00011693678979257666
1848,0.00013724464017492684
1849,0.00015466443446447822
1850,0.00015305045170346592
1851,0.0001344971308558867
1852,0.00015277407742735546
1853,6.691161878073087e-05
1854,0.0001348968015835221
1855,8.924862653725022e-05
1856,7.034997452721718e-05
1857,9.52176837677316e-05
1858,0.00013556986211286012
1859,0.00011242424679868268
1860,0.00012294751000024507
1861,0.00023890819324845876
1862,9.20554359902282e-05
1863,0.00011139577503222903
1864,8.748624159234081e-05
1865,0.00021817977938201792
1866,0.00017061363627647282
1867,0.00010054734151692274
1868,0.00022198264036045443
1869,0.0002023406649246033
1870,0.00014158947030323992
1871,0.0001312936578047461
1872,0.00016972558084731205
1873,7.2672522303947e-05
1874,8.723179292205818e-05
1875,0.00024568446978071463
1876,0.00016172653892041017
1877,8.991788227061429e-05
1878,0.00012356464772442853
1879,0.00011742077102513755
1880,0.00024016854380789547
1881,6.272537009852684e-05
1882,7.850359903566544e-05
1883,7.745627960231679e-05
1884,0.00018464712986491285
1885,5.1236498738590976e-05
1886,7.573419433590231e-05
1887,4.4828100577535346e-05
1888,0.00010787237608966455
1889,0.00012954728067954822
1890,0.0002577754648162168
1891,8.115199941216816e-05
1892,0.00010786739331554246
1893,0.00014162112980534844
1894,0.00019117785493969071
1895,7.362350859618837e-05
1896,6.319683754789604e-05
1897,0.00013515213803467734
1898,0.00014564843544552495
1899,0.00015395957428038421
1900,6.929248670815884e-05
1901,0.00017381532819493996
1902,0.00015975427011798697
1903,0.00020340593253873399
1904,0.000165254076214888
1905,3.716142133595762e-05
1906,6.197002101157412e-05
1907,0.00018591008514392562
1908,0.00018734138761177
1909,8.303378791945038e-05
1910,0.00013034835897905521
1911,6.842437943430103e-05
1912,0.0003368234027402699
1913,0.00010205414140077352
1914,0.00014391447445919402
1915,5.0400346534230787e-05
1916,6.542430301818436e-05
1917,0.00022553750065246896
1918,0.0001920672533770525
1919,0.00015458396011802284
1920,8.929050072845462e-05
1921,0.00027313475206685667
1922,0.00010601248365028767
1923,0.00028767280883955164
1924,0.00022987933089867416
1925,6.445103756005604e-05
1926,0.00011634539471946161
1927,0.00017913618568206446
1928,0.0001059577321446687
1929,8.884471217266527e-05
1930,4.7645774879230675e-05
1931,0.0002461688315139894
1932,0.00017179118095373458
1933,8.004626668449968e-05
1934,6.981450962458912e-05
1935,0.00016194494152096885
1936,0.00014711624426365656
1937,0.00022576265408728836
1938,6.488711220724701e-05
1939,7.871655768708192e-05
1940,0.0001467422764769048
1941,0.0001158120688366284
1942,0.00014244486871678815
1943,5.761802170758063e-05
1944,8.912580732919605e-05
1945,0.0001599139466202863
1946,9.558069791675709e-05
1947,7.815767550859375e-05
1948,0.0002109388807202557
1949,6.401487549106909e-05
1950,0.00013035753078183488
1951,5.832433931198487e-05
1952,8.226941297326646e-05
1953,0.00012325198327516165
1954,4.175411132490961e-05
1955,0.00010795618328513497
1956,4.435879881096464e-05
1957,0.0001502492574858073
1958,9.951287068134585e-05
1959,0.0001258344412451474
1960,0.00010467660958843246
1961,8.693504386722502e-05
1962,0.00015346008547991385
1963,0.0001491703934801963
1964,7.456024630298807e-05
1965,4.09755031206378e-05
1966,0.0003921157319289098
1967,0.00012090542965790422
1968,0.00030523155882147785
1969,8.673689864547745e-05
1970,0.00010348718163779288
1971,0.00014961088253098872
1972,6.508614685419332e-05
1973,0.00012864415825183213
1974,7.17813836172563e-05
1975,0.0003505443400234645
1976,8.699375770817008e-05
1977,0.0002809636639150854
1978,5.235650685118006e-05
1979,0.0001440084062491345
1980,0.00012507117127771264
1981,0.0001408466273291881
1982,0.00017586708161112166
1983,0.00018068852355986758
1984,0.00012563750318339133
1985,0.00016781193091179998
1986,0.00014173037567772034
1987,9.736153389245225e-05
1988,4.6554685120678514e-05
1989,3.513391215230053e-05
1990,6.876280013889177e-05
1991,5.3199331017378354e-05
1992,2.8186478370070414e-05
1993,0.00010822157331468288
1994,5.52998912679992e-05
1995,0.00011171220352672387
1996,4.55051379747239e-05
1997,0.00016678421902115834
1998,0.0002651610063318337
1999,6.77319002314122e-05
2000,3.6713570869260086e-05
2001,0.00011383802718452024
2002,0.00011826421379699308
2003,0.0001442535095319732
2004,0.00018306742780545
2005,0.0001498586953358541
2006,0.00011091291384410527
2007,0.00010298377850384929
2008,5.1447046111337334e-05
2009,0.00015352481915158488
2010,5.2179039895190914e-05
2011,0.00014067812283101422
2012,0.00011367644521910125
2013,6.709281739216665e-05
2014,8.920089602915684e-05
2015,6.438848308162567e-05
2016,0.0001065746510610486
2017,0.00011684385869518881
2018,7.800685787227537e-05
2019,0.00016572306896383133
2020,0.0001724041266549983
2021,0.00016184833511038863
2022,0.00010264313020308192
2023,2.6773486736823158e-05
2024,7.104003415800138e-05
2025,0.00020041944131739462
2026,4.988367322743987e-05
2027,0.00012857382684857576
2028,2.1341658254283886e-05
2029,0.00015379887349700635
2030,6.084618343071652e-05
2031,6.618307305488614e-05
2032,0.00016111566874470277
2033,0.00010988783453638021
2034,0.00019683704420020345
2035,0.00016659284550327253
2036,0.00014697337624984444
2037,9.904804389750352e-05
2038,3.519274300160057e-05
2039,5.430513379995269e-05
2040,0.0001297899727389596
2041,0.00014883921286355998
2042,0.00018601156256891114
2043,0.00010882545738898037
2044,0.00012092743509727452
2045,9.672302312304797e-05
2046,0.00012674220653846285
2047,0.00019059776140849642
2048,8.861104607756743e-05
2049,5.248406004495944e-05
2050,0.0002237857388127277
2051,6.672934083115235e-05
2052,5.482153512801449e-05
2053,2.021488732371818e-05
2054,6.197298553775837e-05
2055,6.00329410726538e-05
2056,0.0001195415074702474
2057,9.841184444382464e-05
2058,0.00017531857704310714
2059,0.00011205036409257098
2060,0.00010572112120453713
2061,0.00015827712762187765
2062,7.643226169864232e-05
2063,5.824705904700655e-05
2064,0.0002934193324380291
2065,0.00018639847174204815
2066,6.461146885266634e-05
2067,0.00013945993568098336
2068,0.0002218646019027342
2069,0.00014610931183738914
2070,2.2782667386839464e-05
2071,0.00024396034222092108
2072,0.00010795467386852611
2073,0.000137263147641962
2074,0.00013488028208505392
2075,0.00020150884345355216
2076,0.0001282160154742643
2077,9.860982950713559e-05
2078,0.00014470757887605814
2079,0.0001601042787823765
2080,0.0001589187756674277
2081,0.00019901257434835057
2082,0.00017772909643078751
2083,0.00017133687347370698
2084,5.3882406707618514e-05
2085,0.0001270410523865277
2086,5.635540097037754e-05
2087,0.00010023077455018145
2088,0.00016170338879769268
2089,9.247280291859323e-05
2090,2.7947125550666833e-05
2091,0.00021729560972680694
2092,0.00010849793483544925
2093,0.00017197861760525414
2094,0.00017835214537103113
2095,0.00015457604766830435
2096,0.00017255491336058159
2097,7.138313764473306e-05
2098,0.000115223992602475
2099,5.9519324416669225e-05
2100,0.00010421318909645109
2101,7.914446853528842e-05
2102,9.636128227763815e-05
2103,8.083316170679765e-05
2104,3.364683104011314e-05
2105,6.921759822613706e-05
2106,0.00013050228884545553
2107,0.00017550549711861839
2108,0.00013973098056970483
2109,0.00018577525416060988
2110,0.000200629356756744
2111,0.00017472219765551618
2112,0.00013335413973777823
2113,7.621635351721248e-05
2114,0.00018674861506606436
2115,0.00018316782797340244
2116,9.793563902457431e-05
2117,0.0001571045329174954
2118,0.0001708245009601822
2119,8.920347869728477e-05
2120,0.00010761066037486218
2121,5.575534909387983e-05
2122,0.0002685717342326663
2123,9.06517227938622e-05
2124,0.00018305287430317116
2125,8.164958913068865e-05
2126,5.7600795321164955e-05
2127,7.695235195964955e-05
2128,0.00011522626173941207
2129,8.508552723621237e-05
2130,7.950612422746225e-05
2131,9.507830401581945e-05
2132,0.00018960834003995552
2133,0.00013635695637585172
2134,8.200786015016555e-05
2135,0.00015233517063668723
2136,0.000187332527408208
2137,0.0001631952553419592
2138,4.111928444631423e-05
2139,6.013114929321086e-05
2140,0.00014518626807215218
2141,0.00010011109600220578
2142,7.58997036854936e-05
2143,0.0002593495802032498
2144,9.7508937803448e-05
2145,0.00024648902901395586
2146,7.72635583260649e-05
2147,0.00010164421266459313
2148,6.801635597571362e-05
2149,6.0403101844566666e-05
2150,7.245127241720123e-05
2151,0.0001936922033934081
2152,0.00015987067480619508
2153,5.6957537741229594e-05
2154,7.778295948343802e-05
2155,5.435234152090983e-05
2156,7.878354582219501e-05
2157,0.0003023376814336922
2158,0.00022142050142061784
2159,7.40014310536598e-05
2160,0.00014033117194923506
2161,0.0001910685965109026
2162,0.0003055625778150599
2163,0.00021201359021228412
2164,0.000159444587654095
2165,0.00010535311479437404
2166,0.00013354574375510354
2167,0.00023363671864550854
2168,5.382205556164266e-05
2169,0.00014297605990606696
2170,8.617389428900864e-05
2171,0.00011507803135517441
2172,0.00014226615757410133
2173,6.950542987570858e-05
2174,8.621329884684337e-05
2175,0.00021963547974961062
2176,6.0471097291275037e-05
2177,8.805560142457712e-05
2178,0.00014886522489215308
2179,0.00016058910008160752
2180,0.00010780988654237206
2181,0.00016214043281584508
2182,7.946068741775517e-05
2183,9.312328268105086e-05
2184,0.00023887800738436727
2185,6.950413500706552e-05
2186,0.00021035933091997295
2187,6.601236765861818e-05
2188,0.00013606168436945218
2189,0.00010548454296388504
2190,0.00019998147689973534
2191,0.00012130270731196757
2192,0.00023631553611564162
2193,0.00010705948258632066
2194,0.00021070111044501556
2195,5.183249913864797e-05
2196,0.0001412009310129975
2197,0.00021160006935729778
2198,5.4426099115432276e-05
2199,7.697247160851666e-05
2200,4.974981163753589e-05
2201,0.00022645768934146502
2202,8.86643570983799e-05
2203,0.00010807847220891027
2204,0.0001937978202379271
2205,5.240703467946189e-05
2206,5.8946691139926934e-05
2207,9.923836879843905e-05
2208,0.00013733632422582184
2209,8.992917741708256e-05
2210,0.00010604092009093338
2211,0.0001374720566931808
2212,3.4325308120476556e-05
2213,0.00014889672450366695
2214,6.201799892004435e-05
2215,0.00011100797886141069
2216,5.062924897678274e-05
2217,0.0001338105327601837
2218,0.0002206640957659829
2219,4.691515438188585e-05
2220,0.00019646238539175625
2221,0.00016093487735686102
2222,0.0003781435397513081
2223,7.207006815340748e-05
2224,9.336264583909331e-05
2225,0.00010339029478544575
2226,7.94523545380542e-05
2227,6.206177007663493e-05
2228,0.00018732086108801978
2229,0.00011683948866555572
2230,0.0001877046399469296
2231,0.00013149777342256875
2232,4.077859917520565e-05
2233,0.00010635681514629963
2234,6.737051698236897e-05
2235,2.9674771961484747e-05
2236,8.68253376196143e-05
2237,7.401841132166107e-05
2238,0.00020911887457728
2239,0.0001153081986112457
2240,0.0002992164804416664
2241,0.00011344817449389423
2242,0.00017920807776023722
2243,0.00010331763848689291
2244,7.928478053587082e-05
2245,0.00010853949641854918
2246,6.610241106128481e-05
2247,6.657717962468687e-05
2248,9.147289238227998e-05
2249,0.00017362504970210968
2250,9.164799720573673e-05
2251,0.00011464401796930666
2252,0.00011021380451872793
2253,0.00013570997111500484
2254,8.582064377482672e-05
2255,0.00010744433121318906
2256,0.0001819369764322819
2257,7.512018991379809e-05
2258,0.00026687659106803326
2259,0.00012343886704543617
2260,0.00010403045723895875
2261,0.00016734968788000994
2262,0.00012441832711290022
2263,9.752829649225278e-05
2264,0.0001958433083577315
2265,0.00010574290756997691
2266,4.876262962312161e-05
2267,9.498620050506612e-05
2268,0.00020786783645081224
2269,4.834285717884317e-05
2270,4.2401155441411156e-05
2271,9.741566320029029e-05
2272,7.596680600686337e-05
2273,0.00012019712168115293
2274,0.00022368531030692325
2275,0.00010070412450353154
2276,6.399286044873932e-05
2277,0.00024099259764883563
2278,1.8525571487372985e-05
2279,0.00011858871515294989
2280,0.00022785207799810958
2281,0.00018793536113706716
2282,0.00012603110168102734
2283,7.181482447867834e-05
2284,0.0002044996125400786
2285,8.462157757620449e-05
2286,3.8324659333827384e-05
2287,0.00014382523294425694
2288,0.00021957046116709202
2289,0.00011707441830218472
2290,0.00013824832285552237
2291,0.0002039367796099421
2292,8.938708040373844e-05
2293,8.160090108427629e-05
2294,0.0002700473510579113
2295,0.00013466732490225044
2296,9.88925258165623e-05
2297,9.341505400902375e-05
2298,0.00012446912955382057
2299,0.00015941395118368803
2300,7.10472556602271e-05
2301,0.0001379163198925484
2302,8.854695419838177e-05
2303,7.678550731814534e-05
2304,9.687100221197507e-05
2305,0.00015785409739612268
2306,9.141936185619369e-05
2307,6.3272595865907e-05
2308,0.00018466617748061294
2309,0.00010741425000387796
2310,0.00021988890481716597
2311,9.556568285842926e-05
2312,4.9265571003604015e-05
2313,0.00014227628808194102
2314,6.070584328609621e-05
2315,7.898193213686106e-05
2316,6.18591471528786e-05
2317,0.00012981711962972858
2318,7.832432002278085e-05
2319,0.00014377228181100505
2320,0.00021365093264055885
2321,0.00010435575687372095
2322,0.00012883466018011956
2323,6.370641750047849e-05
2324,0.00011662062165777328
2325,0.0002635062357670932
2326,7.782208076144635e-05
2327,7.566413448741307e-05
2328,0.0001457158740344997
2329,5.605089709042795e-05
2330,6.741426815878835e-05
2331,7.03950759708341e-05
2332,0.00014274920921627176
2333,9.902173319694725e-05
2334,6.177067467222718e-05
2335,0.0001561938743088426
2336,0.00015145834980228136
2337,0.00016369148144480927
2338,6.810111419518478e-05
2339,0.00012418252430462215
2340,0.00013020152695390527
2341,0.0001395510515550239
2342,0.00014424748817897944
2343,8.304044898926582e-05
2344,0.00012185304678550242
2345,0.00011448764611274325
2346,6.664785207115344e-05
2347,0.00012960942166253606
2348,0.0001435088642283571
2349,7.07357161366602e-05
2350,0.00016858435950371716
2351,2.5529910971442407e-05
2352,7.526350806505395e-05
2353,0.00013207711754592767
2354,0.00011488705439561007
2355,0.00017284357161031884
2356,4.13733912773401e-05
2357,7.270950809477021e-05
2358,0.00011684897453400898
2359,0.00022127556331102838
2360,0.00023597838547196562
2361,0.00026578584346432604
2362,9.997797031810529e-05
2363,2.7157427943734456e-05
2364,0.00019494479895102026
2365,6.975023003009251e-05
2366,0.00018712021020983482
2367,7.235667903688288e-05
2368,0.00010027371214318585
2369,3.546929094144629e-05
2370,0.00015865838871003795
2371,0.00019604494910416221
2372,0.0001340629009483448
2373,0.00011213919103652563
2374,6.529774837842064e-05
2375,0.00012887483888455689
2376,3.855343666389128e-05
2377,9.847512500068845e-05
2378,0.00020774763096958966
2379,0.000244418895635023
2380,5.360008816020524e-05
2381,7.41016998275981e-05
2382,0.0002789526108135498
2383,0.00010003142999410699
2384,8.673940482651434e-05
2385,0.0002137910363895092
2386,6.936518096487785e-05
2387,0.00021751997930807455
2388,9.906164190746558e-05
2389,0.00022708754189550184
2390,0.0001502406215863012
2391,7.295685138173558e-05
2392,0.00016974909247613286
2393,3.399080534776656e-05
2394,5.9105143449834026e-05
2395,0.00014960630985442076
2396,9.16912244005252e-05
2397,0.0002492350288090032
2398,0.00010052752117874501
2399,0.00015638252467621471
2400,7.661643307593716e-05
2401,9.703331676174195e-05
2402,8.428295595462043e-05
2403,9.269570613911481e-05
2404,0.00014221781894250228
2405,0.00016612269616765975
2406,0.0001778933698743607
2407,4.677974169154612e-05
2408,8.304839469813622e-05
2409,0.00010683291960065643
2410,9.873107040764083e-05
2411,0.00011083244957823277
2412,9.988827379518739e-05
2413,5.787187817902588e-05
2414,4.139520378865498e-05
2415,0.00016018597422760264
2416,0.00021492107752994744
2417,0.00011476335680600892
2418,0.00017234482008303626
2419,9.634208066539081e-05
2420,4.032706733585498e-05
2421,0.00014803069720019312
2422,0.0001596578995967631
2423,1.1461644291765441e-05
2424,0.00010920050656028277
2425,0.00010693104663169973
2426,0.00016230334176059385
2427,9.907944661427954e-05
2428,0.000203170917495983
2429,0.00015894648646529462
2430,0.00015352685866868118
2431,0.0001765892188771469
2432,0.00013457693340214474
2433,7.022142524666793e-05
2434,0.00015345598023742824
2435,0.00016572436993274068
2436,0.00010095858102556035
2437,0.00012904338337008965
2438,5.3860480440929745e-05
2439,8.90708927266648e-05
2440,0.00010531735908591273
2441,0.0002472191863904304
2442,0.00031624122200863206
2443,0.0001350464410067935
2444,0.00012843448911206928
2445,0.0001715031236603872
2446,0.00020707586682542392
2447,0.00015945441805044168
2448,8.161862227522307e-05
2449,0.00014230605167171492
2450,0.00013286443030135464
2451,0.00024146724151630932
2452,0.00013267589780235287
2453,4.0051858231466715e-05
2454,8.177065116951977e-05
2455,0.0002251203778977667
2456,8.335363911010697e-05
2457,0.00019518466083953996
2458,4.986143189777807e-05
2459,4.892246709302358e-05
2460,5.4904468253228335e-05
2461,0.00010554720348819992
2462,0.00014502698145530427
2463,4.073874698577927e-05
2464,2.7549594504097067e-05
2465,0.00020775172338384512
2466,0.00010531213666517975
2467,0.00021486543286079848
2468,0.00016279772930588275
2469,9.37757817990383e-05
2470,0.00012986204664404557
2471,5.45339237282854e-05
2472,5.290147760213372e-05
2473,0.00019148636367598938
2474,0.00018886051656020867
2475,0.00022323454738837844
2476,0.00010480265950850808
2477,0.00028692954578211737
2478,7.3587633081406e-05
2479,7.733235636804355e-05
2480,0.0001652593246898916
2481,0.0006240484582148995
2482,0.0001596458876612808
2483,0.00022607138421851513
2484,3.5570280442042534e-05
2485,0.0002091735738843188
2486,7.613123052639416e-05
2487,0.00011811815988496743
2488,7.714642061352447e-05
2489,0.00014195795604179904
2490,0.00016585138723385743
2491,0.00019493574637920898
2492,0.00014260699376251242
2493,0.00015100930532219072
2494,0.00013485630997902415
2495,0.00016653495769732257
2496,5.588276224939038e-05
2497,8.347583929849446e-05
2498,7.605380369780773e-05
2499,0.0001121293251958046
2500,0.00033991159664808785
2501,0.0002807305375122211
2502,0.00013109115204795177
2503,0.00013507732090531962
2504,0.00012522396728325083
2505,5.51822844086303e-05
2506,0.00016204154029970147
2507,0.00020567589372912147
2508,6.924099128091309e-05
2509,0.0001297798577636584
2510,0.00018784625904338936
2511,0.0001427689727747951
2512,0.00022460291114508501
2513,0.0001222258390249409
2514,4.9678841198927377e-05
2515,3.190452833523473e-05
2516,8.506568813586303e-05
2517,0.00020560422119881273
2518,0.00011006054049326909
2519,0.00029062583560856376
2520,4.1902321778896964e-05
2521,4.449688132590582e-05
2522,6.0288300236770046e-05
2523,0.0001796611429785381
2524,6.603782373236321e-05
2525,9.57833852645314e-05
2526,0.0001239368731612098
2527,0.0002298147396220555
2528,0.00019067606381635766
2529,0.00020967102645671066
2530,0.0001177225865689975
2531,0.00020924922905217236
2532,0.00010066512164116939
2533,0.0001475954539472875
2534,0.00011913717311405019
2535,0.00010068904776929943
2536,0.00012521724969462192
2537,5.158553289632935e-05
2538,0.00038023774117631136
2539,0.00012380763122730548
2540,8.985599722456458e-05
2541,7.258133916753073e-05
2542,0.0001459825587950748
2543,0.00024360793323141005
2544,0.00010577622278167577
2545,7.758432362211051e-05
2546,0.00018894432472221992
2547,0.0002731480602823654
2548,0.00013962345440486737
2549,0.00020218437265582544
2550,8.917146099321485e-05
2551,0.00017824609271216245
2552,4.8139840412907e-05
2553,0.00028222521091459237
2554,5.159249953913067e-05
2555,6.403156983237119e-05
2556,8.498079868915861e-05
2557,0.00015525530196561585
2558,0.0001796181524293894
2559,0.0001626739342644573
2560,1.4379726449516348e-05
2561,0.0001207009637949321
2562,8.352812400969817e-05
2563,0.00015138408866693364
2564,8.011219709059086e-05
2565,0.00019777135398023473
2566,8.719546394818855e-05
2567,0.00014254901800731022
2568,0.00019380481198768518
2569,0.00011955154912050435
2570,5.169154893392328e-05
2571,6.81273056045537e-05
2572,0.00011955486082110647
2573,7.336278209030805e-05
2574,5.441991005511439e-05
2575,0.00012673892279693987
2576,0.00017503299586958118
2577,0.00018195323217007824
2578,2.9766544265592497e-05
2579,0.00014739541522258866
2580,7.902768057362998e-05
2581,0.0001399362214840645
2582,6.345956692948574e-05
2583,0.00018005934624330239
2584,0.0003297217956800105
2585,0.00017937559017829324
2586,0.00010296426794703751
2587,0.00021561353935063528
2588,0.00011147970191576547
2589,5.173161117619315e-05
2590,0.00010195869983793019
2591,0.00022249793900819783
2592,0.0002884451345226604
2593,7.856756754194043e-05
2594,0.00013481517744741398
2595,0.0001221825104940885
2596,4.3203350973458195e-05
2597,0.00011421356910779106
2598,8.883454554071464e-05
2599,6.900588501194026e-05
2600,8.84642505116841e-05
2601,0.0005171797038100468
2602,4.977255691496202e-05
2603,0.00012468994396490463
2604,0.00021866664282556037
2605,3.7668902050468866e-05
2606,0.00010876216257875687
2607,6.325753419178954e-05
2608,0.000252458207375057
2609,8.678158458109394e-05
2610,0.00014603180456983849
2611,0.00023460095731517286
2612,0.00022560039432886352
2613,0.00012159172135502234
2614,0.00024340495913681542
2615,0.00015534137322703194
2616,0.00012797354055247136
2617,0.0001541962454253155
2618,8.250354169151972e-05
2619,0.00012846457900790386
2620,0.00013055778771853138
2621,0.0001443503351092351
2622,0.00010052600056661382
2623,6.43383495539354e-05
2624,6.210341175388397e-05
2625,8.397402589453525e-05
2626,5.9855358007524805e-05
2627,0.00012580267098382726
2628,0.00010294167645047212
2629,4.6224292597495186e-05
2630,0.00011363026807038876
2631,7.183591844874649e-05
2632,1.3293836030295136e-05
2633,0.0001668808963352898
2634,7.875897884496582e-05
2635,0.0001509722504283224
2636,6.573105451098469e-05
2637,0.00021231738221815237
2638,6.401094369269202e-05
2639,0.00012937110853601143
2640,0.00024510665014367537
2641,0.0004207135363605536
2642,0.0001327187759366184
2643,0.0001379709979423436
2644,5.570892843913646e-05
2645,0.0001116164710602712
2646,8.59195581347212e-05
2647,9.559906322013482e-05
2648,0.00019657432626946428
2649,9.324037992248447e-05
2650,0.00013574118306476543
2651,0.00010430053712135015
2652,7.918531313803075e-05
2653,9.623776748260749e-05
2654,6.615032378179789e-05
2655,0.00011174505089032843
2656,4.8498565992508404e-05
2657,6.93793709864027e-05
2658,0.0002022563676801776
2659,8.556873767413836e-05
2660,0.00014698089590647358
2661,0.0001836399525925644
2662,7.986321517616415e-05
2663,0.00011564168529426327
2664,0.00011597541449935464
2665,0.0003449509614985375
2666,0.0001673485559592487
2667,0.0002907348636934144
2668,9.24158602976273e-05
2669,0.00015894465964890654
2670,0.00024354779787603493
2671,0.00023390737953909578
2672,6.879031712479124e-05
2673,0.0001549772067516618
2674,8.797504270072949e-05
2675,3.758466953972781e-05
2676,0.00011957559391600852
2677,7.109908244263679e-05
2678,5.8750368507496306e-05
2679,9.017888779949256e-05
2680,8.04384935395348e-05
2681,8.908923166540306e-05
2682,3.4157852181891214e-05
2683,0.00020878347248541983
2684,0.00020514660368279656
2685,0.00018503349729921095
2686,0.00010493254277790269
2687,3.745050794521354e-05
2688,6.114603289358545e-05
2689,6.40994415468624e-05
2690,8.948825891589977e-05
2691,0.00012820574518913823
2692,5.5121429031161146e-05
2693,0.00022018145599049798
2694,8.202337788426359e-05
2695,6.2987515003585e-05
2696,0.00016805898756727685
2697,0.00016262977592371633
2698,8.497017722479659e-05
2699,0.000222374639270477
2700,0.00014804678234467506
2701,7.865938573024376e-05
2702,0.00019596306842497424
2703,0.0001469177238592951
2704,9.097499510636104e-05
2705,6.33430950786498e-05
2706,0.00016669121398814183
2707,9.286020046150761e-05
2708,0.00012243795671581563
2709,0.00010121184999948297
2710,0.00012068900542171465
2711,0.00015012115328598934
2712,0.00011203491497089116
2713,0.00012053056008239717
2714,9.451724791814965e-05
2715,0.0001489243959428985
2716,6.3082992399087e-05
2717,0.00011259970398093249
2718,0.0001154962200787643
2719,0.00011139351771969902
2720,8.291442596201745e-05
2721,9.14185892322829e-05
2722,6.630060540588494e-05
2723,0.00016327860896992545
2724,6.13401492236284e-05
2725,9.147399687963155e-05
2726,0.00020261506499880068
2727,0.00019622247084399638
2728,0.00013154116529822362
2729,0.00015453638184406048
2730,8.681970922861987e-05
2731,6.844410782716705e-05
2732,0.00019989446847652926
2733,0.00032686600119056526
2734,7.948052720080816e-05
2735,0.00024487602779013195
2736,8.160032883629084e-05
2737,7.065226390214321e-05
2738,0.0001473844272975819
2739,6.08480036872702e-05
2740,9.268353857592751e-05
2741,0.0001160668910939118
2742,3.9646750317981296e-05
2743,5.522624883322609e-05
2744,0.00017054972537669345
2745,7.673119289796017e-05
2746,5.9900975854704944e-05
2747,9.785266020143867e-05
2748,0.0001126219851459232
2749,0.0002874562263243898
2750,7.429325758237186e-05
2751,6.561004430447306e-05
2752,0.0001951075442279138
2753,0.0002197771356266144
2754,0.00011299852450245814
2755,0.00013423443411159317
2756,9.058580541109928e-05
2757,0.00026084333729210486
2758,0.00014438499730820963
2759,7.625365183416548e-05
2760,9.17955050330445e-05
2761,9.241618938554242e-05
2762,0.00014827905354146954
2763,9.64495354056102e-05
2764,6.86573433441452e-05
2765,0.00011385436010330328
2766,0.00022547336569398704
2767,1.5775636610390634e-05
2768,0.0001447885098696087
2769,7.819048280799826e-05
2770,6.964950513749348e-05
2771,5.8979897036017683e-05
2772,0.0003356790647276648
2773,0.00015307335475450056
2774,9.365666419444508e-05
2775,7.555755281175741e-05
2776,4.51757552873585e-05
2777,7.198356536515552e-05
2778,0.00011036427212945576
2779,0.00029883363772512854
2780,0.0001522271799005732
2781,7.723582935497154e-05
2782,0.00029844449588475647
2783,2.4384348802662723e-05
2784,0.0006678387667667774
2785,4.724862058300955e-05
2786,0.0003734397845163024
2787,0.0001842387388365229
2788,0.00016405061092855514
2789,0.0001336522930564348
2790,0.00018669859627456784
2791,0.00033644296800235064
2792,9.545390719013087e-05
2793,0.00013581311506770104
2794,0.00019822503309394995
2795,0.00016050516337946325
2796,3.83872860612216e-05
2797,0.00024088935212263985
2798,9.793631470121037e-05
2799,0.00012178290466814707
2800,9.507034811963351e-05
2801,0.00022562892230091507
2802,0.0003439189971618911
2803,0.00018007956476654384
2804,5.3213290612264613e-05
2805,0.00018954467901689795
2806,0.0002175860130180159
2807,0.0002001391881516092
2808,0.00016961853271274432
2809,0.00010910832709278523
2810,0.0002508048547970505
2811,0.00016869074903553356
2812,0.00017332637264020777
2813,0.00016798059137022747
2814,6.495357099273457e-05
2815,0.00011882737732516393
2816,0.00011518321268022782
2817,0.00011595848790698813
2818,0.00027207873998063507
2819,0.0001913402194584264
2820,2.3518168082204477e-05
2821,6.312272624429545e-05
2822,0.0002567642528259222
2823,8.760220261631505e-05
2824,7.226221364192728e-05
2825,0.00010733788699906131
2826,0.00010411102944362728
2827,3.904492005886253e-05
2828,6.503005922257234e-05
2829,8.072184638178463e-05
2830,9.818463575446228e-05
2831,9.382621748650139e-05
2832,9.812861537571564e-05
2833,0.0001870930851334835
2834,2.638583041881917e-05
2835,0.0001993354830149641
2836,0.0001398962661136664
2837,0.00011574332773911001
2838,5.946185499218666e-05
2839,0.00017539738535827815
2840,0.0002867031341087386
2841,0.0003518307470732602
2842,0.00014105047455986974
2843,0.00012492636941922468
2844,0.0002801189443230005
2845,0.00013255190010373304
2846,8.21620744432351e-05
2847,6.73979971943534e-05
2848,7.444947517396214e-05
2849,6.764357233212703e-05
2850,0.00010076961608292819
2851,7.173598870881441e-05
2852,0.00011484781862456708
2853,0.00022093443045824123
2854,0.00018788269501101228
2855,0.0002886820687089244
2856,8.925501016106758e-05
2857,4.534618620383845e-05
2858,6.942908250603133e-05
2859,4.790598158667297e-05
2860,7.274724024320065e-05
2861,0.00011676174880632497
2862,0.0001365121215319501
2863,0.00014241861505053953
2864,8.371913608086855e-05
2865,0.00019856581031863434
2866,0.00019575190550176076
2867,2.9773961737926687e-05
2868,0.00014115379452578217
2869,5.090884131999709e-05
2870,0.0001883592681000513
2871,0.00013377911864346018
2872,0.0001417594345780059
2873,8.80607599743983e-05
2874,8.905822948079362e-05
2875,6.272411461057165e-05
2876,0.00013349926896311402
2877,0.0002672572429155996
2878,0.00011624590216303847
2879,0.00011461503557886012
2880,0.0001434101344077799
2881,0.00012371468070516514
2882,6.754633191215802e-05
2883,0.00014966317177942786
2884,0.0001580994963957654
2885,0.0001374140033134712
2886,7.990039769660327e-05
2887,7.710319697181578e-05
2888,0.0004321285215237523
2889,0.0001256181291669546
2890,0.0001590430486060349
2891,0.00014346807314824912
2892,6.443681521740929e-05
2893,0.00016954585691419228
2894,0.0001117492779779862
2895,0.00023769952010970784
2896,0.0001380149877395836
2897,0.00013115854865568196
2898,8.863950352339993e-05
2899,3.8260700085043474e-05
2900,6.316096191703962e-05
2901,0.0001600464524158016
2902,7.940994439811858e-05
2903,0.0002505405585823059
2904,0.00012308735498596176
2905,0.00015451230393086814
2906,0.000180062626325753
2907,9.545498479490068e-05
2908,0.00014946959440312563
2909,0.0001223421915110856
2910,0.0001585641708738438
2911,0.00011497019024016609
2912,4.320447208573745e-05
2913,0.00010900990207648254
2914,9.761779523517748e-05
2915,9.934973466596824e-05
2916,0.00012932334070409876
2917,7.065539055056686e-05
2918,8.450502402360012e-05
2919,9.757025039900129e-05
2920,0.00014960046396737846
2921,4.0976165221373416e-05
2922,0.00014885877581656703
2923,0.00018378065142254962
2924,0.0001356422108424165
2925,0.00018101157878843164
2926,0.00020294532511902166
2927,0.0001456760649376059
2928,6.984276177456091e-05
2929,0.00022213918677639892
2930,0.00017125284093237408
2931,9.021195634023019e-05
2932,0.00014538331147932886
2933,0.00023490900126763424
2934,9.209707757468112e-05
2935,9.957931950950398e-05
2936,0.00012485451371614526
2937,0.00013360498708748855
2938,0.0001409442114876966
2939,0.00012467973232000977
2940,2.9335142000327972e-05
2941,5.071374006157304e-05
2942,0.0001198310642293328
2943,4.043169138112974e-05
2944,0.0001348448142817598
2945,0.0002532749995415336
2946,9.797501988954549e-05
2947,0.00011148576195686748
2948,0.00018702464322998427
2949,0.00010044098311970927
2950,0.0002410107202978543
2951,0.00020144990343133671
2952,0.00020452001768226925
2953,0.00020307529373903683
2954,8.270569896862018e-05
2955,6.980865226780271e-05
2956,8.826165205974538e-05
2957,0.0001804364927662699
2958,3.9774213107271585e-05
2959,0.00010143368753169632
2960,0.00012771365232483212
2961,0.00010002899863405799
2962,0.00016200402719409213
2963,0.0002492521449802549
2964,2.8359929560693224e-05
2965,0.00010918865812836445
2966,0.00031578816633531293
2967,0.00016659142865195123
2968,0.00019759537413546727
2969,0.00011658586289144792
2970,0.00017391373351047538
2971,0.00012316046488567442
2972,0.0001844606625958602
2973,9.545561171738433e-05
2974,0.00024362574184616444
2975,0.00018825000674195158
2976,0.0001790190266969849
2977,0.0001115253667924923
2978,0.0001546964479902487
2979,8.558248841617915e-05
2980,0.00014690628089666214
2981,0.00019498722544372438
2982,0.00022642435172814563
2983,0.00023349453995672552
2984,0.00022727050232392032
2985,0.0001859390361947972
2986,8.107545920389985e-05
2987,0.00013565843229140434
2988,6.746986524823942e-05
2989,0.00015789633204910065
2990,8.76471131355986e-05
2991,0.0001416607251035486
2992,0.00012811669655438715
2993,0.00013481318806181543
2994,0.00023763255552492247
2995,9.13599152014756e-05
2996,6.166696746171972e-05
2997,6.240767345518215e-05
2998,9.922121716721759e-05
2999,0.00012158652444110145
3000,0.0002112558461427807
3001,0.00016908592933386819
3002,2.7798037925708584e-05
3003,0.00015280509232248684
3004,9.086454349720445e-05
3005,0.00021649504652904966
3006,0.00022244599400259195
3007,9.93692632264202e-05
3008,0.00010850649237914263
3009,4.298856286431972e-05
3010,4.303771179819732e-05
3011,9.8972129911717e-05
3012,8.753685167511482e-05
3013,0.00013401042610441342
3014,3.4817507475106366e-05
3015,7.038660594197945e-05
3016,6.427474426943242e-05
3017,0.00018768405543742963
3018,0.00017456327916345134
3019,0.00012894463905610405
3020,0.00010527654781052374
3021,0.00022410294693820044
3022,0.00021050601574059316
3023,0.00012223170655664258
3024,9.698892019014693e-05
3025,5.53371174031784e-05
3026,0.00018962135011234234
3027,0.0003551145726819787
3028,0.0001799219255877736
3029,3.511005602262614e-05
3030,0.0002927177706294639
3031,0.00022483358333495626
3032,0.00012132776081020176
3033,0.00018246273165996215
3034,0.00013984590385074987
3035,0.00022307339562691394
3036,0.00017476614912894766
3037,2.3788144767626597e-05
3038,7.025092676220165e-05
3039,8.789624641529922e-05
3040,0.00011742465397495433
3041,7.77411317822957e-05
3042,7.156107104649817e-05
3043,3.713194518966048e-05
3044,7.558502591749322e-05
3045,0.00010512045349538913
3046,0.00012162456106374605
3047,0.00010223407266788425
3048,0.00010480375489373024
3049,5.760518346711444e-05
3050,0.00023650872899668435
3051,8.39765448551366e-05
3052,7.896942107655731e-05
3053,0.00015256660560601065
3054,0.00015150041214480827
3055,0.00018688086812797467
3056,8.716669479943516e-05
3057,0.00017964173468129252
3058,0.0001640331872083178
3059,0.0002576109724634451
3060,0.00012035019491081933
3061,0.00013627955126972236
3062,4.920058040684448e-05
3063,0.00027505817063635016
3064,0.0002897357766186734
3065,0.00017040307881311105
3066,5.595066887656483e-05
3067,0.00018963621170233323
3068,0.00011666008064970329
3069,0.00010913595082044288
3070,0.00031359061065045586
3071,0.000110739952960957
3072,0.00017842160151453263
3073,7.635065473789344e-05
3074,0.00010924417129217103
3075,6.86824279358284e-05
3076,0.00013211519921453468
3077,0.00012520079075573363
3078,5.320508394570491e-05
3079,0.00019915733759598122
3080,2.814551924004204e-05
3081,0.00024623000543271364
3082,0.00014577075989945449
3083,0.0002772931013207477
3084,0.00012605190786261166
3085,7.871062718085026e-05
3086,0.00010997446721339598
3087,0.00013415148902103883
3088,0.0002032522515075933
3089,0.00013277208171073577
3090,5.543978288288696e-05
3091,8.298356644566463e-05
3092,0.00016708846720023788
3093,0.00015005609049996923
3094,5.2097609774891766e-05
3095,0.0003861896286401627
3096,5.341251923513664e-05
3097,4.2944872984537734e-05
3098,0.00019913470958242164
3099,4.247500818775174e-05
3100,7.874258400119502e-05
3101,0.00010187239397453013
3102,4.2795477492198436e-05
3103,0.0001113564248491208
3104,6.055631890204795e-05
3105,0.0001857789960442546
3106,0.0001308440899061654
3107,6.13118433642639e-05
3108,0.0001689208156690471
3109,0.00012027041642808143
3110,0.0002096294361672143
3111,0.0001710033786157319
3112,6.670125477687368e-05
3113,8.604204008544049e-05
3114,9.110156374514598e-05
3115,7.050976451180063e-05
3116,6.091272655249981e-05
3117,9.331887150265261e-05
3118,0.00013997747629296699
3119,0.0001384700378545996
3120,5.909401558666957e-05
3121,7.829816763054256e-05
3122,6.326984700628982e-05
3123,8.485851700823952e-05
3124,0.00010565261988819622
3125,3.233441991527509e-05
3126,0.00017927101426672864
3127,6.358559013331153e-05
3128,2.6157793577882336e-05
3129,4.570798828147286e-05
3130,0.00022498772580373808
3131,8.676163401016726e-05
3132,0.00021943419184707787
3133,3.8483538577916135e-05
3134,0.0002360970151556975
3135,8.720917907994571e-05
3136,9.269745141892403e-05
3137,0.00020346043930995368
3138,0.00011649549966405375
3139,4.49323985474451e-05
3140,4.205665037371006e-05
3141,0.00015969198726964505
3142,0.00011609374105137252
3143,0.00011176807326813045
3144,3.057552837588225e-05
3145,0.0001317841267920493
3146,9.568321445618214e-05
3147,0.00011787304521720584
3148,0.00020705076357966818
3149,0.00010194129907327844
3150,0.00014290404778029948
3151,0.0002805575967154727
3152,6.463037896952973e-05
3153,5.7148897348316e-05
3154,0.0002100425516721028
3155,4.9021980803771246e-05
3156,6.31572621128149e-05
3157,0.00013816553360580352
3158,0.00011659021099963185
3159,0.0001551893199057858
3160,8.88786104966245e-05
3161,9.793400847741056e-05
3162,0.00015658613736844052
3163,0.00011054466413945891
3164,0.00010014957958288375
3165,0.00015570809456565607
3166,8.908055816187091e-05
3167,8.794833548866047e-05
3168,5.953973015236888e-05
3169,8.905293272982218e-05
3170,0.00023184888179758297
3171,0.00010016438915457355
3172,0.00028769375697398826
3173,8.033130370213504e-05
3174,0.0001849272422904853
3175,8.145372406020924e-05
3176,0.00020895161962705347
3177,8.526412115267122e-05
3178,8.684339459548622e-05
3179,5.027178573756138e-05
3180,0.00010946866289752573
3181,1.7034964940479537e-05
3182,0.00030909898751177716
3183,0.00023554920846931504
3184,7.449650955574691e-05
3185,3.707569260547311e-05
3186,0.00033877066038078175
3187,0.00010742113698827473
3188,7.496041784278812e-05
3189,0.00012534273025494434
3190,0.00010635403682797755
3191,7.690706576586732e-05
3192,0.00010959983814517649
3193,9.751321844602697e-05
3194,0.0003608507573699577
3195,8.964157905980886e-05
3196,0.0001468641766001724
3197,0.00018811362498436955
3198,0.00011027082507013423
3199,9.788822246141807e-05
3200,0.00013137940159132204
3201,0.0001636217861006564
3202,9.178638194789801e-05
3203,0.00011511658978314921
3204,0.0001229355311887751
3205,0.00018608773498899825
3206,0.00017904436012266894
3207,0.00017672654029213714
3208,0.00014067653841834423
3209,0.00018938605328374338
3210,0.00014736040253710914
3211,0.00010377010200963693
3212,0.0002080343972289246
3213,0.00015600861133015917
3214,0.00018503623057564706
3215,7.908347165392971e-05
3216,0.00017451132286236217
3217,0.00012005789440538989
3218,0.00018006607282020187
3219,7.302371831346487e-05
3220,0.0001736126042596569
3221,0.00010731981152105009
3222,4.431934659908062e-05
3223,0.00010684038698620082
3224,0.00010874357995640964
3225,0.00018325993221800794
3226,0.00015430566257029483
3227,0.0001502009816701889
3228,8.783147895900312e-05
3229,0.00022590495775573518
3230,6.810101549078661e-05
3231,0.00014856445772307094
3232,0.00030301410741114546
3233,0.00020087206716786838
3234,0.00025390113031141634
3235,9.602306392366431e-05
3236,7.834539702560239e-05
3237,0.0001291259647391702
3238,9.585547616040448e-05
3239,0.0002572964703004999
3240,9.598575316460036e-05
3241,0.00017851116278240844
3242,0.00020306204234452036
3243,6.93405528090694e-05
3244,0.00013510112239603528
3245,0.00024031518492474794
3246,0.00016681869316332752
3247,0.0001554843620996801
3248,3.3297884405570944e-05
3249,6.362122317706039e-05
3250,0.0001638664827379976
3251,0.00010404936758965012
3252,5.1773463138488e-05
3253,0.00015947869600985777
3254,7.753871040219049e-05
3255,0.00010917751712849777
3256,0.00021712123243537113
3257,0.0004002448217895967
3258,8.019146688645042e-05
3259,9.374371225780712e-05
3260,0.0001281613960241864
3261,4.5621018430801646e-05
3262,0.00015393866500026853
3263,0.0001719582298246508
3264,8.082642179945883e-05
3265,7.141376179516684e-05
3266,0.00022208593942745197
3267,7.26494302676588e-05
3268,8.249880641242206e-05
3269,4.536181878356633e-05
3270,6.307451142565417e-05
3271,4.0946811984733314e-05
3272,6.383053016089334e-05
3273,9.178548381473047e-05
3274,0.00010136431608145403
3275,0.00018105001016284836
3276,0.0001154539511593701
3277,0.00010768743840276
3278,0.00011441355615091123
3279,9.059374769497546e-05
3280,0.00023075258616831788
3281,5.05462955271884e-05
3282,0.00013660540115653023
3283,0.00019644212204886387
3284,9.043591538570807e-05
3285,0.00012042560846181656
3286,0.00046155129872034657
3287,0.00017538471960589576
3288,0.00010518296797193687
3289,9.989733804239973e-05
3290,5.996107731633756e-05
3291,0.0002333838495947449
3292,5.285008263186305e-05
3293,0.00012583553243919023
3294,0.00015452693501595528
3295,5.357279026816329e-05
3296,7.497777467691297e-05
3297,7.366241149346569e-05
3298,0.00012597668160535725
3299,8.565008441204251e-05
3300,0.00022030302031161134
3301,0.00012828580543368807
3302,0.00016709711500745663
3303,0.00013422193021070183
3304,0.00015460031010640395
3305,0.00017787479627157102
3306,0.0001702193138459865
3307,0.00019870735862392004
3308,5.282931513025663e-05
3309,8.746895958829264e-05
3310,8.966930029778674e-05
3311,0.0001233619530177878
3312,0.0003491397077420804
3313,0.00017884323555678483
3314,0.0001068120882867909
3315,0.00010479980808324838
3316,5.8334430368897265e-05
3317,0.00017470057629239284
3318,7.925289715198929e-05
3319,0.00020377045109233022
3320,0.00020900816412976057
3321,5.0157823057628956e-05
3322,8.922808423959218e-05
3323,0.00010104330695944372
3324,5.774147113026393e-05
3325,0.00016198675927565974
3326,0.00010622169865928331
3327,8.711753645088671e-05
3328,0.00011123086305063633
3329,0.00016942757081508236
3330,0.0001919592070946687
3331,0.00017774790380872308
3332,7.406913162592207e-05
3333,0.00010109788281126197
3334,8.440038395677775e-05
3335,5.551413796934922e-05
3336,0.00014997040934191939
3337,0.00023016821027582748
3338,0.00011597730995980873
3339,0.00016947960106796203
3340,9.211979244347196e-05
3341,0.00012475766284920215
3342,0.0003730253914135427
3343,0.00011748743870284233
3344,4.043638395828768e-05
3345,0.00022877053550985585
3346,8.336954147014137e-05
3347,0.00022073613907326207
3348,0.0001699198839331666
3349,0.00016848120938976635
3350,8.480954330566991e-05
3351,5.237755994823151e-05
3352,0.00015922358541605835
3353,0.00013534896409706686
3354,0.00011505160960591954
3355,0.00017580916933801298
3356,7.486835231176359e-05
3357,7.427021144590308e-05
3358,7.602770866898273e-05
3359,9.73222344245874e-05
3360,9.948776368614501e-05
3361,6.199470966614986e-05
3362,3.811271479996977e-05
3363,7.174404391780214e-05
3364,5.764980722738997e-05
3365,0.00014989140360899646
3366,9.698903124868931e-05
3367,0.0002318748953292875
3368,8.906518430970459e-05
3369,8.341771012044415e-05
3370,0.00010179820761621498
3371,0.00026239729928442763
3372,0.00011034123005183458
3373,0.0002758337767234258
3374,0.00025167795478124306
3375,6.286199918977872e-05
3376,8.059806607514276e-05
3377,0.0002156440110647325
3378,0.00011831125303660458
3379,7.411213697975737e-05
3380,6.495664214980771e-05
3381,4.903617746993524e-05
3382,0.00013354663607384378
3383,7.194886569676072e-05
3384,5.289137857821705e-05
3385,6.335982259905445e-05
3386,0.00022903753628498438
3387,4.697113176497982e-05
3388,0.0001350722156098327
3389,4.015890582806237e-05
3390,0.0001757102120132898
3391,0.00020157087970206796
3392,6.4477686965534e-05
3393,5.5408797632356874e-05
3394,0.00012655996050740556
3395,0.0001566264411697932
3396,5.9797015136508946e-05
3397,0.00019839439191252453
3398,0.00018676281403119473
3399,0.00012303338665551122
3400,0.00021455209372427415
3401,0.00019413897673634553
3402,7.116971573276464e-05
3403,5.91420999137217e-05
3404,8.52828736979597e-05
3405,8.354596404927571e-05
3406,3.271126316503658e-05
3407,0.0002936669317325527
3408,0.00015572545922411975
3409,0.00021737045226933915
3410,0.000161110577120188
3411,4.213955196284995e-05
3412,0.0001029061768223464
3413,0.00015013189954924118
3414,9.814279028934487e-05
3415,7.198908584572001e-05
3416,0.00017007233018060078
3417,0.00017564675381400281
3418,6.100530171171143e-05
3419,0.00014482342445448169
3420,0.00012706393014454866
3421,0.0002059247162122612
3422,0.00018936709094319426
3423,0.0002026052085089802
3424,6.199766175007415e-05
3425,8.799932866481664e-05
3426,0.0002561915301918881
3427,4.8211858321641494e-05
3428,9.021395390153077e-05
3429,0.00015312485083245249
3430,0.00028043980986641075
3431,0.00012175319353135222
3432,0.00044604095208614845
3433,7.872030412706738e-05
3434,9.463951485294551e-05
3435,0.00028431932938509586
3436,0.00016439910716242132
3437,6.736775038127324e-05
3438,7.781488535008309e-05
3439,0.00015857552696628454
3440,4.844729825757404e-05
3441,0.0001231764355901921
3442,0.0002035475084548949
3443,5.301751600771427e-05
3444,0.0001126367862620883
3445,0.00010516218636423323
3446,0.00011485452544627446
3447,4.850285715747291e-05
3448,0.00016998313212460698
3449,9.302228722478738e-05
3450,5.440247327150841e-05
3451,8.341153843865101e-05
3452,0.00016816005210078014
3453,0.00015812636305162595
3454,8.017171321215145e-05
3455,0.00017308384094262316
3456,0.0002850170189344235
3457,0.00016344619707900696
3458,0.00012064851612758208
3459,0.00013356938936240738
3460,0.00019631078195574462
3461,0.00012776973845589817
3462,5.3685550387600186e-05
3463,9.175523964765821e-05
3464,0.00018258226464495158
3465,4.477949445191516e-05
3466,0.00019249882997428931
3467,0.00017456890571819456
3468,5.243146504579668e-05
3469,0.00022142215516219698
3470,0.00016784780803083622
3471,0.00027653091258939976
3472,7.794800225489956e-05
3473,0.00023233587996965125
3474,8.2208026038113e-05
3475,9.354004496047225e-05
3476,5.990591928319505e-05
3477,7.896231196332923e-05
3478,7.104616179826365e-05
3479,0.00012728068240251943
3480,7.700672558825476e-05
3481,0.00048739154184727825
3482,0.0001584758960296127
3483,8.657675334574055e-05
3484,0.00010456997332482157
3485,6.151799889965204e-05
3486,0.000231114732901377
3487,0.00018805816692572965
3488,0.00014505987267801154
3489,9.677046077170959e-05
3490,8.426914264177197e-05
3491,0.00011429934462875596
3492,0.00013473718246855533
3493,0.00011099148410083778
3494,5.191280911825911e-05
3495,5.980183393725794e-05
3496,0.00010735668003184586
3497,0.00010585486911687872
3498,0.00015776766993203745
3499,4.8953157761839546e-05
3500,4.956758104989874e-05
3501,0.00016640380562822605
3502,9.326695153332362e-05
3503,6.727117125629899e-05
3504,0.00011328166476795329
3505,9.67412395639105e-05
3506,5.445798381877709e-05
3507,8.813123954833034e-05
3508,7.630142056181141e-05
3509,0.0002204732075646294
3510,0.00010024635690350338
3511,0.0001016086749203384
3512,3.379232952457926e-05
3513,0.00013952159597589419
3514,7.689324495040344e-05
3515,0.00024201724181192793
3516,0.00012583818786669868
3517,0.0001944284773268438
3518,9.038880603357565e-05
3519,0.00017648322449426848
3520,8.960202503446216e-05
3521,0.00010126429751053957
3522,0.00010027526031483247
3523,4.142417366276682e-05
3524,0.0001459660295692511
3525,0.00016507580108887215
3526,6.922087728701371e-05
3527,0.0001365405774141062
3528,0.00010588797790337947
3529,0.00014308739190385227
3530,0.00016899972835113724
3531,0.00013739303686132587
3532,7.985623717193745e-05
3533,6.575134553170418e-05
3534,0.0001552716054408381
3535,0.00011878654014704096
3536,6.376209529854224e-05
3537,9.942252825243338e-05
3538,0.00021079937439832358
3539,6.840774543856947e-05
3540,0.00012743937581777588
3541,0.00012644354091007954
3542,4.754773683645221e-05
3543,9.924608491859767e-05
3544,0.00028436741551277983
3545,8.309506305016186e-05
3546,0.00028124215978424363
3547,6.009001091190076e-05
3548,8.963911391091942e-05
3549,0.00010671909777759531
3550,0.00013532360453917823
3551,0.00015083696531434924
3552,0.00013748612187500345
3553,5.708031848839018e-05
3554,5.8520759597487024e-05
3555,9.825425908625246e-05
3556,0.00018063698531371693
3557,8.8926257559341e-05
3558,8.548691176520693e-05
3559,8.657778228997117e-05
3560,0.00011312133486822789
3561,4.697824434177497e-05
3562,0.00010869176612965327
3563,0.0001041898150125771
3564,5.148838539699232e-05
3565,0.00012334539500262137
3566,0.00010632849853495078
3567,0.00010658397655918032
3568,0.00016435674203989787
3569,1.3609521928164883e-05
3570,5.5582427192954775e-05
3571,0.0001423628506436804
3572,2.2397898448410967e-05
3573,8.073774811864696e-05
3574,0.00017666988011165251
3575,0.0002124798817831077
3576,4.8369775275642665e-05
3577,8.504096947953701e-05
3578,0.00017389369861436048
3579,0.00014125416855745556
3580,0.00016536886986575662
3581,0.00012310854047030238
3582,0.00010426537334835689
3583,0.0003243978371089381
3584,0.00045526777161495566
3585,3.332592157479676e-05
3586,0.0003287336961188206
3587,8.697467260921405e-05
3588,0.00013702439862846164
3589,0.0001719997168514104
3590,6.69378599488507e-05
3591,6.553812259740568e-05
3592,0.0003620798520497422
3593,9.820875960113898e-05
3594,0.0001720043073978692
3595,6.524858243589267e-05
3596,7.049629250723943e-05
3597,0.00013000332604652643
3598,7.10599724893531e-05
3599,7.230505918742247e-05
3600,7.418320626602786e-05
3601,0.00013133026385593065
3602,0.00013388465657995996
3603,0.00011347267397143911
3604,0.00012627727227025042
3605,0.00011026567656937386
3606,7.151388053187645e-05
3607,0.0001794993495349641
3608,0.00015651596143423399
3609,0.00014922249152035972
3610,0.00012222337411314164
3611,0.00021586826997145364
3612,0.00011013373403658316
3613,5.160181136303399e-05
3614,0.00021081782496336585
3615,0.00012183132387047981
3616,0.0001203404038684537
3617,0.00016644682354184537
3618,0.00014186304905423246
3619,0.00011809115761866356
3620,0.000130843651891707
3621,3.715174732664993e-05
3622,0.00011882729522473217
3623,8.780720973617813e-05
3624,0.00027656471996004485
3625,6.159627939551937e-05
3626,0.00014428178648277076
3627,0.0006185533310948492
3628,0.00013909818244788014
3629,0.00012622725457283059
3630,0.00036036555285860847
3631,0.0002812697584100949
3632,0.000172463327752215
3633,0.0002356173887870412
3634,0.0001772592152616137
3635,0.00010843782252070078
3636,5.450474317992944e-05
3637,0.00016660171715312055
3638,7.83351286012402e-05
3639,6.701789539167178e-05
3640,0.00022864451124700574
3641,0.00010323032123500062
3642,0.00012498624938116023
3643,0.00011998149824882413
3644,0.00018654287458062896
3645,0.00023251369088956165
3646,0.00010589031657928962
3647,0.0001155556445838827
3648,9.252557900009345e-05
3649,0.0001310212460105414
3650,5.0919933103049144e-05
3651,4.362274882534401e-05
3652,0.0002122767665628858
3653,0.00010273154859734209
3654,0.0001741890509521312
3655,6.820020442654144e-05
3656,0.00016997998891792195
3657,0.00014220296209510255
3658,0.00014349628341824467
3659,0.00011077052351677999
3660,0.0001059060179834274
3661,0.0001287444281877839
3662,4.5000822832031694e-05
3663,0.00019884753656916165
3664,7.95969191712872e-05
3665,0.00012733163033872285
3666,0.00019645131473754253
3667,9.019235204501351e-05
3668,0.000141285704046613
3669,3.556108833968996e-05
3670,0.0001118394329762299
3671,0.0005731646795681267
3672,0.00017600042161413065
3673,0.00011182407367692186
3674,5.322961564368698e-05
3675,0.00013313096750709283
3676,9.743857247867067e-05
3677,4.244327221189148e-05
3678,7.305555989043886e-05
3679,0.00011500218815486108
3680,0.0002944817242560445
3681,5.905041894590782e-05
3682,5.6449703472178e-05
3683,0.00016453458783494536
3684,0.00010989069038463178
3685,0.00015707951805418236
3686,0.00014251103587930824
3687,0.00015618178388644575
3688,0.00012741158016325507
3689,9.891628692789865e-05
3690,7.020002676177622e-05
3691,0.00017705574454387975
3692,0.00010292237499836124
3693,0.00016967885138986113
3694,7.671153811495538e-05
3695,0.00012693450837245046
3696,0.00017064157428959463
3697,7.891303737224548e-05
3698,4.7958842751371866e-05
3699,0.00015931569479007645
3700,0.00016888774541748154
3701,0.00019680943832972247
3702,0.00024180002256892654
3703,6.767852423615646e-05
3704,8.470100301218012e-05
3705,0.00014212381038278694
3706,4.967284419080291e-05
3707,0.00012468692750031884
3708,0.00017124457600218207
3709,9.714686371442016e-05
3710,8.454440074713206e-05
3711,6.768162946964547e-05
3712,0.00020887680000653962
3713,0.00019275748234228116
3714,0.00012444744453435466
3715,4.810032660598437e-05
3716,2.7214803070581803e-05
3717,0.00012395225043412188
3718,8.449608674395242e-05
3719,0.0001579763105290429
3720,9.994400109624635e-05
3721,7.631580997814328e-05
3722,2.6010149023600463e-05
3723,9.306928547230232e-05
3724,0.00011537141581436369
3725,0.0001263932255556422
3726,0.00011007199483894324
3727,0.00022428627311517205
3728,6.852014554178984e-05
3729,0.00020847943088777652
3730,0.0001928321724947588
3731,0.00010697819151996732
3732,9.069325993082194e-05
3733,1.5023988059340878e-05
3734,0.00023726596695332653
3735,0.00015612158849790734
3736,0.00013487598446660376
3737,8.504184180009301e-05
3738,9.419796215779784e-05
3739,0.0001151333402308691
3740,9.920574805984524e-05
3741,3.6436738797636304e-05
3742,9.110457773295914e-05
3743,0.0001652321709970025
3744,0.00012795336728705265
3745,6.490477806417544e-05
3746,0.00011803875019608066
3747,8.528882088452874e-05
3748,5.7909640848909276e-05
3749,0.00012100812022107611
3750,0.00014972375461307408
3751,0.00010682740539817651
3752,0.0001569422010061462
3753,0.00013449722239121487
3754,4.2849668621137415e-05
3755,0.00011174083019618886
3756,0.00013457240140156722
3757,0.00017962835029554353
3758,4.877359481219737e-05
3759,0.00039133891369621913
3760,9.577304783017987e-05
3761,0.0001588301189728375
3762,0.0001435226658893394
3763,9.400507088375474e-05
3764,0.00011897676184540982
3765,9.226616793614023e-05
3766,7.739982456791567e-05
3767,0.0003345296624439637
3768,0.00013383192692285436
3769,0.00019403524848102385
3770,9.143413540833707e-05
3771,0.00014541817268858272
3772,3.71889655691795e-05
3773,5.5620395377424566e-05
3774,3.288793125088828e-05
3775,0.000332412905306376
3776,0.00020652522575068862
3777,0.00010321318643689692
3778,0.0002118440776068382
3779,0.00014975644594654284
3780,9.986193899523473e-05
3781,7.303872338656216e-05
3782,9.034849763448806e-05
3783,0.0001702480081578226
3784,0.00027277023401521273
3785,9.59063190174058e-05
3786,0.00022634134184244473
3787,6.244278860722577e-05
3788,0.00010592921120632653
3789,0.00018384756138497044
3790,0.00011109798072406169
3791,7.200641945546253e-05
3792,0.00033395303509934005
3793,8.21006131401459e-05
3794,6.193032660128033e-05
3795,6.573834353960234e-05
3796,0.00015604176016757097
3797,0.00015931557515668992
3798,2.7558509133003717e-05
3799,0.00013186530400864912
3800,0.00013255414770741678
3801,8.194904404607733e-05
3802,0.00012421657769119888
3803,7.965720941494488e-05
3804,0.00014007288762392936
3805,0.00016829422623819033
3806,7.830986352379701e-05
3807,9.902197013626562e-05
3808,0.00017354273189842072
3809,0.00031559215271458307
3810,0.00019738019296017083
3811,0.0001731831783685716
3812,3.9930085350921086e-05
3813,7.15218798393028e-05
3814,5.6605167744981884e-05
3815,0.0001177077448408453
3816,9.036935385300097e-05
3817,3.0174641946054683e-05
3818,0.00013275733100821533
3819,0.00012125349431469534
3820,0.00011930881026342568
3821,0.00015539825277988123
3822,7.440948624134666e-05
3823,0.00015192358027299924
3824,0.00032150099686130006
3825,9.918996069949969e-05
3826,8.904510740580559e-05
3827,9.161120639915519e-05
3828,0.00011067358774466159
3829,9.673666457413386e-05
3830,5.471159841599468e-05
3831,0.00019101576558784144
3832,7.007126130945481e-05
3833,0.00010714308816582203
3834,8.509378034683468e-05
3835,0.00012556527972210722
3836,0.00011184199849439929
3837,0.0001172228514990159
3838,0.00010411260620814367
3839,8.191456035433646e-05
3840,0.00017905231405091257
3841,0.00010412358512148424
3842,6.549328186634026e-05
3843,0.00012604463282321068
3844,0.00013839805543057143
3845,6.907933166912242e-05
3846,0.0003799986708014983
3847,6.152832093586534e-05
3848,8.364609707822052e-05
3849,5.3155159331525406e-05
3850,0.00014061320794415762
3851,0.00011967551916335041
3852,0.00013777874518485511
3853,0.00011614743421964754
3854,8.291441744768507e-05
3855,0.00011905599651783992
3856,0.0003966115477099297
3857,0.00011705962652560254
3858,8.052706184001013e-05
3859,0.00011474041455039153
3860,0.00012019603473088719
3861,0.0002242469847227213
3862,0.00012264265936661335
3863,8.974727121574156e-05
3864,3.827758794074425e-05
3865,0.0001677217074087613
3866,0.00010510457668283999
3867,7.298875493798722e-05
3868,0.0001442194625706912
3869,0.0001493271952774991
3870,6.74217374138594e-05
3871,5.0168092480048994e-05
3872,0.00011441925807193843
3873,0.00023747685670035177
3874,6.676711140096124e-05
3875,0.00013979463880732949
3876,7.722410255003384e-05
3877,6.779730443757942e-05
3878,6.93553766272859e-05
3879,0.0002301176448785537
3880,0.00010969236357837682
3881,9.859133998563462e-05
3882,0.00010943358318108416
3883,0.00012522484458939742
3884,0.00014786847533275225
3885,0.00014282342691399156
3886,9.660527474229512e-05
3887,9.476545453591928e-05
3888,0.00010941716911897823
3889,0.00016772680817724273
3890,0.00013730387499187499
3891,7.160799473649091e-05
3892,8.658561123117292e-05
3893,0.00010049261790086556
3894,8.554633153233247e-05
3895,0.0001212678028260392
3896,0.00015515872665804788
3897,5.0889807802059083e-05
3898,3.836056693773591e-05
3899,9.281771516911325e-05
3900,9.16537407530987e-05
3901,1.2301686332476826e-05
3902,0.0001159876344172976
3903,5.5848742404053e-05
3904,0.00028004891028202876
3905,7.013335497621405e-05
3906,0.00010246575905694308
3907,6.385100067797643e-05
3908,0.00011015397762958829
3909,9.683054106400898e-05
3910,8.053654879831991e-05
3911,7.162201998014333e-05
3912,2.4363695239475345e-05
3913,7.344551062069903e-05
3914,4.170907111310534e-05
3915,0.00024324919408338046
3916,7.742352670112276e-05
3917,8.36063501656645e-05
3918,0.0001377306667257244
3919,4.4272060771450805e-05
3920,9.058615937136728e-05
3921,0.00014508509176753876
3922,0.00016072024906106864
3923,6.95957342219321e-05
3924,7.629634313647314e-05
3925,0.00016330311110604651
3926,0.00014227112906088353
3927,0.00011974425450081937
3928,0.00018793918149622474
3929,0.00013869657270606945
3930,5.96618981267681e-05
3931,0.00013844144580560518
3932,0.00020010018068621934
3933,8.30935067687875e-05
3934,0.00012568921570287313
3935,0.00014919108830940361
3936,0.00014240326282749738
3937,0.00016880165297594632
3938,0.0001685940121529923
3939,8.310929003631417e-05
3940,0.00033495256982864083
3941,8.716270089574685e-05
3942,0.0001710379573703421
3943,0.00018104897180479137
3944,0.00013699897636763991
3945,0.00012990162398987445
3946,9.846759740032524e-05
3947,9.0554210331917e-05
3948,0.00017831643969567717
3949,0.00012318330833408595
3950,0.00022905183189760514
3951,0.00013657011060872333
3952,0.00017188362570899485
3953,0.00016513713646615743
3954,0.00010457821967227774
3955,7.238838311799576e-05
3956,9.698971384982334e-05
3957,0.0001632470953374133
3958,9.08659628410255e-05
3959,0.00010839190129390794
3960,2.634423277083489e-05
3961,0.00012427452493716075
3962,0.00010244374490720644
3963,0.0002015335951192642
3964,7.131681102644454e-05
3965,3.0780954411598696e-05
3966,0.00015405715025739914
3967,0.00017556075052054874
3968,4.4666299218846304e-05
3969,0.00010495557616310502
3970,0.00024677820808162703
3971,5.263085642164893e-05
3972,0.00030196112015294044
3973,0.0002126868720896415
3974,9.036337962855472e-05
3975,3.748780724933186e-05
3976,0.00017031635699840528
3977,0.00016028763971780353
3978,0.00013760532935577495
3979,0.00013101611625727854
3980,5.875108581178466e-05
3981,0.00014078197978098029
3982,0.00013107328337365847
3983,0.000195557123769659
3984,0.00013519306732878906
3985,0.00012954628710703291
3986,0.00011934979279157166
3987,3.029169400311383e-05
3988,6.272087222158869e-05
3989,0.00018254609860783632
3990,5.7950446627077186e-05
3991,6.562518525204071e-05
3992,0.00020602949561076325
3993,0.0001019321771960411
3994,0.00016738547363931406
3995,0.00012821046243003962
3996,0.00016531545514206084
3997,0.00013109012800626216
3998,0.00013470015349459303
3999,2.3060514148215223e-05
4000,0.00022720041381554563
4001,0.0001499868968902349
4002,0.0001686809576937401
4003,0.00011845798426080267
4004,8.839644018198933e-05
4005,2.5169951644745898e-05
4006,5.495374734075596e-05
4007,0.00012213286602165554
4008,0.00040010219661880517
4009,9.760153627588622e-05
4010,4.6571380502327805e-05
4011,0.0002399869592819148
4012,0.00012952077028049536
4013,9.75018531209561e-05
4014,6.298544957069685e-05
4015,0.00013386935285890488
4016,0.0001179503300740996
4017,8.703020178770623e-05
4018,0.0001006086955845886
4019,5.6896556647880193e-05
4020,0.00037594717054667385
4021,0.0001131201375199858
4022,9.09459844156031e-05
4023,0.00011755154841799377
4024,5.0447375990735135e-05
4025,0.0001726234681740837
4026,0.00011536784301324012
4027,0.00012221800738957777
4028,8.248899078276486e-05
4029,0.00013014040447650727
4030,3.610501879183711e-05
4031,0.0001661641947973825
4032,9.701687437886235e-05
4033,9.179212582181005e-05
4034,9.703953916265574e-05
4035,0.00018325794990796594
4036,0.00016975719094474922
4037,0.0002082775498246581
4038,0.0001191899641300493
4039,3.0011286536159933e-05
4040,7.350299505751215e-05
4041,9.875017833984299e-05
4042,7.403863408896142e-05
4043,6.746331781448534e-05
4044,0.00027674788180316286
4045,0.00027882684190250624
4046,0.0002628448738501424
4047,9.392878700163518e-05
4048,0.00010898852899740276
4049,0.00013551945725617828
4050,0.00011657774564468894
4051,0.00020472691777071448
4052,0.00023742607010080507
4053,7.514216100361679e-05
4054,8.602419836276663e-05
4055,8.086124122734043e-05
4056,0.00015012601940218138
4057,0.0001352482841496606
4058,0.0001453550950140973
4059,5.82907339428276e-05
4060,8.885175578549107e-05
4061,0.00020737547945983808
4062,0.00012844931740202208
4063,0.00012857733594873088
4064,0.0002907489519042822
4065,6.590081523163696e-05
4066,0.00015743480917975158
4067,0.00010682055415867713
4068,0.00010130977598459332
4069,0.0001249236419560225
4070,9.067326442727065e-05
4071,0.0003777759005963724
4072,7.905670329706557e-05
4073,0.00016533081396544368
4074,0.00015683694595959672
4075,9.741522055658576e-05
4076,8.119197450618835e-05
4077,0.00011462953492475825
4078,0.00020878851148254957
4079,0.00026265923993123736
4080,0.00020620960504297569
4081,5.2545566357422114e-05
4082,0.00015624930314649027
4083,2.290264074828618e-05
4084,0.0001152460205844936
4085,0.00011713280335740709
4086,2.5377573722864702e-05
4087,8.830399574919051e-05
4088,9.211178476749533e-05
4089,0.00016318070282581997
4090,8.188136135348514e-05
4091,0.000100410816979349
4092,0.0002112853462267716
4093,9.977954366330411e-05
4094,0.0001551004065438768
4095,0.00015863672910780986
4096,5.611956808613268e-05
4097,0.00012654540110256166
4098,7.614373861522864e-05
4099,0.00013108345880019696
4100,0.0003795052147593966
4101,0.00023639739019998325
4102,0.0001997756368698796
4103,0.0001329007319454281
4104,0.00023413468167025908
4105,9.789786860602275e-05
4106,8.73321013834475e-05
4107,9.096517713177724e-05
4108,8.050498980751324e-05
4109,4.707812530117377e-05
4110,0.0003131331157995074
4111,0.00016165851179791673
4112,0.00016172282038596437
4113,4.689183000400151e-05
4114,0.00012515173005980113
4115,0.00014224609512680463
4116,0.0002548289540079165
4117,0.0001373017302467022
4118,9.031336104345182e-05
4119,4.594142549919666e-05
4120,0.00023562678759342977
4121,0.00017418015444624525
4122,9.652995120202829e-05
4123,0.0001232833180139138
4124,0.00014245347933965658
4125,0.00013313460730262505
4126,3.8068034272062654e-05
4127,4.1292405653882904e-05
4128,0.00018839059271157253
4129,4.9979073442587376e-05
4130,6.0732329938872075e-05
4131,4.2057425693158086e-05
4132,7.628252039137395e-05
4133,0.00013939700938926934
4134,0.00011856501074856823
4135,0.00012357726633360837
4136,0.00011506901074691291
4137,0.00010470094114114087
4138,0.00017282673404699843
4139,0.00010916442543220631
4140,0.00018461543667507805
4141,0.00014158139356732687
4142,0.0001479789935147058
4143,0.0001292037357021077
4144,0.00019426424863560802
4145,0.00015905275270354264
4146,0.00012922276068644918
4147,3.53902432643318e-05
4148,0.0001557599965369575
4149,0.00036254848815862076
4150,0.00017677667537089334
4151,0.0002141486060891796
4152,0.00012737529941646048
4153,0.00013704900267553572
4154,0.00011277355862707148
4155,3.354036181616496e-05
4156,0.00014258815510497793
4157,8.978198725021394e-05
4158,0.00022534208230744627
4159,0.00010739892308303976
4160,5.484463436747067e-05
4161,3.76571174172873e-05
4162,0.0001541277557265772
4163,0.0002459660286693311
4164,0.00010852211750330358
4165,9.432460203708696e-05
4166,0.00013281280019199055
4167,6.066560818015239e-05
4168,9.087265059327825e-05
4169,2.0915444191613445e-05
4170,0.00012075428354172762
4171,5.586308062320007e-05
4172,8.646085341505005e-05
4173,0.00021403062748998823
4174,0.00018038786672004107
4175,6.67017290979968e-05
4176,7.068950616451806e-05
4177,0.00032193078377642533
4178,0.00011766270059971335
4179,0.0002525839986232903
4180,0.0001857382831608146
4181,0.00012668378675394443
4182,0.00017652358269820925
4183,0.000311695652096724
4184,0.00010189076261082551
4185,0.00021333034091599375
4186,5.364055149276685e-05
4187,8.049954473058723e-05
4188,0.0001049107569071108
4189,9.475751362592781e-05
4190,5.8844825173552136e-05
4191,8.169690994022397e-05
4192,0.0001054995844835563
4193,4.459573699972908e-05
4194,0.00020886352014346877
4195,0.00019008127091255632
4196,0.00014025472899451292
4197,0.00010723312871752181
4198,0.0002188623919303461
4199,0.00023748787158912069
4200,5.2610946575866436e-05
4201,0.0001209578549534124
4202,0.00018515898739504273
4203,0.00010317988109127501
4204,0.00026784336518452295
4205,9.998787333842632e-05
4206,0.0001663731775648955
4207,0.00011485777156144545
4208,0.0001700507673623818
4209,0.0002740864536638266
4210,0.00015991421408817713
4211,0.00013714020069593576
4212,6.541664858248431e-05
4213,7.6736940127578e-05
4214,0.00011630040943979773
4215,8.770544523537274e-05
4216,4.255194857293241e-05
4217,9.594120324650531e-05
4218,3.7349693835305654e-05
4219,0.00012698320509635039
4220,0.0002348956141218222
4221,6.0165740853400035e-05
4222,7.73019077900348e-05
4223,0.00024637003453457224
4224,7.701213440562758e-05
4225,0.0001174366867529342
4226,9.812617031958378e-05
4227,0.00014312770963690707
4228,0.00012114431512220381
4229,6.561770640467727e-05
4230,4.7450507986695116e-05
4231,7.783600675480068e-05
4232,0.00010351795583679654
4233,0.0001565482126640383
4234,0.00013676540784850205
4235,0.00010035809100959899
4236,6.114430005218203e-05
4237,0.00019993072930068366
4238,5.470388335666854e-05
4239,0.0003211042002569692
4240,8.684365195054866e-05
4241,0.00019401874572071035
4242,9.31766928824145e-05
4243,0.00021675474866262359
4244,4.8949460738489456e-05
4245,4.250997913420168e-05
4246,0.00012060966253982325
4247,0.00023087049528669343
4248,9.097679068131658e-05
4249,5.206790565106056e-05
4250,7.536857775819381e-05
4251,0.00017559349919906973
4252,0.00017432909812131528
4253,0.00011088777922490561
4254,6.216416106064455e-05
4255,0.00010137155224502253
4256,5.740936488635847e-05
4257,0.0003268566750932788
4258,4.2857023210625086e-05
4259,8.877482393283125e-05
4260,9.112185754615855e-05
4261,0.00029397888899947443
4262,7.416246729736191e-05
4263,0.00020633598354198102
4264,7.066026637710717e-05
4265,0.00018147975240612798
4266,8.285417742801811e-05
4267,0.00010974537217834922
4268,0.00011324151608372869
4269,8.910776552948702e-05
4270,0.00010580955395138532
4271,0.00010953580826572285
4272,0.0001396257481866205
4273,0.0001221297073473676
4274,4.93102111612739e-05
4275,8.83824774544873e-05
4276,8.106201126372447e-05
4277,0.00024188129619118136
4278,0.0002434798249217732
4279,7.723368007293694e-05
4280,8.095095606209343e-05
4281,0.00011586204235031829
4282,0.00012127452458477042
4283,0.00011602098383375867
4284,0.0001633085875095945
4285,6.790930468019462e-05
4286,6.135114614919967e-05
4287,9.01097496338777e-05
4288,0.0001299139085506638
4289,0.00014280966722654418
4290,0.00018561873129333497
4291,8.121014039485178e-05
4292,7.322132374990549e-05
4293,8.237054071780058e-05
4294,0.00018126038576938552
4295,9.556144670173054e-05
4296,0.000130642694030007
4297,0.00011744126227767991
4298,5.52100317618623e-05
4299,0.00013503986374635546
4300,0.00023194196604186678
4301,6.18559752185575e-05
4302,0.00014519796749963538
4303,7.003407758048372e-05
4304,0.00014299665751457086
4305,0.00012244001417988494
4306,0.00011964449104634948
4307,7.067366981793542e-05
4308,4.370519143601191e-05
4309,0.00014269791221866557
4310,0.00018094955751329908
4311,0.00019730731320325107
4312,0.00012057721693535463
4313,0.0001883969219817988
4314,0.00011326820284875365
4315,0.00016515079751720422
4316,8.484199085848841e-05
4317,5.203004871481754e-05
4318,0.00017238955023412864
4319,0.00016213632119951158
4320,0.00014979750602765548
4321,0.00011919088105328318
4322,5.304988670937679e-05
4323,3.431160884927392e-05
4324,0.00010968899416058225
4325,0.00011919887496961673
4326,0.0001470334881395959
4327,8.453933147625142e-05
4328,8.65053427722607e-05
4329,0.000108911469817792
4330,7.772273775755696e-05
4331,5.520614951622064e-05
4332,7.364629669772309e-05
4333,0.00014820766954232675
4334,0.00014252043152384483
4335,0.00018925599521898737
4336,0.00011981535815734401
4337,0.0001341589244763854
4338,0.00016955773450779885
4339,0.00015559227722098542
4340,0.00013834336062343094
4341,0.00014105432446242123
4342,0.00010370208490652534
4343,8.465567397718975e-05
4344,0.00010778979458326093
4345,0.00012161159520976159
4346,0.00013144039383046631
4347,0.00012123662504121178
4348,7.55352088461336e-05
4349,8.786988628585801e-05
4350,0.00015939398191334677
4351,7.495884654059425e-05
4352,0.00013005835167288616
4353,0.00011629047864585932
4354,0.00015625885147219862
4355,4.088580224546462e-05
4356,4.06839475609462e-05
4357,6.207931010538487e-05
4358,8.631377826897105e-05
4359,0.00015344359124060895
4360,0.00010379845702665812
4361,0.0001503041023441937
4362,6.524354799710979e-05
4363,6.346899240186005e-05
4364,0.00010954723877324834
4365,7.55097219486948e-05
4366,7.183589158644114e-05
4367,4.013345370930017e-05
4368,5.9679174279862096e-05
4369,0.000283941812329889
4370,0.00020059292380868922
4371,0.00011698403939166075
4372,0.00018247528566148346
4373,0.0002194910394118874
4374,7.073736593303287e-05
4375,6.29892183067158e-05
4376,9.165778921720406e-05
4377,7.765307774343288e-05
4378,0.00011894857806202399
4379,9.622313332588347e-05
4380,8.465808119741201e-05
4381,3.0702279345081794e-05
4382,7.396309151978517e-05
4383,8.074911659421427e-05
4384,0.00011757050364359799
4385,0.00011530946357247784
4386,0.00021532083808272848
4387,0.00012201708249961191
4388,4.5676941575394e-05
4389,6.801911625159078e-05
4390,8.983603938765843e-05
4391,8.736060708937606e-05
4392,4.606029395678484e-05
4393,3.229264860308828e-05
4394,6.102297793460844e-05
4395,0.000101580826798638
4396,3.384324104511694e-05
4397,0.00014175767897000932
4398,0.00026811368127371274
4399,6.104889119137641e-05
4400,0.00012789898657961668
4401,9.889135029495123e-05
4402,0.00019344385632935097
4403,0.00010072834680076046
4404,0.00011973346408459203
4405,0.00011966276820950109
4406,0.0002589457393560031
4407,0.0001460373595553335
4408,0.00010815640660964259
4409,0.00012622866114893962
4410,0.0001772397551891592
4411,0.00010934695878496554
4412,5.0898345158389926e-05
4413,0.00013624818055660211
4414,7.509626944197856e-05
4415,5.96861165044955e-05
4416,1.908705039721218e-05
4417,0.00013045598469064982
4418,0.0001981150192924774
4419,0.00012582560269742513
4420,0.00013486129904052044
4421,0.00014744206060557217
4422,3.98544298567156e-05
4423,8.723144501462215e-05
4424,0.0001241948932759052
4425,5.1904935984886056e-05
4426,7.927507083707744e-05
4427,0.00028747151927053225
4428,0.00019089415218867618
4429,0.00015123889791030158
4430,0.00011732226695893307
4431,0.00011023871182350326
4432,6.326525279828946e-05
4433,9.289755730990556e-05
4434,3.3399083170465974e-05
4435,0.00012995616638802911
4436,0.0001333211320077604
4437,8.532142527508815e-05
4438,7.346188027185352e-05
4439,0.00011151310339047718
4440,0.00015255964286096566
4441,0.0001032254329393094
4442,0.000169789641626183
4443,0.00038150461797781964
4444,0.0001534433985105191
4445,0.00016788224474315603
4446,4.7156250208919854e-05
4447,6.397047196871616e-05
4448,0.00019759776892610563
4449,3.783985989616704e-05
4450,4.716667650945748e-05
4451,0.00012350778231488325
4452,6.515678705848506e-05
4453,0.00012533519023764244
4454,0.00013492115715919476
4455,0.00011764651334480647
4456,0.0001824050280760119
4457,0.00013950696503252868
4458,0.00018650218066904628
4459,0.00039443825195484896
4460,8.052747809957734e-05
4461,0.0001132075062735657
4462,0.0001387696040525405
4463,0.00013068627162079668
4464,0.0001315738375527666
4465,0.00019264361057683333
4466,8.576986737380915e-05
4467,6.119174638445346e-05
4468,7.2989807400462e-05
4469,8.051286335682758e-05
4470,0.0002274424150572722
4471,0.00018358603320793267
4472,7.679716638025392e-05
4473,9.129550626642287e-05
4474,0.00010915862088109316
4475,0.00011134331454074896
4476,0.00011575266917097395
4477,0.00010302168751785561
4478,0.0001136535301662034
4479,4.982533610374079e-05
4480,7.011323887885964e-05
4481,8.564309709213096e-05
4482,0.0002831584707854133
4483,4.23403238980503e-05
4484,0.00015369326123270733
4485,0.0004735467383668393
4486,0.00018420770646132814
4487,0.0002550782066756378
4488,3.514452363601373e-05
4489,0.0004362470508315294
4490,0.0002178641761477446
4491,4.334244657372533e-05
4492,5.627246606799891e-05
4493,0.0001056000663913347
4494,0.00013090307117156978
4495,0.0001668225398461022
4496,7.129326923426582e-05
4497,0.0001641475338879355
4498,0.00020299633692965585
4499,0.0002318547074777504
4500,0.00026014996701841076
4501,7.130516337591796e-05
4502,8.845622934707575e-05
4503,6.111052331986017e-05
4504,9.027164727533773e-05
4505,5.3796032654216893e-05
4506,0.00010511725807718098
4507,8.415662022909787e-05
4508,2.664278749515577e-05
4509,0.00018191163291673566
4510,8.526723450792822e-05
4511,0.0002610224141463135
4512,0.0001977610625522874
4513,0.00016981538225682168
4514,0.00015291768790983253
4515,6.85076018234055e-05
4516,0.00019960636297425928
4517,9.220641448855516e-05
4518,3.0310237239009578e-05
4519,9.667193321105858e-05
4520,7.934438836239762e-05
4521,8.560339230835654e-05
4522,5.6195838390146044e-05
4523,0.000305751507246254
4524,9.011918663721037e-05
4525,0.00013238920920891106
4526,0.00011319043441563536
4527,6.033277908632211e-05
4528,0.0001094459098343655
4529,5.241950517473831e-05
4530,6.406425056551796e-05
4531,0.00010901897527026773
4532,0.00010470692909841453
4533,0.00014128718945497585
4534,0.00025231837648360397
4535,8.038910317231399e-05
4536,3.991972391248551e-05
4537,0.000111387421648864
4538,0.00021672267911899282
4539,5.7063447466974754e-05
4540,0.0001770736208897241
4541,0.0002030690853703083
4542,0.00014834351775874972
4543,0.0002273003244122566
4544,8.245847484910364e-05
4545,2.5656869469435427e-05
4546,9.690128488422629e-05
4547,0.00015086335419406134
4548,8.464207472347573e-05
4549,5.2277890136583814e-05
4550,0.00013185357433370185
4551,8.710987503202908e-05
4552,0.00011045326805779243
4553,1.654220530692009e-05
4554,4.495534401439714e-05
4555,0.00028475757760380394
4556,0.00013469880762619294
4557,0.00015283977632857517
4558,5.106157860365841e-05
4559,0.00011544205914739462
4560,0.00027122662698754864
4561,0.00020803238946450863
4562,8.201676617944744e-05
4563,9.75102705302607e-05
4564,0.0001972721300007042
4565,4.337091818608528e-05
4566,0.00010108269355718121
4567,4.291379178979678e-05
4568,5.137268999891976e-05
4569,0.00022905688626630855
4570,6.303093952836564e-05
4571,5.783693194704781e-05
4572,8.715017276080306e-05
4573,8.044909379286395e-06
4574,0.0001571915803331478
4575,0.00016681533350781987
4576,0.00020438414422024794
4577,8.731655362617907e-05
4578,8.674071234700388e-05
4579,0.00017701050940013307
4580,7.076095170558698e-05
4581,0.00011276343508482589
4582,0.0001315956779170486
4583,0.000169662041485837
4584,9.105406475797483e-05
4585,6.532927977548222e-05
4586,6.347103825414549e-05
4587,0.0001380129291227285
4588,0.0002073798709224001
4589,1.669120604310795e-05
4590,9.783891114708288e-05
4591,0.00020508148731840533
4592,0.00011298106993325012
4593,2.7571794813579987e-05
4594,0.0002533705111044372
4595,0.00017629059308811227
4596,6.147853747511964e-05
4597,0.00025204742796106565
4598,0.00017938947271502835
4599,0.0003233478795787517
4600,0.0001399995507044113
4601,0.0001761653633745398
4602,0.0001491974871176507
4603,2.439225393814395e-05
4604,0.00017947125804002997
4605,0.0001590804452753314
4606,8.080721070214491e-05
4607,9.239738929448553e-05
4608,9.04695916484556e-05
4609,0.00011716119767301022
4610,4.4179780713266155e-05
4611,0.00010385347295075869
4612,0.00019562965534908127
4613,0.00010750254312784778
4614,0.00011109074044262305
4615,5.6823233052711564e-05
4616,0.0001546035761734946
4617,0.000162505860308726
4618,0.00014009618011506542
4619,0.00014714603748850025
4620,0.00011171453341336156
4621,9.290537873314443e-05
4622,8.481531887561522e-05
4623,4.022139421767166e-05
4624,0.00012198854283588091
4625,0.00015185211596884128
4626,7.30682343472411e-05
4627,4.732824170348491e-05
4628,5.9382767251023337e-05
4629,8.095024506806778e-05
4630,0.00039059561356492205
4631,9.992954481004353e-05
4632,0.00011694329020805333
4633,0.00020106677178620522
4634,3.3522406722170546e-05
4635,0.0001938819824162289
4636,0.0002098409638284947
4637,9.946457543188187e-05
4638,0.00013457964200112477
4639,8.95600380644954e-05
4640,0.0001026983299049196
4641,0.00017284824672518225
4642,0.00013117109830280846
4643,0.00016827239513764856
4644,2.382023550213243e-05
4645,4.527348033484028e-05
4646,0.00012190927225461531
4647,9.796866666900449e-05
4648,7.444787603612513e-05
4649,0.0001293098735180345
4650,3.8261502747584156e-05
4651,8.983780340503423e-05
4652,4.638843117124719e-05
4653,0.00013884386893030633
4654,0.00010867519054692587
4655,0.0001225946892881358
4656,8.525447983338127e-05
4657,7.935822302283441e-05
4658,0.00012230980249889687
4659,8.179463312747277e-05
4660,0.0001766805725877482
4661,0.00013036637341473233
4662,0.00013804522366867508
4663,0.00013544995273481834
4664,7.227720216878662e-05
4665,0.0001473668391058825
4666,0.00021169119668036464
4667,0.00016097112674048525
4668,0.00011252719681799261
4669,0.00024511750877189586
4670,0.0002437484243147542
4671,0.00024551910945351524
4672,7.70304354096927e-05
4673,0.00015923642953328052
4674,0.0001898669429741605
4675,0.00013695053654427477
4676,0.00025140658410388323
4677,0.000146508104268413
4678,0.00013062959479524891
4679,0.00013173295669330562
4680,0.00023624983533574207
4681,0.00010137055203973244
4682,9.722461007621003e-05
4683,0.000144388128636916
4684,0.00015154319724680512
4685,0.00014329826584409704
4686,0.00011404175813295148
4687,7.780038823327083e-05
4688,9.131231123918123e-05
4689,6.339206966192131e-05
4690,0.00018751880208893522
4691,9.459272413823842e-05
4692,0.0002399687494427802
4693,6.566176031663454e-05
4694,0.00012942022463106426
4695,0.00011423770920276227
4696,0.0001296640843814615
4697,8.865488257136404e-05
4698,0.00010105676584912105
4699,0.00016408330601947135
4700,0.00024516568915741797
4701,4.120885542215198e-05
4702,5.6297420331206324e-05
4703,0.00011882253118451146
4704,0.0002039416536826385
4705,8.617757553633537e-05
4706,0.00024951718867950983
4707,0.00012332819121940437
4708,0.00021623467552413797
4709,7.854556144054099e-05
4710,0.0001767021352896163
4711,9.664187471659534e-05
4712,3.551834302430179e-05
4713,5.487869999628467e-05
4714,0.00010857814525044712
4715,7.241956689784045e-05
4716,4.8437812891524666e-05
4717,8.075531686883017e-05
4718,6.444115901344319e-05
4719,0.00014603572663090346
4720,0.0001256351329252818
4721,0.0001257706150097239
4722,5.8856289730940804e-05
4723,0.00015880953653303392
4724,4.533928263676571e-05
4725,2.7484138237045203e-05
4726,8.928764256576777e-05
4727,0.000219221346931541
4728,4.465950046381853e-05
4729,0.00011076465541051203
4730,0.0001464385925005878
4731,3.087811279108069e-05
4732,0.00011861008751028376
4733,8.83442342709293e-05
4734,8.760026822177579e-05
4735,7.963249658690904e-05
4736,0.00025136668341609237
4737,0.00017715131294268605
4738,8.568762696238759e-05
4739,9.653243421620782e-05
4740,6.750441069558951e-05
4741,0.0002077136342942961
4742,4.6981301463068473e-05
4743,3.343748220540849e-05
4744,0.00013435222789914548
4745,2.7326662590607905e-05
4746,0.00017613011644815535
4747,0.00021444842933661986
4748,0.00020564728979419476
4749,0.00012362957556465902
4750,9.559590109267564e-05
4751,0.00011800081724020912
4752,0.00010490456405723955
4753,9.117755504596845e-05
4754,6.572518442331352e-05
4755,0.00011099777342864523
4756,0.0001384826221280206
4757,0.00021816383659330966
4758,0.0001202958018319157
4759,0.00030040684576794106
4760,0.00016599878239229176
4761,0.00017361311085232057
4762,0.00013661409936135068
4763,0.00020096342952214002
4764,0.00015004248565978458
4765,0.00022349169945252653
4766,5.81095910171821e-05
4767,8.376032431935063e-05
4768,0.0001470742055909327
4769,0.00011331875418897907
4770,0.00011923334302139569
4771,0.0001453392332204059
4772,0.0001032150961453265
4773,0.00023797920884675026
4774,0.00012741919329679625
4775,0.00010059800650184599
4776,5.337068200200332e-05
4777,7.139918797207019e-05
4778,0.00034909803825765014
4779,0.0002009013743829563
4780,0.00015401006884652277
4781,0.0001580188804250844
4782,0.00031238743340794366
4783,0.00020412196911167083
4784,0.00016084377318120356
4785,0.00010402385659780573
4786,8.046272805152809e-05
4787,0.00023529618974478273
4788,8.822399798859339e-05
4789,0.0005388651096502284
4790,6.453836002573573e-05
4791,0.0001850742903728845
4792,0.0002316918114170942
4793,9.311615937584766e-05
4794,8.454424103605743e-05
4795,0.00013311590031886663
4796,0.0001813780866482152
4797,0.0001600941049272552
4798,0.00013772400559720048
4799,1.6242955796828905e-05
4800,9.105962907649592e-05
4801,5.47137890230643e-05
4802,0.00018263843686637895
4803,0.00012017533233100926
4804,8.352532151814228e-05
4805,0.00030702707232367724
4806,0.00012960647354275266
4807,0.00014567874214170892
4808,0.00021005890042984405
4809,4.3212141604647535e-05
4810,0.0002130257318235167
4811,7.3596545286725e-05
4812,0.00012577865421148455
4813,8.305896904190835e-05
4814,9.983688791049522e-05
4815,0.0002442851971949637
4816,6.258505861557954e-05
4817,0.00024160362305960143
4818,4.040990130249117e-05
4819,7.760484908074581e-05
4820,0.00015624977560237463
4821,0.0003320097563440401
4822,0.00013927578439718288
4823,0.0001839281905675242
4824,7.178285800603005e-05
4825,0.00020490186170989315
4826,8.060591257457418e-05
4827,0.00022240015920678942
4828,0.00010187933054222024
4829,0.00022421616988258717
4830,4.261494428289041e-05
4831,0.00011794406540582782
4832,0.00010609183171738688
4833,0.0002949228013423359
4834,0.00014197878343121385
4835,0.0001434200749412004
4836,8.626875801408827e-05
4837,4.143237300973474e-05
4838,6.862793103245666e-05
4839,8.814313116607804e-05
4840,0.0001006345837774201
4841,0.00012661629631802065
4842,0.00012137948804935255
4843,2.5633469825246805e-05
4844,6.744797892631376e-05
4845,7.958299541055862e-05
4846,0.0001038618792470466
4847,6.339057108887111e-05
4848,0.0001952510785934685
4849,0.00017096867398716433
4850,0.00010072830893590891
4851,0.00010610249574342303
4852,7.855542284019836e-05
4853,0.00014794935058678668
4854,0.000118626431510133
4855,3.547106378476564e-05
4856,8.403273541861615e-05
4857,0.00010933476265008202
4858,0.00012864111355861014
4859,7.043783605493014e-05
4860,6.22077407781179e-05
4861,7.32964694907576e-05
4862,0.00020974366461567378
4863,6.903914936542477e-05
4864,0.00012389981870424168
4865,0.00020357104993879363
4866,9.455444148509343e-05
4867,0.000192923591518788
4868,0.00015557985105386603
4869,0.00025997216739013124
4870,0.0001354078787253927
4871,0.00016272211082981008
4872,8.948836332857458e-05
4873,0.0001678153311770696
4874,0.00012088421725735091
4875,0.00016397719584897847
4876,6.729393726557408e-05
4877,0.00011650835942595997
4878,0.00014810738509046624
4879,5.838841704013422e-05
4880,0.00016942597810118057
4881,8.117276904874457e-05
4882,0.00023187006057507695
4883,0.00013962931393509044
4884,9.201530507851224e-05
4885,0.00013921560987977143
4886,0.0002468598448898278
4887,0.00015217642754631957
4888,0.00023382725060177843
4889,7.61156091978487e-05
4890,0.00012631143718576905
4891,0.00011723511636477894
4892,9.215742501715634e-05
4893,2.562830583461367e-05
4894,0.00023141286205765986
4895,0.00016099359749497752
4896,7.741801074316348e-05
4897,0.00012665943150951561
4898,3.7372573403556916e-05
4899,1.7410642120153843e-05
4900,0.0001414622076252224
4901,0.00014108157630526603
4902,7.44396321311593e-05
4903,0.00013755169038781302
4904,4.1661155815554056e-05
4905,0.00015371645009903452
4906,0.00014648150138487268
4907,9.211067851990542e-05
4908,0.00015206072070979672
4909,9.418721510098642e-05
4910,0.00014331798789371923
4911,5.3264346897721035e-05
4912,0.00019330431809237657
4913,0.00023420678275088084
4914,7.620395380071254e-05
4915,8.263161601347171e-05
4916,9.192082637034768e-05
4917,5.75136200703663e-05
4918,0.00018729386386996793
4919,8.124217213219117e-05
4920,0.0002012592441081744
4921,0.0001020339132639015
4922,9.14421333140795e-05
4923,0.0003204208995989798
4924,0.00014810656297290252
4925,0.00023539334197415985
4926,0.0002714490419753005
4927,4.066321249544972e-05
4928,0.000114262119853072
4929,0.00014211797871175162
4930,0.00019465624412620517
4931,0.00015227943584202353
4932,6.953331229239274e-05
4933,0.00018669103077889252
4934,0.00015711567782684835
4935,7.273262277484232e-05
4936,0.00010663036938936599
4937,0.0001280602752794561
4938,0.00013314045658085577
4939,9.32568178882743e-05
4940,3.619563421462208e-05
4941,3.523572269936262e-05
4942,0.00018384757914618086
4943,0.00011613016879827133
4944,0.0001233870481214969
4945,7.911800165460574e-05
4946,0.00020188904563507264
4947,7.268884652660669e-05
4948,0.00012820880924784236
4949,6.0931835214894245e-05
4950,0.00021391230173724876
4951,0.00016502592291936456
4952,8.771900613520434e-05
4953,3.252690257798523e-05
4954,0.00014344537658086558
4955,0.0001362319012248054
4956,0.00010983843146559783
4957,0.0002127124127965673
4958,6.165591508697117e-05
4959,0.000284607824623364
4960,0.00017120187774287155
4961,8.982707184992367e-05
4962,0.00014675894971432339
4963,0.0002618429857463798
4964,0.00016128465436622997
4965,9.550446841530502e-05
4966,4.4729863739220546e-05
4967,6.81350093510112e-05
4968,0.00011953634690980149
4969,0.00010618761724858405
4970,0.00011200843206573394
4971,0.0001679576951170479
4972,0.00026085731264164714
4973,0.00011713050291373
4974,0.0002002199926011229
4975,0.0002278427893022367
4976,0.00023369928706175306
4977,0.00015571791029658343
4978,7.174665444480137e-05
4979,9.245032202831184e-05
4980,0.0001639886784212185
4981,5.3537389404770486e-05
4982,0.000165649296458603
4983,5.0680106970513694e-05
4984,9.201027856975066e-05
4985,7.46757318481556e-05
4986,0.00011639656367168287
4987,4.7539237505933506e-05
4988,0.00015192949198052558
4989,0.00015654074812114944
4990,9.941635103852956e-05
4991,8.746063369532886e-05
4992,5.493735840212225e-05
4993,5.457552879598297e-05
4994,0.00010060887416820901
4995,0.00012854993239263483
4996,0.0001087760029461453
4997,0.00014874130176665716
4998,2.4430210171976768e-05
4999,0.00022894005434351668
5000,2.556119808770481e-05
5001,0.0001431203820313812
5002,0.00015676260105507652
5003,8.539036494554859e-05
5004,0.00011145940013290842
5005,2.6470267163993445e-05
5006,0.00012714215477157873
5007,0.0001470841664059785
5008,0.0001042662566627214
5009,9.539105072295268e-05
5010,0.00010282176212807577
5011,0.00013547367071887095
5012,0.00012865929924565055
5013,0.0001367568338113181
5014,0.0001557168457649265
5015,0.00010163117495065808
5016,0.00012032590413899704
5017,0.00014690127157484584
5018,9.524276815170194e-05
5019,0.0001880773132747906
5020,0.00010150606681116233
5021,0.0001858761824602786
5022,0.00011899058562060747
5023,5.9179197908900846e-05
5024,6.734115976709057e-05
5025,6.637169603721596e-05
5026,0.0002108345862395966
5027,0.00014928718710523957
5028,0.00010580025627831287
5029,7.562062339732165e-05
5030,0.00011394134343422646
5031,5.7038085364444976e-05
5032,5.377455359805655e-05
5033,0.00015068703538287376
5034,8.854156914737691e-05
5035,0.00011938631441395009
5036,9.920117537904824e-05
5037,0.0001647977703722238
5038,0.000101016576238124
5039,9.611092857172816e-05
5040,5.9606946274915865e-05
5041,0.0003265266907918635
5042,0.00015975145102660264
5043,0.00011705971219697424
5044,5.99794074575927e-05
5045,4.542046856333388e-05
5046,7.36865714091492e-05
5047,0.00012231596104577666
5048,0.00014732886145750766
5049,0.00014886326516754417
5050,0.00011851940903378688
5051,0.0002986608089283389
5052,0.00010748900026247056
5053,6.416366052921272e-05
5054,9.769452926989639e-05
5055,6.7744086838712e-05
5056,0.00014007984161031067
5057,0.00028249070114088595
5058,5.690699421442054e-05
5059,6.855615106002244e-05
5060,0.00013970725352753505
5061,8.843199114365034e-05
5062,0.00016881459030587264
5063,8.02427886144259e-05
5064,0.00015328680944014808
5065,0.00012566332599873124
5066,0.00010704486233638813
5067,5.398290058125502e-05
5068,0.00013037961784101917
5069,0.00014581480499487395
5070,0.0001696161082253821
5071,0.00015507350746868124
5072,7.906018609663611e-05
5073,8.769074677856983e-05
5074,2.0931645182259103e-05
5075,9.201258782372478e-05
5076,8.800276467701111e-05
5077,0.0002056339399829322
5078,0.00013825762732658808
5079,0.0001322325160409153
5080,0.0002121702051005541
5081,8.584362624187326e-05
5082,0.0001970001903834804
5083,4.827972174393774e-05
5084,0.00013764973067227434
5085,9.483374991928222e-05
5086,0.0001198221382686137
5087,0.00022515441359164558
5088,9.906010531329648e-05
5089,0.0001102279735462629
5090,8.91854471616147e-05
5091,0.00013809169918347727
5092,9.30568913563782e-05
5093,6.0144877373569934e-05
5094,0.00035299054982057006
5095,0.00011449878760507441
5096,6.961421537265964e-05
5097,3.5462980245984366e-05
5098,0.0001231108204721223
5099,0.0001207934691354594
5100,0.00017803151442798124
5101,2.4535062051601333e-05
5102,7.12228570587776e-05
5103,6.935037473356535e-05
5104,7.604394987572964e-05
5105,7.208491903917518e-05
5106,0.0001351138412948452
5107,0.0002864875328967501
5108,8.551894170974091e-05
5109,0.0002532081421431063
5110,0.00012743826707443481
5111,9.051732278484726e-05
5112,0.00010247178901843392
5113,5.75747238362748e-05
5114,0.00010243827372358253
5115,0.00023653564237346398
5116,0.00019739139615000816
5117,0.0002106419334756119
5118,7.718499897995721e-05
5119,0.0001440980674579123
5120,8.396259474154432e-05
5121,0.00020353253560676183
5122,5.3323623660383974e-05
5123,0.00018242972761091595
5124,6.140577624413204e-05
5125,0.00010421637750567344
5126,0.00014073307589432854
5127,0.00023187658635380164
5128,0.0001618427902180922
5129,0.00013515304811868173
5130,0.00011894223340535598
5131,5.881329611083542e-05
5132,6.315137673760198e-05
5133,0.00010575159899357453
5134,0.0001700661525176049
5135,0.00022156116483408757
5136,9.960340630425869e-05
5137,1.93827261498323e-05
5138,0.00016654332804770123
5139,0.00010383509674484671
5140,0.000129184551161969
5141,0.00012149619203052068
5142,0.00016611497750143632
5143,0.0002222573864655811
5144,6.939259713651144e-05
5145,0.00013788901832623005
5146,8.18778413195089e-05
5147,0.0002487857952008083
5148,8.227045795557985e-05
5149,0.00021693162608695763
5150,0.00023670993246242405
5151,0.00019523714323929398
5152,0.00016681812938928198
5153,8.135250988710524e-05
5154,6.946691804086249e-05
5155,0.00012592995185256448
5156,0.00022551460191065295
5157,0.00011644495196104401
5158,0.00012652427823556353
5159,8.756195875983102e-05
5160,8.584418175666022e-05
5161,0.00026329989417062804
5162,8.520311636421152e-05
5163,3.6834077214999165e-05
5164,7.977008106180509e-05
5165,0.00011308119561286926
5166,0.00015556142917205426
5167,8.372268474869649e-05
5168,0.0002326923662814865
5169,7.857348607055628e-05
5170,0.00011640168833980669
5171,6.103120622131736e-05
5172,0.00024353547981836038
5173,5.9194611859014846e-05
5174,5.736327433432274e-05
5175,0.00010643019740436669
5176,0.00011603288345166316
5177,0.00010885741818384358
5178,0.00011212290232344029
5179,4.334157867526915e-05
5180,8.440776900094176e-05
5181,6.416407946761168e-05
5182,8.78248022458718e-05
5183,0.00014438449256568584
5184,6.628859899294808e-05
5185,7.266483742100238e-05
5186,6.89568354798135e-05
5187,7.516925901928974e-05
5188,0.00019244277828866482
5189,7.935087224775008e-05
5190,5.1402074884923654e-05
5191,7.292239541142956e-05
5192,5.371840746956189e-05
5193,9.483407107631455e-05
5194,0.00010040762128070646
5195,0.00014473676333179666
5196,0.000214230269250304
5197,0.00013659502954012736
5198,9.120954973292325e-05
5199,6.447433159220776e-05
5200,0.00015111463846963417
5201,0.00014272127950089522
5202,0.00012797043640643568
5203,0.00029622860002024535
5204,0.00040318048937477746
5205,0.00016717461909370067
5206,0.00013107203965406625
5207,0.0001571395055140444
5208,0.00016050103451960014
5209,0.00017062443874557877
5210,3.5607799863793146e-05
5211,0.00010366962749810881
5212,9.64197447559718e-05
5213,0.00011078709064463911
5214,0.00019417216220349515
5215,7.819191813040396e-05
5216,4.449722246010465e-05
5217,0.00018965359981372646
5218,8.968192995018946e-05
5219,0.00013028328840576807
5220,0.00013638658255430344
5221,0.00013008039846352251
5222,0.00011905276103395226
5223,0.00016854347864883414
5224,0.00015513769105833812
5225,9.468066986804623e-05
5226,7.227610374253977e-05
5227,9.588906289256579e-05
5228,0.00025256742804953384
5229,0.00013626981807196773
5230,0.00022250532209346479
5231,9.475656610140719e-05
5232,0.00026416395686350253
5233,0.00014604435870703262
5234,0.0002173388331939869
5235,0.00030250657892934166
5236,0.00023562745081044076
5237,0.00015962397566441695
5238,5.180899316671085e-05
5239,0.00010923661665866815
5240,8.569241125543145e-05
5241,0.00011887464734287795
5242,0.0001494825632646872
5243,3.38986494400296e-05
5244,8.345400878003775e-05
5245,5.556988025235295e-05
5246,0.00015240070426583574
5247,8.925784810810724e-05
5248,2.6162219498678678e-05
5249,0.0001238046191820928
5250,0.0001351934908622428
5251,7.44291681869907e-05
5252,9.615833252106987e-05
5253,0.00021680680626848643
5254,0.0002069647485720345
5255,7.424662193756894e-05
5256,0.0003099740031028155
5257,0.00020731621649642062
5258,0.00011213592287042481
5259,6.593584752146487e-05
5260,0.00015166990975738634
5261,0.00012285779442813006
5262,0.00025144982040074815
5263,8.917086692185859e-05
5264,9.008889583630479e-05
5265,0.00021034445493303873
5266,0.00018302149019964906
5267,0.00019022259813169135
5268,0.00012533614300614047
5269,3.280412152312119e-05
5270,3.894234730835275e-05
5271,9.30740028879369e-05
5272,0.00011050257072082605
5273,7.188454418234982e-05
5274,5.4677478139187984e-05
5275,3.710779841923591e-05
5276,0.00012022904975595319
5277,0.00015637691230538275
5278,0.00013814937449274387
5279,5.595665684617644e-05
5280,4.415178585545884e-05
5281,0.0001655257945670485
5282,0.00028205542298470664
5283,0.00015517953083462737
5284,0.0001677837510730107
5285,0.00015209476580360182
5286,8.951483965391965e-05
5287,0.00011909626386653299
5288,7.377853776921686e-05
5289,5.6922568151734936e-05
5290,0.0002492780854182076
5291,0.0002557106809300131
5292,0.0002467817794709479
5293,0.00012631885903615877
5294,9.146398535220727e-05
5295,0.00013170186571972872
5296,8.366790760526676e-05
5297,0.00011903801776362446
5298,0.0001446254365316561
5299,0.00017997053350238273
5300,0.0001029796796503534
5301,7.795589894041873e-05
5302,5.867286059703986e-05
5303,0.00020398738450880168
5304,5.541542327866859e-05
5305,5.846851238827978e-05
5306,4.159030227855535e-05
5307,7.649828227791821e-05
5308,0.00022167043577816777
5309,0.0001660235221946759
5310,0.0001490644226887258
5311,7.490946301955123e-05
5312,7.692733566056098e-05
5313,8.08149201225976e-05
5314,5.9059612456693594e-05
5315,6.28835835783139e-05
5316,0.00019220926002597174
5317,6.838698997546252e-05
5318,1.7774257026247785e-05
5319,9.41467065260343e-05
5320,0.00015283519711141623
5321,5.13411142916628e-05
5322,0.00013023106492811577
5323,9.418245884067085e-05
5324,0.00032648716352451753
5325,0.00032310482431479345
5326,0.00014090632450060227
5327,0.000106710815444126
5328,9.753905052470196e-05
5329,0.00015732875882015448
5330,0.000115367662860792
5331,0.000148727864923294
5332,0.00023083229429827947
5333,0.00010863291564368475
5334,0.00013271790963382638
5335,0.00013290373514127568
5336,0.00014335030691917458
5337,2.6036366472479603e-05
5338,0.00035890178757098197
5339,4.718053484786213e-05
5340,0.00020686240259624214
5341,0.00010001382882315702
5342,5.457592369307683e-05
5343,0.00011065904062863529
5344,0.00013458012103446067
5345,9.709944266148846e-05
5346,0.00011382278995330734
5347,0.0001168641047336202
5348,3.756361553876963e-05
5349,0.00021505050363313885
5350,0.00015796445330980123
5351,0.00011388509389218119
5352,5.606304120651735e-05
5353,0.0001516160029201077
5354,0.00013040439741741124
5355,0.00013548116022688825
5356,0.00015515302697940205
5357,7.20844700253893e-05
5358,4.725853009484124e-05
5359,6.863171471043365e-05
5360,7.341676398628143e-05
5361,0.00019031052339086454
5362,0.00011322177067210456
5363,0.00016282692489547084
5364,0.00012666533397184544
5365,0.00010902472202923129
5366,0.00027809552715848176
5367,0.00022256160922925705
5368,8.782141775285957e-05
5369,0.00023379760042389704
5370,0.00011478717410306891
5371,7.470098145700455e-05
5372,5.0273353975913e-05
5373,4.223471534163089e-05
5374,0.00018197883032985667
5375,0.0001572019475687963
5376,0.0007105379033187417
5377,0.00012101509678690583
5378,0.0001262354450136641
5379,0.00011723933053158975
5380,7.007631611160552e-05
5381,9.412345866399466e-05
5382,0.00010678610579240033
5383,0.00012335977983655104
5384,3.941140298808519e-05
5385,0.00018604338863544408
5386,0.00010888257866994628
5387,0.00010784357006132599
5388,6.995630692261876e-05
5389,0.00011360792578672925
5390,8.863336307158705e-05
5391,0.00016169640108804805
5392,8.368144127095622e-05
5393,4.6191493401080564e-05
5394,0.00016660262970812748
5395,0.0003210943127210228
5396,7.170474074558018e-05
5397,6.810602462411433e-05
5398,0.00010367627428229454
5399,8.856291998339216e-05
5400,0.00020768780161710106
5401,6.689817853117977e-05
5402,2.8059027973987185e-05
5403,0.0002962797151519519
5404,7.06957963324436e-05
5405,5.7638997648503325e-05
5406,0.00011444900941504467
5407,0.00011335020496465011
5408,4.306220785090827e-05
5409,0.00011042892436789726
5410,0.0001231489244024445
5411,3.8686014676166446e-05
5412,0.00012010005369991259
5413,0.00017622909596871518
5414,0.00022829167249672312
5415,0.00012377637205829704
5416,0.00017321523645979733
5417,4.5345948434555414e-05
5418,0.0001108496657694969
5419,0.00017143959190242048
5420,0.00010546205619298412
5421,6.5231731005929e-05
5422,0.0001434123924331388
5423,0.00012053644365313998
5424,0.00022473837609281676
5425,8.862886241127972e-05
5426,0.00013537464168824972
5427,0.0001003453705621388
5428,9.594802506267403e-05
5429,6.765854634678583e-05
5430,0.0003598449581649535
5431,8.96920297881199e-05
5432,0.00021825892802361074
5433,4.1406695689120016e-05
5434,3.7466026931466046e-05
5435,0.00013487105578874385
5436,6.12034541721435e-05
5437,0.00024433609323243365
5438,2.692692914895115e-05
5439,1.452010348610646e-05
5440,0.0001783389458947294
5441,0.0001378534686473592
5442,0.0001136539761058757
5443,0.000131960399348068
5444,0.00018924030474184517
5445,0.0001970445077028838
5446,8.787951153066291e-05
5447,5.8606476996147754e-05
5448,0.00014145612722145162
5449,0.00011836020513668968
5450,0.00022278772095575707
5451,8.582839510527636e-05
5452,7.42862811620546e-05
5453,5.066651416149358e-05
5454,0.00016116041861736406
5455,0.00010841664165419721
5456,0.00014759862122631654
5457,0.00016552434561231411
5458,0.00012485484954595578
5459,0.0002240196727474317
5460,0.00018837039690284543
5461,0.0001511785206504292
5462,0.00017389936681412281
5463,0.00010258063345457063
5464,6.65248038324294e-05
5465,3.642088315280873e-05
5466,7.496202982169739e-05
5467,0.0002349075989066572
5468,0.0001700471408040097
5469,7.148601832443472e-05
5470,3.565894621864449e-05
5471,0.000210757126682336
5472,8.369739214601902e-05
5473,0.00010693348718072186
5474,0.00012933528981318607
5475,0.0002076660695210881
5476,0.00010148931432116929
5477,0.0001679388675164874
5478,8.660590609777986e-05
5479,0.00017985190565206292
5480,0.00011936174647397967
5481,5.062626637472799e-05
5482,6.157509456636959e-05
5483,0.00017334770113299405
5484,0.00022501855042661532
5485,9.268158028912036e-05
5486,7.654538348569687e-05
5487,5.974555129517676e-05
5488,0.00034397580256554576
5489,8.106381905539562e-05
5490,0.0001369009253205176
5491,0.00013467431821246107
5492,0.00023480846719291918
5493,0.00011948285961955977
5494,0.00011977907680639709
5495,0.00018284113653609118
5496,4.527636178637094e-05
5497,0.00014929940792574397
5498,0.0001342093137089872
5499,8.205130180734652e-05
5500,0.0003215143997323541
5501,6.807302723823792e-05
5502,0.00014001904341901148
5503,9.34506085871691e-05
5504,0.0003105406884841356
5505,0.00011001396773584928
5506,0.00014526222004280202
5507,0.00013994195561596066
5508,0.00010502105778952692
5509,0.00011216482476559797
5510,0.00011958124792727464
5511,0.00014999691994805402
5512,2.599910982852659e-05
5513,0.00015060497385367845
5514,0.0002954861626894005
5515,0.00016730754669339536
5516,0.0001921984726998743
5517,5.682122371531233e-05
5518,0.000150655849110953
5519,0.0003484559131207195
5520,7.58882146257111e-05
5521,4.690331556598134e-05
5522,0.0002843562869209701
5523,7.526540760415977e-05
5524,8.696376324727825e-05
5525,0.0003113914183937166
5526,0.00010620499190324877
5527,7.25948144587359e-05
5528,0.00014861136414090847
5529,0.00017263827558285338
5530,8.639161604259883e-05
5531,8.14376726525096e-05
5532,0.00017541724271109832
5533,0.0001017855299232772
5534,0.00014797784569359307
5535,8.833515375877682e-05
5536,0.00012456183484727465
5537,0.00010048469377419145
5538,0.00014590349982853434
5539,9.194948760150145e-05
5540,0.00032815095414825783
5541,9.482637248244791e-05
5542,7.566645290606303e-05
5543,8.548560896079626e-05
5544,0.00012331174441517477
5545,5.9927941674556797e-05
5546,3.028455248848718e-05
5547,0.00012099723329580103
5548,0.0001301712657962522
5549,0.00011958417639563678
5550,5.9543320111341686e-05
5551,0.00022379620915173625
5552,0.0001836836751630906
5553,0.00014502405806505043
5554,9.508445037598514e-05
5555,9.00746094982607e-05
5556,0.00018924513365734333
5557,0.00031119636014735033
5558,6.819819848821855e-05
5559,4.8508244994742664e-05
5560,0.00016623126002536891
5561,0.00019255898799897125
5562,0.0001016776101582414
5563,6.884971270284298e-05
5564,0.0003158547458977458
5565,6.16860807441703e-05
5566,9.864141107157045e-05
5567,0.00016905355256758865
5568,4.354847375741585e-05
5569,0.0001187601682188172
5570,4.8443259514878225e-05
5571,0.00029224870665765296
5572,7.193873380806137e-05
5573,0.00015323906522560072
5574,0.00015826241664623693
5575,0.00017960225141131498
5576,0.0001222644130122861
5577,0.00014942281963130181
5578,0.00015744734312888908
5579,7.199357738009844e-05
5580,9.926450496854429e-05
5581,9.196517452928258e-05
5582,0.0001766279696866747
5583,0.00010952681586498185
5584,0.0001422592286924827
5585,0.0001517416639413716
5586,0.00014039990236088294
5587,0.000273727105574352
5588,0.00016075463238907154
5589,0.00010009161672310892
5590,4.478111076173621e-05
5591,0.0002035737053872376
5592,6.004221664411684e-05
5593,7.876411025300968e-05
5594,8.099111355525153e-05
5595,5.307232757212323e-05
5596,0.00032874545806213236
5597,0.00020380223240582405
5598,9.953133562261242e-05
5599,0.0001561055274741806
5600,0.0001442828969295463
5601,9.128930629192631e-05
5602,7.265440236686335e-05
5603,8.763132708059677e-05
5604,0.00011325307296569895
5605,0.00015885412355518542
5606,6.273438740081206e-05
5607,0.00011185937196818134
5608,0.00011836746287307648
5609,0.00011985937712866333
5610,0.00012646851232086815
5611,4.589749463843568e-05
5612,6.971106876891375e-05
5613,0.0001481965126202246
5614,0.00018912270000543042
5615,0.00021249036984653477
5616,0.00018861305434752316
5617,0.00015331296403219734
5618,3.8884875293306384e-05
5619,8.380214789426324e-05
5620,8.2484819110146e-05
5621,0.00022315929808273952
5622,5.31760220716941e-05
5623,4.99264706938523e-05
5624,0.00038275772222775347
5625,7.946966723385041e-05
5626,0.00012841188163973888
5627,8.017083957888844e-05
5628,0.0002068659873738746
5629,0.00014131923791583422
5630,0.00010803992509587288
5631,0.00010827364914577858
5632,7.329203344720581e-05
5633,0.00020934159564367882
5634,0.00011273668986095256
5635,0.00023163517281740755
5636,0.00011446911804920837
5637,0.00011014240592780976
5638,0.0003306008185189933
5639,0.000160643621106564
5640,0.00011681741271652254
5641,0.00015744448350292896
5642,0.00011054946448970997
5643,4.9567045321962236e-05
5644,0.00010148841565359532
5645,7.453973491680603e-05
5646,0.00020022507692703815
5647,0.00019155934196293087
5648,0.00017882814090930033
5649,9.530375741616988e-05
5650,0.0002219427578255151
5651,0.0001304384974452186
5652,0.0001409270975563083
5653,0.00011971248337868268
5654,0.0001740588821630627
5655,4.223858052169486e-05
5656,0.0003013137257545664
5657,9.718928203502707e-05
5658,7.274666490023475e-05
5659,2.3994355228425032e-05
5660,0.00021915911685260506
5661,6.806032340899436e-05
5662,7.086277195704157e-05
5663,0.00018283871827360786
5664,0.00023359698462875795
5665,4.5406545215453844e-05
5666,0.0002939344098067134
5667,1.8412211105365084e-05
5668,8.725723273234652e-05
5669,0.00017875486667159245
5670,0.0005127407970824917
5671,8.671242114900169e-05
5672,7.902798988775946e-05
5673,0.00012408718911251899
5674,7.931847125035302e-05
5675,0.00016796378073483762
5676,0.00017608634387766226
5677,7.660461253357412e-05
5678,7.710408608679058e-05
5679,0.00020109530014910824
5680,9.08204192192009e-05
5681,0.00016165239603344159
5682,9.397607901122411e-05
5683,6.650164758725516e-05
5684,0.00010421812286396405
5685,3.746962689101625e-05
5686,0.00020575844819677435
5687,0.00024262616837731287
5688,0.00013224120862819096
5689,0.00030839774614451566
5690,4.4313281000350126e-05
5691,7.28469109965955e-05
5692,4.376646538489781e-05
5693,7.900871318618556e-05
5694,0.0003491843039747362
5695,0.0001747518748045335
5696,0.0003094659583042361
5697,0.0001864450591690851
5698,0.000192731063546703
5699,0.00012941863744832485
5700,0.0001014660445652067
5701,4.830984931550461e-05
5702,0.0002836719497654464
5703,0.00026978470223764614
5704,2.8252787568127213e-05
5705,4.7572313466995746e-05
5706,0.00014138371100286024
5707,3.266544049814204e-05
5708,0.0001117305558379396
5709,8.549255961878355e-05
5710,9.406388542082474e-05
5711,9.714430692544286e-05
5712,8.108003194674793e-05
5713,0.00020162206148801844
5714,0.0002617155044857462
5715,0.00010500401116090044
5716,6.902362134323097e-05
5717,0.00013197261130925035
5718,0.00022866730306354835
5719,6.205813060663099e-05
5720,7.513501391259146e-05
5721,0.00023224844005316196
5722,0.00020692780958694813
5723,7.080285556959178e-05
5724,3.131493050097628e-05
5725,7.472974544539895e-05
5726,7.439041216007385e-05
5727,0.000271651938366386
5728,0.00020513046589000679
5729,0.00016239327221032073
5730,0.00018590202600037248
5731,7.532741537422443e-05
5732,4.054800034395699e-05
5733,9.997380236817154e-05
5734,0.0002014984402070907
5735,8.217953008653212e-05
5736,6.708744545418185e-05
5737,6.573151332441604e-05
5738,9.953766355559828e-05
5739,0.00030243281241239814
5740,9.8889711792537e-05
5741,0.0001218890333424999
5742,0.00011564466153732063
5743,0.00012491488035417894
5744,6.854290105153079e-05
5745,4.933469034257568e-05
5746,0.000150083918367603
5747,0.00026639082774021315
5748,0.00013281427936779737
5749,0.00012642186225435113
5750,0.00018149878364225438
5751,5.539731570402906e-05
5752,0.0002020461457859412
5753,0.00019432234272921976
5754,9.129778817128115e-05
5755,0.00012512185316432587
5756,7.572946136168951e-05
5757,0.00013196585277585875
5758,0.00014309851438486443
5759,0.00011025638477980011
5760,6.360006407531252e-05
5761,0.00014620571045047
5762,9.433895771782641e-05
5763,0.0002681453517869167
5764,9.54588356945069e-05
5765,8.34568192324805e-05
5766,4.935434426616953e-05
5767,9.069668755166308e-05
5768,0.00017504925012519596
5769,3.497987599807186e-05
5770,0.00016226920368457668
5771,0.00012405265524325574
5772,0.00014261043435994294
5773,0.0001466143216341694
5774,0.00014016882363200792
5775,0.00012763244851832467
5776,7.849230585321886e-05
5777,5.0861631504731916e-05
5778,0.00012251163952743508
5779,0.00017531455298516562
5780,7.047280268394745e-05
5781,6.735219343984272e-05
5782,0.00010668656333845003
5783,9.604547872820098e-05
5784,6.379014483585658e-05
5785,0.0001802464859753046
5786,0.00020757491292537248
5787,0.0001110025340320028
5788,0.0002025543092368426
5789,0.00026940017206056815
5790,0.00015098362537364088
5791,0.00022077039264120358
5792,5.923467657404739e-05
5793,8.279428547319244e-05
5794,8.958608266361148e-05
5795,0.00012228538447619654
5796,4.957167607314694e-05
5797,8.313909793827449e-05
5798,0.00017866573854750025
5799,0.0002696754848741064
5800,0.000156726465564711
5801,0.00017067802590033367
5802,0.00015268135739288617
5803,9.7353363218475e-05
5804,0.000135024265661254
5805,0.00028818406868386077
5806,0.0001637871735727484
5807,5.223369976779219e-05
5808,0.00010139121552797166
5809,0.0001513350333555904
5810,0.00015559782352445078
5811,7.005865497403733e-05
5812,5.9461070159045476e-05
5813,2.1923589148776073e-05
5814,7.793491253608518e-05
5815,7.611888232832313e-05
5816,0.00010036432785544511
5817,4.827704708620495e-05
5818,9.300541765503588e-05
5819,0.0002434383457100749
5820,9.636536206591186e-05
5821,9.251813660192584e-05
5822,6.954862529035581e-05
5823,0.00019987528371104616
5824,0.00016494657307714877
5825,0.00014861669645628253
5826,3.637014885676445e-05
5827,0.00010658432571312472
5828,0.00013424747920954492
5829,0.00015203459668135802
5830,4.828775766712077e-05
5831,8.157606796744295e-05
5832,0.00013104067009912326
5833,0.00010831730669218102
5834,7.360064894050695e-05
5835,0.0001284993798444193
5836,9.419231365941579e-05
5837,0.0001546266670459026
5838,0.00016107968354014992
5839,0.00014305555219867744
5840,0.0001159353036410503
5841,9.444903293083105e-05
5842,0.0001472155619105325
5843,7.670857541917552e-05
5844,0.00010889148669765094
5845,0.0002210816549844299
5846,7.401196054213454e-05
5847,0.00017326365146291548
5848,0.00010965116792481335
5849,0.0002778577977958896
5850,0.00010891700220578945
5851,6.068829087372004e-05
5852,0.0001385670141973063
5853,0.00032272445818754686
5854,8.352123785953827e-05
5855,0.00011805824225563242
5856,0.00014915455910677358
5857,0.00031534445801057674
5858,0.0001269067386946552
5859,0.00015503229785653362
5860,1.934306315821695e-05
5861,0.0002905737146413334
5862,6.887095992200584e-05
5863,4.7681771654505417e-05
5864,0.00023689131705347566
5865,0.0002615625485500727
5866,7.44596851600856e-05
5867,8.400730865287238e-05
5868,0.0001530228214629914
5869,0.00015757494249835267
5870,0.0001720075578523989
5871,3.5656928612153744e-05
5872,7.739846534980835e-05
5873,0.00012706444116737995
5874,0.0001228719228107232
5875,5.742970203637406e-05
5876,7.364630698675768e-05
5877,8.795426125391194e-05
5878,0.00015363500662574883
5879,0.00013200186362092363
5880,8.381036473849554e-05
5881,0.0001233427093557398
5882,0.00010532564771719613
5883,9.604883702390711e-05
5884,8.75735396418663e-05
5885,0.0001169669248898034
5886,2.61699360679124e-05
5887,0.00019659655653045377
5888,0.00012963738150187904
5889,0.00021344113923187777
5890,0.00011677644855814785
5891,0.00029299966710626905
5892,0.00015138566837970147
5893,6.0701589292514234e-05
5894,0.00015372577821303469
5895,5.25424877878854e-05
5896,5.981083512474338e-05
5897,0.00026915737198250454
5898,0.00013857810694040018
5899,0.0002286760071554918
5900,0.00014614173144978024
5901,0.0001975378378906877
5902,0.0001946041090516388
5903,1.9186534222961162e-05
5904,0.00024062522134267724
5905,0.00011307254059800858
5906,9.238589308530843e-05
5907,0.00012946595774441984
5908,0.00010073952894744667
5909,9.235468608138011e-05
5910,0.00017234974178110475
5911,4.942142089011028e-05
5912,0.00011069756027673333
5913,5.574238287637405e-05
5914,0.00012273378019527598
5915,0.0001309031941048151
5916,0.000122695391888695
5917,7.764091301281339e-05
5918,0.0001174470279215851
5919,5.564654223862952e-05
5920,0.00017853787580780458
5921,0.00018623725468402722
5922,8.938049535956381e-05
5923,4.7582660806566556e-05
5924,0.00024602615342119425
5925,4.4277491951757715e-05
5926,0.00013301338708044454
5927,7.478783271907879e-05
5928,0.00013034975357759514
5929,0.00022526488020080675
5930,0.00031018585172701784
5931,0.00011890194866010377
5932,0.00014852663766799155
5933,0.0001869792128663304
5934,3.759637477090415e-05
5935,0.00016544752546641898
5936,4.018033913376525e-05
5937,0.00010632684074129995
5938,7.576063626287478e-05
5939,0.00018007506677957894
5940,3.6544511805895083e-05
5941,0.0001984956576670198
5942,0.00017918115682983432
5943,8.573675842360875e-05
5944,0.0002237221732363577
5945,2.437922274503698e-05
5946,0.00010855342042148512
5947,0.0001930792857525947
5948,9.953338171918977e-05
5949,0.00013814004317148042
5950,8.810990875202658e-05
5951,0.00018353437272413368
5952,9.62276378238766e-05
5953,0.00017084312094581977
5954,0.00010569814680708758
5955,9.504653393405116e-05
5956,0.00014036372231025827
5957,6.539148984033175e-05
5958,0.0001384355153464168
5959,8.587453838386116e-05
5960,2.8911487634227842e-05
5961,0.0001037582039471691
5962,0.00011242381586038735
5963,0.0001198018284698903
5964,9.589313310832933e-05
5965,5.404951755290274e-05
5966,5.532940145792836e-05
5967,0.0001232415814171657
5968,0.0002258951369086329
5969,4.8480001717839904e-05
5970,9.473133750300942e-05
5971,0.00013335107480070955
5972,0.00010120205077409185
5973,0.00010652525998722263
5974,5.1779999909560675e-05
5975,0.00014426842741817265
5976,8.407827079923791e-05
5977,8.868586570096871e-05
5978,0.00019749334255171765
5979,0.0001447303774070879
5980,5.205778504456559e-05
5981,0.00014758221295556326
5982,4.8793791121098134e-05
5983,6.768020606402747e-05
5984,7.750195354137927e-05
5985,0.00013699203452079462
5986,0.00017883780576530295
5987,0.0002827199841453574
5988,0.0001740668517584207
5989,6.413868580728801e-05
5990,0.0002464084228035565
5991,0.0001234098320443393
5992,8.68484509521172e-05
5993,5.4831854755914354e-05
5994,8.627541901319053e-05
5995,8.634681699592071e-05
5996,0.00022116568264028775
5997,0.00012314798725662318
5998,0.00018438743390364868
5999,0.00023404343729393733
6000,0.00016267503901038632
6001,8.196511323294414e-05
6002,0.00022011847656179558
6003,9.887719832851863e-05
6004,0.00015169649690908017
6005,0.00010829616742720591
6006,0.00012267734877247546
6007,5.46648006948449e-05
6008,9.882671623943123e-05
6009,0.00020643817005971092
6010,0.0001925363139738996
6011,0.00023432779773165034
6012,0.00012052411640001438
6013,0.00014653909435948434
6014,9.774242681174427e-05
6015,0.00011231924617913206
6016,9.501393751605718e-05
6017,0.0002098528893649189
6018,0.00013438297131273616
6019,0.00015124177053131346
6020,0.00015314976921402683
6021,7.302193548858958e-05
6022,0.00021575909738507106
6023,9.755550911754283e-05
6024,0.00013090093286698219
6025,0.00020620159053873926
6026,7.919632212016728e-05
6027,7.97056088018578e-05
6028,5.592886159753892e-05
6029,5.8903133886343284e-05
6030,0.00010276633817384526
6031,5.6574697117061265e-05
6032,0.00015737819322863948
6033,4.351492458604573e-05
6034,0.00018766400516354183
6035,7.794481214148377e-05
6036,3.6224897440889944e-05
6037,5.734204201893511e-05
6038,8.96550077429849e-05
6039,0.00010401001497358547
6040,0.00015635500809430688
6041,7.457261217128142e-05
6042,2.3327231064022813e-05
6043,9.399939625395781e-05
6044,0.00018297181992896856
6045,3.618189120236491e-05
6046,4.308527305636075e-05
6047,0.0001705330297348073
6048,6.570699877281488e-05
6049,4.442322923447889e-05
6050,0.00015444766297352983
6051,8.68819744728815e-05
6052,2.7044294832705214e-05
6053,0.00011973481304879355
6054,6.597003533783958e-05
6055,8.269895821631832e-05
6056,4.997447937307798e-05
6057,0.00011521086107832835
6058,9.404508236476663e-05
6059,8.019328495248424e-05
6060,0.00020966299245729484
6061,0.00013953495100591027
6062,6.471778162183344e-05
6063,6.460506995655782e-05
6064,0.00014117906326040157
6065,0.00015809191778814752
6066,9.764743084497921e-05
6067,0.0001014916024198456
6068,0.00010630635052248576
6069,9.0932144974185e-05
6070,0.00014266074563033012
6071,0.00010445266075592057
6072,0.00015864315190668244
6073,0.00018528145629381543
6074,0.00012758952100341318
6075,2.7960390232503104e-05
6076,0.00013458812252578744
6077,0.00015309022835945045
6078,0.0001273096234174137
6079,6.609802927648354e-05
6080,0.0002339185207471326
6081,8.44089318288641e-05
6082,0.00021818976711096894
6083,0.0001705797276328392
6084,0.00014243187764401922
6085,6.166840982665127e-05
6086,0.0002285464619871528
6087,6.764907520806417e-05
6088,5.6496928238831966e-05
6089,7.90453530656022e-05
6090,0.0001688077826937737
6091,9.264349319014955e-05
6092,0.0001158831607718642
6093,0.00013790397356211177
6094,7.403057352150276e-05
6095,0.00020320744532924856
6096,0.00013037183898683173
6097,0.00021632820584799968
6098,0.000137984774979878
6099,3.6172656363732834e-05
6100,8.963191148337167e-05
6101,5.808053323833103e-05
6102,5.597201885874277e-05
6103,7.755484894948039e-05
6104,0.0001260957375828872
6105,6.181237738650201e-05
6106,7.114453990915903e-05
6107,0.00014873115318483432
6108,0.00015111897159321124
6109,0.00017419291281033151
6110,8.38067964073926e-05
6111,0.0001247015404580027
6112,0.00015143060624957399
6113,3.4877380679799076e-05
6114,6.532716019667134e-05
6115,0.00012332340472634873
6116,0.00022116703685988882
6117,0.00021889696943058482
6118,3.60126873968746e-05
6119,6.962380618410802e-05
6120,6.174615164240333e-05
6121,0.00017955727874303533
6122,0.0001789959167890595
6123,9.864148572792622e-05
6124,8.973505585067957e-05
6125,0.0001136945403454698
6126,0.00019175635768996292
6127,0.0001980367728071353
6128,0.00018735925675262942
6129,0.00021869921269158433
6130,4.8778256571215296e-05
6131,0.00010801893455278647
6132,5.278806162090747e-05
6133,4.1586698301582605e-05
6134,0.00014391942849196812
6135,3.4711162766697425e-05
6136,8.353681504237159e-05
6137,7.253311841420533e-05
6138,1.492437177946822e-05
6139,0.00011022942810222937
6140,5.310337606243808e-05
6141,0.00010609443416046347
6142,0.00010930349580626751
6143,0.00020632641596090594
6144,7.679944644508304e-05
6145,0.000172771813235259
6146,8.781791541418399e-05
6147,8.869182939474353e-05
6148,8.835685600502331e-05
6149,0.00016451767114269224
6150,0.0001021989270220321
6151,0.00021190805505189118
6152,4.250697425581615e-05
6153,0.00010703198178945111
6154,0.0001666073866059409
6155,6.809691573216526e-05
6156,5.791758085924289e-05
6157,0.00015391818840587604
6158,9.853226203242874e-05
6159,0.0002895159230004258
6160,8.16174758505946e-05
6161,0.00016776649742380426
6162,0.00010576487308694149
6163,0.00010312353722758671
6164,0.00013725407170548317
6165,0.00012188722724323429
6166,5.4396262394659724e-05
6167,6.820520328068112e-05
6168,0.000130259527048541
6169,9.048054580150694e-05
6170,0.00018008960535022785
6171,0.00012725976893792913
6172,3.547079106242303e-05
6173,0.00020970069395497774
6174,0.0001405199696480469
6175,7.073698101123195e-05
6176,7.660215989991493e-05
6177,3.811367189197498e-05
6178,0.00022308849494239824
6179,6.56101067746012e-05
6180,0.0002607580010767986
6181,4.6498534159701023e-05
6182,8.225639238101764e-05
6183,9.865082809327773e-05
6184,9.987598403493654e-05
6185,8.267193528177638e-05
6186,0.00010598978698136437
6187,3.176912856898708e-05
6188,0.0001375781214182959
6189,0.00012474005614038003
6190,5.7109562394198335e-05
6191,0.00023367559579610912
6192,0.0001930864962750532
6193,0.00028992421883040676
6194,5.995682347796169e-05
6195,0.0003138969703421695
6196,7.31923569855373e-05
6197,5.037115188635902e-05
6198,0.00015259281075442213
6199,0.000179617679786403
6200,3.970446560524933e-05
6201,0.0001583944830778015
6202,8.012669486734804e-05
6203,8.698049777506984e-05
6204,0.00027161358600894425
6205,0.00016962191616950735
6206,6.206896927353203e-05
6207,0.00016782950885317496
6208,0.000121778192560029
6209,0.0001515617878987532
6210,0.00013150391717725324
6211,0.00015436788350259843
6212,4.548797847336053e-05
6213,6.836722630665814e-05
6214,0.0002202734077227061
6215,7.23230321739858e-05
6216,0.00019628321227252335
6217,0.00014467534839662186
6218,0.0001381962883965912
6219,0.00011126732223266207
6220,0.00036887833478796835
6221,0.00012349644243657215
6222,0.00021045122034136428
6223,0.00024389718787741791
6224,0.00022821364359355622
6225,0.00013981625210674855
6226,0.0001279488023758166
6227,0.00011888454768450179
6228,0.00015299551899506172
6229,0.0001107471456762782
6230,0.00022798573810928264
6231,0.00016449602092057946
6232,7.154012437617694e-05
6233,6.514602364735342e-05
6234,9.37143557001671e-05
6235,0.00026495690227235443
6236,0.0001299153946707154
6237,0.00011015895758948528
6238,2.835102035732068e-05
6239,0.0001972646102002195
6240,0.00010156346240213542
6241,6.297007458614453e-05
6242,0.00014466211877838187
6243,0.00014973715149855512
6244,4.905568159096961e-05
6245,0.00015043715514928568
6246,0.00013532360740990272
6247,0.00011986358856721087
6248,6.205753689362764e-05
6249,3.46164032769562e-05
6250,0.0001080477290187961
6251,9.382761421733684e-05
6252,0.0001319853356409202
6253,9.535884416840145e-05
6254,0.00020371264626802343
6255,7.61733828265201e-05
6256,5.632069364397016e-05
6257,8.959952148424357e-05
6258,0.00014214769113402224
6259,7.691676153767604e-05
6260,2.844549804559594e-05
6261,0.00014263201492579716
6262,0.000120080540588905
6263,0.00014476991018941705
6264,0.00034229905369528206
6265,5.343584407654418e-05
6266,7.014579094320259e-05
6267,0.0001342386069246332
6268,7.541979223545561e-05
6269,0.00015284127950403151
6270,0.0001523269814405596
6271,7.308460957615752e-05
6272,0.00013013500047811898
6273,0.00019388273787071102
6274,0.0001791873863172848
6275,6.104830347067912e-05
6276,5.467950888240256e-05
6277,0.00015963595404955416
6278,0.00015980821611829183
6279,0.00010940473406369279
6280,7.695428820997895e-05
6281,0.00010316306650315379
6282,4.7476049004249976e-05
6283,0.00017901553465695402
6284,0.000136985019712289
6285,1.819888580764244e-05
6286,0.0004153694968790406
6287,2.5246951966305635e-05
6288,0.0001311953722268882
6289,4.083758033113492e-05
6290,0.00010237652360272347
6291,0.00015000343902519606
6292,0.00016366769045050262
6293,0.0001067605077008349
6294,0.00015675569742693772
6295,2.5886227067893418e-05
6296,0.00011452383882823018
6297,0.00011048910255438972
6298,0.00011394311797488098
6299,9.968093292017583e-05
6300,0.00013779572915231344
6301,9.450159248159962e-05
6302,4.1215182141351044e-05
6303,0.00020095757972423832
6304,0.00010360081329152009
6305,0.00011557608115314442
6306,3.2677046178599206e-05
6307,0.00014487048694127925
6308,0.00026824195990585354
6309,0.0001501224100354053
6310,3.9302918625016717e-05
6311,0.0001287640168107573
6312,8.964614433118378e-05
6313,0.00026607743917059966
6314,8.373048736163098e-05
6315,9.751738079065317e-05
6316,7.490126492424135e-05
6317,7.138406069329321e-05
6318,8.32371068922414e-05
6319,0.00010584047969309712
6320,0.00013892483645167893
6321,0.00013649090518270954
6322,0.0001323453381056259
6323,0.00022880766613825473
6324,7.560787816093143e-05
6325,0.00011256105188719672
6326,0.00012128644722399412
6327,4.888207278306493e-05
6328,3.7014605734420124e-05
6329,0.00013487380484077357
6330,6.573793059710789e-05
6331,0.00013242992888904296
6332,0.00011251217961865515
6333,0.00023791446750685477
6334,4.5971730616250955e-05
6335,6.504067276862853e-05
6336,0.00019047184422269685
6337,6.215129476335501e-05
6338,8.291840766495538e-05
6339,3.694577463591526e-05
6340,8.073061228952339e-05
6341,2.611229172619747e-05
6342,7.97879712106794e-05
6343,7.319545205669357e-05
6344,0.00012940554459656332
6345,6.292920282504049e-05
6346,0.00012988959512951867
6347,5.576108761026371e-05
6348,0.00036789469967889133
6349,6.607330102987089e-05
6350,0.00020134028729495003
6351,3.6484591105638454e-05
6352,9.483408943940355e-05
6353,8.0358159278241e-05
6354,0.00011378180851630321
6355,9.352070505421793e-05
6356,9.958323790930124e-05
6357,0.00010809851216726318
6358,7.261542872243031e-05
6359,0.0001337540454077761
6360,7.086996333386484e-05
6361,0.00014529608888111175
6362,5.2394825660015184e-05
6363,0.00015295835006907369
6364,0.00011362460189962519
6365,8.099315749907974e-05
6366,0.00010756785596266705
6367,0.0001996923032713527
6368,4.5738423196129e-05
6369,0.00017316383732269045
6370,0.00012194420650697626
6371,0.0001905509775760348
6372,9.597412241803944e-05
6373,0.00017402095263113215
6374,0.00021995079456161226
6375,0.00016771899203694252
6376,8.642272869011243e-05
6377,0.00011880394272606082
6378,0.0001572675317157158
6379,4.394922244812438e-05
6380,7.779365846386039e-05
6381,7.966777208142727e-05
6382,0.00013023214735298643
6383,0.0002749952533782221
6384,7.125693079367445e-05
6385,4.635111256991897e-05
6386,0.00012824156479973792
6387,0.00024195992304919766
6388,0.00022054008184527603
6389,8.143269424602513e-05
6390,0.00012441381811458506
6391,0.00016150251893523804
6392,0.00010087971361205787
6393,8.820293644179616e-05
6394,0.00014541272609501805
6395,0.0001395833859742298
6396,6.999463244153733e-05
6397,6.818810361268547e-05
6398,9.525029185431991e-05
6399,0.00020216692368982356
6400,8.17489940808734e-05
6401,6.294828767290523e-05
6402,0.00017447163982230374
6403,0.00011346003014116398
6404,5.8694420190962975e-05
6405,0.00010643417508265575
6406,0.00014176719074527222
6407,0.00015464342631223572
6408,0.00014674244318684315
6409,7.872181155423876e-05
6410,0.00012927108729291967
6411,6.621226916076029e-05
6412,9.179749236471106e-05
6413,0.00011564980823178868
6414,0.00021270972651212224
6415,4.8320423182545916e-05
6416,6.418728886730384e-05
6417,0.00015769881232220235
6418,0.0001628424260906664
6419,0.0001494310921105232
6420,7.820368327258423e-05
6421,9.870246394282035e-05
6422,0.0001319905421380866
6423,0.00012625912070915785
6424,5.461032005628789e-05
6425,5.660135787033978e-05
6426,0.0001894903969544015
6427,0.0001461442836826979
6428,0.000186058140420735
6429,4.54505948515403e-05
6430,0.0002532038024684659
6431,5.791581423525543e-05
6432,0.00011162184564411149
6433,0.00014936367838576088
6434,5.890018992983716e-05
6435,6.422941981096588e-05
6436,0.00011002223804176268
6437,0.00013485301661601595
6438,5.253702393182184e-05
6439,0.00010698151575032492
6440,0.00022733900975908553
6441,0.0002639456178137002
6442,0.00011429816687493239
6443,9.601141611952652e-05
6444,0.0001280059014544861
6445,0.00014253631399316208
6446,0.00013690661267318414
6447,0.0002095798429282765
6448,0.00010470586930026856
6449,7.539942508495355e-05
6450,7.888224603997599e-05
6451,0.00010174857822075497
6452,9.500093561412551e-05
6453,6.230160725149378e-05
6454,0.00022771211309716976
6455,0.0002118594153387299
6456,8.251155338821237e-05
6457,0.00029692336454093497
6458,6.595878995004156e-05
6459,9.68385883723819e-05
6460,9.01512408614949e-05
6461,6.035162221098519e-05
6462,0.00013442989929784454
6463,0.00010262241988028808
6464,9.524241030854913e-05
6465,5.6079255978197734e-05
6466,4.616578773615451e-05
6467,8.332950689409801e-05
6468,0.00018144137494275568
6469,7.477455982441026e-05
6470,0.00016249264192560585
6471,0.000192810632272715
6472,9.762884735368526e-05
6473,9.844916712130504e-05
6474,0.00011654772246872033
6475,9.638225335512757e-05
6476,8.556302941041846e-05
6477,0.00016964379015649284
6478,0.00011018273335869331
6479,0.00012400553441726638
6480,6.870966421111173e-05
6481,0.00010635274898410561
6482,7.880256696643266e-05
6483,0.00011257538636409077
6484,5.581466434371596e-05
6485,0.00017471938913506878
6486,0.00020478974762415432
6487,0.00021732992446673677
6488,0.00012243648409946195
6489,6.324077628708519e-05
6490,9.004495073613405e-05
6491,0.0001561433036878154
6492,0.00012299198379448633
6493,0.00015344953061040208
6494,0.00018548094227197184
6495,0.00010112766800038027
6496,6.220382319742583e-05
6497,0.00033729274092620504
6498,0.00032611002142630627
6499,7.325979811247327e-05
6500,0.00010301486078340315
6501,4.7516619633126456e-05
6502,0.00011158535981291328
6503,0.00012627894644371475
6504,6.962029058376319e-05
6505,0.00011751544323814156
6506,0.0001274350287121644
6507,0.00029692539458028074
6508,0.00010260606809804891
6509,0.00010199555669632255
6510,4.1411551468889136e-05
6511,0.0001628036700388372
6512,0.00021729718953959724
6513,8.908672526184215e-05
6514,0.00015645648339499262
6515,0.00012232276366706682
6516,6.12394830457839e-05
6517,7.96462658526539e-05
6518,0.0001538718841533807
6519,0.0001514434427181686
6520,9.87486219490359e-05
6521,0.0002421212201853213
6522,6.95719629251117e-05
6523,6.458928032018979e-05
6524,8.37045331330283e-05
6525,7.072874706017469e-05
6526,8.189631125562132e-05
6527,0.00012332620643258253
6528,3.605156911367531e-05
6529,4.871073527258696e-05
6530,0.00027009269611013084
6531,7.509659936517266e-05
6532,8.163657588419607e-05
6533,9.01087386577664e-05
6534,0.0002471962046337765
6535,9.488184355226743e-05
6536,0.00014166254737220512
6537,6.876896714031883e-05
6538,0.0001833524324453112
6539,0.0002431916369329843
6540,0.0001263956074418897
6541,0.0001493660087985308
6542,5.398336085758509e-05
6543,0.00014649841743419762
6544,0.00010347095413418308
6545,7.65483906201572e-05
6546,0.00020952328947724337
6547,6.339351648190734e-05
6548,6.089220201411478e-05
6549,0.00012027269647966084
6550,6.886766225809983e-05
6551,0.00017378704118405346
6552,0.00016710685432339332
6553,6.726059954522205e-05
6554,5.815932436470004e-05
6555,8.83162973818977e-05
6556,7.955606470232344e-05
6557,0.00020067407729076377
6558,0.00020531774764688106
6559,9.045224903077241e-05
6560,0.00015126408071238428
6561,0.00021903785556103567
6562,0.00014388605786306712
6563,8.142315915140792e-05
6564,7.631544429989282e-05
6565,3.60923835286372e-05
6566,0.0001303518400412351
6567,0.00020366100501857193
6568,0.0001587914484549903
6569,0.00010401818608901406
6570,0.0002205786169930976
6571,0.00017933024634357738
6572,7.374103393305615e-05
6573,5.520207688465361e-05
6574,0.00015348671834572577
6575,0.0001320645420601954
6576,0.0001378346829538069
6577,0.00010176901978185479
6578,0.00010845088191458182
6579,0.000221243970801666
6580,0.00011607588084600965
6581,9.64668497990049e-05
6582,0.000263081006553988
6583,0.00022291733404497402
6584,0.00014268514769400322
6585,0.00016014961200549243
6586,0.00014699357895820301
6587,9.938709590302864e-05
6588,0.0001522290523145208
6589,8.497690190217719e-05
6590,0.0003606990335215825
6591,7.286562553361072e-05
6592,0.00012835145877430584
6593,0.0001060055344794067
6594,0.00023691332290580878
6595,9.680776717913003e-05
6596,0.0001356432789092258
6597,9.899267699053667e-05
6598,0.00013285814943765119
6599,0.00015540154334390497
6600,3.99639721166261e-05
6601,5.369505265861073e-05
6602,0.0001337533334334201
6603,0.00028375502636816325
6604,0.00014887922104779127
6605,7.587924143066785e-05
6606,7.260261988266555e-05
6607,0.00012126880734869696
6608,0.00013688187389260375
6609,9.355212263808454e-05
6610,9.310785245104713e-05
6611,0.00011271614013241024
6612,6.82235230168696e-05
6613,0.0002483462557230658
6614,0.0001163408344509023
6615,0.0002538809415103609
6616,0.00032065562998326666
6617,0.00011353465130409678
6618,9.103433386363462e-05
6619,0.000151343928719713
6620,3.6696999325614964e-05
6621,7.189802778135215e-05
6622,4.339512179919745e-05
6623,0.00016553890664507928
6624,3.760946596379836e-05
6625,0.00011180023552861601
6626,0.00014704145646070885
6627,0.0001758144012203126
6628,0.00014467327003785772
6629,6.638378769201047e-05
6630,0.00018811828410731548
6631,0.00010507565118286316
6632,0.00014188810766870032
6633,0.00019520518444962045
6634,0.000156628418683819
6635,9.154144868736436e-05
6636,6.307019071265109e-05
6637,0.00018659750445009627
6638,6.193373838271277e-05
6639,0.00015821070891045794
6640,5.279105245755862e-05
6641,0.00014590351322516
6642,4.365986773010279e-05
6643,2.3442491804659612e-05
6644,0.00024629464860462995
6645,5.651636571276609e-05
6646,0.00011028971105461719
6647,0.00013544687983143877
6648,0.00013230787209314658
6649,0.00017619229392711348
6650,5.248526382749992e-05
6651,9.491710812605341e-05
6652,6.880751431239417e-05
6653,0.00012329003672303124
6654,3.143990402529285e-05
6655,0.00016185838641105826
6656,0.00025773984779585136
6657,0.0001326344374430041
6658,8.719640124118693e-05
6659,6.736754084931264e-05
6660,0.00019288749081556743
6661,0.0001027435254773299
6662,0.00012083598668300278
6663,6.44810768836021e-05
6664,0.00011859700308849532
6665,0.00013837470812193197
6666,8.318619038304035e-05
6667,7.111189741005481e-05
6668,0.00015124478267603523
6669,9.33162378967976e-05
6670,0.00011857608782628716
6671,0.0001305181154331315
6672,8.182037097118285e-05
6673,6.908729413186e-05
6674,0.00015840583264094813
6675,7.8971955500962e-05
6676,0.0001631513508822177
6677,9.881720311419217e-05
6678,5.652332726856392e-05
6679,6.183910353367742e-05
6680,5.605022224595794e-05
6681,0.00010844822648182925
6682,0.0002658308064349167
6683,0.0001479283272006111
6684,0.00013195731781584426
6685,0.00014536956649782137
6686,7.142585692047395e-05
6687,0.0003890267000293035
6688,6.952624290907568e-05
6689,0.00020248263375672416
6690,9.935337068779949e-05
6691,0.00024558026122411874
6692,8.719614737595451e-05
6693,9.173218794862294e-05
6694,0.00011527167762472525
6695,0.00010857153723415648
6696,8.291687566305548e-05
6697,0.00022925752493935066
6698,0.0002146149672165058
6699,0.0001552638375053898
6700,0.0001088483776640254
6701,7.721853684343572e-05
6702,0.0002246908708404165
6703,9.627757961747114e-05
6704,0.00030151068981799115
6705,0.00013324792849097694
6706,7.729704949153174e-05
6707,6.189562465607281e-05
6708,7.029121537206471e-05
6709,0.00013444021418760702
6710,0.0001688553404278289
6711,0.00010291762507053105
6712,8.171524406958233e-05
6713,7.622652871444707e-05
6714,0.00014442988934032248
6715,0.00011149510566789626
6716,0.00014700289154609463
6717,8.221587941338894e-05
6718,3.7505981142434456e-05
6719,6.126986836923394e-05
6720,0.0001554012819136982
6721,0.00014919353393737117
6722,7.000172921361465e-05
6723,0.00015535731024001798
6724,6.789563382141121e-05
6725,5.7263792185662694e-05
6726,7.58372525864764e-05
6727,0.00011665616278837344
6728,0.00017806111337481705
6729,0.00018028863898774514
6730,0.00014050143209783675
6731,0.00016383324803877921
6732,0.00012962114394195133
6733,9.901063553578203e-05
6734,6.695993363081663e-05
6735,6.526805230937642e-05
6736,0.00013444496839568886
6737,0.0001495017104346083
6738,0.00016900822939845092
6739,6.523729439312546e-05
6740,8.191369049771554e-05
6741,6.929267130951273e-05
6742,7.597549025362936e-05
6743,8.232738111919673e-05
6744,0.00013864530586160016
6745,0.00011142359379944379
6746,9.137373637143606e-05
6747,0.00012262789456102046
6748,0.00012952477838161454
6749,0.00011458487637804916
6750,0.0001772486327405997
6751,0.00016179899434078365
6752,0.00019227566443395328
6753,6.561333900541227e-05
6754,5.3679486004981734e-05
6755,9.01394995451679e-05
6756,0.00015841325705596477
6757,8.339952072311178e-05
6758,0.0001825987500910536
6759,0.00017823781423307453
6760,6.246118006939296e-05
6761,7.803932382108875e-05
6762,0.0001945062653624703
6763,0.00010433738880552097
6764,5.5800105192437105e-05
6765,0.00016076022630158863
6766,2.8239813871581445e-05
6767,0.0001311680643140433
6768,0.0002121583281538685
6769,0.00013659759539585279
6770,0.00021672880711124426
6771,9.186120555145713e-05
6772,4.455235242668862e-05
6773,0.00022688413434738506
6774,6.963048640583444e-05
6775,0.0001301726378742618
6776,6.273391056451211e-05
6777,0.000122468836132602
6778,0.00036317460639457585
6779,0.00019872047788465602
6780,0.00028109926235908643
6781,0.00017510430544019656
6782,6.48422887634799e-05
6783,7.464687218135465e-05
6784,7.938368697538253e-05
6785,0.0002277467252860937
6786,0.00011003327128130543
6787,0.00016164844036851815
6788,0.00021227256737601792
6789,5.827847940341108e-05
6790,8.059261735652215e-05
6791,0.00010477034506413168
6792,9.552292710770944e-05
6793,0.00014130740127685514
6794,0.00013243393639165822
6795,7.873841727052578e-05
6796,0.00021390331676174456
6797,8.304022350001161e-05
6798,8.0325594340095e-05
6799,0.0001232340004012495
6800,0.00031494052181716336
6801,6.080566532400893e-05
6802,0.00014800530688978603
6803,0.0003037218294627503
6804,0.00013988796246653683
6805,0.00016537299562602368
6806,8.758987508773228e-05
6807,0.00015387439667288746
6808,0.00010066741446660343
6809,0.0001272175562577593
6810,0.00010569227300490607
6811,0.00014967324608518737
6812,6.263800042702105e-05
6813,0.00010226274840593287
6814,0.0002463494923664614
6815,0.0001391063321425069
6816,0.00010339280069304488
6817,6.8253637050053e-05
6818,0.0003179558221132393
6819,8.62987224371774e-05
6820,0.00012413529563500957
6821,1.7858126378326784e-05
6822,6.584580599840405e-05
6823,0.00012719616358011538
6824,0.0001572794218808447
6825,0.00025599837879451166
6826,6.184354740276579e-05
6827,0.00012143048370958044
6828,4.40992917804049e-05
6829,0.00010393145649377211
6830,0.00011587971432523215
6831,0.00010392423174580855
6832,5.8776650249435976e-05
6833,6.708542060786283e-05
6834,4.1812451566683364e-05
6835,8.826060957765101e-05
6836,8.55359136910215e-05
6837,0.00014509442900890036
6838,0.00012739158250038614
6839,0.00014467447456090415
6840,0.00019764257368189362
6841,0.00018360054778177018
6842,0.00018985119521263704
6843,0.0001058235579454253
6844,8.0069200911013e-05
6845,0.00014677301760740766
6846,0.00016327621063757112
6847,0.00010287842167017771
6848,0.0001595347693415285
6849,0.00012743777782033065
6850,0.00016323495175498784
6851,0.00015577771862757125
6852,0.00016196969722187643
6853,8.866696398672806e-05
6854,0.00013755983692767066
6855,8.218437523429608e-05
6856,5.879693123333829e-05
6857,0.0001121984268038672
6858,8.353682329737841e-05
6859,0.0001290150557330366
6860,0.0002961856723178057
6861,0.00021135631558465452
6862,0.0002418723408847622
6863,9.88744934374382e-05
6864,0.00025063087882453827
6865,8.701574780243353e-05
6866,0.00015126130720085978
6867,3.6603819231084664e-05
6868,0.00016526164405663145
6869,0.0001391344186295473
6870,6.005774717519213e-05
6871,0.0001120143849443183
6872,0.00013190387661279326
6873,4.426436692772172e-05
6874,0.00022944659868593032
6875,0.0001518595883689027
6876,0.000139890442396569
6877,5.232389542453911e-05
6878,8.243321302511103e-05
6879,0.00010933375443271318
6880,0.00011538947190124725
6881,8.391985273513404e-05
6882,7.117734464256928e-05
6883,3.477287776200044e-05
6884,0.0001427330279546478
6885,0.0001036521968205616
6886,9.164712746475992e-05
6887,7.841244301143498e-05
6888,5.3785372194673344e-05
6889,0.00017120659714134576
6890,0.00016905735674963677
6891,8.237596270001458e-05
6892,0.00011427961701046888
6893,7.612936954250283e-05
6894,6.418270253052471e-05
6895,3.845416723184655e-05
6896,0.00013789638801232725
6897,0.0001747357427018918
6898,3.418490816562359e-05
6899,0.0001110409795043677
6900,0.0001047452484372417
6901,5.5579430759426444e-05
6902,0.00015819414597416712
6903,0.00014772515208684998
6904,0.00010063146652498118
6905,0.00019157800695653894
6906,0.0001482536389913782
6907,0.00016317271750989024
6908,0.00019215961016358452
6909,0.0002476131375082735
6910,7.980162462464521e-05
6911,7.773798726190504e-05
6912,6.420055191717097e-05
6913,0.00011996826929846198
6914,0.00010004884887268608
6915,0.00012841791320307455
6916,0.00019867637923901758
6917,6.935268197799389e-05
6918,0.00020398501069451676
6919,0.0001485624544013433
6920,6.142544043395718e-05
6921,0.00011382659127210047
6922,8.06679597851399e-05
6923,0.00020091381374373713
6924,0.00012559707605374744
6925,0.0001181854665882701
6926,8.480017664535293e-05
6927,0.0002164944932957213
6928,0.00020166264912617558
6929,0.0001477516850546401
6930,0.0001219894473767872
6931,0.0001690344861317465
6932,0.0001132282387740402
6933,0.00012607845444757593
6934,6.294200557034333e-05
6935,3.406461599977423e-05
6936,0.00014304595579561226
6937,7.509480073387121e-05
6938,3.177758966114164e-05
6939,0.00017716273580302658
6940,0.00015728040115809853
6941,0.00017915775415640615
6942,7.754201172269936e-05
6943,0.0001692446272122236
6944,6.824518779437294e-05
6945,0.000153057582975888
6946,6.095792598444508e-05
6947,0.0001380608298105798
6948,7.506220300876257e-05
6949,4.9715625182317334e-05
6950,0.00017658151589175966
6951,7.024934280985503e-05
6952,8.379968201646446e-05
6953,0.00013006542062344816
6954,0.00011177291464879351
6955,0.00011655029306270866
6956,7.173321893072629e-05
6957,8.093575447412076e-05
6958,4.1220095290603873e-05
6959,0.00032865342500997463
6960,5.1565513898262444e-05
6961,0.00011834608120390422
6962,0.00019217624496571545
6963,0.00034821200149958527
6964,4.604045710833831e-05
6965,9.013788957284958e-05
6966,4.533239427204169e-05
6967,0.00019653699123272093
6968,0.00012214809290105283
6969,0.00010532068823751002
6970,0.00018298215522601698
6971,0.00014187654710799368
6972,9.12945166186759e-05
6973,9.862798726403877e-05
6974,9.255108434774728e-05
6975,4.992959231808403e-05
6976,9.096074969401967e-05
6977,0.0002488877573634564
6978,7.290053237518958e-05
6979,0.00015913294641334706
6980,0.00016255672539685552
6981,0.00018303589005224207
6982,8.857532840472363e-05
6983,8.059302599597542e-05
6984,6.274093754902673e-05
6985,7.5881936645639e-05
6986,4.491794621210573e-05
6987,0.00019629554969871344
6988,7.190581430813555e-05
6989,0.0001387692279117595
6990,0.00012320219123850893
6991,5.266544777327031e-05
6992,3.581955125352573e-05
6993,7.716724655418642e-05
6994,0.00014985759376384935
6995,6.471593626346488e-05
6996,0.00011153852218157488
6997,0.00021384158597904327
6998,0.00015216467189891147
6999,0.00010739015140822308
7000,6.48885507337953e-05
7001,0.0001962570509932703
7002,0.00017044674798642688
7003,6.506306776543203e-05
7004,6.026168874198067e-05
7005,0.00019508590237661297
7006,0.00022122060019510772
7007,0.000294786404848908
7008,0.0001485178741678222
7009,8.598741467569266e-05
7010,0.00020134942243252237
7011,0.00021238674380283972
7012,9.359140462240018e-05
7013,0.00012725290849612773
7014,0.00015195132867611282
7015,7.864035454840212e-05
7016,0.00013500499686489552
7017,0.0001520793728731265
7018,0.0001764068012138745
7019,0.0001806003086788738
7020,0.000126477050420438
7021,8.405153510013555e-05
7022,0.00016651268110048326
7023,0.00010709882276071741
7024,0.00010921911645383448
7025,0.00016140679242775528
7026,0.000284977802764107
7027,4.964078553641253e-05
7028,6.335731784231883e-05
7029,0.00010499357040442431
7030,0.00015743217607702638
7031,8.02915597328513e-05
7032,0.00019271720038489728
7033,7.596704679817929e-05
7034,6.99543156811276e-05
7035,9.081590900342291e-05
7036,0.00016939985272260234
7037,0.00011416705461207771
7038,5.365239963149423e-05
7039,0.0002065983144553685
7040,0.0001245942155483714
7041,7.410329643109539e-05
7042,0.00031881961964800736
7043,6.611507748605734e-05
7044,7.209589819476874e-05
7045,3.0501296438218012e-05
7046,6.0663909157328474e-05
7047,0.00010048898891447744
7048,0.00014694319235104033
7049,6.14565336840134e-05
7050,0.00010095351692006596
7051,5.9846442015648986e-05
7052,0.0001572134136388808
7053,0.00015561030299734627
7054,0.00010528389302714132
7055,0.00017099335407083613
7056,8.778037651178704e-05
7057,0.00010042164577626853
7058,0.00010770008134102874
7059,0.00010788932641507619
7060,9.718201946018933e-05
7061,8.43069438284151e-05
7062,0.00025774017352816233
7063,7.883134517146734e-05
7064,0.00020448590824800522
7065,0.00015118163217588978
7066,0.00024615332903048584
7067,0.00010674138679662262
7068,0.00010316862380275412
7069,9.954057180855904e-05
7070,9.960101220234807e-05
7071,0.0002946566104665152
7072,6.615455985035807e-05
7073,0.00012672667516341302
7074,6.996189331759351e-05
7075,0.0001565317343966571
7076,8.9627625270196e-05
7077,0.00016438853859757763
7078,0.00023148421479239254
7079,0.00017885866602469796
7080,5.3602175116000943e-05
7081,0.0001305395369484511
7082,7.984085986943799e-05
7083,0.00010398084530355083
7084,6.70728760133054e-05
7085,0.0001544284718917369
7086,0.0001160815762468874
7087,0.00012602189251908628
7088,0.0002153987612069388
7089,0.00013680818714149683
7090,6.136100213400701e-05
7091,0.00014531215074192698
7092,9.000278588088284e-05
7093,8.233684857274098e-05
7094,8.680932919101389e-05
7095,0.00021186291440001328
7096,7.64399207853197e-05
7097,0.00010018436408747482
7098,0.00012758234305454118
7099,0.0001010886568190089
7100,7.318806781573623e-05
7101,5.235011870338122e-05
7102,5.771461421257538e-05
7103,0.00013678893058977784
7104,9.355944169872382e-05
7105,6.289310090135741e-05
7106,0.00010273576553341076
7107,0.00035506888701682007
7108,0.00021026741808658647
7109,9.979049289702397e-05
7110,0.00030719737116567333
7111,9.664545476921558e-05
7112,0.00010830302645997773
7113,0.0003152733400022268
7114,0.00022519889255740935
7115,0.00021670979238123193
7116,9.852856908914625e-05
7117,3.065402072466598e-05
7118,3.846625349979099e-05
7119,0.00018409728212456265
7120,7.051951104461951e-05
7121,8.6870367665468e-05
7122,0.0001569361603696551
7123,0.00015732398524474534
7124,0.00014803854096547887
7125,0.00017627355925199602
7126,0.0001272727152736126
7127,9.479253330442708e-05
7128,0.00013096784478501878
7129,0.00016092514757475056
7130,5.3427849308708745e-05
7131,0.00014889213279599295
7132,0.00018483125731011993
7133,9.657794694108801e-05
7134,0.00016202441222521913
7135,5.6367563131712333e-05
7136,0.0001315988312289381
7137,6.64624751871099e-05
7138,0.00010436062168112408
7139,8.61987505809058e-05
7140,0.0003451858864693747
7141,0.00014620402421177748
7142,0.00015208869562876912
7143,0.00012834124829629308
7144,8.138278063921588e-05
7145,0.00010384822102434585
7146,2.654052024075925e-05
7147,0.0001941438227572517
7148,0.00010873675210201761
7149,0.00020646443756049495
7150,0.0001780503710107106
7151,0.00015423976161892784
7152,0.00024074256540091365
7153,5.362780802918667e-05
7154,4.96859045840053e-05
7155,8.111703067879814e-05
7156,0.0003555756297561751
7157,0.000264520162738346
7158,0.0002604298208953024
7159,8.486447021803417e-05
7160,0.00012321319960372095
7161,0.00011014590097005012
7162,8.083469547616584e-05
7163,0.00015385208308101844
7164,7.449279025787442e-05
7165,0.00013073904306344934
7166,0.0001569447555371165
7167,0.0001640348019149568
7168,4.374028127047337e-05
7169,3.9244179592184764e-05
7170,0.00013884390167149028
7171,9.735516946439422e-05
7172,0.0001912182001018208
7173,0.00014205522791890454
7174,0.00013346691327563543
7175,8.013524189372034e-05
7176,0.00018914254337229367
7177,0.00013373176714258586
7178,0.0001798349196720675
7179,0.00026299844765850805
7180,9.80924762303539e-05
7181,0.00018629882280608712
7182,4.9719967518420906e-05
7183,0.00010871054077479741
7184,0.00013082814484225995
7185,8.581247368614146e-05
7186,0.000150045621724934
7187,0.00030801150909719817
7188,0.00011838759696387214
7189,0.0001844549418045398
7190,0.00025978437294859366
7191,0.00010715678569231435
7192,0.00010592604214451626
7193,0.00013532405985369574
7194,8.660058014328515e-05
7195,0.0001282635769593052
7196,7.759485223195305e-05
7197,5.4048617373873705e-05
7198,0.00010854267828386418
7199,6.503460790508554e-05
7200,6.728970342671436e-05
7201,0.00013435957745526011
7202,9.741841123016725e-05
7203,0.00012462710779908117
7204,9.471494215820933e-05
7205,8.031853297709911e-05
7206,0.00038628061393800994
7207,0.0002677374679434097
7208,0.00012301032494806013
7209,0.00010927219283086835
7210,0.00010860107118411207
7211,8.481183065711682e-05
7212,7.76220898016191e-05
7213,0.00020983966553147338
7214,0.00012366621097326748
7215,0.00011873852642332403
7216,5.08098167199752e-05
7217,0.00017467153306563752
7218,8.994518345977192e-05
7219,0.0002668816770008965
7220,6.365149598522226e-05
7221,0.00016449242669367456
7222,0.0001407398930795757
7223,7.198698571129183e-05
7224,3.909179109803741e-05
7225,0.0002201310175749648
7226,0.0001557877120599379
7227,7.348782250377704e-05
7228,0.00021751842816328547
7229,0.00010189244682160811
7230,2.4663967917907002e-05
7231,8.493209186987268e-05
7232,0.00012443647728785774
7233,0.00016585566376895366
7234,0.00013998724672944834
7235,0.0001000824565277602
7236,0.00012895584505810784
7237,0.00014204039403272552
7238,0.00012141706682306862
7239,0.00012982852304243924
7240,8.784937014530105e-05
7241,8.001066436803604e-05
7242,0.00014093596683529834
7243,6.311095683947526e-05
7244,5.857649371234444e-05
7245,7.420237852128623e-05
7246,0.00012816832227252267
7247,8.194572183362087e-05
7248,0.00015762155825338432
7249,0.00014759129641881287
7250,7.893851154507314e-05
7251,4.684088562418031e-05
7252,8.647851984026452e-05
7253,0.00016877705172136867
7254,0.00016049861207865644
7255,0.00012051114841127602
7256,7.311594241295148e-05
7257,0.00014622784482829583
7258,9.823436504507085e-05
7259,7.080223753536794e-05
7260,0.00024684942648944407
7261,8.526095750876685e-05
7262,9.979048070859204e-05
7263,0.000206352582733113
7264,0.00010391726020995077
7265,0.00036533433886052794
7266,7.948864775563608e-05
7267,0.00013058662815900978
7268,6.300866157929225e-05
7269,0.0001736885009686417
7270,0.00014659998288573664
7271,0.00013180764563676853
7272,0.0001820259705535132
7273,6.508840282601385e-05
7274,8.338304535995776e-05
7275,0.00022734706965897212
7276,9.163827704100531e-05
7277,7.309958386104576e-05
7278,0.00020354578388939016
7279,0.0001589551467193881
7280,0.0001466395478308828
7281,6.348947733086705e-05
7282,7.082349635777683e-05
7283,5.6613168771120195e-05
7284,9.821673653206203e-05
7285,6.750805438418677e-05
7286,9.15552463801873e-05
7287,0.00010889601300682145
7288,0.00014693111182658404
7289,0.00017689492322876013
7290,0.00013484410007459253
7291,9.216192375166022e-05
7292,7.39358327678158e-05
7293,0.00011000841040547113
7294,0.00012942306191295904
7295,6.158068738305101e-05
7296,5.6106831835506714e-05
7297,8.399833591118661e-05
7298,5.708866174960275e-05
7299,0.0002594406476927366
7300,0.00010233087937639885
7301,0.000153462130968827
7302,0.0001570651046093055
7303,0.00011049523221627265
7304,8.731287785073875e-05
7305,7.684382017208885e-05
7306,0.00010373545416982341
7307,0.00028322882680513
7308,0.00012098612067203588
7309,0.00017825723696715933
7310,7.588459199382547e-05
7311,0.0002697100062534555
7312,0.00012724464290309875
7313,0.00020924311716365604
7314,0.00011642543591496474
7315,0.00014275086769902876
7316,0.0001444945717716244
7317,7.043512426601709e-05
7318,0.00016287024678445105
7319,7.644629991406278e-05
7320,9.189119779199182e-05
7321,0.0001825839847339519
7322,0.00016949078976486668
7323,0.00011019701842360811
7324,8.2911474402868e-05
7325,9.499143493036462e-05
7326,9.850209306107118e-05
7327,0.00015583970336586589
7328,4.792166839031182e-05
7329,0.00015159121824238257
7330,6.94397259634894e-05
7331,0.0001519753536934582
7332,8.033388882815853e-05
7333,0.000114335184001438
7334,0.00023862603408046108
7335,4.91305353594035e-05
7336,0.00010950326231119742
7337,0.00027391195535135456
7338,7.77974253192117e-05
7339,0.00013636472897321337
7340,0.0001096079947003585
7341,0.0001229147837523621
7342,8.600701737119986e-05
7343,0.00010137403797351482
7344,6.362774306340111e-05
7345,9.027772683305898e-05
7346,0.00014118119110466008
7347,0.00011065807354883412
7348,0.00011702682320526506
7349,0.00022547528781619226
7350,0.00019399299048504916
7351,0.00010093806998879054
7352,0.0001729838134560847
7353,0.0003712467615395029
7354,9.2261420607627e-05
7355,0.0001689198443666844
7356,1.8378969922287e-05
7357,0.00012173362487420802
7358,5.9479586787472905e-05
7359,0.00011840725805742515
7360,0.00019418531185870714
7361,0.00023788015043975586
7362,5.9196019483745685e-05
7363,0.00015026452359857367
7364,9.13752880751094e-05
7365,7.811235175491576e-05
7366,2.0965817795003882e-05
7367,0.00011485930287615372
7368,0.00015236871768195946
7369,0.00026806392133565894
7370,0.00012015126190438067
7371,0.00020859509381140564
7372,9.68656110398758e-05
7373,0.0001815538477670292
7374,6.465947564857446e-05
7375,0.00014821182055833017
7376,0.00012780851478186246
7377,0.00017415341878294774
7378,0.00019191060695026535
7379,6.326170562324378e-05
7380,0.00010105327808637914
7381,0.00011857615520565723
7382,0.0001235746453821879
7383,8.159688869224043e-05
7384,0.00010430077215233823
7385,0.00020454372617744013
7386,0.00015493110245105821
7387,3.2116481447624595e-05
7388,0.000163236626609672
7389,0.00017914468750480559
7390,0.00014746749072218574
7391,9.182413418279395e-05
7392,0.0002590863679016657
7393,0.00019431142672859304
7394,9.275049491228257e-05
7395,9.985277959429416e-05
7396,0.00013620226414934027
7397,0.00015140221585317385
7398,0.00017140313191553658
7399,0.0001224280859895188
7400,0.00015125920830686226
7401,0.0001725602840569964
7402,8.341864410774932e-05
7403,9.000109970006471e-05
7404,2.6181965995768377e-05
7405,0.00012385639827581493
7406,0.00029527988364848464
7407,0.00022838195663670398
7408,7.141030006847766e-05
7409,5.3124878702537675e-05
7410,0.00010326548778747374
7411,8.655904583495086e-05
7412,0.00017723272532201403
7413,0.00013054073091439575
7414,0.00012842877213803812
7415,8.047688439281086e-05
7416,0.00018802936583771048
7417,0.00033179013798795667
7418,0.00024088395751345
7419,0.00010488211487194686
7420,6.161850082710595e-05
7421,8.062465839861078e-05
7422,0.00011305851742448327
7423,0.00011831113941098406
7424,5.4180675136486714e-05
7425,0.0003886051959389664
7426,5.7740465906305844e-05
7427,0.00026382091786919835
7428,5.871032594437946e-05
7429,0.0002048798204129624
7430,6.96763913725179e-05
7431,3.671301650167887e-05
7432,0.00011561255275397427
7433,0.00016378226847103068
7434,0.00016110223666065813
7435,5.902529733311217e-05
7436,0.00018117644340492043
7437,0.00013677237340550873
7438,0.00025969142361911195
7439,0.0001944776995427185
7440,0.000102139852698754
7441,6.668368799437661e-05
7442,0.00015065438680798266
7443,9.881809950591658e-05
7444,5.4737144546306295e-05
7445,9.28061461020137e-05
7446,0.00014672451235919336
7447,1.872228259111571e-05
7448,5.9386043036108596e-05
7449,0.00010410033270684247
7450,0.00029449331830126344
7451,4.835457318863206e-05
7452,6.64630250797906e-05
7453,0.00012236249596885457
7454,0.0001163920453103919
7455,0.00014977615994224758
7456,9.55218679085164e-05
7457,0.00014632229814378654
7458,7.583072892304514e-05
7459,0.00020636675704177278
7460,0.00016975345727073603
7461,0.0001374938823547832
7462,0.00015913258544472325
7463,7.01030164869256e-05
7464,0.00015894284287791538
7465,0.0002741087977481748
7466,0.00021876527959902378
7467,0.00016583377591958438
7468,9.689265579550314e-05
7469,0.0001222357180503358
7470,0.00014304483767045928
7471,0.00018069543721613483
7472,0.00021362489321805918
7473,8.982226029252795e-05
7474,0.0001375639752980596
7475,0.00021002974640310656
7476,7.048925060222995e-05
7477,0.00012434721725877883
7478,0.0001326588289309457
7479,5.236030031520236e-05
7480,6.366355173505057e-05
7481,9.410988261043977e-05
7482,0.0001810122523219825
7483,4.959564576984053e-05
7484,7.173177553883939e-05
7485,7.205364224685953e-05
7486,0.00015471898881071262
7487,0.00015672147842385822
7488,0.0001408600885086818
7489,8.358792040379594e-05
7490,0.00017444526252472786
7491,9.899120439321819e-05
7492,0.00013248933111075127
7493,5.2556169736634046e-05
7494,0.00017973253512743468
7495,0.00011386423674482307
7496,5.410310758982878e-05
7497,7.863261771254931e-05
7498,0.0001848255324168253
7499,6.285523337792492e-05
7500,0.00012419048814622506
7501,0.0001587226801031805
7502,0.00018715641563017745
7503,0.00010528965519389286
7504,0.00011076344683229885
7505,0.00019251067043370525
7506,0.0001899296008805209
7507,0.00010609983655158384
7508,0.00011843329488612128
7509,8.902816724200988e-05
7510,0.00018605972657533663
7511,7.534773565178037e-05
7512,0.000148501218980794
7513,0.00015717486708643019
7514,9.287948841637862e-05
7515,0.00014870762612987395
7516,0.0001456519698259119
7517,0.00016673200836595517
7518,5.9769595086689733e-05
7519,0.00021522487249582407
7520,0.0001312650550647453
7521,7.312838488809765e-05
7522,7.487108102194785e-05
7523,4.8209554932245696e-05
7524,0.00010330132168637794
7525,4.793538522148568e-05
7526,1.941135371399348e-05
7527,0.0001752950356203927
7528,6.261294150728482e-05
7529,0.0002641508990768893
7530,7.656997837425916e-05
7531,6.102613211172091e-05
7532,0.00013825312309362301
7533,0.00019472115062480505
7534,0.00014159107276686945
7535,0.00010154911533826583
7536,3.333530017223774e-05
7537,8.941345278718713e-05
7538,0.00016112449293249429
7539,0.0002764938051594626
7540,0.00017073287342032344
7541,2.997026185825358e-05
7542,7.90307332958559e-05
7543,0.00016270373531313337
7544,5.230591324549405e-05
7545,0.00011754364308716159
7546,0.0003403775599905477
7547,6.82397117174865e-05
7548,0.00016595432181374964
7549,0.00011856695820042698
7550,0.0001432787561775934
7551,5.8240224736510866e-05
7552,0.00018650651371400327
7553,8.514388794047971e-05
7554,9.783858875653104e-05
7555,6.249399312759286e-05
7556,0.00017081480327809233
7557,4.822668963850071e-05
7558,6.921159353274122e-05
7559,0.00040825313954152316
7560,0.000144731363020414
7561,8.226497771607021e-05
7562,0.00011069392856804076
7563,9.64620269907422e-05
7564,0.00011583375583721763
7565,8.422840861280382e-05
7566,4.186822296218608e-05
7567,7.833667901980627e-05
7568,9.206598960454686e-05
7569,6.811199206988493e-05
7570,0.00018137429432666465
7571,0.00020342875732015886
7572,7.73107972356969e-05
7573,0.00012510287936883563
7574,0.00012967936179547528
7575,0.0001126827982551591
7576,0.00013240920362425645
7577,3.0721826072572156e-05
7578,0.00014133129876998693
7579,5.4185256067517874e-05
7580,0.00011697465870934469
7581,0.0001322419865508036
7582,7.310946698303871e-05
7583,0.00012426629416735152
7584,0.00022022528497302478
7585,4.428756883276215e-05
7586,0.0001854897130526794
7587,0.00010964109566607345
7588,0.00013473743907607658
7589,0.0001585995715705492
7590,7.2158352797036e-05
7591,0.00014799941236592155
7592,5.3075608227434315e-05
7593,9.786876485397004e-05
7594,7.903570225411673e-05
7595,0.0001239581642743029
7596,6.750869779888525e-05
7597,6.854439866042493e-05
7598,7.069281112745033e-05
7599,0.00016326830702648239
7600,0.00019709260185964492
7601,0.0002827576999749498
7602,0.00018413827855069372
7603,0.00011635562107275202
7604,9.931886333059481e-05
7605,0.0002033327989841633
7606,0.00012432138409685536
7607,5.463634708385329e-05
7608,7.589660498703057e-05
7609,0.00016600861636825
7610,6.957970521374854e-05
7611,6.633804373832905e-05
7612,0.00010926950473267063
7613,0.00022065345243865405
7614,0.00011691282925703845
7615,0.00011538349503639822
7616,0.00015610143684207796
7617,0.00013000686596785984
7618,2.3981271395264483e-05
7619,0.00012450389889887044
7620,0.0001699167738891738
7621,0.00010198208121246343
7622,0.00011023846923174903
7623,9.44751795491919e-05
7624,0.00012328017277470695
7625,4.121676203062301e-05
7626,8.313782787119299e-06
7627,0.00031963558247560613
7628,9.654032614715938e-05
7629,0.00019574669509692764
7630,5.6393472248035714e-05
7631,0.00011142459516362099
7632,0.00015420017904464175
7633,0.00012886315933930106
7634,7.448615406470046e-05
7635,0.0001916506040425996
7636,0.0001690850455460271
7637,0.00011467900658425989
7638,0.0002273677460015902
7639,8.921893780086474e-05
7640,6.110202255306483e-05
7641,5.006969680472216e-05
7642,0.00016471248255702347
7643,8.123999384956012e-05
7644,0.0001223997994280944
7645,3.690779858361169e-05
7646,0.00016890795381295422
7647,3.811750543518327e-05
7648,0.0001130559466262918
7649,3.913273230281194e-05
7650,4.825839499469469e-05
7651,0.00019798237174964176
7652,0.00011714375481580165
7653,3.675176572303858e-05
7654,9.40965212965419e-05
7655,6.633813144532018e-05
7656,0.00011933807793618927
7657,9.529530804440524e-05
7658,7.780988065688134e-05
7659,0.0001868771698599816
7660,0.00012258753854781735
7661,0.00016964481750730658
7662,0.00012117428313305598
7663,5.756746804336696e-05
7664,7.214197533255307e-05
7665,0.00010369115310831325
7666,6.213813302987609e-05
7667,0.0001150897988937705
7668,0.0001365135766145042
7669,8.981784384951337e-05
7670,7.165790117741195e-05
7671,0.00010634812830773964
7672,5.565890145585157e-05
7673,0.0001339328697557031
7674,8.09167647172253e-05
7675,0.0001372680543738875
7676,6.668601097497176e-05
7677,0.000140181052754347
7678,0.00016982205010566742
7679,6.722318057217087e-05
7680,0.00012220749366421936
7681,0.00013733865659709097
7682,0.00012815323865425618
7683,8.399377358037084e-05
7684,0.00012690231098677905
7685,0.00019886923478322857
7686,0.00018656057891361778
7687,9.31487754561013e-05
7688,0.00011806672748808032
7689,0.00010259651591437983
7690,5.709051013922176e-05
7691,0.00012557369362207668
7692,0.00013502893133235573
7693,0.0002067390986315
7694,0.00020595397887596337
7695,5.981774284067283e-05
7696,0.0002471622689477027
7697,0.00011447905272810723
7698,0.00014609776670024838
7699,0.00011101273423390218
7700,4.015668724811144e-05
7701,2.5603419875230086e-05
7702,0.00016300799122116833
7703,0.00011110775022590318
7704,0.0002456967922441085
7705,6.383133722563916e-05
7706,3.474844402761069e-05
7707,0.00016245451590161575
7708,0.00013143504596485047
7709,9.492539395944068e-05
7710,8.49324628683667e-05
7711,3.0467384999629336e-05
7712,0.00021296434703591807
7713,9.615617777975708e-05
7714,0.00012116007071590992
7715,0.00012111654036423613
7716,0.00012747182576379777
7717,3.196642263693053e-05
7718,0.00012422808531704107
7719,7.546881028714202e-05
7720,6.922429168875496e-05
7721,0.00010180265294409487
7722,0.00010283773861992184
7723,0.00020619686330086562
7724,7.514544922967436e-05
7725,9.25852636584763e-05
7726,9.130953154005946e-05
7727,4.8711500766754454e-05
7728,9.670934984112939e-05
7729,9.059040713243283e-05
7730,0.00010532779930567929
7731,8.72136520174643e-05
7732,0.00010754480834213986
7733,0.00011474911176017803
7734,3.933463848564345e-05
7735,0.00011880832483858919
7736,5.667380313775486e-05
7737,0.00012068568313124575
7738,0.00014384061888524232
7739,8.868364862975039e-05
7740,0.00013098695159621945
7741,0.00017767055053123616
7742,0.00016818355767051757
7743,5.2221167371484484e-05
7744,0.0003027921424003959
7745,7.105716593438412e-05
7746,8.069077755600953e-05
7747,0.00014010254203245654
7748,0.00011458568178824805
7749,0.00018393283142540583
7750,0.0001287040010404358
7751,7.739980175775115e-05
7752,0.00020027720921686037
7753,0.0002311144294742454
7754,3.085279846858738e-05
7755,5.5575746596062536e-05
7756,9.641469480437488e-05
7757,0.00012950561325500358
7758,0.0001479489819101324
7759,9.819126103438665e-05
7760,6.868896428244005e-05
7761,0.00010627382450818418
7762,0.0001925338131664486
7763,0.00016438172436181097
7764,0.00011563445194345304
7765,0.00012161796022742546
7766,7.027387548761897e-05
7767,0.00019852750733422275
7768,0.00017288261338495618
7769,0.0001253058133142955
7770,4.946090898288127e-05
7771,0.00010259366813636073
7772,0.00010130597841686228
7773,6.95410291776787e-05
7774,4.4970675188600774e-05
7775,0.00014287297310620862
7776,3.649532439265873e-05
7777,0.00011825890439191276
7778,7.273708231540373e-05
7779,6.827558776027627e-05
7780,0.00019071439485164867
7781,4.414303292795104e-05
7782,0.0002071793080819786
7783,0.000213562902933994
7784,0.00016410444748932726
7785,0.00015361017587575823
7786,0.00010291632780556653
7787,7.113501624078505e-05
7788,0.00010116646771136348
7789,0.00010394400443457958
7790,0.0003219720137386302
7791,0.00011490673451371373
7792,5.603229026271281e-05
7793,9.571151911754278e-05
7794,8.921030934251682e-05
7795,0.00010958637822204922
7796,0.0003320255710945245
7797,8.870608421607601e-05
7798,6.35654127195599e-05
7799,4.865975032360328e-05
7800,5.5996333394998306e-05
7801,9.163716926932194e-05
7802,0.00010248887839367001
7803,0.00013652883490612445
7804,0.00015262443510663417
7805,0.0001805059818975827
7806,0.00014954532033807747
7807,7.994788545008321e-05
7808,8.832108986269572e-05
7809,7.21718452154414e-05
7810,0.00027251713803284357
7811,0.00028658080896891826
7812,0.00011509293753204815
7813,0.00021583979721252967
7814,2.771796771540418e-05
7815,8.168946558533878e-05
7816,0.00015360742871679202
7817,9.810857552102412e-05
7818,4.878683246075317e-05
7819,9.629790469406306e-05
7820,0.00010277039203337485
7821,0.00011176425076076482
7822,9.227725254368769e-05
7823,0.0003747758981814888
7824,0.00026841218875799555
7825,0.0002411523135586736
7826,0.00014487634219250494
7827,0.00012419262347796063
7828,0.00010138292869871366
7829,0.0001444372930555131
7830,8.800982234326684e-05
7831,6.684369835506277e-05
7832,7.8946290290702e-05
7833,5.2293227070865605e-05
7834,0.000149015487440275
7835,0.0001250682328450322
7836,0.0001501865452383793
7837,0.00010557506632763618
7838,0.00012698108171124153
7839,0.00011601330530984978
7840,9.318058132419088e-05
7841,8.86607879987683e-05
7842,0.000140258303051881
7843,0.00014436095667887995
7844,0.00017900777776608663
7845,0.0001415802587143686
7846,0.0001654838262574155
7847,0.00021607385535087195
7848,0.0001383435392720095
7849,0.00012533132662825055
7850,0.00029260562757194546
7851,0.0002523410570251782
7852,6.954233110207927e-05
7853,6.716369082975968e-05
7854,0.00012600975898816185
7855,0.0001187067125010997
7856,0.00018327871358678123
7857,0.00022651006117292778
7858,0.00010584104326116751
7859,0.00018474985775874506
7860,0.00010361243508041127
7861,5.13600305386125e-05
7862,6.71907217739099e-05
7863,0.00014320671813489917
7864,9.859555612858573e-05
7865,8.725016507290163e-05
7866,0.00012601087473263948
7867,4.5436989214171293e-05
7868,0.00013755452701760912
7869,0.00016658663451129253
7870,0.0002631640935427181
7871,5.8297878184506466e-05
7872,8.423228991439294e-05
7873,0.00017003433577852863
7874,0.00017140553214480675
7875,0.00017532454421564675
7876,7.834160479991909e-05
7877,4.396434219481574e-05
7878,0.00010343670082953781
7879,0.00020607469147488028
7880,0.00017882260292898544
7881,8.091172785030597e-05
7882,0.00015784066942887214
7883,9.254119621459868e-05
7884,9.979969424214032e-05
7885,0.00018571382934954138
7886,0.0002654857118747359
7887,0.00020500562355433614
7888,6.307725553543367e-05
7889,0.00012822951917229716
7890,8.141822514491885e-05
7891,0.00017098911618343746
7892,5.625808097809683e-05
7893,0.00013385978923941515
7894,6.89395316270311e-05
7895,0.00011124774490377807
7896,9.356475414843119e-05
7897,0.00015057818506751668
7898,5.8104728873615554e-05
7899,0.00013689824770083393
7900,0.0001397225146124924
7901,7.563531072862063e-05
7902,7.02070987404943e-05
7903,0.00037788086352566176
7904,3.2319083313534735e-05
7905,0.00021383376654859914
7906,0.00011876667893969393
7907,4.9790313851587795e-05
7908,0.00010082027658157485
7909,7.847182521660966e-05
7910,0.00017795530743284878
7911,0.00013968993698302282
7912,0.00013370796586612433
7913,0.00025990742988538193
7914,0.0001655094048706742
7915,4.3540719269745875e-05
7916,0.0001391691299398907
7917,0.00016545892775136429
7918,4.507382855492262e-05
7919,9.030506476772838e-05
7920,9.925709513636743e-05
7921,0.00016785195461468944
7922,9.287503717437037e-05
7923,2.254454364254013e-05
7924,5.338975091735373e-05
7925,0.00016377723525041663
7926,0.00015849520517057934
7927,6.206928329759493e-05
7928,0.00014798968022968858
7929,0.00014668114368642765
7930,7.39859105482602e-05
7931,0.00020777621216370524
7932,0.0002039332602709
7933,0.00010791029729957323
7934,0.00017607404103858393
7935,0.000162447518527029
7936,0.00013288778890428342
7937,0.00021946285597760167
7938,0.00010609605240297033
7939,5.4648181837257805e-05
7940,5.848751075062746e-05
7941,0.00010140225853010095
7942,0.00010579942199300458
7943,3.7059916671080404e-05
7944,0.00012292753141113704
7945,4.535039472818708e-05
7946,0.00018321214137662865
7947,7.593782472688726e-05
7948,4.390228440589172e-05
7949,7.422676508798146e-05
7950,0.00011521559207690222
7951,0.00013996139948324482
7952,7.039761333279494e-05
7953,4.0247597545523705e-05
7954,0.00021424199956203253
7955,0.00016298953907699774
7956,7.050790603944477e-05
7957,4.75376011507688e-05
7958,8.936664666521172e-05
7959,6.270372181969538e-05
7960,0.00011918359745148371
7961,0.00020713169072016218
7962,0.0001659106359401568
7963,0.00021730262814502878
7964,5.370053075876279e-05
7965,6.935556629549601e-05
7966,9.643616882121562e-05
7967,0.00010475176629305844
7968,8.338112578235025e-05
7969,0.00017358935332204627
7970,8.712862772094167e-05
7971,0.0001356605092173844
7972,5.597010833438634e-05
7973,0.00028301562989743614
7974,0.00019996720709616528
7975,3.5619998170668895e-05
7976,0.00019192145749046894
7977,0.00010981140235890156
7978,6.434978188295457e-05
7979,0.00011460734740272814
7980,8.020180605130472e-05
7981,0.00015113465255463113
7982,9.842040312816211e-05
7983,0.000156154507838235
7984,0.00016431373325858267
7985,4.014417642916097e-05
7986,0.0002445162297201932
7987,5.1739479870128775e-05
7988,0.0001728946913272129
7989,0.00012351438758674042
7990,0.0001949528169515379
7991,8.175102762602706e-05
7992,5.675082662269096e-05
7993,5.6775856814356563e-05
7994,0.00013366696129013235
7995,0.00016188964692094077
7996,0.00020726230822071235
7997,0.00014683463304730965
7998,0.00018232213228361896
7999,3.8004727423631005e-05
8000,0.0001374865402762872
8001,0.0002328436259247004
8002,9.561413679560105e-05
8003,7.309856982864401e-05
8004,0.00014608532370719498
8005,0.0004342244130923509
8006,5.579564508792677e-05
8007,6.420105053423643e-05
8008,0.00020734592157809362
8009,0.00010277261182498463
8010,7.199650018078222e-05
8011,0.00019521210052331152
8012,4.609655722164455e-05
8013,0.00020476761936827264
8014,9.956478897674975e-05
8015,6.3948792161449e-05
8016,8.484859030855942e-05
8017,0.0001441508412994303
8018,0.00013258651021635635
8019,4.813850636029192e-05
8020,0.00012091976251900333
8021,0.0002438236367402785
8022,6.482677235465966e-05
8023,0.0003340918558196858
8024,0.0002289083617886696
8025,0.00013974397978033532
8026,0.00011320473735823898
8027,3.931263921102277e-05
8028,0.00015413120214701186
8029,8.334232317717373e-05
8030,7.243268540229528e-05
8031,0.00016964894109223693
8032,0.00023534251727873868
8033,0.00019252263769235713
8034,7.728136617571964e-05
8035,3.4823480430192796e-05
8036,5.067605414149431e-05
8037,0.00022607359496360074
8038,6.394372208569807e-05
8039,0.00012204159714367363
8040,7.719953965265627e-05
8041,0.000128750988010681
8042,0.00016300512848144852
8043,0.00011050677078360513
8044,0.00011363994822650783
8045,4.8049229201858e-05
8046,0.000125149951476401
8047,0.00012738577494809987
8048,0.00015103324000213827
8049,4.6798196152522984e-05
8050,0.0001151811985112538
8051,0.00011649573504037979
8052,9.72709769786384e-05
8053,4.5404296472354344e-05
8054,0.00018340416882521726
8055,0.00017924924689119497
8056,0.00011944197196641839
8057,0.00017635991747180153
8058,0.00018845431319548656
8059,0.00012698557786888426
8060,9.927346930044536e-05
8061,9.550899049185831e-05
8062,0.000163465685068051
8063,0.00011745665742406299
8064,0.00022489517265822728
8065,0.00011840231633895874
8066,9.827217383079757e-05
8067,1.8280110549947253e-05
8068,0.00010707916478780498
8069,0.00010700890015290961
8070,9.406624940071088e-05
8071,0.0001260039230181358
8072,9.335007683214098e-05
8073,3.369431810977178e-05
8074,0.00019049973096786
8075,4.9147229697479985e-05
8076,6.663979341642899e-05
8077,0.00014961262047293825
8078,8.566915233567548e-05
8079,0.00012641722111059552
8080,5.433845612913651e-05
8081,9.03096028563875e-05
8082,0.00012276151567426909
8083,2.5201236906518713e-05
8084,6.241318489922558e-05
8085,8.358349555351623e-05
8086,0.00013010975083621503
8087,7.877329666878004e-05
8088,0.0004281204898104291
8089,0.00010014137175629525
8090,0.00016261567723446554
8091,0.00018551796665500732
8092,6.571688364542122e-05
8093,7.086429912168474e-05
8094,4.885607812788204e-05
8095,0.00011577083484373692
8096,0.0002072506007275704
8097,0.00024891841571521333
8098,0.00030603365936087427
8099,0.0002837033259497413
8100,0.0001118613670451932
8101,0.00015329156999264123
8102,8.25987034396834e-05
8103,0.00022675998126589893
8104,9.252732611199742e-05
8105,0.0002601720581264272
8106,8.85940607478729e-05
8107,3.875080568830748e-05
8108,0.00019171265749479718
8109,0.00011993580865744517
8110,0.000129756778122606
8111,0.00011823393385117356
8112,8.149292495368397e-05
8113,7.874105740364478e-05
8114,8.077218618253608e-05
8115,4.611716438552811e-05
8116,0.0001208048141363657
8117,9.763410229911768e-05
8118,0.00011925514206544033
8119,8.408624062036527e-05
8120,0.00015234167187520807
8121,9.473505080823053e-05
8122,6.490899905738375e-05
8123,0.00011646958316418007
8124,2.827743049379582e-05
8125,3.3564677328020954e-05
8126,5.701517027517582e-05
8127,0.00021627563136539368
8128,0.0002594076102076677
8129,0.0001194210552993855
8130,0.00017196075192360528
8131,0.00013894035307907416
8132,7.078517438649687e-05
8133,0.0001408395247010436
8134,0.0001256778873292141
8135,8.642857711723653e-05
8136,8.621544718126828e-05
8137,0.00019067535782530914
8138,0.00022064518701497477
8139,0.00012248548787635922
8140,0.00020587936483884713
8141,8.747648751554531e-05
8142,2.676862946091076e-05
8143,8.304269407885634e-05
8144,0.00012038234018734371
8145,0.00011347057495951374
8146,0.00012865115971282386
8147,8.938004320342737e-05
8148,4.739901153703133e-05
8149,0.00014089909401649865
8150,8.225870749375152e-05
8151,0.00020618381324066304
8152,9.3442569276942e-05
8153,0.00010492561122075133
8154,0.00012148457280740858
8155,7.807135829291905e-05
8156,0.00015330324142857156
8157,0.00012601839728312915
8158,9.540235478523295e-05
8159,7.442071783443372e-05
8160,5.5339549721009185e-05
8161,6.055495176822572e-05
8162,0.00012479951376966641
8163,8.316130089446573e-05
8164,0.00012197315103606166
8165,0.00011947729002745791
8166,0.00016131215340733598
8167,0.00014781156582809447
8168,0.00012546121145481272
8169,0.00017911353460233842
8170,6.819997942631146e-05
8171,0.00010453817291242625
8172,0.0002553009798930118
8173,4.910671780528896e-05
8174,0.00016107298934937242
8175,4.4540634516310056e-05
8176,0.00011593288250959338
8177,0.00024065100494038383
8178,0.00014137087332428863
8179,9.10935525269101e-05
8180,6.502798494638162e-05
8181,0.0001523973387425574
8182,0.00011457851590745995
8183,0.00019492973312578525
8184,2.984288341985606e-05
8185,8.347413864845591e-05
8186,6.29114415057762e-05
8187,0.0001279386062888795
8188,9.374814163907452e-05
8189,0.0001164965507686766
8190,4.637411678579356e-05
8191,0.00017096721822517651
8192,8.7530825540171e-05
8193,0.00014711479320694793
8194,9.678547858791874e-05
8195,0.000282483866996237
8196,0.00019480333049876655
8197,0.00014344914175733255
8198,0.00016541135342433417
8199,0.0002467325758679072
8200,0.00011171009632305439
8201,3.769743710508775e-05
8202,0.00020826574089659222
8203,0.00021524964273075752
8204,5.353842585485947e-05
8205,9.284111147128945e-05
8206,0.00030902903488590574
8207,6.134253843129244e-05
8208,7.611645111079285e-05
8209,4.4465373854542215e-05
8210,0.00037947236042755385
8211,0.00023087854580591138
8212,7.733278977402259e-05
8213,0.00022420680809972176
8214,9.945302324082034e-05
8215,0.00025346805482963
8216,5.9299005690888484e-05
8217,0.00020517551580377796
8218,0.00011504255924259371
8219,0.00024349785182342952
8220,0.000155289950395079
8221,0.00022699034595582062
8222,0.0001515726267567979
8223,0.00024345710096837167
8224,8.297717478983838e-05
8225,0.00015259553713165407
8226,8.950661778485105e-05
8227,9.952016718444016e-05
8228,0.00011505210010117994
8229,6.27816656982319e-05
8230,0.00011811280807805083
8231,9.767922216357494e-05
8232,7.240431666626493e-05
8233,9.451598272346288e-05
8234,0.00010980533358259747
8235,7.238210825047984e-05
8236,6.699771707045718e-05
8237,0.0001364472210425736
8238,0.0003957966355128896
8239,0.00012123719443814677
8240,5.2439226504737306e-05
8241,0.0001801908663149408
8242,0.0001006995754073215
8243,0.00017338764726241754
8244,6.943560217162474e-05
8245,0.00013468327020426434
8246,0.0003232199658451874
8247,6.508329580904749e-05
8248,0.00011750056454029562
8249,0.0002220047275675361
8250,7.585503127562767e-05
8251,0.00015984643329718706
8252,0.00011656260610947874
8253,4.9500080398059734e-05
8254,0.00016448559835768623
8255,7.814485268885266e-05
8256,0.00010923995415338404
8257,0.00015683061088071177
8258,5.630469099275561e-05
8259,0.00014814364090220107
8260,6.823635074116653e-05
8261,9.93310196744725e-05
8262,0.0001423300887330102
8263,0.00014512221397183
8264,0.00024806937255136743
8265,0.00013452151569163048
8266,0.0002104987154879439
8267,0.00016810942458534778
8268,9.393697624973714e-05
8269,6.603597105892862e-05
8270,0.00018028610667194842
8271,0.00021070861459304024
8272,8.443804771038222e-05
8273,0.0001410722528455807
8274,6.560617219194424e-05
8275,9.56653682258352e-05
8276,0.0002731984542896561
8277,5.7154601203330936e-05
8278,0.00011315579173758791
8279,8.081999035860852e-05
8280,0.00010848116741486808
8281,1.6983420422142822e-05
8282,0.0001323926813464587
8283,0.0002875562353471698
8284,0.000282437180998938
8285,5.303935291750472e-05
8286,7.063779793352555e-05
8287,0.0003939581981313121
8288,6.15523565197076e-05
8289,9.990618532780703e-05
8290,0.0001441430072536948
8291,0.0002386010467070636
8292,0.0001058454521312408
8293,0.00010236812181671216
8294,0.00024130349270973006
8295,0.00010216634612499589
8296,0.00021792579611303275
8297,0.00012089077044560796
8298,7.77973665818875e-05
8299,0.0001728592803791278
8300,5.0852396739177156e-05
8301,0.00012740444912866052
8302,0.00026867483303676847
8303,8.612307579886704e-05
8304,0.00016746165751809787
8305,9.532202636082095e-05
8306,0.0001441329095919562
8307,8.589367879452065e-05
8308,0.00019524539803931557
8309,0.0003066919720166282
8310,0.00012670991641084824
8311,7.12602562550086e-05
8312,0.00020976160794976913
8313,7.789358935365028e-05
8314,0.0004185527199291742
8315,0.00011097218608581425
8316,0.00010003022643130131
8317,9.521154364382391e-05
8318,6.32964975225388e-05
8319,0.00016811178750514188
8320,0.00015432671880639663
8321,0.00021547504836915478
8322,8.766573356845931e-05
8323,8.862507990968806e-05
8324,0.0001109750865571413
8325,0.00010017898498637153
8326,0.00016668923361378107
8327,0.00017891461204039787
8328,0.0001865729237068679
8329,0.00012430922665812667
8330,7.689518738744804e-05
8331,0.00017353303133955784
8332,5.438957308158036e-05
8333,0.00011588465907515452
8334,4.7941478567115475e-05
8335,7.00483042930651e-05
8336,0.00016497301204244816
8337,0.00018110445839280233
8338,0.0001356118196155117
8339,0.00011515334171154778
8340,0.00022535575119040448
8341,7.709074479594143e-05
8342,2.6492517675380495e-05
8343,5.6342564235239806e-05
8344,0.00023890138729946997
8345,0.00010713780238645986
8346,0.00022532256344262624
8347,0.00023854531638364178
8348,5.61381191165635e-05
8349,0.00016286115425875538
8350,9.612122600290423e-05
8351,4.61927350184067e-05
8352,0.00010948694137538051
8353,0.00014111421139366436
8354,0.0002117786305767748
8355,0.00012333329258096894
8356,5.224427182211947e-05
8357,6.097313848982532e-05
8358,0.00013705128227492046
8359,0.00012499180810991373
8360,0.0001143349524658835
8361,6.357508665650615e-05
8362,0.00011997071398369468
8363,8.385689948510243e-05
8364,0.0001284958625848085
8365,9.540196337616408e-05
8366,0.00012648604861694942
8367,0.00016528338009787278
8368,5.599097547922169e-05
8369,0.00016740948219814338
8370,0.00013204544228110783
8371,4.654517797845093e-05
8372,7.608814455242494e-05
8373,9.479686213336984e-05
8374,9.188667917274497e-05
8375,0.00020512945285185857
8376,0.00011486630803976105
8377,9.76211270850377e-05
8378,9.947783460577328e-05
8379,0.0001274765241035361
8380,0.00017128732148195014
8381,6.156849589364633e-05
8382,3.292803802703974e-05
8383,0.0001891434275430057
8384,0.0001274857163895146
8385,9.455187699238633e-05
8386,9.110195055273625e-05
8387,8.854937134564092e-05
8388,3.8034985016565786e-05
8389,0.00015400961584864615
8390,9.472304539269363e-05
8391,3.657870026286593e-05
8392,3.948283211991739e-05
8393,4.496497674627522e-05
8394,6.365818701931734e-05
8395,0.0001343393733709248
8396,7.803560162314118e-05
8397,0.000132181239362709
8398,0.00014441644783015045
8399,4.528790260627751e-05
8400,0.00010107072050665135
8401,4.207380322757926e-05
8402,0.00021451479659466603
8403,0.00018598603694466805
8404,0.0002601175978919041
8405,0.00011555294373255866
8406,0.00016269875899659782
8407,8.117814919344174e-05
8408,7.068782526963529e-05
8409,0.00016159314013364112
8410,0.00016476899938230717
8411,0.00015352194143157145
8412,0.00010910513226084074
8413,7.320542492529707e-05
8414,0.00014268275257955167
8415,4.605210841378738e-05
8416,0.0002724787275875316
8417,8.684775608998509e-05
8418,8.660471237201997e-05
8419,6.12955337187808e-05
8420,6.440734325320416e-05
8421,0.00010711340015151714
8422,2.559193098629374e-05
8423,0.000130609762527715
8424,0.00019745656945688883
8425,6.487265641572745e-05
8426,9.515326018891423e-05
8427,0.00013036180217535387
8428,0.000138029582274203
8429,1.8628196227448216e-05
8430,0.00012249475327795407
8431,0.00011434407371491563
8432,0.00012549414495905626
8433,0.0001377727197436177
8434,5.3777246890352404e-05
8435,0.00020498402313118055
8436,0.00010411003119911288
8437,7.946041558850922e-05
8438,4.968898035825411e-05
8439,5.117417825646578e-05
8440,0.00010261121162921353
8441,7.884349486126147e-05
8442,0.0001103037795010082
8443,0.00010127762569590065
8444,0.00017871129746417088
8445,3.17819139918213e-05
8446,0.00025871940833107043
8447,7.165658589167862e-05
8448,4.001657558351682e-05
8449,0.00011693944703946709
8450,8.350698568285245e-05
8451,8.81676487754314e-05
8452,0.00011044753108344332
8453,0.00013464164904274673
8454,0.00014296797333471253
8455,0.0001995205260132544
8456,0.0002534929664207439
8457,0.00011373891118853524
8458,3.438973558263634e-05
8459,0.0001246187147845184
8460,6.814157990029975e-05
8461,6.071842553010288e-05
8462,4.9962574074294544e-05
8463,0.00030036398625040014
8464,8.291877812970268e-05
8465,7.527960937419591e-05
8466,7.785030093389978e-05
8467,9.182185328681816e-05
8468,0.00020795598034380964
8469,8.607036697849916e-05
8470,0.00023214571094493525
8471,8.686151110290384e-05
8472,8.740976094082126e-05
8473,0.00011701303941541204
8474,9.040037062241743e-05
8475,0.00013066171471641497
8476,0.00016351346714566208
8477,0.00016203446373530496
8478,8.584647173608466e-05
8479,8.781929997692795e-05
8480,0.0002337039664152978
8481,7.755141477341026e-05
8482,0.0001415731238962867
8483,9.454405779322914e-05
8484,5.56392759028963e-05
8485,6.138380573323636e-05
8486,0.0001170144752962775
8487,2.7706758278454315e-05
8488,0.0003950972981816751
8489,0.00015626659399551804
8490,0.00011428721161178473
8491,6.629953426023568e-05
8492,0.00011795814334962304
8493,0.00016536234695075427
8494,0.000286916853223047
8495,0.00015821156159328783
8496,5.094106442915834e-05
8497,0.00010385941548181785
8498,4.17121813277265e-05
8499,0.00033021818467049083
8500,0.00022766690011360083
8501,0.00017941903528446873
8502,0.0001844513244881212
8503,2.471890795411928e-05
8504,0.00010664395323627999
8505,9.709442545577683e-05
8506,0.00016425473614530136
8507,8.179062440034741e-05
8508,0.00011840517898246695
8509,9.669935796748849e-05
8510,0.000222118021242136
8511,0.0001625763007926481
8512,0.0001563553837867802
8513,9.553764061588023e-05
8514,0.0002000899246620608
8515,0.0001415517640275452
8516,6.371591425166985e-05
8517,0.00012066192020751616
8518,6.959567898638872e-05
8519,8.935175277381502e-05
8520,0.00029871498630267414
8521,0.00015379870766992648
8522,0.0001574076340623847
8523,2.9316676806549663e-05
8524,0.00025407725131646743
8525,0.0001469394271379618
8526,0.00012068727370512498
8527,0.00010955624269264803
8528,0.00019263877694414354
8529,0.00020166734508688373
8530,7.374533391195271e-05
8531,5.895952811281832e-05
8532,0.00012041491644352921
8533,6.221877941819667e-05
8534,0.00017292572752836493
8535,0.0002878292974251025
8536,0.00033314570116647956
8537,4.873799786913584e-05
8538,0.00021557213214422536
8539,5.6210674311003714e-05
8540,0.00010841449411700513
8541,5.948159644170975e-05
8542,0.00010220102182489731
8543,0.00014625543984807374
8544,5.866725093977201e-05
8545,0.00010689920008158319
8546,6.803594364953847e-05
8547,0.00012462688140518606
8548,6.129920431621288e-05
8549,0.00024326430507719369
8550,0.0001126314654359945
8551,5.303981288410709e-05
8552,7.086027459433858e-05
8553,0.00015955341654107794
8554,0.0001333065551063856
8555,0.00010998173991546646
8556,4.1441548660088206e-05
8557,8.002658719752729e-05
8558,0.00010623212467923041
8559,0.00018417616725080916
8560,0.00010915330569524291
8561,7.557994484666574e-05
8562,7.652240470160561e-05
8563,7.250598698008747e-05
8564,0.00013382368985944776
8565,0.00017813255481360698
8566,0.00013111121578598516
8567,0.00012922871711396001
8568,2.837594994732261e-05
8569,0.0001647143146155173
8570,0.0003511887176867608
8571,0.00020291646270086385
8572,2.526015401744548e-05
8573,2.354653042032484e-05
8574,0.0002081731876907739
8575,5.320443925836547e-05
8576,0.00010528717469586252
8577,9.586422948975084e-05
8578,0.0001507868523670601
8579,0.00010646024532189255
8580,0.00014484544466269417
8581,0.00017317095467947263
8582,7.286687571449791e-05
8583,0.00011185697039587196
8584,6.465427623023815e-05
8585,0.00012850770852731614
8586,0.0001811327433010891
8587,0.00012520357877994612
8588,0.00015866453494976635
8589,0.00024145951187960274
8590,7.772935112285734e-05
8591,0.00010195455050558108
8592,2.524139514188884e-05
8593,0.00012986989158612165
8594,0.00012904740084948425
8595,9.275326199909257e-05
8596,6.7353651509779e-05
8597,8.733742789031851e-05
8598,0.0001435404408140557
8599,0.00010849854184287813
8600,6.734038606091299e-05
8601,0.00044107635476692806
8602,0.00020480553734504976
8603,6.60539380336818e-05
8604,0.0001522944630772297
8605,5.102585400262178e-05
8606,0.00011533574133221108
8607,0.0001964782407662137
8608,0.00010615456709019865
8609,6.769021727586547e-05
8610,0.0001490289666914741
8611,0.00023336576015158526
8612,0.00014614511193274555
8613,0.00013230339084655015
8614,0.0002572762870889077
8615,3.1188609659639274e-05
8616,6.980502980714181e-05
8617,0.0001619129608227753
8618,0.00011375116408672622
8619,0.00013422485085248193
8620,4.770836432721432e-05
8621,0.00015559427522311012
8622,0.00042231968481993567
8623,0.00013594783755383982
8624,5.421576065957792e-05
8625,0.00011541112596612922
8626,0.00011749589265500295
8627,0.0002100381737106853
8628,2.0746576729127743e-05
8629,6.38047936962329e-05
8630,0.00016602548179185534
8631,0.00011081202161961682
8632,2.9568250178118556e-05
8633,0.00011513397075208452
8634,0.00016287513846077034
8635,0.00013527964043691593
8636,0.0001370863786486802
8637,9.790577627160017e-05
8638,3.0601678414978865e-05
8639,0.0001126949013039236
8640,4.757549449062713e-05
8641,0.00021284073593894425
8642,7.63260410223154e-05
8643,0.00010505313789894596
8644,0.00010666291230299253
8645,8.896754095723649e-05
8646,2.6019781475048507e-05
8647,0.00017860579241999228
8648,0.00036735178688091457
8649,0.00011738572156075093
8650,0.0002001669047805259
8651,0.00012344161278523788
8652,0.00031041574467784855
8653,0.00010928327083606003
8654,0.00019714147867618768
8655,7.707787349617672e-05
8656,0.00011403096178972904
8657,7.284926433272425e-05
8658,0.00014887907401512263
8659,0.00014929833032462122
8660,0.00018156044687479074
8661,6.669403402941149e-05
8662,4.5754887466893264e-05
8663,0.00015404187985951323
8664,0.00015508902691691056
8665,0.0004384111904896423
8666,7.892288822723744e-05
8667,0.0001112696369384934
8668,5.314518586358853e-05
8669,6.638421056560783e-05
8670,0.00013335333765929656
8671,0.0002059151082527288
8672,0.00023039662144037784
8673,0.00011385364990883338
8674,0.00015313133580706524
8675,3.499714153184651e-05
8676,9.882765524122245e-05
8677,0.0001099684032179963
8678,9.763887237333484e-05
8679,0.0001009550634875283
8680,0.00020774202577721472
8681,6.074297530463253e-05
8682,0.00015824516514763835
8683,0.0001224187315719881
8684,9.112754349228247e-05
8685,4.313705540919287e-05
8686,8.274415917937867e-05
8687,0.00013129936804191666
8688,0.00011996743612827545
8689,6.512868037423855e-05
8690,8.398604984378241e-05
8691,0.00012444844746413176
8692,7.509451826559874e-05
8693,0.00012874287763272568
8694,0.00013608491466421754
8695,7.600851286588296e-05
8696,0.00020633936809886437
8697,6.0919928328684544e-05
8698,0.00016128698947527248
8699,9.24105566952962e-05
8700,9.355263978529018e-05
8701,7.039725130315821e-05
8702,0.00017716353372150228
8703,0.0001720455620397436
8704,4.7559087062187575e-05
8705,0.00014057653365955806
8706,0.00018192179331967415
8707,3.7833701172017924e-05
8708,0.0001408709489987131
8709,3.8362599509317396e-05
8710,0.00017837044194095463
8711,0.0001679241624514677
8712,0.0002029957978731253
8713,8.125038018848704e-05
8714,0.00015515820032398127
8715,3.672348342388137e-05
8716,0.00015367395573068966
8717,0.0001376096511438256
8718,0.0001974354644742468
8719,7.714480609270912e-05
8720,0.0001156503680238665
8721,1.2515483964093454e-05
8722,0.0001711527640529826
8723,0.00026530125397248363
8724,9.152057534120676e-05
8725,0.00011734049142108477
8726,0.00011435937720028088
8727,0.00021158693099878906
8728,0.00012035677284778437
8729,7.020317102478043e-05
8730,9.831682616756601e-05
8731,0.00013902846328253858
8732,0.0001309459365212943
8733,0.00010519087983612807
8734,8.289434019807529e-05
8735,0.0001660111598911817
8736,0.0001752318482689368
8737,7.225370301431049e-05
8738,0.00012019161254676495
8739,6.544224821937819e-05
8740,2.7734228026208588e-05
8741,6.496781069193766e-05
8742,0.00011799281584892235
8743,0.0001477400542937111
8744,9.153273986348808e-05
8745,4.114346530807893e-05
8746,0.00011387927697834442
8747,0.00014242255111469144
8748,0.00010276865361680494
8749,0.00018229462485364523
8750,9.699802278609468e-05
8751,0.0002626896636297938
8752,0.00025365729420961426
8753,2.5646123841769255e-05
8754,0.00030465916653016323
8755,7.080995808056251e-05
8756,9.964453829902956e-05
8757,0.00010881614079529367
8758,0.00014157821282802946
8759,7.897851024524759e-05
8760,7.559285627243466e-05
8761,0.0002960279992114567
8762,7.241596896567639e-05
8763,0.00011649092788976702
8764,0.00010282268452964847
8765,0.00016515497897819038
8766,0.00012080784202315886
8767,8.396775728247997e-05
8768,0.00030523852303352566
8769,7.153775666226555e-05
8770,6.99622105681313e-05
8771,0.00020022687334632448
8772,0.0001324606823060213
8773,5.657244286897442e-05
8774,7.907243624062607e-05
8775,5.582311601470485e-05
8776,0.00017628079554214888
8777,0.00025275711421975875
8778,8.36303236173487e-05
8779,4.626883597716797e-05
8780,0.00017447193340200878
8781,0.00013231900443157928
8782,0.00012875776542104766
8783,7.855126899685582e-05
8784,5.477424402218169e-05
8785,0.0001722475282048878
8786,7.494917147685438e-05
8787,6.700481072582673e-05
8788,8.213336374172567e-05
8789,5.12507332623779e-05
8790,4.150971151516027e-05
8791,0.0001653089582055558
8792,5.290353886903744e-05
8793,0.00011716702523823885
8794,9.765781309365934e-05
8795,0.00013043578266239852
8796,0.00010748304347872702
8797,9.339974891105516e-05
8798,0.00011477345392457762
8799,9.394827195540723e-05
8800,0.00013973759807818815
8801,0.00021183935492354012
8802,0.0003517550500336125
8803,0.00012223362481583733
8804,0.0001089552724512079
8805,8.793109897209907e-05
8806,0.0002202219260304917
8807,0.00022453239187023878
8808,8.202874457797062e-05
8809,7.504751787344271e-05
8810,0.00014414759233431475
8811,6.0155582492317546e-05
8812,0.00012740480876542674
8813,0.0001404957157658273
8814,7.446736038144363e-05
8815,0.00015736353205083619
8816,6.620702984129145e-05
8817,0.00012439978120155974
8818,0.00032404887731933086
8819,0.00018721704583111353
8820,0.0001250695675977327
8821,0.00015644861512378606
8822,2.4978322105782507e-05
8823,0.00015112543566095284
8824,0.00013258927391442092
8825,0.0001918183317295628
8826,0.00011088625554413626
8827,0.0002354073405216085
8828,9.183651182804655e-05
8829,9.030183723271312e-05
8830,0.0001783688116410761
8831,0.00011945679632811187
8832,0.00017271171418976268
8833,0.00010392121988059483
8834,0.000158078509872949
8835,0.00012573712099714753
8836,0.00033833281271221144
8837,6.889346030132195e-05
8838,0.0001232607658724027
8839,1.7352815021853134e-05
8840,4.032237173284615e-05
8841,8.151048153175475e-05
8842,0.00021539390306457635
8843,0.00010127438969459782
8844,0.00011877055244548983
8845,9.264849100447621e-05
8846,0.0001523107859692972
8847,2.1698541359939222e-05
8848,5.4542309356795735e-05
8849,4.325854859553368e-05
8850,9.34826005588021e-05
8851,0.00031732241774616766
8852,0.00019160475397423342
8853,6.60705625879807e-05
8854,0.00012820892833503646
8855,0.00010053007973526052
8856,8.02344158985736e-05
8857,6.458917193544493e-05
8858,7.323547734365934e-05
8859,0.00015757162899285556
8860,0.0002889459859784697
8861,7.339639023363393e-05
8862,0.0002693228793583046
8863,0.00012657190477264037
8864,9.553960437484209e-05
8865,8.178541819077329e-05
8866,5.7226598422329956e-05
8867,0.00010730335748676825
8868,4.0530895428432404e-05
8869,9.056477245670512e-05
8870,7.265958831382979e-05
8871,6.552777274116924e-05
8872,0.00024916324010861897
8873,6.319868881345182e-05
8874,5.2918515059511606e-05
8875,0.00017110845057100632
8876,4.7520899362921944e-05
8877,9.575598545018723e-05
8878,7.86944525805361e-05
8879,0.00014212015496435857
8880,9.883919437688908e-05
8881,0.00013682044354954834
8882,0.00021800641692252705
8883,0.0001902061832518272
8884,0.00012332630448715158
8885,7.956076377867834e-05
8886,0.00024556074778176763
8887,0.00018684242745711593
8888,4.2646079576140346e-05
8889,0.00010363514012604586
8890,0.0001795113789152686
8891,3.695305974178143e-05
8892,7.047586714743843e-05
8893,0.0001261497041447052
8894,2.9706919807308685e-05
8895,0.00011710015259914396
8896,0.00023660905817531467
8897,0.00029541918859851343
8898,0.00010324709854691821
8899,0.0001576393619787159
8900,5.248367158189408e-05
8901,8.645038985704542e-05
8902,7.666525293539325e-05
8903,0.00015687363381776393
8904,0.00015305184199856966
8905,0.00011437387667001829
8906,9.74688728523803e-05
8907,6.927497308070819e-05
8908,5.6188661337770474e-05
8909,9.473584926564798e-05
8910,0.0001052160791853317
8911,5.9025134410775456e-05
8912,0.00014901794587618268
8913,0.00020501755907559067
8914,6.976556419739579e-05
8915,0.00014559891122141493
8916,4.178458638985208e-05
8917,0.00019409527398830807
8918,0.000131082722990391
8919,0.00013660181389744226
8920,0.00023230923499278862
8921,0.0002760324351812524
8922,9.91839468384614e-05
8923,0.00010948581803025483
8924,0.00017861318982207054
8925,3.384656120256299e-05
8926,0.00011541704671367249
8927,0.00018701719264069305
8928,0.00012206548581677303
8929,0.00020697901404792204
8930,0.0001320805917426238
8931,0.0003322806917876661
8932,0.00010724273641950255
8933,7.360704554283769e-05
8934,7.423804752198255e-05
8935,0.0001548986551818155
8936,0.00013684348664741807
8937,0.00015426624157369414
8938,4.1601281895190984e-05
8939,0.00010374069655791658
8940,0.00018054545799773964
8941,0.00016016263833795914
8942,0.000299659548678963
8943,9.76844387335153e-05
8944,5.016698882268103e-05
8945,8.100208375681727e-05
8946,0.00015362766163292026
8947,0.00044237333352640195
8948,0.00012275059266214823
8949,8.172994740869867e-05
8950,0.00011206215358186932
8951,0.00013787126636421
8952,0.00011625693996412209
8953,2.4569740282072084e-05
8954,8.478891805229007e-05
8955,0.000150508020994143
8956,7.401609524910678e-05
8957,0.00015966737563115465
8958,0.00019941321522429635
8959,8.173081242224937e-05
8960,0.00019639013342040706
8961,7.240431143185012e-05
8962,0.00014285615727670418
8963,0.0002564679896000185
8964,6.156953030142688e-05
8965,7.069337004930571e-05
8966,7.688656923003696e-05
8967,7.959616200497781e-05
8968,0.00010409429681313723
8969,0.00010807602251062084
8970,9.035467670601025e-05
8971,0.00011759686182371152
8972,6.408089639558772e-05
8973,8.848309809335726e-05
8974,0.0001681360206664491
8975,3.429671982551589e-05
8976,0.00017058910528859367
8977,7.426327002588355e-05
8978,0.0001617960459277163
8979,0.00010769339729344413
8980,0.0002843317736738232
8981,5.425226601089313e-05
8982,0.00016866009874926335
8983,5.7651369075942504e-05
8984,0.00011329015753018256
8985,0.0001320451384532658
8986,5.8598679502134224e-05
8987,7.374640914941111e-05
8988,0.00015987478035629123
8989,5.332384289092941e-05
8990,0.0001287707126583354
8991,8.028646302349218e-05
8992,9.612172154676159e-05
8993,0.00015145324282369202
8994,0.00010733642987715684
8995,0.00015804725118551106
8996,9.597938771568375e-05
8997,9.89522056408954e-05
8998,0.0001083631433995547
8999,0.00016640168014329191
9000,0.00015059255163147692
9001,8.740282134464834e-05
9002,8.561800255703554e-05
9003,7.203460991779792e-05
9004,3.875572041043193e-05
9005,4.9986665212830965e-05
9006,6.659708858835745e-05
9007,0.00022812868145098204
9008,9.458805512595517e-05
9009,7.602409402944145e-05
9010,3.9102945491204893e-05
9011,9.76769596866833e-05
9012,9.806420398905732e-05
9013,0.00014013869490843038
9014,7.872216937829772e-05
9015,6.56674756996005e-05
9016,0.00016550710160289774
9017,0.00012883039381938804
9018,9.219938459532496e-05
9019,0.00019463359350981317
9020,5.781657010612761e-05
9021,4.4764212918895324e-05
9022,0.0001859553847052058
9023,0.00013405327276757618
9024,0.00013203194877030666
9025,3.585995573091624e-05
9026,0.00010943840690540613
9027,0.0001096198350479995
9028,0.0001142758647745407
9029,0.00011849105264459467
9030,4.9181228636782144e-05
9031,0.00011506810718659
9032,0.00011493262166586113
9033,7.084983908974693e-05
9034,7.430406661159533e-05
9035,0.00011117645437927942
9036,9.400875624321503e-05
9037,3.9636082537755044e-05
9038,8.254617302968129e-05
9039,5.663306303913969e-05
9040,0.00012138872525553533
9041,0.0002616474466078942
9042,0.00012084497609044717
9043,0.00011853463663318242
9044,0.000107858544603804
9045,0.00014890931396442327
9046,6.516203309369346e-05
9047,5.045444936915041e-05
9048,0.00011928349321349785
9049,0.00019377951108180143
9050,0.00010575472076806583
9051,9.736318833133026e-05
9052,0.00012757810974866457
9053,0.0001372979568335665
9054,7.406194852446677e-05
9055,0.00016882023661928195
9056,0.00014760934961084032
9057,0.00018323381440858418
9058,0.00016306935315146272
9059,6.516002752269518e-05
9060,6.542751505883092e-05
9061,0.00018698219817231925
9062,8.970923646796656e-05
9063,0.00013447252165341766
9064,4.4244445677611615e-05
9065,0.00026443436732010193
9066,8.338736101741017e-05
9067,0.00015079189339979053
9068,0.0001170405030789306
9069,0.00012254563715760876
9070,0.00012241477446276838
9071,0.00031707093539036567
9072,0.00015780987322591645
9073,7.672792799311222e-05
9074,0.0001485658524660343
9075,0.00010696191489732905
9076,0.00014142235192305823
9077,0.0001254276615040158
9078,6.498101631065071e-05
9079,7.61312920864605e-05
9080,0.00013390681201088398
9081,8.25241567351005e-05
9082,0.00011661124017342256
9083,4.5152212426252035e-05
9084,4.920498915072077e-05
9085,0.00016505610712089726
9086,0.00017737483094092685
9087,8.866257145705663e-05
9088,0.00018007918172407067
9089,3.843010065232792e-05
9090,0.0001276868256454309
9091,5.472696661703936e-05
9092,7.93673347719895e-05
9093,0.000187029890597342
9094,0.00019488967454954741
9095,0.00019226370893623702
9096,5.156708485374621e-05
9097,0.0001968812490004403
9098,0.00010656759993424249
9099,0.00018354960798616925
9100,0.00011053209883133884
9101,0.0001602494358686826
9102,0.00015846711316860342
9103,0.00010328680334331047
9104,0.00012802737229889428
9105,0.00017908168011342287
9106,3.4369741554965365e-05
9107,0.00027910706123226417
9108,0.0003299874876992033
9109,0.00012788913579972423
9110,0.00023342367168036976
9111,0.0004587258602228892
9112,0.00022504890506994476
9113,0.00010284534914609227
9114,0.00011156602979838214
9115,0.00016913719564442682
9116,0.00033222859946129956
9117,0.0001239561304700498
9118,0.0001375207940319681
9119,0.00011325123638980396
9120,0.00021645586669898566
9121,0.00014015434640523154
9122,6.048111911436494e-05
9123,5.490621560863511e-05
9124,7.189443866046337e-05
9125,0.00020589362551283168
9126,0.0001719492523293276
9127,6.1072595917074e-05
9128,5.072017905430631e-05
9129,0.00013201339469935734
9130,7.613560717298888e-05
9131,0.00015407683344049097
9132,0.0002715974054700182
9133,8.649461785563361e-05
9134,0.0001448775327454509
9135,7.585357833985975e-05
9136,7.299928695743196e-05
9137,0.00012876184119833703
9138,7.30628624584901e-05
9139,0.0001457279160457762
9140,0.00019854237673511187
9141,9.894454526891754e-05
9142,0.00017711268687403025
9143,0.00015564923192366642
9144,9.32043329229943e-05
9145,0.00010600054127219707
9146,0.00010491433550372097
9147,7.13945645237819e-05
9148,0.00010831338179346147
9149,8.811762324334555e-05
9150,0.00013280154142778823
9151,0.0003694427383834498
9152,0.00011964736842953895
9153,0.00017520132042743298
9154,8.157574611676203e-05
9155,0.00010721685594699493
9156,6.327753533855296e-05
9157,0.00013599411523938754
9158,6.713500735757511e-05
9159,7.745840320973484e-05
9160,0.00012319591654571212
9161,0.00011471283858963184
9162,0.00010346912333903771
9163,0.0003009600727339041
9164,0.00015797008373790968
9165,0.00015001443470020077
9166,4.102338738546606e-05
9167,0.00016571432038832323
9168,0.00015310446404327016
9169,4.428413606523357e-05
9170,5.3544375617367147e-05
9171,0.00022762189349073087
9172,2.5928714947836786e-05
9173,0.00011049218179011811
9174,4.8304753264577894e-05
9175,6.439680447721995e-05
9176,0.00014176278702412494
9177,0.00016577831695330718
9178,0.00022769192529070048
9179,0.00016939792584761304
9180,9.595556393829466e-05
9181,9.321500589850554e-05
9182,5.4468181250982546e-05
9183,3.0989455198153935e-05
9184,8.05762112865204e-05
9185,0.00011804042607123682
9186,0.0001964927030876973
9187,0.0001723842822628539
9188,0.00011392554611249658
9189,0.00010427311904218637
9190,0.00010683115892283753
9191,0.00011010560665166516
9192,9.19918680462705e-05
9193,2.7680108938524216e-05
9194,6.830665437782015e-05
9195,0.00016157318171735043
9196,0.00012866374847587302
9197,0.00015288190146650138
9198,5.276111647913033e-05
9199,0.00013894514619244616
9200,0.0002842415522398086
9201,0.00021665176442456802
9202,8.066178141801587e-05
9203,0.00017500443877017195
9204,6.107194378553781e-05
9205,6.286223004119793e-05
9206,0.00010533894255777685
9207,0.00018602073205439026
9208,0.00012431616174081453
9209,2.8067133890521978e-05
9210,7.961160023287972e-05
9211,5.0356888547669263e-05
9212,8.240510115179536e-05
9213,0.0001818198910940559
9214,0.00019807153979865626
9215,7.039825814156154e-05
9216,7.628295291734781e-05
9217,0.00010168031640903912
9218,7.313382834255208e-05
9219,9.176875216253589e-05
9220,6.291622104464966e-05
9221,0.00022414724735645512
9222,0.0003432959699745037
9223,0.0001183651217947458
9224,3.2308413302153315e-05
9225,0.00015872508445233247
9226,4.008679072858075e-05
9227,0.00016569840942819457
9228,8.539398882398983e-05
9229,0.00017920961387409446
9230,9.242202115430506e-05
9231,0.0002972550544827904
9232,0.0002095476158201552
9233,0.00011130136530823924
9234,0.00014710611065292908
9235,0.00033510840876043303
9236,0.00016089866951490253
9237,4.2806318881487604e-05
9238,0.00016576207707004361
9239,3.0194460153590967e-05
9240,7.320479880249591e-05
9241,0.00011205209850617837
9242,0.0001480695257701499
9243,0.00019025232491486267
9244,4.789594605657366e-05
9245,7.131663057393052e-05
9246,0.0001010999119042687
9247,8.462783306338752e-05
9248,6.862960483476814e-05
9249,6.940325029813229e-05
9250,8.877616101326146e-05
9251,0.00010913270752375208
9252,0.00012233033571392435
9253,0.00042813714297846027
9254,0.0002378228888035376
9255,0.00013911735204436343
9256,0.0002258291656677454
9257,0.00024341259627412584
9258,3.368563373573117e-05
9259,0.00019192698707444148
9260,0.0003140270149204944
9261,6.620527256330475e-05
9262,6.467038831238481e-05
9263,0.00018075263054129385
9264,0.00010660442330946372
9265,0.00012387963768030586
9266,0.00022521983740577423
9267,5.105472762196748e-05
9268,0.00033234884655689235
9269,0.00030578401320551505
9270,0.00017915416908222565
9271,0.00013489933906209726
9272,9.563269335437596e-05
9273,9.11945738993864e-05
9274,8.889728802271058e-05
9275,0.0001457844570555831
9276,0.00014153892587113012
9277,6.266499450521643e-05
9278,0.000205428145478867
9279,0.00011064990201142042
9280,0.00012182789115419129
9281,0.00016552095701850177
9282,9.71850922301621e-05
9283,5.868931570260842e-05
9284,6.312826525861029e-05
9285,0.00017824490091900401
9286,0.00014085908845924092
9287,0.0001094127059060466
9288,0.00017823259502031344
9289,6.43533265141672e-05
9290,0.00014773755521358222
9291,0.00025183672443657466
9292,0.00031562364814485675
9293,8.825524569268725e-05
9294,0.00016619591855830424
9295,0.00016267888905464073
9296,0.00012452616420363248
9297,8.5130004060104e-05
9298,0.00010076682832035984
9299,0.00018379644033995283
9300,0.00011654246533369383
9301,0.00018135507955757967
9302,0.00018699012284621768
9303,0.00010710477571535509
9304,0.0001021643853237472
9305,0.00020072975403230434
9306,0.00027475489118983313
9307,6.022244427634973e-05
9308,0.00010148880728756324
9309,0.00019915297081667555
9310,0.00027655385657617763
9311,6.005213961573827e-05
9312,0.00014817025988972702
9313,0.00010666931801161765
9314,0.00010356732290357105
9315,0.0001155759331511755
9316,0.00013224654268070905
9317,0.00011134948661790224
9318,5.312398360666419e-05
9319,0.00017490856987376082
9320,0.0004299114401945213
9321,0.00011421970045718389
9322,0.00010276725040361748
9323,0.00017007010840313112
9324,8.581522732997862e-05
9325,0.00014197662261781495
9326,3.3513785154052616e-05
9327,0.0002957614104689614
9328,0.00017529355904363173
9329,7.883882629163426e-05
9330,0.00016385198418456364
9331,9.120947109800428e-05
9332,6.426770168323117e-05
9333,0.0002760526563525111
9334,0.00010713894436933444
9335,0.00010847304042372302
9336,8.953559445443255e-05
9337,0.00011579476826977539
9338,3.804448185292559e-05
9339,7.3921642438024e-05
9340,0.00016645142088310804
9341,4.644069690409421e-05
9342,6.454389505569081e-05
9343,0.00014632910901031754
9344,0.000337970600883191
9345,0.0001686921234885394
9346,0.00013425983598892947
9347,6.478738050617327e-05
9348,0.00013075710480462495
9349,8.919995342239748e-05
9350,0.00023425795681574402
9351,4.665708331773811e-05
9352,0.0001836306725897707
9353,8.191967594481734e-05
9354,0.00010411878588746079
9355,0.00010903093720576222
9356,6.9469130192335e-05
9357,9.22928612871455e-05
9358,4.226674644364029e-05
9359,0.0001563727105305707
9360,8.147372768700817e-05
9361,0.00012546749632896624
9362,7.89547195021288e-05
9363,7.054575988694607e-05
9364,0.0001513097590349553
9365,6.582400919763702e-05
9366,0.0001475118338426134
9367,0.00010541148126029882
9368,0.00017093379018483996
9369,4.516633500095095e-05
9370,8.552356265232079e-05
9371,6.68510948560403e-05
9372,0.00014034686546437423
9373,4.841618186495191e-05
9374,0.00017384073591035205
9375,8.790199172945798e-05
9376,7.766071695175332e-05
9377,0.0001066521192298475
9378,0.0001170096679693797
9379,0.00015575755997623812
9380,6.983028161381343e-05
9381,0.0001544564939908651
9382,0.00012662488881601668
9383,0.00011945828597220218
9384,6.629618230768368e-05
9385,0.00021860932470866364
9386,0.00013276330494314215
9387,9.262768945411154e-05
9388,0.0001300728310998365
9389,0.00023606909554830228
9390,2.9550938365162388e-05
9391,0.00015914659414058489
9392,0.0001616730727858117
9393,0.00024044170289836287
9394,0.00014917179586178085
9395,0.00010089822647637317
9396,0.00014264697748121372
9397,8.548360392528171e-05
9398,0.00012065783002588364
9399,0.00014739692665567051
9400,0.00015364430109942117
9401,9.467691074893463e-05
9402,1.542733152458329e-05
9403,3.8345801096926384e-05
9404,8.634158549687468e-05
9405,0.00019680778577962167
9406,7.553927804747412e-05
9407,0.00014909706212016106
9408,0.00011561678170162293
9409,0.0001151154910928889
9410,9.3664509413762e-05
9411,4.130643734710734e-05
9412,0.00028366401512001607
9413,0.00018755033795596414
9414,6.783195154313894e-05
9415,7.092226265842819e-05
9416,0.00010886728111328101
9417,0.00012402199657904136
9418,0.00022802973270066613
9419,0.00020435474705968553
9420,4.169277766993992e-05
9421,0.00011333209031205618
9422,6.038513301961354e-05
9423,4.829375500132134e-05
9424,0.00013413614731407398
9425,8.858230025415943e-05
9426,0.00014769740229659894
9427,0.00013066009805106694
9428,0.00030076390269280034
9429,0.0001409794714717378
9430,0.00012586157529766786
9431,6.679637405335818e-05
9432,0.00016379498575043054
9433,8.095916730439578e-05
9434,0.00015532847948688383
9435,0.00024833958711631166
9436,0.00014679962852680455
9437,5.4993519970011574e-05
9438,4.926575136829144e-05
9439,6.169062531771788e-05
9440,0.00011589437122263444
9441,0.0001742466355142658
9442,0.0001880200950231274
9443,8.58966750258082e-05
9444,0.0001523557321950616
9445,0.00011944230769705247
9446,7.87246926142253e-05
9447,0.00016446241427578632
9448,7.133438004727705e-05
9449,0.00012924255100169827
9450,0.0002167662711725844
9451,0.0001299931709163024
9452,0.00012084733577024379
9453,0.00018250161066268297
9454,9.294018380466585e-05
9455,0.00019784738926676392
9456,7.774316186558496e-05
9457,0.0002728820870654193
9458,4.143857275330902e-05
9459,0.00010655514137062256
9460,0.00014008354635019937
9461,7.448722006815292e-05
9462,0.00011870469917519483
9463,0.00023970239426125228
9464,0.00016532106180297228
9465,9.556765952803645e-05
9466,0.00015711231757908477
9467,0.00011137437590636836
9468,7.090956318163885e-05
9469,9.13620225973193e-05
9470,0.00023069897959049828
9471,0.00011541915794857214
9472,0.00010590213328311682
9473,0.00010703219997344483
9474,0.00013275207197128232
9475,0.0002619165632743825
9476,0.0001495295132239259
9477,0.00017513041646717922
9478,0.00022899411392689537
9479,0.0001537854232414868
9480,0.00032571093062108014
9481,0.00014927241844495711
9482,8.995598877539446e-05
9483,6.560788722801444e-05
9484,0.00020916820568836746
9485,0.00018687317260992903
9486,5.1825463218190164e-05
9487,0.00018674918516218365
9488,5.4582469025407244e-05
9489,0.00011549978919958769
9490,0.0001675870299313168
9491,7.685730372712952e-05
9492,0.00013539884059097292
9493,0.00010681196269561952
9494,8.122765773545512e-05
9495,8.269374556950593e-05
9496,6.976398018522654e-05
9497,8.881505541595235e-05
9498,0.00018648190009929353
9499,0.00011205842693941384
9500,0.0003047652979487072
9501,0.000103967337497412
9502,0.0001611126298170769
9503,0.00010273880438098615
9504,7.854979872685258e-05
9505,0.00010923948538408286
9506,0.00014987743684871579
9507,9.612477434205775e-05
9508,0.00010479778151694329
9509,0.00011157379336612212
9510,4.231106741185252e-05
9511,0.00018551331573183553
9512,0.00014784045075964897
9513,0.0002481825918963313
9514,6.959279056692867e-05
9515,5.3050300172704986e-05
9516,0.00011777352095330117
9517,0.00012309734728298177
9518,0.00011368582338673959
9519,0.0002304883321231585
9520,7.794440715783426e-05
9521,0.0001499902776944029
9522,0.00022892825612330314
9523,0.00010388782912044449
9524,0.00012029256086254129
9525,5.369033592980636e-05
9526,0.0002322798071442218
9527,0.00017159161847666524
9528,0.0002803515245771139
9529,0.00010895295070164935
9530,0.00011573157827671858
9531,4.466969329109932e-05
9532,7.993374012421259e-05
9533,0.00025616399673608343
9534,5.652945234131294e-05
9535,0.00018014140293256975
9536,4.785963725963875e-05
9537,9.686637807098366e-05
9538,0.0001847808668285948
9539,7.422790113642097e-05
9540,6.226787043212254e-05
9541,0.000182989457228686
9542,0.00023078365320275906
9543,0.0001099660362283299
9544,5.6443263825249395e-05
9545,9.470482076921773e-05
9546,0.00010175107144108217
9547,8.013950094278988e-05
9548,7.291171963950117e-05
9549,0.00016822274382969471
9550,0.00024275390958024338
9551,5.8122325453114135e-05
9552,0.00021213622462498862
9553,0.0003017457350674519
9554,0.00011502262631253139
9555,9.272273437314706e-05
9556,0.00016759907267172117
9557,0.00021547538608350102
9558,0.00010110058067093059
9559,9.420598103932836e-05
9560,7.712542716186568e-05
9561,0.00019422203079429116
9562,0.0001753836077631365
9563,9.174369101917395e-05
9564,3.0070293115190548e-05
9565,0.00013752876878234325
9566,0.0001773859565830567
9567,0.00015605165901536077
9568,0.00022016387999044553
9569,7.475766688974598e-05
9570,7.515247146644844e-05
9571,7.889165888103265e-05
9572,0.00012203038605631869
9573,2.168639698490407e-05
9574,0.00019042746329604024
9575,2.8140728189739934e-05
9576,0.0002786614093249882
9577,0.0001631040581610101
9578,0.00022011164031911343
9579,8.642854001277666e-05
9580,4.471609410020284e-05
9581,0.0001820435491973928
9582,0.0002768305322916197
9583,4.8727362281640095e-05
9584,9.525911669857127e-05
9585,0.0003037262657547206
9586,8.44419607639722e-05
9587,9.5822285890112e-05
9588,0.00010488659411593394
9589,0.00018422500644478906
9590,0.00014264734608395848
9591,4.0811198853719874e-05
9592,0.00020266793319191707
9593,0.00031610402601377853
9594,0.0002767980958587105
9595,6.319150217622908e-05
9596,4.4001306304784773e-05
9597,0.00020553213397108826
9598,8.27152638323523e-05
9599,7.721363547796819e-05
9600,0.00013658259559757031
9601,9.33432801059225e-05
9602,9.614386024460539e-05
9603,0.0002561260709800456
9604,0.00018329099843389536
9605,0.00012846489357971213
9606,3.3411282072464354e-05
9607,0.0001728822770766679
9608,0.00011307665569062258
9609,0.000459263659719411
9610,0.00029637471998735675
9611,0.00013714182264605812
9612,0.00019661531671873108
9613,9.630786203908703e-05
9614,0.0002501190446986001
9615,5.617817380089302e-05
9616,7.958302378520409e-05
9617,0.00023281958203208344
9618,0.00014987451585095308
9619,7.698011699833406e-05
9620,7.760735414792602e-05
9621,6.214221243744605e-05
9622,8.501674990790559e-05
9623,9.060793956299561e-05
9624,8.448527063266138e-05
9625,0.00014878031988920851
9626,0.00011162703619048077
9627,0.00019415064701028587
9628,0.00018851507865374857
9629,7.322779860001555e-05
9630,0.0002721045243323035
9631,6.813300090676471e-05
9632,6.336694746150848e-05
9633,0.00010506299321297617
9634,4.235934511187484e-05
9635,0.00017093819704587938
9636,0.00013515732208302597
9637,3.751684327656839e-05
9638,0.00020649838161309526
9639,9.088977349376476e-05
9640,0.00012601786051357034
9641,8.314279167687663e-05
9642,0.00010309670622658123
9643,5.6929858993809503e-05
9644,0.00019930677326896376
9645,0.0003252076830908333
9646,0.00010675227263208112
9647,0.00011575426883561417
9648,0.00039542733153588957
9649,0.00020975385597987544
9650,0.00020694784910828994
9651,8.921122414796656e-05
9652,9.607678809907633e-05
9653,9.117633821444993e-05
9654,9.96208322408251e-05
9655,0.00014847420979133993
9656,7.017464456941199e-05
9657,0.00015093657448946789
9658,0.00012674293046486743
9659,9.605426370242448e-05
9660,6.239618590649154e-05
9661,0.000263489406302689
9662,4.508564088411384e-05
9663,0.00011110079939972647
9664,0.00015151133875463904
9665,0.00016227291604253204
9666,0.00012105516289263837
9667,0.00011239895322190242
9668,2.6781303451211092e-05
9669,0.0001806761487379507
9670,6.407489475708381e-05
9671,0.00011141060973301505
9672,0.00017638849931052292
9673,0.0001510740821169976
9674,0.0001264059649641524
9675,0.00020226599566272434
9676,8.156424961388466e-05
9677,0.00012765607108423632
9678,0.00018364276277201124
9679,4.2624147145076116e-05
9680,4.4729532437401654e-05
9681,4.050651165939402e-05
9682,0.00013324921947215746
9683,0.00015984697360445108
9684,0.00015722185248423306
9685,0.00016100427376537757
9686,6.90232200162159e-05
9687,0.00012564526682277163
9688,7.620407051753951e-05
9689,0.00010596903949947639
9690,0.00016067754046943686
9691,0.00012562423094127762
9692,0.00017341573841619527
9693,0.00022481393654450382
9694,5.995480672132169e-05
9695,0.0003637711883908019
9696,8.784869076480454e-05
9697,6.813750918062305e-05
9698,6.27290085070041e-05
9699,0.0001388104600145487
9700,6.749799882633086e-05
9701,0.0002811839366639888
9702,0.00010891496741952445
9703,4.917024429943114e-05
9704,6.220115749400384e-05
9705,4.597035898818026e-05
9706,0.00032529136953942696
9707,0.00011154014765418313
9708,0.00016879975889776236
9709,4.247281710996454e-05
9710,0.00018633782429453984
9711,0.0004055462749674954
9712,9.527843967656294e-05
9713,8.76202269821407e-05
9714,8.28501265125222e-05
9715,6.805615982429026e-05
9716,5.085892069411194e-05
9717,0.00023144653587420602
9718,0.0001650127508742066
9719,6.0178018531866416e-05
9720,4.595746145929919e-05
9721,9.293570216329286e-05
9722,5.2996516431115135e-05
9723,0.00015407175877841457
9724,0.00010073207901756603
9725,5.563793754870355e-05
9726,0.00020530729240643677
9727,5.394233167519624e-05
9728,0.00019535538501269225
9729,2.7791959128819463e-05
9730,4.448019460238797e-05
9731,7.504883803083806e-05
9732,0.00011525175871403379
9733,0.0001336776216288076
9734,9.3172815060752e-05
9735,5.942626427371336e-05
9736,0.00023222857459962977
9737,0.0001296653445452582
9738,3.55789031767256e-05
9739,9.689682772378462e-05
9740,9.658739525812688e-05
9741,0.00021685543976289871
9742,0.00013214088093206394
9743,0.00021963573266007568
9744,0.00012127825448500554
9745,0.00029468817664992823
9746,0.00020953237883122877
9747,7.38619207200603e-05
9748,0.00019426440594180966
9749,4.6842626621172536e-05
9750,6.050791387863119e-05
9751,9.840796751415548e-05
9752,8.008567147385379e-05
9753,0.00012405738905376596
9754,0.00018782326735884477
9755,8.293203394578383e-05
9756,8.500800372339283e-05
9757,0.0001606862922965374
9758,0.00011657387255385432
9759,0.00019378148431294635
9760,0.00014433384823184247
9761,0.00021419193193953273
9762,0.00010551035208728433
9763,5.588976403069382e-05
9764,0.00010943141791196471
9765,0.00015377832806277213
9766,0.00021913876678913256
9767,9.156955267776205e-05
9768,0.00012431724171851397
9769,6.169794276460213e-05
9770,0.0002483672570250344
9771,8.298630091503987e-05
9772,0.0001476546639089603
9773,0.0001221516202559719
9774,0.00013249325097078047
9775,0.00014657615955678612
9776,8.106351001728595e-05
9777,0.00013661817973327305
9778,0.00010000667694910645
9779,0.00017735806407076903
9780,0.00013407896576418183
9781,0.0001411352453826752
9782,0.00013766169303776674
9783,0.00010320852954673272
9784,6.408078917600278e-05
9785,0.00013734461522094815
9786,6.7431357218316e-05
9787,0.0002403004510269934
9788,4.8329050865997786e-05
9789,9.795539272905938e-05
9790,0.0001923790198622854
9791,0.00022348232614576477
9792,7.320987220708779e-05
9793,4.634798776415517e-05
9794,0.0001569005600310041
9795,5.9920859042356484e-05
9796,0.0001592785353243948
9797,8.207471312779571e-05
9798,0.0003630170469845168
9799,4.78303242645423e-05
9800,0.00017109965013258814
9801,8.474012039973194e-05
9802,0.00016145013158679736
9803,7.917533448772891e-05
9804,0.00012417465997399438
9805,7.102159385769438e-05
9806,5.220581851384178e-05
9807,0.00018165948739780715
9808,7.06276192277324e-05
9809,0.00010021207888706894
9810,9.198802226093359e-05
9811,0.00013873743573279278
9812,0.000109989683971105
9813,0.0001788119860177205
9814,6.233462452286897e-05
9815,0.0001868377296814845
9816,0.00010662973252030514
9817,0.0003581044671867445
9818,0.00017910136124215558
9819,8.59644335793075e-05
9820,0.00019552499504359757
9821,0.00011323925895262316
9822,7.476897553389666e-05
9823,9.75073371896516e-05
9824,5.8675305036081914e-05
9825,3.971748675799589e-05
9826,0.00011467706967517602
9827,8.915217370171187e-05
9828,0.0002178052232992032
9829,8.911913787258908e-05
9830,9.012709185947176e-05
9831,5.126929169500358e-05
9832,0.000128434531863956
9833,0.00013915818337655985
9834,0.00015581427144401776
9835,0.00039201737947600415
9836,0.00015413594717183566
9837,0.0001882753279430842
9838,0.0002018318302273533
9839,0.00010215639340543295
9840,7.539521656780498e-05
9841,4.791295469531664e-05
9842,4.08095494129401e-05
9843,7.002952934052022e-05
9844,0.0001925445418456442
9845,0.0001118726169477558
9846,9.484845712318319e-05
9847,0.00018784811398997299
9848,0.00010648902095338999
9849,0.00022772405756990265
9850,9.72185650186917e-05
9851,7.254083616181219e-05
9852,6.238325536232668e-05
9853,0.00010269602474575253
9854,5.370946279992781e-05
9855,0.0001006043145172905
9856,1.6273209379261628e-05
9857,8.596457380853619e-05
9858,0.00018040501257687971
9859,0.00018617133508556976
9860,0.0001020277887129912
9861,0.0002790274622729459
9862,0.00011764495443793388
9863,0.00012545044277397516
9864,9.927958009297281e-05
9865,0.00010808697693879375
9866,0.0001413465002179803
9867,0.00012119912344971436
9868,4.8977812933736016e-05
9869,0.00012551641085489657
9870,5.2950026792929095e-05
9871,8.068652029476337e-05
9872,0.00014549059398429748
9873,0.0001281003363490143
9874,4.3014894488039104e-05
9875,8.766771461308634e-05
9876,0.00010446115183990354
9877,0.00015662822652005688
9878,0.00019817793327435147
9879,0.00010791905387484655
9880,0.0001163501228152412
9881,0.0001083821493372982
9882,0.00020073718771005986
9883,5.398835688275129e-05
9884,9.919070640600276e-05
9885,8.493161468128211e-05
9886,6.525077858545369e-05
9887,0.00014167802371211705
9888,4.933308853332283e-05
9889,0.00011813065210626311
9890,0.0001406956936267403
9891,6.582010614370335e-05
9892,6.385303072384304e-05
9893,0.00012122803214394285
9894,0.0002856813060075883
9895,0.00010595819089768547
9896,0.00018431011979918083
9897,0.00010660735892099322
9898,0.00012764921741220675
9899,7.04688973364895e-05
9900,0.00011140101932635187
9901,0.00023738451504805872
9902,8.616645474979274e-05
9903,0.00019502043599832364
9904,6.405764709816859e-05
9905,0.00026204440326613724
9906,9.912585765227232e-05
9907,0.000179588316983507
9908,0.0001723177718555276
9909,4.45190385358673e-05
9910,9.136141163572106e-05
9911,0.00010621204685031397
9912,3.672995261912782e-05
9913,0.00012567287319809327
9914,9.592438469770251e-05
9915,0.0002912555820715153
9916,0.00020144592122151126
9917,0.00020538555949371117
9918,0.00029847770458797413
9919,0.00019056821632275516
9920,0.00012740600905338244
9921,5.350359409241136e-05
9922,6.899974271917193e-05
9923,5.357800407816013e-05
9924,9.504941618562305e-05
9925,0.00018244052873465726
9926,3.501412803301051e-05
9927,0.0001673399878934635
9928,0.00019382923423194655
9929,0.00016192312314249275
9930,0.0004819751187996545
9931,0.0002691317066668655
9932,8.372625673178362e-05
9933,0.00010166892687738329
9934,7.63742814690403e-05
9935,0.00017116401468942772
9936,9.171331922357309e-05
9937,0.00018568181712698499
9938,0.0002513584607067922
9939,6.743834838553826e-05
9940,0.00011441884687982682
9941,6.300425581061024e-05
9942,7.076415072734933e-05
9943,9.504019646767577e-05
9944,0.00022587057322060613
9945,0.0003016625851088133
9946,0.00015506505171452456
9947,9.446427907745914e-05
9948,0.0001769885689655971
9949,8.010192056710522e-05
9950,8.50584086145038e-05
9951,0.00012264213170605325
9952,0.00012008131707371951
9953,6.619870380037562e-05
9954,0.00010904863607525442
9955,4.353027553462456e-05
9956,0.00012229903197853202
9957,0.0001149108365509573
9958,6.55009291983294e-05
9959,0.000251680223481688
9960,6.432890383657878e-05
9961,0.00023366586708252856
9962,5.232933517944577e-05
9963,0.00012373031829702655
9964,2.649880313986784e-05
9965,0.00015648553412940104
9966,0.00018111751655275294
9967,0.00017639661674967916
9968,0.0002201690167413874
9969,0.00017335568663009098
9970,0.00011731570616186127
9971,2.9094719544263226e-05
9972,7.560248714728684e-05
9973,7.023830330360532e-05
9974,6.68274834304793e-05
9975,0.00010025490202463568
9976,7.742269599077229e-05
9977,0.00025604130836645616
9978,0.00014156055632041825
9979,0.000269056431619518
9980,0.000609683727036392
9981,7.359226327813867e-05
9982,7.013862506421454e-05
9983,4.37015458077768e-05
9984,0.00010159581067115051
9985,0.00011523630565716888
9986,0.00010673373822772341
9987,0.00014888097440987714
9988,0.00011659279972340897
9989,0.00011579258446976242
9990,0.0001116926742001665
9991,7.866217479919046e-05
9992,0.0002078096111188388
9993,7.035148549622737e-05
9994,8.710693406826343e-05
9995,0.00021690849884575965
9996,0.00012533364006041365
9997,0.00010359719524303409
9998,0.00019665881745036044
9999,7.100354740191649e-05
10000,7.686928032040755e-05
10001,9.969020342589507e-05
10002,0.00018569855805391873
10003,0.00011745187799768191
10004,0.00013746815324005996
10005,0.0001475156268752728
10006,6.315714764045248e-05
10007,9.990263674713182e-05
10008,9.930494975347702e-05
10009,6.155344293320487e-05
10010,0.000128351703707807
10011,9.32963743109335e-05
10012,0.0001898918670304189
10013,0.00012119481222877113
10014,0.00031817306934525246
10015,5.3738731227909975e-05
10016,0.0001860093953975523
10017,0.00014429077180239106
10018,0.00012899245485571733
10019,3.7400397267989366e-05
10020,0.0001155817898948895
10021,0.00012043851644629639
10022,4.41383478969344e-05
10023,9.866123409035625e-05
10024,0.00014773160560664755
10025,0.00010186105214455328
10026,7.017956588606913e-05
10027,0.00018964535654207384
10028,0.00010167809669918713
10029,0.0001454045712931141
10030,0.00011258751886200331
10031,8.579843824746709e-05
10032,0.00011895133724290125
10033,0.00011629890551704457
10034,0.00010735365197371173
10035,1.7482768270604506e-05
10036,0.00024298681098277968
10037,6.422827926295241e-05
10038,0.00020977233342279675
10039,0.000161320703084964
10040,0.00013713165380838387
10041,3.199618756109341e-05
10042,0.00013088767937308234
10043,0.0002252287014912752
10044,0.00017321360702311615
10045,0.00011119192738015304
10046,0.00016999193471390795
10047,0.00017992513229601805
10048,9.271987140859915e-05
10049,0.0001326217461577633
10050,4.405755199286675e-05
10051,6.976849949770875e-05
10052,8.862563714111837e-05
10053,8.588907361023397e-05
10054,4.115204600071085e-05
10055,4.825726975762395e-05
10056,0.0001939442523677505
10057,0.00012497562051138627
10058,0.00012166650858555046
10059,9.624771988201728e-05
10060,0.00015797329356824412
10061,0.00013382313803667533
10062,0.00014411217357355327
10063,0.00027139739764749327
10064,9.86439701462494e-05
10065,0.00010659706099208444
10066,0.00012382464636253337
10067,0.00020952118507566297
10068,9.934044947779828e-05
10069,0.00020683893828445424
10070,0.0001863701684012954
10071,0.00017190589368923598
10072,0.0002307452142694345
10073,0.00020702256880981404
10074,5.756574217292239e-05
10075,5.3783963239250694e-05
10076,3.605531979718302e-05
10077,9.779906497735305e-05
10078,7.294248533113306e-05
10079,4.194110733093603e-05
10080,3.4467602215470566e-05
10081,7.596993004353836e-05
10082,7.881997770818899e-05
10083,5.8940293411105824e-05
10084,0.0002165850775911497
10085,0.0002143084856363988
10086,0.00018461236669244536
10087,7.005512716264434e-05
10088,9.076054312901791e-05
10089,0.0001469892178334087
10090,0.00010122836984029076
10091,0.00014751112109281253
10092,0.00014057712025998856
10093,0.00011008202404465476
10094,3.90056865186892e-05
10095,2.968952350776528e-05
10096,0.0001860122084932195
10097,8.092759480351076e-05
10098,4.542049078097742e-05
10099,0.00026557912750638896
10100,7.461260604363202e-05
10101,6.648905361006016e-05
10102,0.00015195272724628862
10103,9.757733460135758e-05
10104,0.0001681451525150091
10105,0.00014028714452152111
10106,0.0002673966532570578
10107,0.00012678245296361373
10108,0.0001780605155786082
10109,0.00020734481209114638
10110,0.00013884638329599597
10111,7.949919901119222e-05
10112,0.00012409316247453348
10113,0.00017960746268149937
10114,0.00011370994430613289
10115,0.000142979663347076
10116,6.325953115296098e-05
10117,8.027372641720222e-05
10118,9.1050287895664e-05
10119,0.00016236846462066833
10120,0.00011664801001436894
10121,0.00016135768850899162
10122,0.00027199176752281307
10123,0.00021548593127532114
10124,8.087543567885795e-05
10125,5.619357397965084e-05
10126,8.041649852281186e-05
10127,6.800135331693611e-05
10128,0.00010562071582344686
10129,7.065336120691174e-05
10130,0.00016133357664431365
10131,0.000206152698909124
10132,0.00015515096528424506
10133,0.0001622272619415809
10134,2.5575360662923156e-05
10135,4.879126164606091e-05
10136,8.111444516114056e-05
10137,0.0002703320149629277
10138,0.00020299631389137718
10139,0.00029714773209617713
10140,6.787148687243188e-05
10141,0.00016075008378639956
10142,9.118252003580398e-05
10143,0.00019319266092526088
10144,0.00017317919528176
10145,0.00012047620585917048
10146,0.00012765610724012558
10147,0.00011347413432796294
10148,0.00010865843440014212
10149,6.977670179268673e-05
10150,4.396300073383874e-05
10151,9.097291107931501e-05
10152,0.00012302705806626715
10153,4.649885046515159e-05
10154,0.00015649943219438742
10155,8.243963432202611e-05
10156,8.796207865430423e-05
10157,8.467434503995342e-05
10158,0.0001439539070194372
10159,6.349649955772857e-05
10160,4.7002390350408764e-05
10161,0.0002868996273457947
10162,9.704165201031005e-05
10163,0.00010972163019283587
10164,0.00019689693028990938
10165,0.00011535368990626813
10166,8.834688639180109e-05
10167,0.00012115711062393625
10168,0.00012626725793954318
10169,8.664535326217226e-05
10170,5.878041640622789e-05
10171,7.628738677228764e-05
10172,6.781900632700477e-05
10173,0.0001697640852570388
10174,4.134445084916673e-05
10175,6.223220954804849e-05
10176,3.2923067500613493e-05
10177,0.0002358926464722889
10178,5.536560299238314e-05
10179,0.00018013485909415612
10180,0.00024804213520620026
10181,0.00014265267633002018
10182,7.927729548214215e-05
10183,0.00023014725731367332
10184,0.0002875194212391711
10185,0.0001139595568937464
10186,7.876776451549614e-05
10187,0.0001739880352689768
10188,7.397652829517308e-05
10189,9.314087276406426e-05
10190,0.00015024211736141104
10191,0.00018153901018203613
10192,9.70985889501267e-05
10193,0.00019067108966894385
10194,0.00013402502597108714
10195,0.00011163866878751136
10196,7.483182746259397e-05
10197,5.458265458584579e-05
10198,0.00012177391905339227
10199,0.00018916669277411064
10200,5.383910579759491e-05
10201,0.00019473258320502025
10202,6.760804837894926e-05
10203,0.00013232044020753246
10204,0.0001412783889896596
10205,7.995729581673125e-05
10206,0.00013926917959055082
10207,0.00013787453616020484
10208,0.00015074825166166557
10209,3.971385737975694e-05
10210,0.0001461705854805276
10211,2.5606333723492734e-05
10212,0.00015674756613906124
10213,0.00016230282602305109
10214,0.00028803055847344494
10215,0.0001674517370138178
10216,0.00036996249646087967
10217,4.0244128157155105e-05
10218,0.00017524511152214753
10219,5.620883974530555e-05
10220,0.00015716543043107172
10221,0.00017328103586274415
10222,0.00016225942458558012
10223,2.635683985710271e-05
10224,9.893420588424642e-05
10225,0.0001654089585060848
10226,9.332108244703264e-05
10227,0.00013847323355814278
10228,0.00015789214774170526
10229,0.00015529805307209365
10230,0.00010989874560873732
10231,6.38514184899984e-05
10232,0.0001453875589497127
10233,6.932337248795511e-05
10234,5.863161216342645e-05
10235,4.423020319964776e-05
10236,0.0001550138555356202
10237,0.0001645523922577325
10238,5.235624929539255e-05
10239,7.604844151451748e-05
10240,9.690867836268294e-05
10241,5.976617321375886e-05
10242,5.4415171994937525e-05
10243,0.00011310151092437315
10244,7.437078359952628e-05
10245,8.261273025921428e-05
10246,7.177473310265856e-05
10247,0.00018023564247430406
10248,0.00010857185139194505
10249,0.00010387722724761314
10250,0.0005606195371970807
10251,7.638489481210858e-05
10252,6.18079594560938e-05
10253,0.00022601007906945694
10254,6.571289871590494e-05
10255,0.00014401653749420085
10256,5.2195868361737054e-05
10257,3.241670798829511e-05
10258,0.00022347328217644098
10259,0.00012919223960613211
10260,2.8197398246629777e-05
10261,0.00010333493821199476
10262,9.97172347777306e-05
10263,0.0001207847766915223
10264,4.326328694716916e-05
10265,4.1113026919834225e-05
10266,0.00016947743133067492
10267,0.00018744571930677173
10268,0.00015470333988746053
10269,0.0001792880813863544
10270,4.683633122335374e-05
10271,8.469503150430916e-05
10272,0.00017238515669912638
10273,8.642501031771126e-05
10274,6.366544342641014e-05
10275,0.00010815281936218742
10276,0.0001544252855579122
10277,6.118366199639642e-05
10278,8.691305227217795e-05
10279,0.00016649696884813293
10280,5.3237211695168914e-05
10281,0.00014200050786048756
10282,0.00012395903364227065
10283,0.00021926446490558673
10284,3.674966056510135e-05
10285,8.438763079597604e-05
10286,0.00023585607647680425
10287,0.0001058194031710764
10288,0.00017657838698732073
10289,0.00015184768778571053
10290,0.00015348328807265259
10291,0.00014127345190298912
10292,2.8218409004907e-05
10293,7.291634716173571e-05
10294,6.498112036413582e-05
10295,4.772844433589526e-05
10296,0.00010187109501276776
10297,9.026292394969331e-05
10298,0.00011094561068838067
10299,6.601030787756372e-05
10300,9.709723540267607e-05
10301,0.00010828032898942023
10302,9.03264492435716e-05
10303,6.526169370224977e-05
10304,0.00011783051402618028
10305,0.00017855907694823124
10306,0.00011070452187716067
10307,0.00011890516451120011
10308,0.00015759363015543026
10309,0.0001384729944355228
10310,0.00013185767562177463
10311,0.00010974039472117921
10312,0.00015329028068854754
10313,0.00021382167952352298
10314,2.8242085009836276e-05
10315,7.012804684649709e-05
10316,0.00018143172507234165
10317,0.00010051130207588412
10318,0.00011427210679308455
10319,0.00011772378081444854
10320,4.598926217878133e-05
10321,0.0001975444056018393
10322,0.00010366986105247362
10323,0.00011956766793258691
10324,0.0002641327439509352
10325,5.649009451666906e-05
10326,7.07045658826596e-05
10327,0.00010356210616137842
10328,6.863772624160016e-05
10329,7.72734966794043e-05
10330,3.648209748943918e-05
10331,0.0002652192376096911
10332,9.305493014407126e-05
10333,3.600262852888775e-05
10334,8.5193939804313e-05
10335,6.18380577173029e-05
10336,0.00018399053830158064
10337,3.7798846120260566e-05
10338,2.1930155095212682e-05
10339,0.0001964739436451542
10340,0.00011297723837419671
10341,0.00011060648720802066
10342,0.00017427386883952622
10343,0.00022109960317408933
10344,0.00013368806782428782
10345,0.0001348391056831315
10346,7.330973268812451e-05
10347,0.00015811791483970583
10348,3.417528616441796e-05
10349,9.094221875745564e-05
10350,0.00014657072531455058
10351,9.250048505659058e-05
10352,0.0002953397894775138
10353,0.0002260433782874809
10354,9.113848969764864e-05
10355,0.00010795163833224466
10356,2.8670484757922353e-05
10357,0.00010520375768072539
10358,6.458033458740027e-05
10359,2.7319991078583304e-05
10360,8.910197220831873e-05
10361,8.11719963457857e-05
10362,9.214493408866325e-05
10363,0.0001449262404291668
10364,9.033621412060293e-05
10365,7.437131685544121e-05
10366,5.182799339825623e-05
10367,0.0003571979335696797
10368,3.180699969479447e-05
10369,0.00016816892320718744
10370,0.00017688401062295223
10371,0.00013587370448551306
10372,0.00011422112029040913
10373,5.816650884862759e-05
10374,0.0001846934668637251
10375,0.0001272584655019
10376,0.00018391948105295246
10377,8.122633691931083e-05
10378,7.129455107198249e-05
10379,3.333985000146182e-05
10380,0.0001229058277194491
10381,9.59574569591277e-05
10382,0.00013548957414116086
10383,0.0001929904453659913
10384,0.00010748001428270689
10385,0.00021590584319924425
10386,6.801739751468593e-05
10387,7.35393996315191e-05
10388,0.00029767515930172433
10389,9.460993667071533e-05
10390,0.00015540649252834224
10391,3.926601626640267e-05
10392,6.396931369006432e-05
10393,9.1289583065182e-05
10394,6.15571510812055e-05
10395,6.340659217189223e-05
10396,6.446466775567292e-05
10397,0.00016052126726790806
10398,0.00024745459137496325
10399,3.316883887437818e-05
10400,0.0001269731759384062
10401,0.0001317642869271727
10402,0.0001668347028466619
10403,3.523393739927755e-05
10404,5.7380635226832516e-05
10405,0.00015446843960886084
10406,0.0006128967086994547
10407,7.687021395639848e-05
10408,5.673848636770097e-05
10409,7.334627529975356e-05
10410,0.00015458876391348286
10411,6.7759160177058e-05
10412,0.0001252159640986397
10413,5.386151390663595e-05
10414,0.0002615654318445049
10415,0.00010448570654526227
10416,0.00020612091044623906
10417,8.893616381502783e-05
10418,4.680960983587506e-05
10419,0.00019411537283341607
10420,0.0001141332094395212
10421,2.2779854989752835e-05
10422,0.00012695474015739163
10423,0.00021475641984651902
10424,4.539270330334499e-05
10425,1.979980264528881e-05
10426,5.1607946696256736e-05
10427,0.00010217577288357011
10428,0.00010639750965019675
10429,0.0002602362273936025
10430,0.00018409060810019518
10431,0.00011365258755800411
10432,0.00012630599483944818
10433,0.00014542956801447292
10434,9.065338977468117e-05
10435,0.00010446174267912451
10436,5.229966982067115e-05
10437,0.00016065852244915958
10438,0.0002063926409799923
10439,0.0001752401360468731
10440,5.2840776251631966e-05
10441,0.00022419981338454734
10442,0.00011877034992343332
10443,9.502656099910029e-05
10444,0.00013063787913088638
10445,0.00012330535529334383
10446,9.6979076671777e-05
10447,0.00011429288720729428
10448,8.547509629107805e-05
10449,0.00020745529551733537
10450,3.4905098590491855e-05
10451,0.00027929400543046887
10452,5.8753591431452625e-05
10453,0.00010698403333429864
10454,0.00010528175589223048
10455,0.00011554724510141628
10456,0.00012930624668196697
10457,7.352726228877475e-05
10458,9.421724576724005e-05
10459,6.888510940349744e-05
10460,0.00013968982118557228
10461,0.00014815753385108858
10462,9.577789199663827e-05
10463,0.00011180555548305581
10464,7.868198983505711e-05
10465,0.0002644508520808486
10466,6.608103943640837e-05
10467,7.203521878116664e-05
10468,7.897065942396892e-05
10469,6.344902961519704e-05
10470,0.00025385006135940304
10471,9.20231421641761e-05
10472,7.616914172074474e-05
10473,8.374060902592962e-05
10474,2.0421149153754153e-05
10475,6.981464011988275e-05
10476,0.00022614921591574937
10477,0.00010174225698494963
10478,8.287813776556246e-05
10479,0.00012461371361688385
10480,0.00013058250080904294
10481,0.00013766560716960778
10482,6.107574491834787e-05
10483,0.00013391256633944087
10484,0.0001653549790027274
10485,0.00019493824731684763
10486,7.722562751146584e-05
10487,8.675281527966099e-05
10488,0.00017028425398491528
10489,0.00011048494880095226
10490,0.00013399559172071147
10491,0.00022296741762866583
10492,8.253637376629795e-05
10493,9.11878176610223e-05
10494,6.59653067103061e-05
10495,6.0866629113709976e-05
10496,8.759214240591487e-05
10497,0.0001769902543604022
10498,9.633995871749585e-05
10499,0.00016016344946100404
10500,4.6366955051993785e-05
10501,8.400980962106251e-05
10502,9.526292616292603e-05
10503,5.738851687877522e-05
10504,0.00021599881474786684
10505,2.4697293417811408e-05
10506,0.00024812015043930007
10507,0.00010962098085654408
10508,9.086452701821408e-05
10509,0.0001306378055691473
10510,0.00013476394127079483
10511,0.00041225578759582064
10512,9.887379686045151e-05
10513,0.00018715010967382048
10514,0.00010208137454560934
10515,0.00010329413633890873
10516,0.000130936789837793
10517,0.00011366579564019012
10518,0.00015998679889769074
10519,9.448149059493544e-05
10520,5.0958961530867144e-05
10521,5.531583935440383e-05
10522,0.00015045737642127826
10523,0.00016792386640910527
10524,0.0001272681716130982
10525,0.0002549377080479077
10526,7.455458442914182e-05
10527,0.00015332444201189883
10528,0.00011105955643442208
10529,0.00016095360968313436
10530,6.277844959822942e-05
10531,0.00010765080958112267
10532,6.358170628309265e-05
10533,4.006331777473492e-05
10534,0.00017474997651054585
10535,0.00012347690915449306
10536,3.7000462350277345e-05
10537,8.543448250153665e-05
10538,0.00011749967588406174
10539,0.00013162856290839433
10540,0.0001460243435297169
10541,0.0001770678150915266
10542,2.9725145644125314e-05
10543,0.00010797086854036845
10544,0.00011021613606460409
10545,0.00011986589497123572
10546,4.633602306770497e-05
10547,0.00017134567741881562
10548,0.00013944225142825767
10549,0.000251983685065433
10550,9.06830036175061e-05
10551,6.799308221515504e-05
10552,0.0001309173716173832
10553,5.1023942234051954e-05
10554,4.9310993891769436e-05
10555,7.578831810911586e-05
10556,0.00020544339844086394
10557,8.118226811400024e-05
10558,0.00020943092156867416
10559,8.614033681948602e-05
10560,0.00018851020785431776
10561,0.00011368829258668128
10562,0.00016196239574105034
10563,0.00015465420343435806
10564,0.00019096325329117376
10565,0.00013971936751670284
10566,7.736902480890288e-05
10567,0.00022589670116683326
10568,0.00010384136078510681
10569,0.00015970973135045745
10570,8.728041997977979e-05
10571,0.0001901380149775108
10572,8.184559047802554e-05
10573,0.00031697851339385546
10574,9.292753485422647e-05
10575,9.18113759011774e-05
10576,7.153366611195694e-05
10577,9.528294549496327e-05
10578,5.154373588939544e-05
10579,9.376532350941283e-05
10580,0.0001303460256564003
10581,9.650451929759063e-05
10582,0.00016919227812090977
10583,0.00012897780790502417
10584,0.0001677783176933085
10585,0.0001945802785037076
10586,0.0001668897302108074
10587,0.00025646174883516237
10588,0.0001368201580091766
10589,0.00011319632175349729
10590,0.0002280012555289192
10591,0.00013987217367246148
10592,9.193666161729957e-05
10593,9.806081538622693e-05
10594,6.516963067382061e-05
10595,2.2030962868125625e-05
10596,5.649279795925393e-05
10597,0.0004072773123213151
10598,0.00018544469185786423
10599,0.00014612872602005824
10600,9.575381012002829e-05
10601,8.172045537636677e-05
10602,2.313717333931076e-05
10603,0.00011687313539008324
10604,8.828005249214082e-05
10605,9.961104257114681e-05
10606,0.0001331969189615848
10607,8.776647487260611e-05
10608,0.00019240534417507493
10609,4.991139709281093e-05
10610,8.688848174991845e-05
10611,0.0001405094688525863
10612,7.39991687290848e-05
10613,0.0002714713190946753
10614,9.584995383753151e-05
10615,0.0001468125195289143
10616,0.00013481874374606867
10617,6.59485631467361e-05
10618,9.743625665076162e-05
10619,0.00020039188554270943
10620,9.363301440556344e-05
10621,0.00012720216431188715
10622,8.528964022338852e-05
10623,6.372632751513175e-05
10624,0.0001401227839316595
10625,4.6184430748304874e-05
10626,6.764573560050426e-05
10627,0.00023153716671511847
10628,6.259015651220835e-05
10629,0.00023017677308321058
10630,0.00017024314852442788
10631,6.180887727081897e-05
10632,0.00021581806495974722
10633,0.00015693878658653968
10634,6.605364731661603e-05
10635,0.00010344634604272587
10636,0.00014995403362379547
10637,0.00022483953061881137
10638,5.061892084300459e-05
10639,6.189875903143187e-05
10640,0.00021990494042893773
10641,2.735909666781547e-05
10642,6.073073936118332e-05
10643,7.383363323599048e-05
10644,8.901296751415451e-05
10645,6.014319806621926e-05
10646,5.4258467197671034e-05
10647,0.00014716346876503524
10648,0.000196504797826989
10649,0.00011520047213361817
10650,7.37083586475316e-05
10651,4.236634954182019e-05
10652,5.783807054897791e-05
10653,0.0001925681935429524
10654,0.0001364687096555218
10655,0.00012145770592807016
10656,5.407414857401191e-05
10657,8.976881864811189e-05
10658,0.00016284599005722284
10659,8.47070857929014e-05
10660,0.00016036913614303624
10661,0.00015800746829790395
10662,7.831508251179018e-05
10663,6.970322979535018e-05
10664,3.858467262278238e-05
10665,5.462236797006016e-05
10666,0.0003768912562598728
10667,0.00042625484871544074
10668,8.249987108521623e-05
10669,0.0001964488855527982
10670,0.00015578150112048963
10671,0.00015832417680787167
10672,0.00023301078826411432
10673,0.00011241956933233317
10674,6.282178998287297e-05
10675,6.761700649448316e-05
10676,0.00015324739459565708
10677,0.00032990845147915534
10678,9.570332846147272e-05
10679,8.26869032253638e-05
10680,7.910914852196573e-05
10681,0.0001115490810942892
10682,6.738567660848105e-05
10683,0.00017345082237655652
10684,8.768765245286322e-05
10685,6.917491523765193e-05
10686,0.00014176572713076155
10687,9.864579871258491e-05
10688,9.644096144501195e-05
10689,0.0001395264212752569
10690,6.614222071819821e-05
10691,0.00012149368995821289
10692,0.00023332745033818205
10693,0.00012816344004408818
10694,7.711163153581317e-05
10695,7.782388944426432e-05
10696,9.786075959673793e-05
10697,0.00016086125114102873
10698,0.00014035074010358803
10699,0.00015407612919348534
10700,3.969833515295713e-05
10701,0.00022100654230696205
10702,0.00011442830517511459
10703,0.00013351247921934568
10704,4.2003698266735886e-05
10705,0.00019087778938342397
10706,0.0002553314272447253
10707,0.0001785235441786416
10708,0.00012580732117648054
10709,0.00019757127871972163
10710,4.961810732851893e-05
10711,0.00013728377089205864
10712,7.284949638592949e-05
10713,9.511421512986599e-05
10714,9.454858221641624e-05
10715,5.5300234943635824e-05
10716,0.0001952812322636141
10717,0.00013374462678416018
10718,0.00010159727658428737
10719,0.00014818721699114742
10720,8.983461272700136e-05
10721,0.00018377580946652393
10722,0.00012645124130058888
10723,0.00010800473698151609
10724,0.0002166618745187814
10725,0.00014063241811972758
10726,8.72133267905359e-05
10727,0.00015526387533806328
10728,4.781179434803647e-05
10729,0.00010821888436698824
10730,8.251830056749174e-05
10731,0.000110309943305534
10732,7.94793940668153e-05
10733,0.00042152263944886004
10734,7.679644603584446e-05
10735,6.707088573983524e-05
10736,0.00031294725371575684
10737,0.0001552474933705587
10738,6.097305727870019e-05
10739,0.0001686099287598973
10740,0.0003289749124468245
10741,7.713490104331826e-05
10742,9.084472509444983e-05
10743,6.506071153299922e-05
10744,6.6446754626018e-05
10745,0.00015612869324967732
10746,3.9074484119441135e-05
10747,0.00013619103946901434
10748,0.0001589030586187103
10749,8.539624449978237e-05
10750,0.00013374651556937573
10751,0.00012005883205482708
10752,0.00020384629684990578
10753,0.00042896034037099955
10754,0.0001367564488902298
10755,7.732527872487896e-05
10756,0.00013491315282373523
10757,7.032588527133856e-05
10758,0.00020209743626133938
10759,0.00011448500345255825
10760,0.00015558456487105415
10761,9.105376807342802e-05
10762,0.00013619681497643754
10763,0.00011385166780376535
10764,0.0001729939207748313
10765,0.00024876705830739206
10766,0.00016535000492069447
10767,0.00010404056003004537
10768,7.928619374073643e-05
10769,8.436948188256501e-05
10770,0.00015726524132270888
10771,0.00017127152008340253
10772,8.918393912057563e-05
10773,0.00016611641784920267
10774,9.832096694512134e-05
10775,0.00013882762234037135
10776,0.0001330870885353245
10777,9.177262538281577e-05
10778,5.297674047738557e-05
10779,6.771472757885888e-05
10780,0.00010648172620859314
10781,5.232787982348005e-05
10782,0.0004225323345718962
10783,0.00010132922480228188
10784,5.8768349324632884e-05
10785,0.00014013443291479848
10786,9.817696374575166e-05
10787,0.00016605462314640926
10788,0.00014054822441839993
10789,0.00026882458394177306
10790,7.390907136459652e-05
10791,4.8885177311286886e-05
10792,0.00030621305981324285
10793,0.0002751030082523563
10794,2.6887471119690252e-05
10795,0.00015134828252054707
10796,0.00010665900959216616
10797,0.00010752854757196554
10798,4.696272388945241e-05
10799,0.00015978265697997912
10800,0.00016796840206256516
10801,3.006885837163912e-05
10802,7.623596221559344e-05
10803,7.177795021376195e-05
10804,0.000162497152278726
10805,8.869964983695353e-05
10806,0.00017004300166216572
10807,0.00015910709684100697
10808,0.00034968413354899495
10809,0.00011348329434614325
10810,8.676990930775996e-05
10811,8.485217832557476e-05
10812,0.0003028598951245424
10813,0.0002104534187846043
10814,0.00016158215964044644
10815,0.00016109863832450782
10816,0.00013824444093506685
10817,0.0005974157453085516
10818,0.00010633833178662131
10819,0.00010419499597344922
10820,6.871396366050836e-05
10821,4.361985371688954e-05
10822,0.00013433349018096287
10823,0.00018152934985397531
10824,8.792294070462797e-05
10825,0.0001688998364643912
10826,0.00012674864813326598
10827,0.00038801686521063787
10828,0.00020009845440123626
10829,8.235202876014241e-05
10830,7.920893697437872e-05
10831,9.468026211573542e-05
10832,0.00014948479267747224
10833,0.0001237079093826779
10834,0.00011572122169744275
10835,0.00011865566699953419
10836,0.0002961747065515848
10837,5.132688254859467e-05
10838,0.00028594077733869655
10839,0.00011836629102811037
10840,3.7016889899482635e-05
10841,0.00029170392586641363
10842,0.00017334254836698788
10843,0.00012140851634620413
10844,0.0001030822916103237
10845,0.00010081213194181163
10846,5.099244339945042e-05
10847,6.713865592914387e-05
10848,6.093707250126379e-05
10849,0.00022628921413986422
10850,0.00010561338770645432
10851,7.203519044756868e-05
10852,1.790819450230238e-05
10853,0.0001299055642337675
10854,0.00012448947041581202
10855,0.00015904836849406305
10856,0.0001700846735707499
10857,0.00013728056069360828
10858,0.00021044684860663086
10859,0.0001144690046892129
10860,0.0001945210249074863
10861,9.922149356629145e-05
10862,0.00012566377869458218
10863,0.00013192706802511944
10864,0.00012969490474953952
10865,0.00024561070523425354
10866,9.968124746762567e-05
10867,9.325618471952982e-05
10868,0.00011598742152565172
10869,0.0001271523715544588
10870,0.0001576861134850716
10871,8.774986599288292e-05
10872,0.000256056374716313
10873,0.00019080586699968477
10874,0.00019108626415070292
10875,5.419526408122799e-05
10876,0.00015062623198379638
10877,0.00016366856409049508
10878,4.6038883457152475e-05
10879,4.200487614007543e-05
10880,0.00010510535108499253
10881,7.092089823014424e-05
10882,0.00010620934740736344
10883,0.0001458224976318408
10884,0.00015162989577785564
10885,7.608302770261285e-05
10886,8.69192873104979e-05
10887,7.288790427442134e-05
10888,0.00018964357792173933
10889,4.485140064877289e-05
10890,0.00020746426812439774
10891,0.00022208795016774794
10892,7.379568305082502e-05
10893,4.413357476323798e-05
10894,0.0003271970568955128
10895,0.0002260755870268034
10896,2.6941731883400562e-05
10897,0.00027468086812712907
10898,8.712826150943995e-05
10899,0.00016010785552662485
10900,0.00017059097287271306
10901,0.00015717247937566546
10902,0.00023452016811404826
10903,0.0001288070320941798
10904,6.779523497184921e-05
10905,0.00016301608570785012
10906,0.00015793646327724164
10907,0.00017349338741392208
10908,6.45294429788953e-05
10909,8.25337751486628e-05
10910,6.541365874741568e-05
10911,0.00013664894622301266
10912,9.669204591052213e-05
10913,0.0001556252019001223
10914,0.00011655526629830478
10915,0.00011431731546347228
10916,0.00013025289790924254
10917,5.7757224569927246e-05
10918,0.00011992474588732777
10919,8.094930691124143e-05
10920,0.00010393357051847869
10921,0.00013238628305101342
10922,0.0002215787875275128
10923,9.507693361479006e-05
10924,0.00011788909315287259
10925,7.871000885182296e-05
10926,0.0001688913876537093
10927,0.00016841269311440777
10928,6.36268999892473e-05
10929,0.00014975756982744712
10930,0.0006255392430443802
10931,0.00020125229686896736
10932,5.630212655853638e-05
10933,0.00013593580920879733
10934,7.503906414262892e-05
10935,0.00015156408773244634
10936,0.00019933876141451604
10937,8.676518014752256e-05
10938,0.00010418811713851735
10939,0.0002318439132937452
10940,0.00011159124960962832
10941,4.8677117685045636e-05
10942,5.382715587440207e-05
10943,0.00012643063730809076
10944,8.002371236888699e-05
10945,8.646127225524498e-05
10946,0.0002117568827781165
10947,0.00017221120992501858
10948,0.00011976611496769754
10949,0.00020960673770311104
10950,0.00010034094245491664
10951,0.00010479640791482875
10952,0.00014975947466735803
10953,9.425827336774679e-05
10954,6.157826238126347e-05
10955,8.886448818114508e-05
10956,0.00033814338950921384
10957,0.00011916045521934635
10958,0.00010199095104711199
10959,0.00020325560739439179
10960,0.0001820300307618481
10961,7.314120573338104e-05
10962,0.00013146405915024788
10963,0.00017206747949973563
10964,0.000268031608378477
10965,0.00012162793805200056
10966,0.0002594086292049732
10967,0.00011646685674986931
10968,8.324300489229665e-05
10969,8.378663364737936e-05
10970,5.732667146782112e-05
10971,0.00013015826005138031
10972,0.0002517622721945748
10973,0.00010833319547939951
10974,8.852915061886858e-05
10975,3.71759035808012e-05
10976,0.00014509320652874563
10977,7.506581293085797e-05
10978,0.00010152283505975121
10979,4.248761681229272e-05
10980,0.00011761253371902554
10981,3.432812623707987e-05
10982,3.854422563370489e-05
10983,6.237969292248952e-05
10984,5.374247615154455e-05
10985,0.0002185636939835988
10986,6.240104515780145e-05
10987,7.260776842289627e-05
10988,7.47695562801146e-05
10989,0.0002809715549087764
10990,0.00015657169295333188
10991,9.570194210402877e-05
10992,4.596573491526285e-05
10993,9.797805359478919e-05
10994,9.276062922427988e-05
10995,5.723400903846049e-05
10996,0.00010553826383022033
10997,0.00012556440576401174
10998,0.00010432399510542681
10999,0.0001773167536485866
11000,0.00014757748203257594
11001,0.00018285878693306127
11002,0.00015802030821906806
11003,0.00017488745883512116
11004,0.0003269480298703062
11005,0.00010200772999556057
11006,0.00016966470035955503
11007,5.3692433079495585e-05
11008,0.00015721318406808848
11009,0.0001776689230626335
11010,4.6101883913405046e-05
11011,9.541922825254955e-05
11012,0.00015736306621340595
11013,0.00013668656768292027
11014,4.309014350928959e-05
11015,0.00017512175843662812
11016,3.6662089992741106e-05
11017,7.212106330495042e-05
11018,0.0001270127542948158
11019,0.000314267745789986
11020,2.943602892881329e-05
11021,2.979359834645885e-05
11022,0.00014931586280795788
11023,0.00015362451710637317
11024,0.0001176848980223611
11025,2.6440451633673593e-05
11026,0.00011939633714583921
11027,0.0001896257682232004
11028,9.516279833008114e-05
11029,3.585380633749192e-05
11030,8.258134699123235e-05
11031,5.5934363993662316e-05
11032,0.00010353668879563764
11033,0.00018819821447369555
11034,0.0001402565569251666
11035,5.886839776150877e-05
11036,0.00013126579635995632
11037,5.623205978422491e-05
11038,0.00018701841711199181
11039,0.0002191536097591338
11040,3.304093732008071e-05
11041,0.00010085724240992567
11042,0.00012411558126764383
11043,9.136862026720847e-05
11044,0.00012160430182846517
11045,6.950199375350749e-05
11046,0.00015114068124970887
11047,8.33936565468544e-05
11048,3.0012740150031694e-05
11049,0.0001058793145495192
11050,0.00011946253637486065
11051,7.216722587176593e-05
11052,8.111580875817904e-05
11053,0.00011621437436700702
11054,0.00035607169318445256
11055,0.000107748136553617
11056,0.00010095074152822348
11057,0.00011418641843901345
11058,0.00016417715231842154
11059,0.00021021301402345642
11060,8.96145355067229e-05
11061,0.00015928279524514237
11062,8.39517879651672e-05
11063,0.00010706795162345202
11064,5.648229910262726e-05
11065,8.227119832026681e-05
11066,0.00013525320530691023
11067,0.00012034666646367779
11068,8.188479379432903e-05
11069,8.021161266366032e-05
11070,0.00023797054457929873
11071,9.541512542950564e-05
11072,9.581185101752817e-05
11073,0.00012685951497560418
11074,6.214283955955679e-05
11075,0.0002713875785620912
11076,0.00017540867144820135
11077,8.504906425784872e-05
11078,5.626723056539341e-05
11079,0.0003003463577164588
11080,5.290530571320328e-05
11081,0.00015510519488507618
11082,0.0001790747241946709
11083,9.53854648316603e-05
11084,6.514833072393058e-05
11085,0.00017172102312886043
11086,0.00023075560379820986
11087,1.2026700234322593e-05
11088,0.00014904740997101666
11089,7.801169922350177e-05
11090,0.0001470233876184872
11091,0.00011768776781186887
11092,0.0002951020302446554
11093,6.009066659653202e-05
11094,8.463858989558718e-05
11095,0.0001785248489588591
11096,0.00031770117476660384
11097,5.6254670630026996e-05
11098,6.979547155435805e-05
11099,0.00013609084789304506
11100,5.853197335837047e-05
11101,0.00024089511891621209
11102,0.00018490611569539086
11103,7.647546199013858e-05
11104,9.566480487040711e-05
11105,0.00015816070689387134
11106,8.90855537701529e-05
11107,0.00018598208317828466
11108,0.00017058696774529278
11109,4.735921738546303e-05
11110,0.0001289493674785873
11111,0.0001389904871071396
11112,0.00021786616102916962
11113,0.00014881260006345618
11114,8.469402918830408e-05
11115,0.00014387851385288473
11116,0.00025884176365990576
11117,6.735864945198418e-05
11118,0.00022562957090532885
11119,8.120520323731361e-05
11120,9.854495074169475e-05
11121,6.68469137884123e-05
11122,0.00014783311927165968
11123,5.319110284100732e-05
11124,7.92828386118376e-05
11125,0.00011513927216593227
11126,0.0001101293226324247
11127,0.00011811872588542887
11128,0.00012145863835305801
11129,0.00010789346688880853
11130,0.0001536927338379441
11131,0.00012269599835090157
11132,0.00011960295607990396
11133,0.0002073055211209639
11134,3.482817386909747e-05
11135,9.582972639619339e-05
11136,0.0002192039145090657
11137,0.00024164975200394008
11138,0.00012751337076722166
11139,0.0001340177647090417
11140,0.00023674975452774526
11141,0.00010730750599510333
11142,0.00011734037795852881
11143,0.0001833956773868658
11144,0.00010661492960763213
11145,9.182379633296052e-05
11146,0.00018590982030403894
11147,0.00010195097919035888
11148,9.503816508222155e-05
11149,0.00012540629439360514
11150,0.00011424392947908673
11151,0.00028641666928367547
11152,0.00015006042169064566
11153,9.076181957396985e-05
11154,5.161602098927007e-05
11155,0.00010804493097976551
11156,4.196247150755772e-05
11157,0.00011965119136073966
11158,0.0001906269070658254
11159,8.632418910660236e-05
11160,5.679577882204348e-05
11161,7.654169222538104e-05
11162,8.35480536448074e-05
11163,0.00014076280871661888
11164,0.00018051851427397
11165,7.722301524615902e-05
11166,0.00022384135318212248
11167,0.00014562223192894259
11168,0.00010159967703318016
11169,7.09621284433602e-05
11170,0.00012253979803252641
11171,0.00024837249831302026
11172,0.0001720927309475284
11173,7.645536171011469e-05
11174,0.00010192432209709804
11175,0.00013137235203929145
11176,0.00025335666182445634
11177,7.750119383966839e-05
11178,8.156909846969185e-05
11179,0.0001474281763286544
11180,9.834534903646913e-05
11181,6.142859504960647e-05
11182,6.291722595907813e-05
11183,9.263200602387972e-05
11184,4.402399549547948e-05
11185,5.2279798842847685e-05
11186,0.00011948603294090971
11187,3.6455102004650585e-05
11188,0.0001033089251247476
11189,4.163875179191867e-05
11190,2.3526593366405406e-05
11191,0.00028961835112459625
11192,0.00016141200332400168
11193,0.0001437899998643511
11194,0.00022503305400805622
11195,0.00010637923964025125
11196,0.00012921331808287922
11197,0.00014907207608025558
11198,0.00030163596528261027
11199,4.6940220435487254e-05
11200,0.00018899052450995713
11201,0.00012404424253689808
11202,0.00010981698486031959
11203,0.0003697684896797345
11204,5.099618721014008e-05
11205,0.00010677802944054335
11206,0.0001773041028632214
11207,4.418854174018916e-05
11208,6.810073162534297e-05
11209,3.75865312042473e-05
11210,0.0002450283260771392
11211,0.00019229514932324172
11212,0.0001041479495273728
11213,4.7809822597024035e-05
11214,0.00011759803329600092
11215,4.5260219392643765e-05
11216,0.00011424614676070213
11217,0.00017378604409396298
11218,0.00018382399799146378
11219,0.0001222779214846991
11220,0.00014428517261060711
11221,0.00014597506908370646
11222,0.00016450186827400156
11223,6.045172313491387e-05
11224,0.00012813851867703538
11225,0.00018117650764846847
11226,0.00012520014660524336
11227,0.00019756084477063582
11228,7.644714093471524e-05
11229,0.0006112383826380567
11230,6.148852943143347e-05
11231,0.00012890403950206386
11232,0.00027081890771835484
11233,0.00011774481720216671
11234,0.00022472969456180836
11235,6.632142896183409e-05
11236,0.00019481190039872124
11237,0.00015430860350118845
11238,0.00019759166884146328
11239,0.00013709276834673645
11240,9.107643771087344e-05
11241,4.737195292756122e-05
11242,0.0002799987175351718
11243,0.00013851271411180022
11244,2.9536442942960373e-05
11245,8.799451505023888e-05
11246,0.00011143049486837923
11247,4.8484498832919055e-05
11248,4.905949773839835e-05
11249,0.00011131406674079467
11250,0.0001275376081534142
11251,4.382773673529978e-05
11252,6.844201092216749e-05
11253,8.891008814175525e-05
11254,3.749337162214767e-05
11255,0.00011548764095773376
11256,0.0001317823483542376
11257,7.549871732858839e-05
11258,9.596893531275829e-05
11259,8.334426344770459e-05
11260,5.8724039152653595e-05
11261,0.00012039308562061429
11262,3.8452593829764825e-05
11263,0.0001363159851384419
11264,6.6566905352308e-05
11265,0.00011044492752052824
11266,8.281389645669094e-05
11267,9.827644023551526e-05
11268,0.0002214435173901513
11269,0.00018382327581276293
11270,0.0002916277961304484
11271,8.738829607871795e-05
11272,0.00014492668758738284
11273,0.00016900600889247215
11274,6.991029224192012e-05
11275,0.00020086938771835054
11276,0.00011315981698435647
11277,7.705727924759814e-05
11278,4.5080244611687556e-05
11279,5.078074651682577e-05
11280,0.00029122828549340586
11281,0.0001571469242065739
11282,3.166423411949946e-05
11283,9.821893231551053e-05
11284,6.340763797163198e-05
11285,6.564759328847522e-05
11286,3.626444889982247e-05
11287,5.6253535356432543e-05
11288,5.7872649122196605e-05
11289,7.249318328181178e-05
11290,4.1669617200222676e-05
11291,0.00012488372419111956
11292,0.00016665896095109496
11293,5.9602487179237805e-05
11294,0.0003275938282626116
11295,0.0001214591388493753
11296,0.0002548347212464273
11297,8.822426166176547e-05
11298,0.00017602448999516046
11299,0.00012072191795685982
11300,0.00011588456812874037
11301,1.70634813068602e-05
11302,6.735595970647993e-05
11303,0.00037285288130996924
11304,0.00010287633803479976
11305,0.00039072676437611545
11306,0.00012022956997394454
11307,3.41047429444105e-05
11308,0.00015095872328882177
11309,9.503635232695784e-05
11310,0.00020451380596205304
11311,7.176836648808496e-05
11312,3.295859362556718e-05
11313,0.00012089285558743504
11314,0.0001964558431397987
11315,7.163280293366943e-05
11316,6.629545706075266e-05
11317,0.0001324261424167346
11318,5.841770375041584e-05
11319,0.0001354829100863041
11320,0.00013022758796859415
11321,0.0001000421522798607
11322,0.00031844953948269436
11323,0.0001685767838017448
11324,0.00017128716709736822
11325,0.00010376149170270603
11326,0.0002194728793390397
11327,9.748742471688129e-05
11328,7.653009843014004e-05
11329,8.809736056586108e-05
11330,7.356648486183175e-05
11331,6.225962901909766e-05
11332,8.417656358613879e-05
11333,0.0001756923383715949
11334,8.906867548218132e-05
11335,0.000136263178307182
11336,0.00012384764950328049
11337,0.00015197164209851882
11338,8.985011126905296e-05
11339,6.481290667263613e-05
11340,0.0001139248959665698
11341,6.982593970436759e-05
11342,7.235469437122833e-05
11343,0.00013231291525065184
11344,7.083715218428241e-05
11345,7.744212007375429e-05
11346,0.00010763906141012814
11347,0.00018697041979331568
11348,7.812841866873348e-05
11349,0.00013133641870741498
11350,6.876868441967204e-05
11351,9.886444437286977e-05
11352,7.283745803808604e-05
11353,0.00011631248991683806
11354,7.198905311891235e-05
11355,0.00011181172007146367
11356,0.00012934317743454354
11357,6.002156460196379e-05
11358,0.00015753239347204438
11359,7.547250223157955e-05
11360,0.00016454388280381802
11361,0.00015788821880963146
11362,0.0001041011995062354
11363,0.00015634240839093534
11364,7.389638027663451e-05
11365,0.00014225017972219596
11366,8.507582994250745e-05
11367,6.702559379388668e-05
11368,7.374980631862255e-05
11369,0.00023313940479109462
11370,0.00015029349898983157
11371,4.698021704998545e-05
11372,7.43631486764829e-05
11373,8.579947312125009e-05
11374,0.00020834605123222044
11375,0.00017523337042450407
11376,7.019637613477471e-05
11377,8.173473852762823e-05
11378,3.6855085461224915e-05
11379,0.0002320099277832699
11380,5.353973069219896e-05
11381,9.315991106659e-05
11382,0.00013063023827121468
11383,0.0001298378415804358
11384,7.742121675080231e-05
11385,0.0002273041567097789
11386,3.347577881913527e-05
11387,5.4376628214427306e-05
11388,0.00011649218769891261
11389,0.0001487970551602331
11390,6.198798628410295e-05
11391,7.64192186795883e-05
11392,0.00010926734016147777
11393,8.814590599010212e-05
11394,9.899767402351485e-05
11395,0.00020655548530052896
11396,0.00018793774414659593
11397,0.00014223903776040885
11398,0.00015970554373707203
11399,6.574370944434078e-05
11400,0.00017415621380346055
11401,0.00017215912559374817
11402,7.288049447452588e-05
11403,0.00010162646769347141
11404,7.215945701030513e-05
11405,0.0001566632462496397
11406,4.2151004661755204e-05
11407,0.00015894435052581505
11408,5.806524197942725e-05
11409,0.0002605659116112691
11410,0.00015406230437049132
11411,9.562501266666285e-05
11412,5.96883339091958e-05
11413,0.00011471917634228601
11414,0.00011411193437849923
11415,7.493729159642008e-06
11416,3.254805684968512e-05
11417,0.0001475199242932492
11418,6.259423147528924e-05
11419,6.9598247454913e-05
11420,0.00012354361196946032
11421,0.00018509889012863461
11422,6.156179569791523e-05
11423,0.00013484389556240334
11424,5.9292470743243676e-05
11425,0.00022783840260619432
11426,2.3132217457468727e-05
11427,8.524337071116411e-05
11428,0.00012775680001043282
11429,8.076460008031198e-05
11430,4.118151748383073e-05
11431,4.721332927738784e-05
11432,6.902241689120524e-05
11433,9.580569173593532e-05
11434,0.0002247978291248335
11435,4.43642415933954e-05
11436,8.14513996761564e-05
11437,0.00011345940362943153
11438,0.000117335998163698
11439,0.0001800681783492042
11440,0.00015297796950994736
11441,0.00014678442934284048
11442,0.00023705686386600507
11443,5.008717118265841e-05
11444,0.00015047970365892387
11445,4.687931801686402e-05
11446,0.00011558066157795262
11447,9.820835246624299e-05
11448,0.0001468332747821505
11449,5.486620533009806e-05
11450,0.00016929732114092175
11451,0.00010753137706965977
11452,2.9140449086869328e-05
11453,0.00010686548031313279
11454,0.00012942933741863323
11455,0.00012491314759518872
11456,0.0002145324152706444
11457,7.819466207238248e-05
11458,8.046671535174038e-05
11459,9.380497559852727e-05
11460,0.0001886744390212686
11461,7.591120471655816e-05
11462,0.00015515115488738427
11463,5.922966864285365e-05
11464,6.492721865550975e-05
11465,7.938620739334477e-05
11466,7.079046624119462e-05
11467,0.00011571913999121488
11468,5.990683577826546e-05
11469,4.628705568300541e-05
11470,6.314003545771263e-05
11471,8.671806786885453e-05
11472,0.00012726586989653073
11473,6.808368927036022e-05
11474,0.00032174388530070957
11475,0.00014990649426055777
11476,0.000110278823924989
11477,9.815210523592898e-05
11478,0.0002555297102582929
11479,0.0001208072407494341
11480,0.00014955203035115985
11481,6.385536881318758e-05
11482,0.00012647471457004762
11483,0.00010190639496693613
11484,0.00021625750173961825
11485,0.00017448065420645853
11486,0.0001331594258835391
11487,0.00023934105413317094
11488,0.00020534026832800227
11489,0.00011956290932711245
11490,0.00011077240572831664
11491,9.55780920536189e-05
11492,9.709393831945912e-05
11493,0.00026636344326441816
11494,5.0909966443344464e-05
11495,0.00010861196640599545
11496,0.00011746351782264613
11497,6.596175415283515e-05
11498,9.404919571628967e-05
11499,0.00016481729996366092
11500,9.767854037205702e-05
11501,0.0002111788456919722
11502,0.00010261592751194585
11503,0.00031151559433421856
11504,5.734080553334046e-05
11505,0.0002982036415697021
11506,0.0002771589872691376
11507,7.73169985019065e-05
11508,0.00011952347238378976
11509,0.00020383076031061143
11510,0.00022497320932938385
11511,0.0001942901426725087
11512,7.988930466153859e-05
11513,0.00018648539757667345
11514,0.00017366026469396235
11515,7.829329510475749e-05
11516,8.588015250897521e-05
11517,9.992358507707567e-05
11518,0.00012271621134881397
11519,0.00020624003958115533
11520,0.00010868264556087898
11521,0.00019521404440595277
11522,3.459421387521318e-05
11523,9.225937439340667e-05
11524,0.00012822012345370076
11525,0.0001445111877049345
11526,0.0001664649637208657
11527,3.7590405345406624e-05
11528,7.81489082259311e-05
11529,0.00010502081658020162
11530,0.00010790160418863652
11531,0.00012482663880792496
11532,0.00013702485083912642
11533,0.00012162368239988229
11534,0.00024356697276430855
11535,7.093474266321758e-05
11536,0.00022673741816524415
11537,8.550625464576678e-05
11538,4.531478549762011e-05
11539,0.00018888607655060866
11540,0.00013994563982032624
11541,8.446074244284691e-05
11542,2.500577852336325e-05
11543,0.00015803584764739154
11544,5.194533028787206e-05
11545,0.00014102428688682987
11546,0.0001955390769211401
11547,5.420574050972138e-05
11548,6.372425301986704e-05
11549,0.00016096252056596548
11550,7.163216785213041e-05
11551,0.00017192200343734793
11552,0.00012136490227639582
11553,0.0001599617889226351
11554,2.0834941250807934e-05
11555,0.00010802804238881249
11556,0.0001348734084757506
11557,0.00016827939151149908
11558,0.00019208977234834302
11559,0.00011473775253148343
11560,9.687412022969604e-05
11561,0.0001060900025640548
11562,6.165374455204296e-05
11563,9.763875010536624e-05
11564,0.00012844283423659502
11565,0.00012047546921027777
11566,0.0001729220086462552
11567,5.81544253725425e-05
11568,0.00019247918714314062
11569,0.0001799087087155957
11570,6.517462242905358e-05
11571,0.0001567469314217191
11572,4.2027247137604194e-05
11573,0.0002386217969930248
11574,8.402094361210868e-05
11575,0.0001857991066468064
11576,5.059715095280016e-05
11577,0.00026206925970854707
11578,0.00017394421479116292
11579,0.00015981868963272554
11580,0.000172923067668715
11581,0.0001646055491129547
11582,0.00019054077643087999
11583,0.0002583919744230111
11584,7.120899427298306e-05
11585,0.00010334202600751262
11586,6.712199296917253e-05
11587,0.0001950138016382459
11588,0.0001237718203226517
11589,9.828606588104071e-05
11590,8.232113655045759e-05
11591,8.07539208752176e-05
11592,8.29150749584034e-05
11593,0.00012101589810875477
11594,8.200688579960242e-05
11595,0.00012468293118417375
11596,0.0001464943723262093
11597,4.034922142950624e-05
11598,0.0002360977508240221
11599,0.00010068508352861068
11600,0.00013260621728610486
11601,0.000228538366261149
11602,7.561232547098616e-05
11603,5.622059489384881e-05
11604,8.923558332996716e-05
11605,8.67340093211162e-05
11606,0.00011371538183485667
11607,0.00017893540094027953
11608,0.00014163484843107525
11609,0.000225790831829221
11610,4.640188604602837e-05
11611,0.00012776525871185422
11612,0.00022627267556123322
11613,0.00015111409610123498
11614,0.0002507961515689879
11615,0.0001673109070261393
11616,6.12372820063445e-05
11617,0.00010730082609041597
11618,7.942809770504733e-05
11619,0.00018161827989644205
11620,0.00021166193573158703
11621,0.0001422172133443894
11622,9.405352528623965e-05
11623,6.518812206769734e-05
11624,5.601400530537381e-05
11625,0.00017763002079579417
11626,7.849569905184195e-05
11627,0.00011165432031170214
11628,0.000106359477499692
11629,0.00017692078151353093
11630,3.9911262935388934e-05
11631,0.00012415942608312043
11632,0.00013338836310108218
11633,0.00011714546266148408
11634,5.955777977958105e-05
11635,4.912022103665793e-05
11636,2.877721625769409e-05
11637,0.00016254083088030805
11638,1.4736764944234944e-05
11639,0.00011603984705152123
11640,9.708611926921358e-05
11641,9.698360249486631e-05
11642,5.949590486388679e-05
11643,0.00017366918568575791
11644,0.00018391998324684958
11645,0.00016735787022418924
11646,0.0001099593991997355
11647,6.351616346300353e-05
11648,0.00016826983318566548
11649,2.5188677901010093e-05
11650,0.0001397428104481013
11651,0.00021223862920000488
11652,3.129270509850222e-05
11653,0.0001729611863535931
11654,0.00022806002226808363
11655,0.00016000428700720898
11656,9.223583200293734e-05
11657,5.438488858176108e-05
11658,6.069429760444182e-05
11659,9.017116110752825e-05
11660,0.0002084967874267941
11661,6.779961289079128e-05
11662,3.013398015251663e-05
11663,0.00016708925847790795
11664,0.0002105035853397584
11665,9.316208803375491e-05
11666,5.077726010327916e-05
11667,0.0001671060719246195
11668,9.22845092035606e-05
11669,0.000122703623330732
11670,7.684340257732518e-05
11671,9.734078961988746e-05
11672,0.0001150376996035951
11673,7.896358480479977e-05
11674,0.00029384493418930553
11675,0.00012219816074699187
11676,0.0001528272518777896
11677,0.00020322832857762194
11678,0.00013903622932357452
11679,9.366124763336898e-05
11680,0.00010360782421183947
11681,0.00037395903881654805
11682,0.0001423604323502911
11683,0.00019510373126521596
11684,7.630256538804267e-05
11685,0.00011011550806372768
11686,0.00014644780831421766
11687,0.0001989464207693725
11688,0.00017308740139627003
11689,0.00011212709363248179
11690,7.015345999322858e-05
11691,0.00010048919711566771
11692,9.633080770257726e-05
11693,0.00019937123848181212
11694,9.847559729851107e-05
11695,0.0001013207820905354
11696,0.00012229806613596372
11697,7.432659518344634e-05
11698,0.00019645313232769332
11699,0.00017769607578539302
11700,7.012001212794058e-05
11701,0.0002866253862791436
11702,0.00028598782733222153
11703,8.621417371930955e-05
11704,4.525823484159826e-05
11705,2.668072104470167e-05
11706,9.798105865116285e-05
11707,6.172066455820137e-05
11708,6.241053930381486e-05
11709,7.213864860639287e-05
11710,2.3985187681247864e-05
11711,9.422567010498473e-05
11712,8.740278901781639e-05
11713,4.515282172457739e-05
11714,4.379126350824547e-05
11715,0.0001141744822218206
11716,0.0001645850240648376
11717,0.0001247186758924825
11718,7.530709928804441e-05
11719,0.00015229158787872412
11720,0.0002057614943880946
11721,0.0001242431013454904
11722,0.00011084518537848139
11723,0.00016215645705763837
11724,0.00010297449258473141
11725,6.114748012862585e-05
11726,0.00022980303831441603
11727,0.00014526484432541862
11728,0.00011765376757349164
11729,0.0002598291169444894
11730,3.26669552531482e-05
11731,4.64189338659223e-05
11732,6.353860823751188e-05
11733,0.0002509074949507541
11734,2.3603581773424168e-05
11735,0.00011471271516178406
11736,8.576346552019136e-05
11737,7.984555996817174e-05
11738,0.0001696943626969068
11739,0.00014643341240582497
11740,0.0002213152697185882
11741,0.00014199178440612429
11742,0.00017740628539100165
11743,0.0002328973433282978
11744,0.00026844688570339283
11745,5.940394196411711e-05
11746,9.339227996670832e-05
11747,7.642143851325672e-05
11748,6.738521340393913e-05
11749,0.00024498038396004724
11750,0.00011141431093361886
11751,0.00013687230709655816
11752,6.428591647224797e-05
11753,0.00016460785150819167
11754,5.423470650291787e-05
11755,0.00025512315603726314
11756,0.00019069264846900962
11757,7.771775381538217e-05
11758,8.419015382434266e-05
11759,0.0001336584167628234
11760,8.58163795619816e-05
11761,6.11967705873569e-05
11762,6.456060494961114e-05
11763,7.152586191725373e-05
11764,0.00015654592893952238
11765,0.0001002010796040316
11766,5.980572334234341e-05
11767,0.00012420701720853916
11768,6.0764987028453656e-05
11769,0.00011535473317243403
11770,0.0003038736318212907
11771,0.00015065162933146662
11772,0.0001770451296453846
11773,0.0001308311172553984
11774,0.00022643294462984786
11775,2.2083282826801413e-05
11776,0.00011436520209854914
11777,0.00014320432946633504
11778,0.00010964692761633876
11779,5.6042998019937244e-05
11780,0.00015370274992247403
11781,0.00017295014353997356
11782,8.31881224914932e-05
11783,0.00017236071547149982
11784,6.10423338017839e-05
11785,2.075654031039412e-05
11786,8.562319081524357e-05
11787,2.6763877681750148e-05
11788,0.00018674217799755254
11789,0.00020769618477404236
11790,8.894569768371893e-05
11791,8.794038496281377e-05
11792,3.858105548090053e-05
11793,0.00022766686093951555
11794,0.00010210632063400966
11795,0.00016605637223181176
11796,0.00020067563690157
11797,0.0002106291267510159
11798,4.6625810513482056e-05
11799,0.0001318873963781753
11800,0.00017569080030464766
11801,8.164692845165412e-05
11802,7.297303832646277e-05
11803,0.000233792298857879
11804,0.00012539933135487078
11805,0.00012848081620907376
11806,7.062081889424519e-05
11807,9.02452251951772e-05
11808,0.00011170148998406341
11809,0.00013077576373853744
11810,0.00010435850391179492
11811,0.00011496738013195936
11812,0.0001234482042509084
11813,0.00014537106353149
11814,0.00017466344948869592
11815,3.5173530269482035e-05
11816,0.00011075880382640233
11817,0.00016694301214191266
11818,0.00023614223712821407
11819,0.00010990832307889898
11820,0.00013496178795216284
11821,8.990088458263738e-05
11822,0.0003110451697203904
11823,0.00020183578754579242
11824,0.00023354817412501988
11825,0.00021136574204415657
11826,0.00021556989748518763
11827,8.574865838784348e-05
11828,0.0002480272853268816
11829,1.9452176233851303e-05
11830,0.00012186866873757422
11831,0.0004307585227871729
11832,7.343941102404705e-05
11833,8.604888375471839e-05
11834,0.00019662326653899117
11835,7.502255125119733e-05
11836,0.0001583435000462296
11837,0.00020971473131698668
11838,0.00022563121827905554
11839,0.00013886316794051547
11840,0.00015094444394811451
11841,0.00022119236628101723
11842,0.00034964338589195225
11843,0.00016046461594808103
11844,0.0001456041862388567
11845,5.920500067249337e-05
11846,4.185981327005243e-05
11847,9.30685038994521e-05
11848,8.404732446061924e-05
11849,6.037135145165461e-05
11850,5.0506922319366206e-05
11851,0.0001731314415191678
11852,9.527195996587177e-05
11853,8.115623087339245e-05
11854,0.00021563431204879807
11855,0.00010996962761538625
11856,7.188412981571707e-05
11857,2.71908412146964e-05
11858,0.0001522481715110593
11859,4.898535813744589e-05
11860,9.96143829852784e-05
11861,0.0004959106667766267
11862,0.00013942728942211436
11863,7.806840671379095e-05
11864,0.00013602333575741927
11865,0.0002234025628815829
11866,3.979536689969469e-05
11867,0.00016231645099903247
11868,0.00016424928427366574
11869,0.00010727400193123827
11870,9.314474389013446e-05
11871,9.727349936449793e-05
11872,0.00010841580151451608
11873,0.00015906568875295737
11874,9.124672131658205e-05
11875,0.00012318227295332187
11876,9.73357078009814e-05
11877,4.171307111120396e-05
11878,1.955500549617859e-05
11879,6.419187961685919e-05
11880,0.0001438826741738325
11881,0.0002547417262034815
11882,6.34203194280635e-05
11883,0.00010984795949424489
11884,8.908232220391924e-05
11885,0.00017160774817702044
11886,0.00013740368094153818
11887,4.9328989311498384e-05
11888,0.00017250471324196291
11889,0.00017162132862824913
11890,7.83664603026929e-05
11891,0.00015810029846150927
11892,0.00012633194306475021
11893,8.587321058262825e-05
11894,0.00021101998679411125
11895,0.00018771319886053548
11896,0.00011168468297451974
11897,8.86936668979223e-05
11898,0.00017836456610387995
11899,0.0001867823326031982
11900,0.00019979341196159212
11901,0.0001654790004102838
11902,0.0001559976319315443
11903,9.248074616648627e-05
11904,0.0001884002675878064
11905,0.0003475060605432987
11906,7.636763347474256e-05
11907,0.00014156628183266932
11908,0.0001014193633568492
11909,0.00016272231681588642
11910,0.0002158027114548548
11911,0.00019076635118982
11912,0.0003808298428728753
11913,9.093601411442585e-05
11914,8.845503636597443e-05
11915,7.347760762052552e-05
11916,7.428616500676648e-05
11917,4.3728856711612634e-05
11918,0.00018976668090451337
11919,0.0002011544133304314
11920,8.120205211035133e-05
11921,0.0001681793676721779
11922,0.00015922646638844026
11923,0.0001202222515484418
11924,0.00012309083385251025
11925,0.00012912789010437482
11926,0.00021632332307602617
11927,0.00010682076576875893
11928,5.571329525606377e-05
11929,0.0001279565639718584
11930,0.0001983032107049435
11931,6.654513423824657e-05
11932,0.00013338345779655722
11933,0.00025708150889111104
11934,0.00019497641131012075
11935,8.27462988796787e-05
11936,0.0001518935403829723
11937,0.00026550801923535335
11938,0.00011470908428506661
11939,0.00013326949922878878
11940,0.000146740122134978
11941,7.44390849120511e-05
11942,5.9945739153855835e-05
11943,9.764487601730098e-05
11944,0.00017930836725490833
11945,0.0001307913371208335
11946,6.131885162634466e-05
11947,0.00011600587104604688
11948,0.00016216162598769638
11949,4.338676491680434e-05
11950,8.948507323471057e-05
11951,0.0002766226295620535
11952,4.119355903215917e-05
11953,8.304301784271068e-05
11954,0.00028027036393490586
11955,0.00016473262292218848
11956,5.1649150731865066e-05
11957,0.00010475606948575878
11958,0.00019316605097589233
11959,8.481509724368724e-05
11960,0.0001180087237733261
11961,9.077303941183898e-05
11962,0.00016611728894856575
11963,0.00023294047422896908
11964,3.4163597831658965e-05
11965,0.00030226385871197576
11966,0.00012849812970568532
11967,8.819034573481619e-05
11968,7.330304452160935e-05
11969,0.00017909458123801296
11970,4.304252432863439e-05
11971,9.318361767178651e-05
11972,4.440371226978161e-05
11973,9.96600836573584e-05
11974,0.00010707267574533776
11975,0.000276644909064132
11976,9.951487375216308e-05
11977,0.00012295999839016033
11978,6.359430982637155e-05
11979,2.614820173638203e-05
11980,7.905635022345024e-05
11981,5.614670776795305e-05
11982,0.00010409010255142621
11983,2.4887646586938007e-05
11984,5.146408353950037e-05
11985,0.00017680063214708561
11986,9.731910078397594e-05
11987,9.481594329464202e-05
11988,0.0001577064871578377
11989,8.716494136244196e-05
11990,0.00010790501524213665
11991,0.00028566744434712184
11992,0.0001795749867330471
11993,0.00018069501346566072
11994,9.849469972995332e-05
11995,0.00011201786401772833
11996,0.00011608619603454469
11997,4.180269651931973e-05
11998,6.287124933080158e-05
11999,0.00030519411549799686
12000,0.00010136187254400465
12001,0.00013937501884254177
12002,0.00012120239798555911
12003,0.00010826475526628093
12004,0.00013137193620634511
12005,0.0001251132139691002
12006,5.1222107166571405e-05
12007,4.2749952784395834e-05
12008,5.42979676062078e-05
12009,0.00021146870687498582
12010,0.0001836427976636055
12011,9.911596792758227e-05
12012,0.00018571241637314423
12013,0.00022130821917136923
12014,4.499200881252714e-05
12015,7.261968325140095e-05
12016,0.00010877793000177041
12017,8.518575042178492e-05
12018,0.0002368150738098323
12019,0.00012176843473220763
12020,0.00016341115632068266
12021,0.0001863704438835309
12022,0.00011009140329489992
12023,0.0001785037186430442
12024,0.00010236742683506571
12025,0.00012211109042463962
12026,9.584762920231134e-05
12027,0.00011938321859756238
12028,0.00012055722470121542
12029,0.0002924710697499537
12030,0.00015933510573929824
12031,7.736297805210867e-05
12032,8.809376965053251e-05
12033,0.0001329943100318471
12034,0.00022506330548278578
12035,5.910436536929758e-05
12036,0.00013028625539050203
12037,0.00019393030272373888
12038,7.65100314372223e-05
12039,0.00015865594317703528
12040,2.2301429657419468e-05
12041,9.340444513079289e-05
12042,8.187596173959806e-05
12043,6.857518294364203e-05
12044,0.00012673292600158293
12045,5.233292274904222e-05
12046,0.0002048920159954655
12047,7.43135289510727e-05
12048,0.00012220084044942608
12049,7.025071438890394e-05
12050,6.318900005928792e-05
12051,5.917720129089593e-05
12052,0.0001413526227567133
12053,0.00011965070755525354
12054,9.772130848004295e-05
12055,4.985610922645688e-05
12056,0.00010047509897069915
12057,0.000155894710950102
12058,0.000262137632842218
12059,9.599769418631958e-05
12060,0.0002495808903977955
12061,4.224230447998935e-05
12062,0.00024093453086423025
12063,6.330063166297864e-05
12064,0.00020249093269517342
12065,5.9362380773566816e-05
12066,0.0001850654116578668
12067,0.00013575524295423235
12068,0.00015815553237934422
12069,0.00013345475762897572
12070,0.00010669295614083478
12071,9.045877223304085e-05
12072,0.00013118070471382798
12073,0.00011657896828212979
12074,5.0308001702569164e-05
12075,0.00011604843784749853
12076,8.28235142921597e-05
12077,0.00010327111598051162
12078,4.0333876698234654e-05
12079,0.0001302703947438165
12080,5.666638892856422e-05
12081,3.499570847639513e-05
12082,0.00011887448271898923
12083,9.937477707678774e-05
12084,6.253764986384823e-05
12085,9.635147009872577e-05
12086,0.00016421899771127424
12087,7.550025893868879e-05
12088,8.506402478078327e-05
12089,0.00012153365968519918
12090,9.27430504521106e-05
12091,6.802331886261595e-05
12092,4.003616436941642e-05
12093,0.00022077520328611953
12094,5.252653464663035e-05
12095,0.00014369198461474473
12096,8.171813138989458e-05
12097,6.265497721046438e-05
12098,0.00012024089549583748
12099,3.2831691606701336e-05
12100,0.0001830175267831034
12101,7.502761174188096e-05
12102,3.466650257638872e-05
12103,0.00021944319696498693
12104,0.00014003373505294588
12105,7.000662233354237e-05
12106,0.00014023077949100612
12107,0.0001130138407900537
12108,0.00012956540713310912
12109,0.00010682847700064208
12110,0.00021416338283412878
12111,6.229102210103917e-05
12112,0.00011602401704237244
12113,8.941927380041322e-05
12114,5.997739429992018e-05
12115,0.00017260066443114755
12116,6.198852791117725e-05
12117,0.00016460757203699087
12118,0.00020275903316751713
12119,7.183755015992891e-05
12120,5.859938694043657e-05
12121,0.00014816472647378274
12122,0.00020836497993939005
12123,8.719910682177432e-05
12124,0.00019391188006890074
12125,7.31935790725929e-05
12126,5.239233007919337e-05
12127,9.6414674913747e-05
12128,0.00016598360742026665
12129,0.00010503469450602903
12130,4.6706280303951575e-05
12131,0.00012226614847916004
12132,0.00016972517258369424
12133,0.00011487341871195601
12134,0.00013557851246705032
12135,0.00012447178201801146
12136,8.275378882772045e-05
12137,5.897193463617942e-05
12138,0.00013794560275395032
12139,0.0002784159914182977
12140,0.00010010671895127576
12141,0.00014388691710848315
12142,0.0002032775462766256
12143,0.0002225474164489561
12144,2.813101503428271e-05
12145,0.00015503859839219067
12146,0.0001242079323182908
12147,0.00020387893655364505
12148,0.00013009498330982617
12149,0.0001280186472121745
12150,0.00013420122446871797
12151,8.3466122491873e-05
12152,0.0001132751175048961
12153,0.0001364091208165742
12154,0.0003195708960055839
12155,2.8805638643380336e-05
12156,0.0001332661463440609
12157,0.00014841888827643747
12158,7.266802516721265e-05
12159,0.00015046406910947943
12160,5.59806644232347e-05
12161,6.52464163619947e-05
12162,0.0001778311238402014
12163,0.00012609266801656718
12164,0.00016435841475247428
12165,2.4313148884700693e-05
12166,0.00022408558665454358
12167,0.0001281133160093527
12168,0.0002959105767852278
12169,0.00011732911492958236
12170,0.00016748868733319
12171,0.0001469402947880494
12172,8.32202852732045e-05
12173,0.00023518705322164067
12174,0.00011885331416652435
12175,7.58900329118956e-05
12176,0.00013626054186518974
12177,7.768811145600208e-05
12178,4.3178303042873936e-05
12179,2.7706057905553896e-05
12180,8.098601854388194e-05
12181,0.00015378582976848518
12182,0.00026983140187027973
12183,0.00010015795661238675
12184,7.56826904722686e-05
12185,0.0001655443328011911
12186,0.0002894032994037821
12187,7.45309916494434e-05
12188,0.000174449114063244
12189,7.456513600993591e-05
12190,0.00012874272645411615
12191,8.984424862189521e-05
12192,0.0003534069990744984
12193,0.00014965892044295766
12194,0.0001815803535514656
12195,0.0002609903327083172
12196,0.0001826083279102513
12197,4.925305397539678e-05
12198,0.00015532280398260768
12199,0.0002169908888073943
12200,9.128674808266784e-05
12201,8.174690975811453e-05
12202,7.56524655849682e-05
12203,5.436575871948748e-05
12204,0.00010818796824093453
12205,0.00012570902384931057
12206,6.957166452106716e-05
12207,0.00013557308392974328
12208,5.198755379931432e-05
12209,0.00014306227006934087
12210,0.00010387751579261983
12211,7.653925711626803e-05
12212,0.00018262978889745655
12213,8.541439050227282e-05
12214,9.878856490275678e-05
12215,0.00013886333999849382
12216,0.00014328700432917252
12217,8.704524641750769e-05
12218,0.0001184420171447312
12219,0.00012996239892779194
12220,0.00015184375454718475
12221,0.00012912552141221368
12222,0.0002366470551986325
12223,0.00012746741908464544
12224,0.0001264431864829234
12225,8.241217907311446e-05
12226,5.233086975869742e-05
12227,0.00014456215936157915
12228,0.00041463983897877535
12229,0.00012670323972880894
12230,6.349487842822702e-05
12231,7.725180796130461e-05
12232,7.89790438261264e-05
12233,0.00012319608440997974
12234,0.0002678250969609499
12235,0.00022380650068621173
12236,7.787153619610676e-05
12237,5.842773162842739e-05
12238,0.0001918798818414691
12239,5.604755573650735e-05
12240,4.244556000390674e-05
12241,0.0001597583049021574
12242,8.436505528586899e-05
12243,6.194882264890026e-05
12244,5.4302795924918085e-05
12245,6.938915144553077e-05
12246,0.00014122969282469864
12247,7.881870557525683e-05
12248,6.972398320620327e-05
12249,0.00017674920599401522
12250,7.682287710464791e-05
12251,0.00012666337779336913
12252,0.00013829942842354183
12253,4.9711974532743103e-05
12254,9.825658597763081e-05
12255,0.00027469708453975846
12256,7.686196449966442e-05
12257,0.00010100236708390042
12258,0.0001595365953416321
12259,0.00010491769523075007
12260,2.8604094000365576e-05
12261,0.0001611081620434651
12262,0.00014000044147927904
12263,0.0001433633243917044
12264,0.00016624474236815457
12265,0.00015320844576744032
12266,0.0001537086335388519
12267,4.808945481481972e-05
12268,8.126293361158284e-05
12269,8.759281918275547e-05
12270,0.00016280982769055648
12271,8.789731114620215e-05
12272,0.00022818192828479196
12273,6.163439906887129e-05
12274,5.562405933383996e-05
12275,4.7766151589647014e-05
12276,3.470257272665956e-05
12277,0.00039337648608884574
12278,7.969889218663567e-05
12279,6.229796952435569e-05
12280,6.678316399073771e-05
12281,8.857222637212934e-05
12282,0.00036562383133316326
12283,0.00012340975995459973
12284,0.0001335085174902417
12285,3.328993105188846e-05
12286,8.554875515554995e-05
12287,8.424178103972066e-05
12288,0.00023576829232666908
12289,3.967656454594275e-05
12290,6.700951172311574e-05
12291,5.67634785862221e-05
12292,6.255217863745056e-05
12293,0.00018911255450362326
12294,0.0002826473652063841
12295,9.67210823743134e-05
12296,8.978910346050391e-05
12297,0.00012295260513626815
12298,0.00015266442110291738
12299,6.9503675500636e-05
12300,5.9130934440557645e-05
12301,0.0003042925980704386
12302,0.00015750385614723096
12303,8.63983466641365e-05
12304,3.87336381610109e-05
12305,0.00014054456087278058
12306,0.00011091362711215303
12307,0.0003054783422701971
12308,0.00010451645922115829
12309,0.0003183811171701901
12310,9.424765639892021e-05
12311,0.00014006051189547182
12312,6.0328659518479755e-05
12313,0.000139716154825685
12314,7.088803062040725e-05
12315,8.276236966830221e-05
12316,5.100396336518576e-05
12317,0.00011875874476073596
12318,0.00012509154976302723
12319,0.00011069916528218002
12320,9.620100896472013e-05
12321,0.00014444883630167747
12322,0.00012418660828258102
12323,0.00011035416390232981
12324,8.405084919835685e-05
12325,0.00015210659775086928
12326,0.00010164496910034362
12327,0.00020814262926626017
12328,6.620299159130169e-05
12329,0.00033389128117168793
12330,9.13486797208192e-05
12331,0.00013280922460402438
12332,0.00011898643830422788
12333,8.528550506700061e-05
12334,8.07149792423689e-05
12335,0.00022849926611837507
12336,0.00012521610897086387
12337,0.00011949002815418593
12338,0.00017813032894318517
12339,6.877349534009449e-05
12340,8.42377134379359e-05
12341,6.745250423462097e-05
12342,6.801260979567932e-05
12343,3.627677929501562e-05
12344,0.00012720507598517277
12345,0.00012757446741384185
12346,0.00032434536827435223
12347,7.886432023735485e-05
12348,0.00015161242157590296
12349,6.647445350221274e-05
12350,0.00010539103483094818
12351,0.0001499865179644873
12352,0.00016767363576002066
12353,0.00019713115560796013
12354,6.812783227702134e-05
12355,0.00014828789200794105
12356,0.0001129587433267886
12357,7.317058404756164e-05
12358,0.00020258979944436916
12359,7.520634724906408e-05
12360,4.900228733766235e-05
12361,0.00044459870780509724
12362,6.927846494628964e-05
12363,4.0970688987167655e-05
12364,0.00015977963581671794
12365,8.289789127131964e-05
12366,4.7315917223449025e-05
12367,6.614446158221566e-05
12368,0.00013124043763515739
12369,0.0001662203646038369
12370,0.00014346566592712172
12371,9.993588724896554e-05
12372,0.00012257317128216766
12373,7.414967356150266e-05
12374,5.782432620412947e-05
12375,9.404996613930637e-05
12376,0.00010753600299729685
12377,0.00012109521958990094
12378,0.0001430588765325492
12379,4.611625854548532e-05
12380,0.0001401137508501147
12381,9.720904773857024e-05
12382,0.00012998275035349088
12383,7.428846816518928e-05
12384,6.315368993987614e-05
12385,8.97800751082993e-05
12386,0.0001308493719452905
12387,5.9003597783788294e-05
12388,0.00012789560508455895
12389,8.159370718324757e-05
12390,7.669775090941131e-05
12391,7.825827060110058e-05
12392,0.0001798797120022862
12393,0.00011940653440623425
12394,0.0001485168834440329
12395,0.00030870054818653254
12396,0.0003641067496224044
12397,5.233087140837358e-05
12398,0.00012082077315528566
12399,6.406193445685343e-05
12400,3.400890528399001e-05
12401,9.136408887542843e-05
12402,0.0002583199271010992
12403,0.00028977845352975317
12404,8.292359879511392e-05
12405,2.7823236742751895e-05
12406,0.0002603540131167352
12407,0.00036570598764684367
12408,0.00015099491380868448
12409,0.00011885039418274874
12410,0.00015798197982993774
12411,4.034979033396901e-05
12412,7.805207980261112e-05
12413,0.00021676063003647062
12414,0.00022773256470261583
12415,8.386865430498586e-05
12416,0.000190690871137674
12417,0.00010121832564111118
12418,7.780079083074065e-05
12419,6.974411800429586e-05
12420,0.00010847922640577759
12421,0.00014869340897741436
12422,0.00016745816474766735
12423,7.902201906421637e-05
12424,0.00013672429317134624
12425,8.64749370591186e-05
12426,5.159509588002574e-05
12427,5.003767502281755e-05
12428,6.630655774444015e-05
12429,0.00010957470111443596
12430,0.0001301655297142649
12431,0.000138893092063232
12432,6.966671320902495e-05
12433,0.0002566159414244421
12434,0.00023270046725399495
12435,7.435216353962219e-05
12436,8.286641457996746e-05
12437,0.00019435925685457067
12438,0.0001236182641095093
12439,4.518892079957993e-05
12440,0.0001706407539370978
12441,6.21098333146316e-05
12442,0.00012756045257103388
12443,0.0001048044012773688
12444,0.00021287029289483332
12445,5.697449860979181e-05
12446,8.191428674454436e-05
12447,7.301113442814832e-05
12448,7.725913564844788e-05
12449,0.0003201081842301627
12450,0.00019774693651658412
12451,4.940335225651929e-05
12452,0.00011459723918686796
12453,0.00029465005500825027
12454,0.00014525061271761501
12455,0.0001684747412599311
12456,0.0001056683448314527
12457,8.220086062313971e-05
12458,0.00013400916142191255
12459,0.00012946021148207244
12460,7.741490083574906e-05
12461,0.00023992089240756936
12462,0.00010697671508238901
12463,0.00015265560991198945
12464,6.068706121841147e-05
12465,0.00017204172947695904
12466,5.149597429054678e-05
12467,0.0001007013191136172
12468,0.00010669929247716791
12469,0.00025530273095786786
12470,0.0001791509144554359
12471,0.00016585474724032864
12472,0.00013374302815993464
12473,0.0001890952333564974
12474,0.0002766291387077394
12475,0.00013043262065645867
12476,3.9943184070951766e-05
12477,7.301731018762657e-05
12478,7.547436079792397e-05
12479,7.881460531209222e-05
12480,0.00010796293408243379
12481,5.8302538429825605e-05
12482,0.0002513848355629111
12483,0.00010236549633133897
12484,0.0001896647315660191
12485,9.57633095419127e-05
12486,0.00024878433489914693
12487,0.00013284846893153133
12488,0.0001731822804507133
12489,8.012183071504143e-05
12490,9.938290464318774e-05
12491,0.0003240771743795721
12492,0.00034765519943984793
12493,0.00014611883386254486
12494,9.928588309542575e-05
12495,0.0002653655042628107
12496,0.00014417129573930323
12497,9.664851418887639e-05
12498,0.00014178429928638563
12499,0.00019237553259625996
12500,0.00020306256274389074
12501,0.00011307321088756278
12502,8.599646953232256e-05
12503,0.0002842998024107083
12504,0.0001691039543054168
12505,0.00018561306843881988
12506,6.234125881591067e-05
12507,4.2092936452822435e-05
12508,9.338919650568493e-05
12509,0.00015255227664457796
12510,0.000212499901724098
12511,6.786245578050091e-05
12512,5.957525280430742e-05
12513,0.00013243766315233101
12514,5.190431838047044e-05
12515,8.106389442142468e-05
12516,7.333029323765294e-05
12517,0.00020156686818369998
12518,0.0003078631315620885
12519,0.0001644360711729182
12520,9.555887640672864e-05
12521,0.00017846641265078662
12522,0.0001006765795043655
12523,0.00011618868210719463
12524,8.722521781920231e-05
12525,5.325920014663898e-05
12526,0.00014864920895645624
12527,7.066374289655418e-05
12528,0.00011720668990079051
12529,5.864565619921012e-05
12530,0.00010391039688205012
12531,0.0001933874559578768
12532,0.0002588217178814194
12533,0.0002851966543710866
12534,5.473379322575767e-05
12535,4.893288915076687e-05
12536,7.518924289745108e-05
12537,0.00012763891887406718
12538,0.00013670269396462984
12539,0.00016499436247061685
12540,0.00012970093243271904
12541,0.0002587116381563508
12542,4.871997019648372e-05
12543,0.00018490218881575548
12544,0.00020797006607812016
12545,0.0001640944521827471
12546,0.00018729295061448945
12547,0.00010297719904845646
12548,8.441707557194627e-05
12549,7.329771952022797e-05
12550,0.00011174532940335135
12551,0.0001322911798433383
12552,0.00011022998424312951
12553,9.146457950002796e-05
12554,0.0003232027282727183
12555,0.00018435413743297916
12556,6.505504067852151e-05
12557,0.00011206684150026837
12558,8.858691765787355e-05
12559,0.00013721559340999103
12560,0.00011141257185786691
12561,0.00029167125386093284
12562,7.093381350902304e-05
12563,0.00020223838884474962
12564,5.589865311401142e-05
12565,0.00013593075371952297
12566,9.950340357895988e-05
12567,0.00014694775625382419
12568,3.936697148153079e-05
12569,7.900045863150517e-05
12570,0.00011305690035413338
12571,5.380498172635898e-05
12572,0.0001315594809093753
12573,0.00019856553119166465
12574,0.00014984149873797359
12575,0.00021471984326615847
12576,0.0002291662593549978
12577,0.00015658171363203366
12578,5.94772479234423e-05
12579,5.386615100838958e-05
12580,9.301880976703633e-05
12581,0.00010377344123369204
12582,0.00020474612574558474
12583,0.00018318705390153736
12584,0.00021345167221599803
12585,0.00010079113681051237
12586,7.429413705956311e-05
12587,7.224846285359523e-05
12588,0.0001666989698669522
12589,0.0001375044174769698
12590,0.00018525332894108482
12591,0.00011153541415641788
12592,0.00015552251416605842
12593,0.00010420992214664576
12594,4.1176541112454e-05
12595,0.00015628798012185696
12596,0.00012520848596070193
12597,6.694831562184948e-05
12598,4.764302039297197e-05
12599,4.009868109145826e-05
12600,6.518450104044071e-05
12601,0.00012107575067904014
12602,0.0001152497976253364
12603,0.00013283822785320885
12604,0.00010606535457445031
12605,0.00013996782139185347
12606,8.679302931223178e-05
12607,0.00010036043663880855
12608,3.980383881770038e-05
12609,0.0001794783857538971
12610,0.0001080017049650536
12611,0.0001998600125870039
12612,7.053182117737352e-05
12613,5.517633854982824e-05
12614,0.00016066230356079548
12615,8.09554685286451e-05
12616,9.378097335386177e-05
12617,3.981706352206101e-05
12618,6.638224034090373e-05
12619,0.00011615549508270613
12620,0.00015359397787567184
12621,0.00020683755935959388
12622,0.00010388735424535637
12623,0.0001299448346416898
12624,0.00014734729516408505
12625,0.00012903866923312705
12626,0.0001063782163391206
12627,0.0001561253973343152
12628,0.00024072740615612182
12629,7.89079678921744e-05
12630,0.00020134695188567175
12631,0.0001238450302815532
12632,7.101660118461903e-05
12633,0.00015441308108714178
12634,3.7388105159340507e-05
12635,0.00012924621008700667
12636,1.6226515448609746e-05
12637,8.029601548123494e-05
12638,8.0525548185199e-05
12639,9.330783520328727e-05
12640,0.0006986425654964173
12641,6.471388966667039e-05
12642,8.857443498933924e-05
12643,0.00018695923717564338
12644,0.00020771171834209546
12645,0.00015128596475314556
12646,0.00012435073482614987
12647,0.00012001206704847821
12648,3.280703185714044e-05
12649,0.00013024465281074864
12650,5.6706668440549625e-05
12651,0.00019441193509578617
12652,5.276053826973025e-05
12653,0.00011295855472767048
12654,0.00011088102224449991
12655,0.00011291230793791814
12656,5.499825865971926e-05
12657,0.000107228185642752
12658,0.0001428582423990993
12659,0.00016747725753136984
12660,0.00010251923390759002
12661,0.00013090374649165934
12662,0.0001271366547832469
12663,0.0001123379146200159
12664,9.556604856498011e-05
12665,0.0002291137263128867
12666,0.0002506456687794244
12667,0.0001896141209631362
12668,4.141508319950777e-05
12669,8.998012304656758e-05
12670,0.00018740293998428196
12671,0.00028291623063002525
12672,5.3383365816647563e-05
12673,9.847899587087857e-05
12674,5.959527019414473e-05
12675,6.983247243610481e-05
12676,0.0001532688178600489
12677,0.00011316994930938838
12678,0.0001469201041068279
12679,0.00025515426421487725
12680,0.00018219590154084622
12681,7.257602791319922e-05
12682,0.0001730191302947669
12683,6.857925045195468e-05
12684,9.459698585293844e-05
12685,0.00020613617279883123
12686,0.00011622353655140854
12687,4.8406788151821073e-05
12688,0.0001208041709509463
12689,0.00015522105612416384
12690,0.00013065756953815013
12691,0.00014999597321209264
12692,0.00013795288895627884
12693,7.934623609009455e-05
12694,0.00011881336789225819
12695,5.384814099192188e-05
12696,7.502818248096202e-05
12697,0.0002845326568677661
12698,0.000230542916390418
12699,0.0002614072265927439
12700,6.359970902171028e-05
12701,0.0001325270932238082
12702,4.166041813772828e-05
12703,4.921673719619563e-05
12704,0.00014634090459857808
12705,0.0001886245659125295
12706,6.355237000101412e-05
12707,0.00020725195758604132
12708,6.614390775498665e-05
12709,0.00016678053795607988
12710,0.00016868535383191753
12711,0.00016852767578014551
12712,6.399594566542632e-05
12713,0.0002304428279570685
12714,9.025551684177063e-05
12715,6.733263711677112e-05
12716,8.123580091566425e-05
12717,4.5517904924739897e-05
12718,0.0001075351586039073
12719,0.00017412120615728095
12720,0.0001897705633367001
12721,5.342084221462523e-05
12722,0.00017715707249717062
12723,0.00016196568319378076
12724,0.00018065266104855593
12725,4.760948234368597e-05
12726,5.135146660721715e-05
12727,0.00028857026624901875
12728,5.3051549413484574e-05
12729,0.00010543008781351026
12730,8.364198619781152e-05
12731,8.671560143589134e-05
12732,8.366706341074748e-05
12733,0.00010165326878246381
12734,8.96881948921521e-05
12735,8.270116995210724e-05
12736,9.305854155271993e-05
12737,0.00013902342333184232
12738,6.526243579213781e-05
12739,0.00011138967866949635
12740,0.00013055157659617165
12741,0.00011758571468248438
12742,0.00019120273090337397
12743,0.00010897261277950396
12744,4.4755587965808854e-05
12745,2.4443219079247364e-05
12746,8.679635317719494e-05
12747,6.667363502866147e-05
12748,0.00021238459057673306
12749,3.701385874342297e-05
12750,0.00010654566201913109
12751,0.00010567120632956468
12752,7.856070821134385e-05
12753,7.38432013213792e-05
12754,8.152043808698207e-05
12755,0.00017931189886593793
12756,0.00015048295570430483
12757,6.205074911951484e-05
12758,2.869680292129153e-05
12759,7.502883557868354e-05
12760,0.00015065641907670803
12761,3.531783308007595e-05
12762,9.561399554171009e-05
12763,0.0001490246168196879
12764,0.00013549081695556601
12765,0.00010039979069734604
12766,9.365839074589447e-05
12767,3.923520136275833e-05
12768,8.9299850662771e-05
12769,0.00010835526066053626
12770,7.32207928343906e-05
12771,0.00017284369172071846
12772,0.00012134694503852399
12773,0.00018827302502784997
12774,0.00010909433596587008
12775,6.118237720991453e-05
12776,0.00013348758258017248
12777,0.0001911762939035701
12778,0.0001735196265093093
12779,7.883088313140697e-05
12780,0.00015167807959637038
12781,9.660022582188513e-05
12782,0.00010984897200807368
12783,0.00010511570952555349
12784,0.00012757790200661567
12785,0.00017713074925316917
12786,6.752585588999943e-05
12787,0.00011555436135648557
12788,6.437271832468184e-05
12789,0.00014228424393651328
12790,0.00012727852492581601
12791,8.102858789034033e-05
12792,0.00010227172098842726
12793,0.00014435031021779908
12794,0.00012092254811595675
12795,0.00010681584208984231
12796,9.497213481616932e-05
12797,0.0003194516652657704
12798,0.00027521248992577664
12799,0.00015666605820484868
12800,0.00029097023403741715
12801,0.00015242260047179657
12802,0.0002299529478898619
12803,0.00017277511698247835
12804,6.49212423409054e-05
12805,0.00010326539604974893
12806,1.87308129135978e-05
12807,0.00016876162036054377
12808,9.698611302192738e-05
12809,0.00022222195168308353
12810,7.256818503136827e-05
12811,0.00011360950761763539
12812,0.0002364481562041155
12813,4.45112871352186e-05
12814,8.562207058299362e-05
12815,7.476633168033163e-05
12816,0.00017240731489084828
12817,0.00017103025808954403
12818,6.34496878410297e-05
12819,0.00014872230671952947
12820,0.00010444299416614097
12821,7.144406435672689e-05
12822,9.571812176356526e-05
12823,7.883742192062123e-05
12824,0.0001336001482384595
12825,3.82607956397703e-05
12826,0.00022760634629584702
12827,0.0001683770307156917
12828,0.0001408312732425469
12829,1.7421966295969477e-05
12830,0.0003129650323043358
12831,5.989519023297546e-05
12832,0.00015615646783404203
12833,3.845690723766575e-05
12834,7.589992454743416e-05
12835,0.00011870016807358588
12836,0.0001463104135542904
12837,0.00010975681854867856
12838,0.00021698720155908065
12839,0.00015176264302506787
12840,0.00020609725729626137
12841,0.00011682310815814695
12842,0.0001285496622055141
12843,0.00014952255823027385
12844,6.547903300555416e-05
12845,5.555540241889003e-05
12846,2.3652573142200326e-05
12847,0.00023105856643922652
12848,5.819237898447547e-05
12849,0.00012260024927669496
12850,8.284888958915682e-05
12851,3.8481908904529134e-05
12852,8.430876045054273e-05
12853,0.0001798919644439608
12854,0.00012313161860869323
12855,0.00015233839397389587
12856,0.00010955404741824244
12857,0.0001638416929784078
12858,4.8668452262594476e-05
12859,8.861474756661144e-05
12860,0.00010116641620900067
12861,0.00020291956021790272
12862,0.00012233734732966856
12863,9.448939064313702e-05
12864,0.00016653968098576067
12865,6.586595312280951e-05
12866,6.150968561831193e-05
12867,0.0001216991908630509
12868,0.00012731590734566358
12869,9.963737733848398e-05
12870,0.00021598593968358366
12871,0.00010798930085767472
12872,9.761387205646952e-05
12873,5.582990294190997e-05
12874,9.382110847510971e-05
12875,8.163370558235275e-05
12876,7.828721485244195e-05
12877,5.056774185070927e-05
12878,9.559108765603384e-05
12879,0.00016394743640226354
12880,9.951529490212404e-05
12881,0.0001846001689838974
12882,0.0001063133298981528
12883,7.431615796783139e-05
12884,0.000178282603551302
12885,0.0002485119615260142
12886,5.7466038095392565e-05
12887,7.393140731926849e-05
12888,0.00014764908553613156
12889,0.00013850629681224058
12890,0.00010991247682969169
12891,0.00011243557623716476
12892,6.238840115535344e-05
12893,8.385339139885172e-05
12894,7.838782509663393e-05
12895,0.0003002616381090784
12896,8.695135871204476e-05
12897,0.00016830388243579606
12898,7.616926360796012e-05
12899,7.77659595176141e-05
12900,0.00014522168467270792
12901,0.00010224569573671988
12902,0.0001370838713224245
12903,0.00014207471467462656
12904,7.098482866150905e-05
12905,0.0002305509062603784
12906,8.284451826058069e-05
12907,0.00014368768328986177
12908,0.0001662132991749967
12909,0.00011552389639815804
12910,0.00016703823445831468
12911,8.976155493546243e-05
12912,6.206945083580447e-05
12913,0.00015083943098700295
12914,5.0954060072750214e-05
12915,5.252032787299408e-05
12916,0.0001658114781440126
12917,0.00015369903074722668
12918,6.977470429627825e-05
12919,5.005690465720613e-05
12920,0.00014097605711318185
12921,4.5144407759003585e-05
12922,0.00018720778965948464
12923,0.00010076252678798163
12924,0.0001270871606865735
12925,0.00010509240275803903
12926,4.2854065448138316e-05
12927,6.731307478130391e-05
12928,0.0002634466238389588
12929,0.00019899804257832122
12930,0.0004901156508462653
12931,0.00014775444232623897
12932,0.00013591945231331262
12933,7.955890680318667e-05
12934,8.685752709301462e-05
12935,7.370570520658006e-05
12936,7.692884122543117e-05
12937,2.7813250508962457e-05
12938,4.993621983635751e-05
12939,0.00024230259611123577
12940,7.944495657183241e-05
12941,7.955107764651572e-05
12942,9.410188500511335e-05
12943,0.00010867182736217071
12944,5.6104690194212963e-05
12945,0.00012592948745363252
12946,0.00010345217675224382
12947,9.2725960265078e-05
12948,8.677915567194069e-05
12949,7.254761100319691e-05
12950,6.848059173440519e-05
12951,2.9106798178985602e-05
12952,0.00011744759393325982
12953,0.00028146892752678877
12954,0.00012349816001961688
12955,0.00012692653787567209
12956,2.960307415429263e-05
12957,0.00014190104740817002
12958,0.00035766461917444793
12959,0.00020091849505816787
12960,0.00020319902488262156
12961,3.6429131293888955e-05
12962,7.59196856192972e-05
12963,4.256231964976172e-05
12964,0.00012862577337631207
12965,0.00017907660410814
12966,7.342123550873198e-05
12967,0.00015008825145698148
12968,0.0002257302703486466
12969,0.00020157412454017704
12970,0.00014366745082613206
12971,0.00012256894342459375
12972,8.387203362125155e-05
12973,0.0001002082510571437
12974,9.083143348313219e-05
12975,4.39919964134511e-05
12976,0.00023373517295674511
12977,0.0006481105009503435
12978,6.597383778284576e-05
12979,7.640926076647594e-05
12980,0.00017490143364600952
12981,0.00020108095193804024
12982,9.685526876796785e-05
12983,0.00013782401963434893
12984,4.496330778356605e-05
12985,9.648230214923906e-05
12986,0.00020306300414462498
12987,0.0002185065224276176
12988,7.973541766834492e-05
12989,0.00015312467849140277
12990,0.0001962676594481659
12991,7.89299936484257e-05
12992,4.2986461297860504e-05
12993,4.41668721947911e-05
12994,6.6503671610865e-05
12995,5.933812873603659e-05
12996,6.94934379850011e-05
12997,8.363643207862017e-05
12998,0.00022644656147243047
12999,4.512075865318127e-05
13000,4.6749444227047965e-05
13001,0.00012113099599059584
13002,6.90539472778058e-05
13003,0.00019628298225579213
13004,0.00011612181077765924
13005,0.0001045349840473947
13006,8.662666145778253e-05
13007,8.773994089932634e-05
13008,0.0001058058703612836
13009,0.0001301201311230385
13010,0.00010433868621636676
13011,9.922595066012695e-05
13012,0.00013500657418091537
13013,8.845971115299187e-05
13014,7.001445188295586e-05
13015,8.117453522912833e-05
13016,7.316601416860228e-05
13017,0.00013227728941523593
13018,0.00011062625697320012
13019,0.00016736642258374725
13020,0.0002499944918587831
13021,9.91257622432914e-05
13022,0.00027326110312242045
13023,0.00014246124931056086
13024,0.00024857993590832005
13025,6.204458512369763e-05
13026,4.417855394049615e-05
13027,0.00010035873474388934
13028,9.896806759579739e-05
13029,0.0001471749918854952
13030,0.0002013531733529824
13031,9.747817345062175e-05
13032,6.213033755538943e-05
13033,9.92035102836817e-05
13034,0.00017186754183053782
13035,0.0001284062886994859
13036,0.00013897215102474906
13037,4.5823527406911314e-05
13038,5.5231216940749436e-05
13039,0.00018783734592832654
13040,0.00014490084956185186
13041,7.128996336778638e-05
13042,0.00011975599953826691
13043,0.0001374256310744537
13044,0.00010507799875102525
13045,0.0001243171159290153
13046,0.00012160935092282626
13047,9.736787991017075e-05
13048,0.0002567641841579827
13049,0.00019943030742873948
13050,0.00019039517269556292
13051,0.00014179313604108262
13052,0.0002231502630013643
13053,6.277650464354306e-05
13054,5.695071436963139e-05
13055,0.0001493586740193987
13056,3.802872856979875e-05
13057,0.0001506127361827947
13058,0.00010582504654365673
13059,7.164200701238238e-05
13060,0.00011462201308530046
13061,4.407051078010263e-05
13062,9.861351463862569e-05
13063,0.00010897196016716723
13064,8.50099931963715e-05
13065,9.37086632020007e-05
13066,0.00019481868198169183
13067,0.00012513652457939712
13068,0.00011428349041596218
13069,5.2811714255397496e-05
13070,0.00018647478157333362
13071,0.00020621745553756426
13072,0.0001322700356134441
13073,0.00019017648079208813
13074,8.508647518983882e-05
13075,2.3254277648204454e-05
13076,2.0453679104977475e-05
13077,5.041906172137239e-05
13078,0.0002042246909318774
13079,0.00010722312366672912
13080,0.00011990761986650998
13081,0.00014329319942010812
13082,6.978032920626358e-05
13083,5.519164717721722e-05
13084,6.197394790389971e-05
13085,0.00015770207501263528
13086,0.00013107966268188453
13087,8.693895381246285e-05
13088,7.232665697538838e-05
13089,0.0001729181226080384
13090,0.00016500442689138157
13091,8.727368799158281e-05
13092,7.460456915161686e-05
13093,0.00020255330089769945
13094,0.00018920135966256897
13095,6.84836872330707e-05
13096,0.0001162377544269955
13097,0.00014395819261073012
13098,0.00011363287975315681
13099,6.81105126900721e-05
13100,0.00012167462021652872
13101,0.00011538412727551956
13102,0.00011331571128434
13103,0.00018280886043351297
13104,0.00024042113339567162
13105,4.452061135781424e-05
13106,4.6916061519322374e-05
13107,0.00022806914466142245
13108,0.0001601627046892781
13109,0.00012946068705233668
13110,0.00030175661309142434
13111,0.0001228391123887781
13112,6.779321054755985e-05
13113,0.00014398218950892273
13114,9.734406422050872e-05
13115,0.00014207166183692697
13116,5.9058632875537854e-05
13117,0.00012424307267047213
13118,5.6176876790289284e-05
13119,9.50808492965035e-05
13120,0.00019027645762550159
13121,0.00017971776040286535
13122,0.00023678058326526556
13123,5.252239261811906e-05
13124,0.00012996953085711653
13125,0.00016221030110071465
13126,8.832947062644778e-05
13127,4.461835619130623e-05
13128,0.00014661279860488015
13129,0.00019905328635359923
13130,9.473153243046082e-05
13131,0.00012041210918921566
13132,0.00010306739394544737
13133,5.1083639732169865e-05
13134,9.232368497422253e-05
13135,0.00012838987007930273
13136,0.00013983037343244612
13137,0.0001558139981208088
13138,8.994868435055952e-05
13139,7.427808394905635e-05
13140,6.336438210539283e-05
13141,0.0001504116709843437
13142,0.0001846070753004442
13143,0.000221390074535702
13144,0.0001935525973011592
13145,9.270058117803558e-05
13146,0.00012552442673285756
13147,0.00015414976570022397
13148,8.892086463006359e-05
13149,0.0001742561895690183
13150,0.00018803737689708288
13151,0.00021410395443744376
13152,6.577677642167884e-05
13153,0.00010318609371197225
13154,0.00013273506121496884
13155,0.00015036802265250493
13156,7.003758448744727e-05
13157,6.929295306657103e-05
13158,0.00012981441075484833
13159,0.0002823558400732071
13160,0.00021802425811834155
13161,0.00011948697226884589
13162,0.00011617743438430314
13163,8.331428386685703e-05
13164,0.00031259080740246917
13165,3.673774175276671e-05
13166,6.482446750808682e-05
13167,0.00036405005898626416
13168,3.752465255046255e-05
13169,7.680516618304902e-05
13170,0.00016352183827728447
13171,7.274358100908688e-05
13172,0.0001070681071423784
13173,8.104411825526226e-05
13174,7.539376387395719e-05
13175,0.00017370809353233754
13176,0.0001605240071523808
13177,8.073087928525582e-05
13178,0.00031759724125475454
13179,0.00021536423929456578
13180,4.422083061620088e-05
13181,9.046562259762932e-05
13182,0.00026766130233552606
13183,0.0002046765294812017
13184,6.214725991631495e-05
13185,0.00017371883356628762
13186,5.791591416233668e-05
13187,6.915548090182383e-05
13188,6.800731539674949e-05
13189,3.3373230144047605e-05
13190,0.00011109404754800867
13191,8.19676747022757e-05
13192,8.675843680530781e-05
13193,0.00014453931493343077
13194,0.00014437856756801555
13195,0.0002516041551025652
13196,6.677419246566693e-05
13197,0.00016557999685232173
13198,4.909283944496988e-05
13199,7.716018239602117e-05
13200,7.678728411342182e-05
13201,0.00010285304296903409
13202,8.963095738242512e-05
13203,8.547898849046979e-05
13204,0.0001036027512211516
13205,8.364271001338615e-05
13206,0.0002103739465402432
13207,0.00017891002022363077
13208,2.4517760872541092e-05
13209,4.373792723451972e-05
13210,0.00031569300214902946
13211,0.000116900600517077
13212,9.768964432377129e-05
13213,0.00012698281438669384
13214,0.00020882249719653232
13215,8.581510014930538e-05
13216,0.00021961191766855414
13217,0.0001892875360824537
13218,0.00012323896822957574
13219,0.00010387416856682134
13220,0.00022191196980717482
13221,0.0001256922785197757
13222,5.626345481164811e-05
13223,0.00010309900363748602
13224,3.490921565806215e-05
13225,3.590528648047093e-05
13226,0.00013771166590147418
13227,0.0001406754039603581
13228,4.1242254398066275e-05
13229,0.00012320250759175497
13230,0.00011207922505880388
13231,8.413841219223872e-05
13232,0.0001014807943437424
13233,0.00017437612268216988
13234,0.00019507513677608315
13235,0.0001122210524865632
13236,0.00012120937319429382
13237,6.269670773709446e-05
13238,0.00014185071172168273
13239,7.088407863323773e-05
13240,8.963059598436576e-05
13241,6.878895054441391e-05
13242,0.0001576915571916292
13243,6.711825625891454e-05
13244,7.938452702681512e-05
13245,0.0001782541106713703
13246,0.00026676931118580047
13247,6.457437726106806e-05
13248,6.9793492573729e-05
13249,8.993713007405717e-05
13250,0.00020377792435451007
13251,0.00010315582012606603
13252,6.827549297086437e-05
13253,0.00023133432640308856
13254,0.00011108620964570798
13255,0.00022883514454704769
13256,0.00032075390125107297
13257,0.00012581211109870475
13258,5.764169056912551e-05
13259,0.00011736528110711827
13260,0.00029463650784579735
13261,0.0002202614190654145
13262,8.177900046573299e-05
13263,0.00017702929354128084
13264,0.0001441658889093621
13265,0.0001838830947007929
13266,8.268601869480075e-05
13267,0.00014878285062280237
13268,0.00013731831233020178
13269,5.540150235178531e-05
13270,0.0001520801124308857
13271,0.00011262244727894265
13272,6.75725792715118e-05
13273,9.700247837707877e-05
13274,0.00012565247169416848
13275,8.34224482165971e-05
13276,0.00025603080653111747
13277,0.0001543329638026097
13278,6.835176543810766e-05
13279,9.959224519484864e-05
13280,5.320877183548126e-05
13281,0.00011518009684071544
13282,0.00012675154398692466
13283,0.00014103268482223668
13284,0.00013154364706453525
13285,0.00017601422236829234
13286,9.452070192891347e-05
13287,0.00012580449609823994
13288,7.621610432559985e-05
13289,0.00019206015990548463
13290,9.259286976133664e-05
13291,0.00019531833000671368
13292,0.00019761302880069633
13293,8.287106343565197e-05
13294,7.709774380153588e-05
13295,0.00015630561428697353
13296,0.00010634023605763358
13297,0.0003225438755242122
13298,3.928433751499505e-05
13299,3.385345426167838e-05
13300,0.00020841306339931
13301,5.6684848077079715e-05
13302,0.00012967790701740712
13303,9.734013721707482e-05
13304,0.00014805980362011764
13305,0.0001885437196127633
13306,7.135784996727968e-05
13307,0.00011872711020852155
13308,0.0003085411523367286
13309,0.00044340313247935267
13310,8.44497612137884e-05
13311,5.696829569878722e-05
13312,2.568501637188535e-05
13313,0.00012118965830953271
13314,8.471576422444065e-05
13315,0.00015428258413168998
13316,3.500164388238741e-05
13317,8.399032314643291e-05
13318,0.0001597133226156673
13319,9.951968191487782e-05
13320,0.00015776660008977615
13321,0.0002301791953542763
13322,0.00011321182884656961
13323,0.0002480886554546908
13324,0.00010055532131707043
13325,0.00015293440328600759
13326,3.95015222508866e-05
13327,0.0002535383327308038
13328,4.9819331925247574e-05
13329,7.576669280911041e-05
13330,0.00016152796093097524
13331,0.00010898382553674297
13332,0.00018309229034593402
13333,0.00016405820703564695
13334,0.00012084500206300896
13335,6.256894164259696e-05
13336,3.5775464949826404e-05
13337,0.0001018943543242467
13338,0.00018382505437785905
13339,0.00013475437777419087
13340,2.54862200440773e-05
13341,3.6452943464222474e-05
13342,9.250483962287784e-05
13343,0.000314936639765027
13344,7.391446242224875e-05
13345,3.830630787601767e-05
13346,8.488982936310198e-05
13347,0.00010631408107076982
13348,0.00017188142948750999
13349,0.00021671291314295343
13350,7.203954330638119e-05
13351,0.00010189834507912297
13352,0.00016187817688834822
13353,5.605763803625903e-05
13354,7.707341888485504e-05
13355,6.0710003178131755e-05
13356,0.00013281148776352953
13357,0.00010610623692252388
13358,6.163819859649746e-05
13359,5.4792120341069554e-05
13360,0.00022927645527172206
13361,8.074618654661992e-05
13362,0.00013945949116076615
13363,0.00011727927751743778
13364,2.8807388142951052e-05
13365,0.00011939989196489508
13366,0.0001262623230537587
13367,0.00012415665384564892
13368,0.00012651230983335297
13369,0.00011096069405623652
13370,0.0001299582392289423
13371,0.00021268289174866063
13372,5.142990003830899e-05
13373,0.00013203366180382974
13374,0.00017393172944262658
13375,7.474528156000554e-05
13376,0.00014391389372984517
13377,0.00016087300989380137
13378,0.00010686791013696789
13379,0.0001448791069117755
13380,7.042401218332523e-05
13381,0.00014064860565682946
13382,5.491034163783441e-05
13383,9.669777658671884e-05
13384,9.838466288291537e-05
13385,0.00014353815205142784
13386,4.031206949950029e-05
13387,6.757934199336647e-05
13388,0.00017461377868018726
13389,0.0001756136569965164
13390,3.864339910436619e-05
13391,0.000265772735075272
13392,9.052548403938186e-05
13393,9.198470628312791e-05
13394,0.00016782759793830226
13395,0.00012585020183140721
13396,0.00018084774242377907
13397,0.0001080556117491856
13398,0.00012057793464083453
13399,0.00028379541262137293
13400,0.00020599077140610652
13401,3.876186878788009e-05
13402,0.00013922699824052025
13403,0.00033861180344939973
13404,0.00011926611935012205
13405,0.00013864519923022863
13406,0.00010084735357445814
13407,6.571641513709945e-05
13408,0.00016068382637721528
13409,0.0002226866685890813
13410,9.841573648306652e-05
13411,0.00012845583704033375
13412,8.402861661635837e-05
13413,0.00011424135040873479
13414,7.752273058526287e-05
13415,0.00010814079461461371
13416,8.840685906988799e-05
13417,9.181479578553042e-05
13418,3.956958855022632e-05
13419,7.809838043388036e-05
13420,6.956191106526608e-05
13421,0.00012453195248785472
13422,0.00018201872173707813
13423,7.190680038249047e-05
13424,0.00016644251295976642
13425,6.180087964101916e-05
13426,9.751714044972613e-05
13427,7.303025376230906e-05
13428,8.348244385419142e-05
13429,7.648728560099693e-05
13430,0.00014756206839797745
13431,0.00011006723090650072
13432,0.00014130258931777513
13433,7.137872413241704e-05
13434,5.796270699105782e-05
13435,0.00011714028012636189
13436,0.00019634339477448548
13437,0.00017387710179987538
13438,0.00019265230342216735
13439,0.00020244711053618317
13440,5.826913565819688e-05
13441,3.8709680813771554e-05
13442,0.00012577358769282277
13443,9.732282846027785e-05
13444,0.0001492494687937443
13445,0.00010513088043060377
13446,6.256181076067738e-05
13447,0.0003831003599627338
13448,5.695770556543669e-05
13449,9.579161275148866e-05
13450,0.0001388263112411224
13451,0.00013381958813331004
13452,0.00018516458015665628
13453,5.264185025721991e-05
13454,0.00018292836636894403
13455,0.00010783226109022501
13456,0.00013604799140034724
13457,5.970824266176586e-05
13458,0.0001101039377076305
13459,0.0002778841422458975
13460,0.00012396006813323554
13461,0.00015093110108832617
13462,0.0001233369632412402
13463,4.290873459568298e-05
13464,0.000132974465948445
13465,0.0001040012143322571
13466,0.0001276753125840076
13467,9.002747157736709e-05
13468,0.0001647521455503953
13469,0.00010554356452393263
13470,0.00014631824232477165
13471,0.00024732077824482203
13472,0.0002111203336258002
13473,7.379750187569686e-05
13474,0.00015042376472936602
13475,8.154735645848568e-05
13476,0.00013458840886429628
13477,5.742484393805475e-05
13478,4.575697055944434e-05
13479,0.00010800321720501851
13480,5.5079540781856096e-05
13481,0.00022933977933739535
13482,0.00029428840139271206
13483,0.00012929002780012923
13484,8.694972368860376e-05
13485,0.00011541888094658484
13486,0.0003646790135923516
13487,0.00022772926850012898
13488,0.000107707358193152
13489,0.0002020402790672548
13490,6.332734636703535e-05
13491,0.0001571468443421602
13492,9.705438232560055e-05
13493,8.302487932372762e-05
13494,0.0001668379311469268
13495,8.262276182242954e-05
13496,0.0001590763081558508
13497,8.580070374141667e-05
13498,0.00011228069168753863
13499,0.00015710519096131292
13500,8.035497509037006e-05
13501,0.00016211913260050402
13502,0.00012794825782006723
13503,0.00012196699522258383
13504,0.00020916779714380776
13505,0.00018254654794107897
13506,0.00011815151033742826
13507,0.00014939693423949348
13508,4.632304125570186e-05
13509,7.797515325315605e-05
13510,9.330797359045779e-05
13511,0.0001349888819298223
13512,6.20739257051724e-05
13513,0.00013165792330674335
13514,0.00012293752864264408
13515,4.2009708220672744e-05
13516,7.003166946663723e-05
13517,9.143063627718351e-05
13518,8.602874411195928e-05
13519,0.0001692481951216703
13520,0.00013755309585892039
13521,0.0001418457182022412
13522,0.00014727628353289186
13523,0.00014782943659235587
13524,9.742403149670597e-05
13525,0.00012984422554802432
13526,0.000151321044933858
13527,0.0002555812002992296
13528,0.00013891537732319787
13529,0.00011206272827262721
13530,4.165392377679695e-05
13531,0.00014067131579606422
13532,5.8943131532846865e-05
13533,0.00016512477113299817
13534,0.0001251225131509348
13535,0.00011035305881753277
13536,8.035815554021511e-05
13537,9.459842082443435e-05
13538,9.638190584484569e-05
13539,0.00018558522862907167
13540,0.00015536921423646321
13541,0.00018223861170093428
13542,9.202072178808194e-05
13543,5.932177156742445e-05
13544,0.00011820931923433982
13545,7.396044881391434e-05
13546,0.0001552339497758108
13547,0.00015113983387352874
13548,6.553213067544782e-05
13549,0.00012842060462932298
13550,0.00011690254469956507
13551,0.00024852090653243426
13552,0.0003029107080057522
13553,6.198480581088126e-05
13554,6.061849453137773e-05
13555,5.677951976401339e-05
13556,0.00020063089807399569
13557,4.184727047441153e-05
13558,6.144122844981263e-05
13559,0.00020051951581773276
13560,5.708014608680968e-05
13561,0.00015778518562908108
13562,0.00030224438032765795
13563,0.0001602816804914693
13564,3.6462294469651467e-05
13565,0.0002072361250461806
13566,0.00015416002445389518
13567,0.00013792284597647167
13568,5.81725442734028e-05
13569,0.0003062834970849174
13570,0.0002957734528327772
13571,0.00011692464100407672
13572,3.5624339955045224e-05
13573,9.088822023209381e-05
13574,5.841693807635773e-05
13575,0.00016207478960319525
13576,0.0002239908292384882
13577,0.00013406006724265285
13578,0.0001228185467192625
13579,0.00010494219422093584
13580,0.0002027303268010383
13581,0.00019714518109192617
13582,0.00015878874773598192
13583,4.281613949950247e-05
13584,0.0003046942654543857
13585,9.516304939040729e-05
13586,0.00012129301354288762
13587,0.0001996839908179203
13588,6.777603045208781e-05
13589,7.240341033577102e-05
13590,8.912202334656201e-05
13591,5.891382538672748e-05
13592,0.00025247543337538457
13593,0.00015005173908995482
13594,4.1312840449918936e-05
13595,0.00010956027162512991
13596,0.00042643025443929157
13597,0.0001895929810403762
13598,0.00019335960397010103
13599,9.879594654965469e-05
13600,0.0001477021878680334
13601,0.00017477184464170743
13602,0.00010064292026559808
13603,0.00018788445170060276
13604,6.86748865736293e-05
13605,0.000193836161663728
13606,8.545456855413071e-05
13607,0.0001731863389064904
13608,0.00017075610464565492
13609,0.0002578959118276382
13610,5.4925448284680495e-05
13611,0.00014986363271716086
13612,0.00016775542915971754
13613,0.00010710951591085446
13614,0.00013381187014719202
13615,0.00013517488449248262
13616,6.903961712673498e-05
13617,0.00010873647667444006
13618,0.00024209934421870938
13619,0.00010529021477909657
13620,0.00011368222608595432
13621,5.647124770102691e-05
13622,0.00012907225654132525
13623,0.0004921496533814702
13624,6.67047567698982e-05
13625,4.591033519257031e-05
13626,0.00016241515233793636
13627,0.0002491768148371332
13628,9.13911641895456e-05
13629,0.00016886920395754854
13630,0.00015260088714759285
13631,0.00021034054433629682
13632,4.485918668966355e-05
13633,0.0001851190530065758
13634,0.00030568990495474584
13635,0.0001094066779062866
13636,7.516458423722478e-05
13637,9.769347283771748e-05
13638,2.974776740188285e-05
13639,6.058137599175105e-05
13640,7.618461656620402e-05
13641,7.527854636261881e-05
13642,0.00010723540482104093
13643,0.00020408822700152115
13644,0.00011522291391650896
13645,8.797492739211001e-05
13646,6.44998490739363e-05
13647,0.0001140672629771652
13648,7.403250768627561e-05
13649,0.00010561042968156676
13650,7.769475817362466e-05
13651,6.714535032098825e-05
13652,0.00022801321545421797
13653,0.00014869056724419144
13654,0.00010822803375416746
13655,0.0001614400795226281
13656,4.522698484599926e-05
13657,6.871791499564876e-05
13658,0.00013575295865695254
13659,8.537935778769884e-05
13660,3.0201828431837586e-05
13661,8.158743875816174e-05
13662,5.1791962659003604e-05
13663,0.00031916054510940567
13664,6.199410306459428e-05
13665,9.160398738888772e-05
13666,5.506151072525422e-05
13667,4.1127696201733526e-05
13668,0.0001181469144394622
13669,0.00016854290320210343
13670,0.00010684065007467218
13671,7.359934719288693e-05
13672,0.0001536150067276939
13673,0.00020720865420352475
13674,0.00011194204172770955
13675,0.0002738040831309067
13676,7.03754740316398e-05
13677,0.00015607358581883773
13678,0.00011238079985160973
13679,6.560123980827183e-05
13680,0.00019604572802894976
13681,0.0001926918857652761
13682,7.793987201801361e-05
13683,0.00015949430600832454
13684,0.00017991290140718534
13685,0.00013498723076690828
13686,0.00019066080786256585
13687,0.00011164218813128625
13688,0.00012177861889068749
13689,0.00022817291492467471
13690,0.00012094666268050756
13691,4.9969544828963285e-05
13692,0.00011022973998878774
13693,0.0001705890855015022
13694,0.0001562265361875512
13695,0.00012113950719235721
13696,0.0001289394899702998
13697,7.745158489416667e-05
13698,6.89856314745314e-05
13699,8.220322821390712e-05
13700,0.0003594607038901969
13701,0.00011549978819167242
13702,0.00015704565281108752
13703,0.0003036298699476168
13704,0.00020467340398915102
13705,0.00012824661679461342
13706,7.516725925708762e-05
13707,6.748622042957288e-05
13708,2.1708068048842683e-05
13709,0.0001537416616792777
13710,8.134264482968026e-05
13711,0.0001053541435464274
13712,9.398794056424366e-05
13713,7.216038180741676e-05
13714,5.0203287554904266e-05
13715,9.80715395778198e-05
13716,0.00017493051581060463
13717,0.00020585320836656528
13718,7.748372387527566e-05
13719,0.00010524516497281254
13720,0.00019651041014609648
13721,0.00022125991289929779
13722,8.829869405996412e-05
13723,0.00016310234739199954
13724,0.00039062479029493855
13725,0.00013598186054318876
13726,0.00011134522662838396
13727,1.960625605070039e-05
13728,0.000256695460569321
13729,0.0001710481324729351
13730,0.0001700206832112106
13731,6.625691462506177e-05
13732,0.00010032202912443625
13733,0.00019061766525231292
13734,6.381884133465192e-05
13735,5.7743754228220934e-05
13736,0.0001605738874552332
13737,0.00013398993340028693
13738,0.00023249256332629443
13739,9.229249991116238e-05
13740,0.00029508309058320806
13741,5.411686428929421e-05
13742,0.0001839192897088706
13743,0.00023477154758168932
13744,0.00010210699716877296
13745,3.918052820348261e-05
13746,0.00024047749789435076
13747,0.00019622066159245084
13748,5.712538216525405e-05
13749,0.0002699742172235593
13750,0.00011185952406175631
13751,9.039197059855186e-05
13752,0.00014400823502576214
13753,6.78054015496105e-05
13754,4.207690168981178e-05
13755,0.00016281255635520144
13756,0.00023991412392417532
13757,0.00012860589092185585
13758,1.3102611502893875e-05
13759,0.00012946716573859884
13760,0.00012423425702065948
13761,0.00010082578784073548
13762,2.6415737855998188e-05
13763,0.00010604879534559896
13764,0.0002188432596355084
13765,0.0001080005750167624
13766,0.0003418090576190606
13767,0.00038739939561397156
13768,0.0002049209974691709
13769,5.770333630217122e-05
13770,8.954432157560487e-05
13771,9.299702253768616e-05
13772,0.00013450524177056205
13773,8.564298288926217e-05
13774,0.00014098189183440893
13775,0.00010751245554578841
13776,0.00019989505824379738
13777,9.859789955289855e-05
13778,0.00012855972960418792
13779,5.9934643658138554e-05
13780,0.00015735628259917696
13781,8.082781364663637e-05
13782,7.254896575655029e-05
13783,0.00011033475813164434
13784,0.00013675208739949267
13785,0.0002568763161125355
13786,0.0001319520077040747
13787,8.841101153691967e-05
13788,0.0002671764121933128
13789,0.00022372651453505347
13790,0.00012710668859668581
13791,9.212754968045868e-05
13792,5.908151840168345e-05
13793,8.835016852044453e-05
13794,1.501464763487411e-05
13795,9.896704512580852e-05
13796,0.00018721981557167405
13797,0.00011806913950651802
13798,0.00012990115787620343
13799,8.401591430076756e-05
13800,0.00021150984624257674
13801,5.494519789227663e-05
13802,5.654656462096874e-05
13803,0.0002056851767834165
13804,9.725761151134138e-05
13805,3.89049040974097e-05
13806,0.00019463963290701754
13807,5.496644396229954e-05
13808,0.00011155296859164178
13809,0.00011415910628610905
13810,3.20857630158004e-05
13811,0.00016747385872778152
13812,0.00012709486260230088
13813,7.927734807730684e-05
13814,0.00011175289625226156
13815,0.0002081162073751323
13816,0.00014130604202071444
13817,0.0001235524386100249
13818,9.7253957452971e-05
13819,0.0002177610645162751
13820,0.0001103742128517296
13821,0.0001367433764865839
13822,0.00019496265487460083
13823,5.500046926797781e-05
13824,0.00019931202623833132
13825,0.00015784041332656397
13826,8.336110994597739e-05
13827,0.00013111892640384237
13828,0.0001335871143396532
13829,0.00023028864320313072
13830,0.00021549499766089245
13831,9.825564515720353e-05
13832,0.00012813975311898117
13833,0.00016594313238507523
13834,0.00018171271898282374
13835,0.00019199081564972003
13836,8.762499042383316e-05
13837,0.00032467565764818186
13838,7.200746835791768e-05
13839,6.541630679288339e-05
13840,0.0001911391830980775
13841,0.00011757012742298034
13842,6.384329538987455e-05
13843,5.793595325023691e-05
13844,0.00012993086117702327
13845,6.981700095010242e-05
13846,0.00015838994229568402
13847,0.000203076106458631
13848,0.00014010848397761589
13849,2.3557436581583112e-05
13850,0.00011965178239666117
13851,0.00015699050520261713
13852,6.64854882782971e-05
13853,0.00011917333476723823
13854,6.848275433607589e-05
13855,7.462034330430604e-05
13856,5.7389375378207294e-05
13857,0.0002203241330527947
13858,0.00010733018446261824
13859,0.0001291249179789422
13860,0.00013805271841678323
13861,0.00042542556012529684
13862,0.0002093327571374912
13863,0.0001115844178184469
13864,3.775728536953348e-05
13865,4.948858589279966e-05
13866,6.442054346591176e-05
13867,0.00015137640389081152
13868,4.097695581326278e-05
13869,9.686639417752943e-05
13870,0.00012400362047928725
13871,0.00017513241124264157
13872,8.675554407188067e-05
13873,0.000191200473399482
13874,5.3421803813428744e-05
13875,0.00013709535701525628
13876,0.00015599488232700943
13877,0.00018571575721174592
13878,0.00014220161691308342
13879,0.00016770527660279005
13880,0.00013126991904868586
13881,0.0001322777447778766
13882,0.00014375994591813804
13883,0.0001172109516884665
13884,9.010784964839569e-05
13885,0.00020354900264179507
13886,6.873690323829877e-05
13887,0.00028272950135553744
13888,0.00022781069546990563
13889,0.0001125460798954561
13890,0.00017238831445532006
13891,0.00013710247506308946
13892,5.362176428293012e-05
13893,0.0001409414125710386
13894,0.0002148005695332737
13895,0.00018207962395716396
13896,0.00012610645287045044
13897,6.940451890897077e-05
13898,0.00012953559351719797
13899,0.0001588164910133999
13900,6.422068114375985e-05
13901,6.445732601491931e-05
13902,0.00019430378359937498
13903,9.551123027395091e-05
13904,0.00015064603225816965
13905,0.00018095283120610182
13906,0.000131535541759254
13907,0.00014895669296583668
13908,0.00013657422052634202
13909,7.996689265927807e-05
13910,0.00010344952942218727
13911,8.470810699928739e-05
13912,0.00010581287812969382
13913,0.00010026037539866782
13914,0.00015984209562363216
13915,7.51061948329267e-05
13916,7.765246310526661e-05
13917,6.934785628362385e-05
13918,0.0001332214268759852
13919,7.700231732734266e-05
13920,8.818091575736601e-05
13921,0.00017485318007006236
13922,0.00012465769846754714
13923,6.768953453194838e-05
13924,1.3527254871761116e-05
13925,0.00016837325187912355
13926,8.229079867438969e-05
13927,0.0001224776174674722
13928,0.00017467131654798945
13929,7.757263393026696e-05
13930,9.721574640182302e-05
13931,5.950987362039119e-05
13932,7.604888180637528e-05
13933,0.00019000545270912969
13934,0.00017062318845179885
13935,7.468608168458349e-05
13936,0.0001307600655545479
13937,0.00022613947710114287
13938,0.00013479860970900233
13939,5.518379046936029e-05
13940,7.911153777689112e-05
13941,0.00018594787762506388
13942,4.500376177975587e-05
13943,7.751288209402967e-05
13944,0.0001323341904832414
13945,0.00011989754294941162
13946,0.00021383659064364553
13947,6.5071246634519e-05
13948,0.00021432189171946873
13949,0.00014256248653555414
13950,9.333227945191788e-05
13951,8.007507994682987e-05
13952,8.488393008968575e-05
13953,0.00013768360788415102
13954,0.00021184513366141814
13955,0.00021826188876425672
13956,0.00011580688648885515
13957,0.000274088289590392
13958,8.553651269782868e-05
13959,5.9335344957207696e-05
13960,6.437248322840349e-05
13961,0.0002030964135186897
13962,0.00014485509325128318
13963,6.322021282995399e-05
13964,0.00015707700597079698
13965,0.00014015391297139001
13966,0.0001428332336278878
13967,5.482268210798475e-05
13968,0.00013058836364080476
13969,2.0529733925641655e-05
13970,0.00011986917108194828
13971,0.00010350074064411082
13972,4.305064968844006e-05
13973,0.00018688588585297748
13974,0.0003338940829129124
13975,0.00013710031614137187
13976,8.600190741187743e-05
13977,0.00041801239960172123
13978,0.0001024095526148992
13979,0.00015051898974284184
13980,0.00015439389185184111
13981,0.00015648237545722222
13982,0.00013489969057505
13983,0.00018324537539142618
13984,0.0001151692241430507
13985,7.011863297482197e-05
13986,3.7147538537864905e-05
13987,0.00012653464223341123
13988,7.135028220306356e-05
13989,8.513551360837275e-05
13990,4.125179551012972e-05
13991,7.707661748276348e-05
13992,0.0001045098196647586
13993,8.656505847801014e-05
13994,8.43214217121821e-05
13995,0.00016121475307180266
13996,7.29220073530952e-05
13997,0.00010141515506125933
13998,5.1080145251550254e-05
13999,0.00013004927451800991
14000,9.012291591779654e-05
14001,9.140648535221707e-05
14002,2.978143854339735e-05
14003,0.00015699178501287276
14004,8.228238781809145e-05
14005,3.237169993064995e-05
14006,0.00017236873974527412
14007,0.00026845442284331245
14008,0.00011806168820070574
14009,0.00010513508470665821
14010,0.00023150528520936276
14011,0.0002780679610109465
14012,0.00011445794276563801
14013,0.0001967401476136089
14014,7.576935979765585e-05
14015,0.00015929472548821324
14016,0.00010290917607154988
14017,0.00018593427581475077
14018,0.00013398552979123127
14019,5.817880398065125e-05
14020,5.2172834961539824e-05
14021,0.00017644200587126437
14022,0.0001386546060555953
14023,0.00022501757722983293
14024,0.00010922727445249628
14025,0.00012687654023262277
14026,0.00029192964232858254
14027,0.00013603810691971386
14028,0.00014278405346129054
14029,2.8298678175237883e-05
14030,0.00011307602769854551
14031,9.724820767749337e-05
14032,0.00020839914980397175
14033,0.00018961399180858889
14034,6.976823352295889e-05
14035,6.690302692356202e-05
14036,3.334487618153955e-05
14037,0.00012449931274905666
14038,9.003096183303503e-05
14039,0.00011312006837227338
14040,0.0001091161241804813
14041,7.010663434997706e-05
14042,7.88944542010403e-05
14043,0.0003226805834737549
14044,0.00013996303858189528
14045,6.930998994476151e-05
14046,0.00016247221774505645
14047,6.430772045455438e-05
14048,0.00013634184085160007
14049,0.00012299621785665608
14050,8.553527117022621e-05
14051,9.233100819109187e-05
14052,0.00012805205121711887
14053,8.09443740279718e-05
14054,0.00013337998973072444
14055,9.961233923149506e-05
14056,0.00015697034916862293
14057,0.00021992996797841785
14058,6.32230122978148e-05
14059,0.00028440443583368987
14060,0.00024262603767980854
14061,9.914657334635495e-05
14062,6.312151752557865e-05
14063,8.623724681619207e-05
14064,0.00011020830494543998
14065,4.8458439115593675e-05
14066,0.00011415806649212656
14067,0.0001251365551626654
14068,0.00010788897197060118
14069,7.633109355695413e-05
14070,0.00012980597375532435
14071,0.00013767151135488402
14072,0.00014855900877886981
14073,9.258230819978842e-05
14074,4.201955957699936e-05
14075,0.00010933694057125131
14076,0.00010647752335901871
14077,9.476766500861314e-05
14078,0.0001688234993199132
14079,0.00011162308405555635
14080,9.236201907753219e-05
14081,0.0002109721483759191
14082,0.00023664699196889
14083,2.836107964551937e-05
14084,0.00014726752700213404
14085,0.00010099881626020888
14086,0.00013228776522787575
14087,0.00014174526814710324
14088,0.000132637402518935
14089,0.00014762188763275795
14090,0.00013056622045597518
14091,0.0001958676591542263
14092,4.9788869257893786e-05
14093,0.0001397731533340032
14094,3.724116067792611e-05
14095,8.713967169397631e-05
14096,0.00012014398758980074
14097,0.00014153365308009773
14098,3.477738252660772e-05
14099,0.00011110958644016929
14100,0.00010553615402658414
14101,7.875360743245124e-05
14102,0.0001315662620925655
14103,7.523525759645786e-05
14104,0.0001525634329058741
14105,7.652560784880157e-05
14106,4.593989942314583e-05
14107,5.372810747196142e-05
14108,0.0001537391204998501
14109,8.96533394186248e-05
14110,6.0624931891985515e-05
14111,0.00011642943612248325
14112,0.00010250222819407449
14113,9.01551702074729e-05
14114,0.0001180908216918233
14115,0.00015833276408166745
14116,0.00014344814813402665
14117,0.00020311487719190612
14118,0.00032180746971222063
14119,0.0001119114904006392
14120,4.649320491329677e-05
14121,0.0001313875960701832
14122,7.630966134359557e-05
14123,0.00013887785429822356
14124,0.00013520947464915251
14125,8.423184813077527e-05
14126,0.0002501423949128936
14127,6.238153561305637e-05
14128,0.0001618435956848284
14129,0.00011157963924227021
14130,0.00016018334014920442
14131,4.781613198114528e-05
14132,0.00023426557512277926
14133,0.00011528893465950585
14134,0.0001021764285903034
14135,9.098227456295752e-05
14136,9.378378130238148e-05
14137,7.172764993716936e-05
14138,7.557865138635358e-05
14139,0.0002762049455336524
14140,0.0001007452151307536
14141,0.00013489863524692147
14142,0.0001532525684185343
14143,4.392320493854723e-05
14144,0.00016206832392650784
14145,9.339798172691954e-05
14146,7.624234900581152e-05
14147,0.00012009321533164836
14148,0.00015261392278744532
14149,0.00020644061923357933
14150,6.660143817651144e-05
14151,4.1922392573661265e-05
14152,0.00010268366403112561
14153,5.893700106553576e-05
14154,0.00013097071202670943
14155,0.00019414604942265707
14156,8.590994747808544e-05
14157,0.00010062554583610957
14158,4.254231918645159e-05
14159,4.3274615111997666e-05
14160,0.00018163083284616696
14161,0.00016540331767321364
14162,0.00010229654607159477
14163,9.388619380728248e-05
14164,9.899022830202418e-05
14165,4.471014087172166e-05
14166,0.00010415770953291637
14167,3.326582358682252e-05
14168,4.092728926097837e-05
14169,3.0883829918269546e-05
14170,0.00019579937298865415
14171,6.144810992931124e-05
14172,8.696837969883593e-05
14173,0.0001007835621709224
14174,8.240882903554281e-05
14175,0.000123711849498619
14176,0.00034679593094127297
14177,9.151124308044557e-05
14178,8.860845730128205e-05
14179,6.126371872901794e-05
14180,5.784232457529021e-05
14181,5.048492338434317e-05
14182,5.8474138404864104e-05
14183,9.412160552557206e-05
14184,7.161845954840754e-05
14185,7.593234103146147e-05
14186,0.00010265170836694788
14187,8.866788058406362e-05
14188,0.00023964860844300306
14189,0.00025199211429850814
14190,8.104752054110593e-05
14191,8.246108632174697e-05
14192,0.00022739796182758956
14193,0.00014855593506272877
14194,0.0002263530820032397
14195,2.9013931401252096e-05
14196,5.3963575721439345e-05
14197,0.00017216741167116215
14198,5.48905936739957e-05
14199,0.0001744979556812488
14200,4.2806431483485114e-05
14201,0.00019028312951840113
14202,4.159237940044074e-05
14203,0.00013988742738713084
14204,9.132548896229186e-05
14205,9.687284467970936e-05
14206,4.814349389315367e-05
14207,0.00035206308718191957
14208,4.8058979266483e-05
14209,6.23522444362593e-05
14210,6.323691215265769e-05
14211,0.00010455987684075059
14212,0.00012574932639625804
14213,2.7943904755620534e-05
14214,5.8187194583674596e-05
14215,0.00019118507109617825
14216,9.949340048301523e-05
14217,0.00019689111415592127
14218,0.00010063706597417364
14219,0.00010119698798150017
14220,4.066264895491685e-05
14221,0.00015707041688548673
14222,0.00017990234922637236
14223,0.00014226536064797097
14224,0.00016323828308746166
14225,7.659992775074319e-05
14226,0.00021150982710380536
14227,0.0001210597165196336
14228,0.0001024338539263212
14229,0.00013048815579736394
14230,8.830543042255001e-05
14231,0.00020723754189956367
14232,0.00014340681326211916
14233,9.370055542187271e-05
14234,9.673117388399316e-05
14235,0.0001790500460806856
14236,0.0001384878242785244
14237,4.514885966221574e-05
14238,0.00019894691488730478
14239,5.330823617137192e-05
14240,0.00021357310272812776
14241,0.00026506112190034597
14242,3.5096655278840755e-05
14243,5.330198044358503e-05
14244,0.000247079402054868
14245,0.0002148310316754188
14246,6.131262564749742e-05
14247,6.684471407699134e-05
14248,5.485892192430951e-05
14249,0.00015803190920472992
14250,0.00012100395886141967
14251,0.00011531633621296702
14252,0.0002795340615683098
14253,0.00011548295609240151
14254,0.0002027666728927298
14255,6.85239084812497e-05
14256,5.641037459343892e-05
14257,0.00016879272402260952
14258,4.4665236172356364e-05
14259,0.00012349354915826364
14260,0.00012293829578003494
14261,0.00014607881711226962
14262,0.0001902813405768503
14263,3.874306223988081e-05
14264,6.721230615653246e-05
14265,9.008528281678581e-05
14266,0.00013959605979765735
14267,6.073115650478953e-05
14268,0.00029552245092311075
14269,9.438843971282026e-05
14270,0.000121010294707736
14271,4.794633892081813e-05
14272,0.00011818562696967426
14273,9.286117648094767e-05
14274,0.0001232902418735408
14275,0.00013776841322536007
14276,0.00017123072751555623
14277,0.00016450121197876853
14278,0.0002420870935083351
14279,4.915190456984661e-05
14280,0.00025594183311931717
14281,6.60415549149748e-05
14282,7.282886875100157e-05
14283,9.989626511225629e-05
14284,0.00015961581062165964
14285,5.4123547523106684e-05
14286,0.00016922869639411842
14287,0.00010995512729070329
14288,0.00011493552426318925
14289,0.00011739985972962929
14290,8.219794077373952e-05
14291,0.0001471420704860419
14292,0.00011293613200660365
14293,0.0002095830110419171
14294,8.262382208634099e-05
14295,0.00015192690131035576
14296,0.0001778176451840585
14297,9.120126608293708e-05
14298,3.896183786113492e-05
14299,0.00015139808559196382
14300,0.00014437366871115453
14301,0.00013456643996910756
14302,9.357695817021258e-05
14303,3.346840927814021e-05
14304,0.00018319271233031067
14305,0.00022052874539659967
14306,0.00017784639133924584
14307,0.00023204736314977057
14308,9.050083306759824e-05
14309,0.00011073063220473768
14310,0.00015047531537281105
14311,0.00027178552407792453
14312,0.00024074125705502014
14313,0.00014589756563260624
14314,7.736977867105366e-05
14315,7.855002776828343e-05
14316,0.0001464337534151578
14317,0.00015690605908598508
14318,0.00011077364020305687
14319,0.00011687743523914075
14320,0.00012241558258635192
14321,7.649813223713159e-05
14322,9.706948060615985e-05
14323,0.00011943399811607382
14324,0.00029350057645769595
14325,0.00012982234540822823
14326,9.899277675229026e-05
14327,0.00010474121735700978
14328,0.00012027085850478529
14329,0.00010416523248402124
14330,8.745011619536573e-05
14331,0.00031168893008705464
14332,0.00012343209012088014
14333,9.187405423134372e-05
14334,3.3504413804142986e-05
14335,0.00011126157509821355
14336,0.00017561844923732068
14337,9.728264495101124e-05
14338,0.00010204411923070635
14339,0.00011505494582051804
14340,2.891086356384575e-05
14341,0.00021756142373691363
14342,0.00016359883738753286
14343,0.0001117993184278374
14344,0.00015116018967971495
14345,0.000331649683113663
14346,9.496222663471531e-05
14347,0.00012366615456015719
14348,0.00013631726201303486
14349,7.17182695291414e-05
14350,0.00021948916075829793
14351,7.004105930477798e-05
14352,5.1874786067599336e-05
14353,8.838008163265862e-05
14354,6.321542859212854e-05
14355,0.00012502968666820862
14356,5.418432508324263e-05
14357,9.143364269732395e-05
14358,0.0001874641353339095
14359,6.836760733545275e-05
14360,0.00014817524514365492
14361,0.00023153236561213416
14362,6.829893227517184e-05
14363,0.0001053011052222958
14364,8.041281203322055e-05
14365,0.00023836549136203606
14366,7.884650621943579e-05
14367,0.00011239601334459421
14368,0.00012309440810002426
14369,5.5455329492930326e-05
14370,8.010880187384846e-05
14371,0.0001223621627178814
14372,5.914453915299469e-05
14373,0.00026119602779355175
14374,0.00013609161388231466
14375,7.76951603609826e-05
14376,0.0001343115303508286
14377,0.00017331080294699945
14378,7.59875657537909e-05
14379,4.28776956238526e-05
14380,7.430873702315634e-05
14381,6.994995101564787e-05
14382,7.747508412823674e-05
14383,7.876485122815214e-05
14384,0.00011804129968379963
14385,0.00028003435910303623
14386,8.42554838142212e-05
14387,0.00011485832735833895
14388,9.794717906343913e-05
14389,0.00012327769663595842
14390,8.741172248624393e-05
14391,8.945855661324783e-05
14392,7.688213599664107e-05
14393,8.479903092258083e-05
14394,0.00016777880580035813
14395,0.00012528151631764
14396,0.0003013197081056655
14397,0.00016621250150582718
14398,0.00023184459328914734
14399,0.00012728902377493617
14400,0.00014468272238148239
14401,0.00015475897001430647
14402,0.0001432004318278147
14403,0.0001751106692248719
14404,5.411411850089231e-05
14405,0.00012403621388897657
14406,8.332894597137686e-05
14407,7.591266464954193e-05
14408,3.775232680047888e-05
14409,3.768629828192753e-05
14410,9.890279453503273e-05
14411,0.00017184929355399618
14412,0.00035458863799097524
14413,0.000362038755316876
14414,0.00013405422318133153
14415,9.315747853738161e-05
14416,6.39250605040591e-05
14417,7.029431909041882e-05
14418,0.00011748890457799087
14419,0.00012167334954758631
14420,0.0001398502563478002
14421,0.00013735723065178902
14422,0.00017777826327061174
14423,0.00011160844476675646
14424,0.0003382745673635879
14425,0.00012414246187404117
14426,0.00018173158721089105
14427,8.331276804885228e-05
14428,0.00010476517966095995
14429,9.867423836078351e-05
14430,5.981366090153434e-05
14431,0.00019134727011940392
14432,9.2669051763535e-05
14433,9.976433597650121e-05
14434,0.00010415461854101762
14435,0.00010342722449328432
14436,5.970993346798728e-05
14437,0.00015866079675878143
14438,9.401812468580395e-05
14439,0.00010345182309316433
14440,9.028307225616316e-05
14441,0.00019212980606634022
14442,0.00012350128067834201
14443,0.00010318495567710034
14444,8.168459260822955e-05
14445,5.652690148645404e-05
14446,0.0002015059955851372
14447,0.00017110581571536045
14448,8.714907168240292e-05
14449,0.00013494748759984408
14450,0.0001327859568693303
14451,0.0002376367156654742
14452,0.00010592306723405061
14453,7.016435686951235e-05
14454,0.00027922223406014657
14455,0.00016971569664398487
14456,3.787229025126723e-05
14457,0.00011344367539358012
14458,0.00020333864334060747
14459,0.00017813222543758072
14460,1.61385902153017e-05
14461,3.079960356387196e-05
14462,6.735481423031633e-05
14463,0.00018168785249664935
14464,0.00011887903976659689
14465,0.0001361875703013648
14466,6.0144556582957334e-05
14467,0.00011877428176658084
14468,0.00019150331019330243
14469,0.00020790213756469568
14470,3.109065837933565e-05
14471,0.00012091757848036965
14472,0.0003925686954655673
14473,0.00018250367131797163
14474,0.00011190934766123922
14475,0.00010619973566789207
14476,9.24388161978007e-05
14477,7.508974510365667e-05
14478,3.041220942901679e-05
14479,0.00012398999243270096
14480,0.00014249617672244545
14481,0.00010248105955483059
14482,0.0001743121022496696
14483,8.88682534235712e-05
14484,0.00027159200354527163
14485,0.0001876271424786725
14486,8.291733645811577e-05
14487,8.559658214126061e-05
14488,0.00016514161804599144
14489,8.387909221248818e-05
14490,0.0001555781213654441
14491,0.00012830808984769395
14492,9.940948546452109e-05
14493,4.761803071176683e-05
14494,3.724031661669228e-05
14495,8.463038970927948e-05
14496,0.0002598353283965479
14497,0.00010647968595697518
14498,0.00016944435712940159
14499,0.00013268387270148023
14500,9.974025664162785e-05
14501,0.00011490085148407417
14502,0.0001509865946602385
14503,9.33765933940073e-05
14504,0.0001643532791687075
14505,3.939662195435384e-05
14506,0.00017681029170866277
14507,0.00018417946927526245
14508,7.398884174617222e-05
14509,8.403952885483328e-05
14510,6.71115455274858e-05
14511,6.930851416831417e-05
14512,6.989725356848199e-05
14513,0.00020797312818439373
14514,4.9320926872870395e-05
14515,4.696124243927697e-05
14516,4.2348251165050585e-05
14517,7.299310213393348e-05
14518,0.00016402265670438965
14519,0.00016814067155447105
14520,6.615685118935001e-05
14521,7.311494771129737e-05
14522,0.0001524135148815976
14523,3.9189135739968115e-05
14524,0.0002770280506280764
14525,0.0001248265192960456
14526,5.81621477700846e-05
14527,8.636086391395447e-05
14528,0.00016134186603002437
14529,9.392426561520304e-05
14530,0.00012041940082231608
14531,6.755079159931672e-05
14532,6.097768631407707e-05
14533,0.00011968115156941515
14534,0.00012480303320954752
14535,0.00013224134548413944
14536,9.30209783688308e-05
14537,0.00011518187296780227
14538,0.00010435903601461799
14539,0.00010515313986550983
14540,5.2642539864460436e-05
14541,8.96484844975979e-05
14542,9.580588474337772e-05
14543,0.0002090565651995985
14544,0.00018272467874901803
14545,5.476323616604469e-05
14546,0.00011281283162589687
14547,8.641246397058382e-05
14548,0.00011043282566215331
14549,0.0003005162041215002
14550,7.347670455506446e-05
14551,0.00017559209750352202
14552,0.00011013462034652419
14553,0.00012654229465375235
14554,0.0001347066448930031
14555,2.4493035609854405e-05
14556,8.696808359435188e-05
14557,0.0002984214926342766
14558,0.00017492370448871
14559,0.00040941950681078356
14560,0.00030001645925658676
14561,0.00010182905922362911
14562,0.0001553848288453613
14563,0.0001408275640221392
14564,0.0002517872881775698
14565,8.755177945950577e-05
14566,0.00019711455178418236
14567,0.00017093775170617004
14568,0.00021500440161956763
14569,0.00014933235202610386
14570,0.00015044965085905047
14571,0.00013369008398025204
14572,0.00010946564720744966
14573,0.00012231207018507885
14574,5.8086122620785595e-05
14575,0.00019971569493468423
14576,0.00012286815215534734
14577,0.0002620299602521475
14578,7.808162451822022e-05
14579,0.00019622313216979955
14580,0.0001303458129519232
14581,0.00015343114256011008
14582,9.631510224506242e-05
14583,7.136074765729139e-05
14584,5.9000243082632986e-05
14585,6.844088168829585e-05
14586,6.547148272084834e-05
14587,6.504039631621199e-05
14588,0.00012375693117135455
14589,7.263423871388093e-05
14590,0.00014840590627132627
14591,0.0002099662570961703
14592,0.00011539557437125728
14593,3.2368448675532206e-05
14594,6.362489734456431e-05
14595,0.00014712594010981935
14596,1.4501745870067019e-05
14597,0.00011246715245405657
14598,0.00019221612372823723
14599,7.67857275938594e-05
14600,0.0001648964048500678
14601,0.0002508442020714634
14602,5.491795402480123e-05
14603,0.0001588675920114143
14604,9.149419890569361e-05
14605,0.00014194991057736258
14606,0.00014883871951236607
14607,0.0002652893565036864
14608,0.00025534149710289793
14609,6.140764216237814e-05
14610,6.324419662499383e-05
14611,0.00011743447050531993
14612,8.881289616517324e-05
14613,8.096451302523237e-05
14614,0.0002545657648995247
14615,0.00012081945122985769
14616,0.00015940037577459682
14617,8.188924313508635e-05
14618,0.00017886613070670817
14619,0.0001305484513015339
14620,0.00018902797894530533
14621,9.358099653428782e-05
14622,0.00012583351585452907
14623,6.344825853613385e-05
14624,9.662697690129076e-05
14625,0.00021223242555221632
14626,4.725143054143185e-05
14627,0.00011536014730656574
14628,0.00023967546089439097
14629,5.059614061217159e-05
14630,5.638068072765156e-05
14631,0.00011733851980319255
14632,0.00018462981740233954
14633,0.00015557628466782348
14634,0.00012098600075219098
14635,7.46183968355801e-05
14636,5.824426947423436e-05
14637,0.00018666360211250685
14638,7.452184374206778e-05
14639,6.700409819494858e-05
14640,0.0001353912542469322
14641,6.543886997893022e-05
14642,9.678936690549345e-05
14643,0.00022518087539371445
14644,0.00026366020964541705
14645,0.00019487453542497743
14646,2.376841192647601e-05
14647,0.0002447647855918733
14648,0.00013046666711171416
14649,0.0002235522132585892
14650,9.143379903581367e-05
14651,7.745180044078909e-05
14652,0.00012057393572238782
14653,0.0002268244645091505
14654,0.00012538971296919182
14655,0.00014030029622505763
14656,0.00013747787120348845
14657,8.036596721114907e-05
14658,6.58241314253528e-05
14659,0.0001936771818769778
14660,4.999940358197084e-05
14661,4.070593123422749e-05
14662,0.00010864508293518795
14663,7.531015677798564e-05
14664,9.933223449749379e-05
14665,0.00010616625422841501
14666,7.618709641987764e-05
14667,0.00011712358657516952
14668,9.6428424793961e-05
14669,0.00016472284261120437
14670,7.609945174879232e-05
14671,0.00010595226614831142
14672,9.647774008412231e-05
14673,6.611800096670316e-05
14674,0.00023391329688004985
14675,6.241324177799297e-05
14676,0.00013237859692245152
14677,0.00019751933010611275
14678,5.480676189037536e-05
14679,0.00017022192742278413
14680,8.635825337867717e-05
14681,9.454397664069995e-05
14682,0.0001332856785080649
14683,0.00013081225285465915
14684,0.00012269682947847277
14685,9.153885259386499e-05
14686,0.00022521954244864148
14687,0.00014363192122296292
14688,0.0002077390781874856
14689,0.0001210744209581324
14690,6.38987630720955e-05
14691,0.00017644241613915513
14692,5.457972682171627e-05
14693,0.0001261591603905176
14694,0.00015718010744452358
14695,0.00022426668080913773
14696,0.00013334259516466156
14697,0.0002046634503314607
14698,9.102331546915145e-05
14699,5.4910843908238064e-05
14700,0.00015410480997015606
14701,0.00016613262782832913
14702,3.195291547225614e-05
14703,5.2365857411612525e-05
14704,1.7388500725129746e-05
14705,0.0001134083597176833
14706,8.991356648646e-05
14707,0.0003901649099973142
14708,5.500198621413143e-05
14709,0.00017361259157384743
14710,4.023362161323734e-05
14711,0.00018280652650726916
14712,0.00014409618200991403
14713,0.00020224761307467047
14714,0.0001431160435139307
14715,0.0002030958976300749
14716,0.0003307287657447747
14717,8.310483800709066e-05
14718,0.00016387822379808378
14719,0.00021013326764317557
14720,0.000106825849411462
14721,0.00011775376199888707
14722,0.00016232963856590443
14723,0.00021223687441587004
14724,7.152595190448903e-05
14725,0.0001399829255382621
14726,0.00014800878278696197
14727,7.770606082751257e-05
14728,0.00026911663363166945
14729,0.00016983023200531477
14730,9.176266371580526e-05
14731,0.00014700368631306477
14732,0.00016141158671635836
14733,0.000127146497649969
14734,0.0002165917612043864
14735,0.00023242223231487158
14736,0.00010907911465490015
14737,7.970381641204564e-05
14738,9.457011371061777e-05
14739,7.266093199082809e-05
14740,6.0136313096410494e-05
14741,6.89528145982298e-05
14742,0.00023543323791778663
14743,6.994190483453114e-05
14744,4.030434634973014e-05
14745,0.00016724692258539693
14746,0.00011282291788419318
14747,8.964907487894757e-05
14748,0.00013862032398021708
14749,3.068399440192035e-05
14750,3.609998235109966e-05
14751,3.7664079229097205e-05
14752,7.452426638192923e-05
14753,0.00019363042247764713
14754,0.00010125524673991311
14755,0.00010606314321603237
14756,0.00013226338560427947
14757,0.00019123518612294897
14758,2.0217563928083626e-05
14759,0.0001236227923450508
14760,0.0003571137506080672
14761,8.889697805243213e-05
14762,6.830542139162886e-05
14763,7.39696817842411e-05
14764,9.610212727674568e-05
14765,4.0075057686063817e-05
14766,0.00014527247277998956
14767,0.00013944272416723555
14768,0.0002122916263568316
14769,0.00014135372247662178
14770,5.682459014947613e-05
14771,0.0002767597166693428
14772,0.00011137971744257131
14773,0.00016178487095542578
14774,8.538657404870068e-05
14775,8.844110789190486e-05
14776,0.00011362156324555594
14777,5.477999828152335e-05
14778,6.88337245171174e-05
14779,0.00018377317079273895
14780,0.00021958637079280132
14781,0.00010185438697655688
14782,0.0002090929474269532
14783,9.087449331348324e-05
14784,0.00013079580624378664
14785,0.00010328614878681359
14786,0.00025661706769848104
14787,8.510426872343062e-05
14788,8.216731058883033e-05
14789,0.0002267494142211643
14790,0.00010361948042649542
14791,7.325902184049507e-05
14792,9.460360505434196e-05
14793,5.495130146847854e-05
14794,7.12105408277873e-05
14795,0.00011135146608967015
14796,8.235680987092086e-05
14797,0.00018014900954253148
14798,5.410824826962614e-05
14799,0.00030935352343454165
14800,0.00020749328857204893
14801,0.00017985087326548386
14802,9.681131849135578e-05
14803,7.637331088575954e-05
14804,0.0003029894864263511
14805,0.0001268846457672381
14806,5.502537672080823e-05
14807,6.856790137508442e-05
14808,6.14573249813416e-05
14809,4.3042335673815484e-05
14810,0.00011288760396403024
14811,7.421689224825436e-05
14812,9.645644876664694e-05
14813,0.00024079259964258806
14814,9.537048356787655e-05
14815,6.980924967963054e-05
14816,0.00012012564352859701
14817,0.00013112170056079188
14818,0.00014668529954329313
14819,0.0001624549025990992
14820,3.0753335041645356e-05
14821,5.16286684720911e-05
14822,0.0002010732561416723
14823,0.00015357834166748456
14824,2.3504940643240725e-05
14825,0.00013282796297443928
14826,0.0001346312973570773
14827,9.839701821314795e-05
14828,0.00019225532320118184
14829,5.996943807896847e-05
14830,0.00011810914098491622
14831,0.00017978079882511748
14832,0.00023514215471159697
14833,0.00011485190082887581
14834,0.0001657588010008597
14835,0.00010717299887452291
14836,0.00017212666163232996
14837,0.00020115923405632984
14838,0.00011062087689479807
14839,0.00012026245727871752
14840,0.00015822756215632915
14841,0.00016897844002712435
14842,4.46745200940053e-05
14843,5.271803615247158e-05
14844,5.127854696211507e-05
14845,4.2785029665116254e-05
14846,0.00011903898925849205
14847,0.00020392053962319475
14848,0.00013512908754173813
14849,6.829252177524179e-05
14850,4.006307254415592e-05
14851,0.00010041907009397511
14852,0.00016566439256220113
14853,0.00022769741122373254
14854,0.00019043014834533198
14855,5.3367733199256306e-05
14856,3.947699273894113e-05
14857,9.555080597943527e-05
14858,0.00010112010529395335
14859,2.345587376344616e-05
14860,4.331862800595989e-05
14861,2.2298183681979842e-05
14862,0.0001515529249037508
14863,8.941474833699748e-05
14864,0.00010522139717166103
14865,0.00017557539758946105
14866,0.00010655699089051802
14867,0.00011138108201135703
14868,0.00022638629456072956
14869,0.00011870282187622199
14870,0.00011864538686642636
14871,7.822263081714343e-05
14872,0.0001919979532547964
14873,0.0001537247343429429
14874,0.0001406781469490597
14875,9.061502134311144e-05
14876,0.00020196815280585043
14877,0.0002096883255363079
14878,9.081822423222992e-05
14879,9.302677944298932e-05
14880,0.00011847702778261646
14881,0.00015821968324015545
14882,9.176089026544133e-05
14883,4.078736545288452e-05
14884,0.00028152443181581597
14885,6.787222642627267e-05
14886,0.00011461064146328157
14887,0.00018744562128295033
14888,7.419532355720982e-05
14889,0.00036502355961265593
14890,0.00011877269209820287
14891,0.00010305823125150514
14892,0.00014476203081463483
14893,0.00015212279734650767
14894,0.00013599230261414426
14895,0.00011256639253812427
14896,0.0002393346000464062
14897,3.0191198883370157e-05
14898,0.00010619936886260927
14899,0.0001419193631207176
14900,0.0001778543684120613
14901,0.00019617067581766356
14902,7.935559731127548e-05
14903,9.24671594377522e-05
14904,0.000111503573459147
14905,9.736293776906305e-05
14906,0.00011931233760292025
14907,7.861340041720243e-05
14908,0.00012271188099306155
14909,0.0001592289577938927
14910,4.183161310700801e-05
14911,0.00022410532651754222
14912,9.362962439276993e-05
14913,0.0002377544955868083
14914,0.00013055984780893222
14915,0.0001884366698459839
14916,8.085197686222565e-05
14917,0.0001433861076235224
14918,0.0001448060772768153
14919,8.873484117246483e-05
14920,4.7662383866948514e-05
14921,0.00011361023254808118
14922,9.486505861010504e-05
14923,0.000200064092857844
14924,0.00021928652836677155
14925,0.00017234595978822447
14926,0.00011966409175668971
14927,7.74246868433466e-05
14928,9.663681101132715e-05
14929,0.00012642433896408454
14930,0.00010265782392448767
14931,0.00010533762923811379
14932,0.00011034455757354675
14933,0.00015619174093290747
14934,0.00011384210603985866
14935,0.000135786185193819
14936,9.326607351634566e-05
14937,0.00011872142276856822
14938,0.00016892775366712416
14939,9.002666804521208e-05
14940,7.144290917013361e-05
14941,8.438629527641276e-05
14942,6.287020420171169e-05
14943,0.0003039723421311635
14944,0.00011137897975211183
14945,0.0001143843458409187
14946,5.4378396055835155e-05
14947,0.00024035620293857537
14948,7.981745604160274e-05
14949,9.456956817082528e-05
14950,0.00015890173516801804
14951,0.00018460285175911928
14952,0.00025189896010831015
14953,7.710569580360598e-05
14954,5.160742922602741e-05
14955,0.00015002063436894168
14956,7.110845897453836e-05
14957,6.314385693150564e-05
14958,0.00012831593193376764
14959,0.00025276316754880673
14960,0.0001821987703113266
14961,4.631040736482244e-05
14962,0.0002217302798069119
14963,6.133404656892834e-05
14964,3.960622889164736e-05
14965,0.00011243045084489441
14966,0.00016820562510279436
14967,3.100965268765358e-05
14968,9.13996233906207e-05
14969,0.00017508515014591597
14970,4.256711729029086e-05
14971,8.905506827508286e-05
14972,0.00010610180027156449
14973,7.55498486370341e-05
14974,3.7429931405408736e-05
14975,7.574975872723522e-05
14976,2.2215687165882613e-05
14977,0.00012295923537763892
14978,0.00010902679470272894
14979,0.00027197556416728655
14980,0.0003582622305140599
14981,9.784785901978148e-05
14982,7.133861679878254e-05
14983,0.00022010312850858846
14984,5.773217875976725e-05
14985,7.371699566855418e-05
14986,0.00028916423308374893
14987,0.00010843510803822981
14988,0.00015815661509300293
14989,5.403570935632689e-05
14990,0.00024982701048373226
14991,9.10760244977399e-05
14992,0.0001818571857406829
14993,6.0425192686275415e-05
14994,0.0002231465339457976
14995,0.0002264733604419272
14996,8.60460224055843e-05
14997,0.00016771337906131814
14998,0.00010372049179033281
14999,5.2197681609040756e-05
15000,0.00021863916096395854
15001,7.740461388765498e-05
15002,0.00023026516798688415
15003,5.904434403334386e-05
15004,2.978995412060161e-05
15005,0.00016365526759017936
15006,0.0002193640183233725
15007,0.00013280692102711052
15008,0.00017616648798905385
15009,5.283533530158035e-05
15010,0.0001573098849548374
15011,0.00024328448161987492
15012,0.00010655311439083947
15013,7.884146360637584e-05
15014,0.0002509012253682514
15015,0.00012582785558207108
15016,7.309702287001607e-05
15017,0.00014583760353087548
15018,9.308070823909539e-05
15019,0.0002071114299543985
15020,0.00011899283182850865
15021,0.00010233476604575398
15022,9.659230767444914e-05
15023,0.00013418623893842518
15024,6.402629775733379e-05
15025,0.0003054085982272668
15026,4.1905409969722036e-05
15027,0.00012436424216055237
15028,9.017675656848532e-05
15029,0.00011898563872182806
15030,4.3683733764061354e-05
15031,0.00011395681360587543
15032,0.00022798741027611568
15033,0.0002210124877751172
15034,0.0002767892191698886
15035,0.00012707989705264773
15036,0.000131584380679699
15037,4.852408083853004e-05
15038,0.000104476263820014
15039,3.2316647531447916e-05
15040,9.906357902069567e-05
15041,0.0001349386477417867
15042,4.8316954664254295e-05
15043,0.00017982245035745264
15044,0.00016187619527940577
15045,0.0001936043074021913
15046,4.188006710025468e-05
15047,9.11371826295103e-05
15048,0.0001129020113549698
15049,6.991524545925859e-05
15050,0.0001308598852109015
15051,0.00019399653375025706
15052,8.536869333785131e-05
15053,6.555688591965256e-05
15054,0.00021253915537895483
15055,0.00035306774297388965
15056,0.00014136059180907954
15057,0.000317809963596557
15058,0.00012921372897880845
15059,0.00010586536687291019
15060,0.00019711368105367158
15061,6.66281712427019e-05
15062,0.00013453444962451507
15063,0.00018625860172061693
15064,0.0001454629184004867
15065,0.0001768823469080916
15066,0.00023610411870794216
15067,0.0001501023516765895
15068,0.00010404517817771196
15069,0.0002171869263506931
15070,0.00011406542264661822
15071,0.0001488196734589335
15072,4.924004059089703e-05
15073,7.071672120069258e-05
15074,5.5556217455757036e-05
15075,2.894078948815593e-05
15076,0.0003039007593165764
15077,0.00016759116020853999
15078,9.339251880591894e-05
15079,0.00016979718793889206
15080,0.0001781353469924445
15081,0.00011729145104443238
15082,0.00010002515895918602
15083,0.00015520045934827825
15084,0.00010999469962494869
15085,0.00013080300768618882
15086,9.558862461310499e-05
15087,8.347501969866315e-05
15088,4.313559285728129e-05
15089,4.8090748290991225e-05
15090,0.00017865045194332552
15091,0.0001241421783519813
15092,0.00024649437126327597
15093,6.865828166898068e-05
15094,7.61797355607715e-05
15095,7.326410531789554e-05
15096,0.00017106171212463898
15097,0.00017180927627551514
15098,0.00024726744651530803
15099,0.00011320193072481605
15100,0.0001317020651955125
15101,4.815596697931619e-05
15102,0.00019289824930291487
15103,0.00018920997577387787
15104,8.079653879944715e-05
15105,7.546079567345072e-05
15106,4.541463005242936e-05
15107,8.205055177128867e-05
15108,5.3751286427582465e-05
15109,0.0001713427943445608
15110,0.00018765057201752165
15111,0.00010866377113714887
15112,0.00011795209624517838
15113,0.00013416561478035613
15114,8.380953970465402e-05
15115,0.00010875178571271123
15116,4.657405542584149e-05
15117,5.9581371518765836e-05
15118,9.360331644301676e-05
15119,0.00017437197347332014
15120,0.00014123260361656502
15121,0.00021229928069421187
15122,0.0001509614156371714
15123,0.00013468870328488434
15124,0.00016013852135523995
15125,0.00024335911646350031
15126,7.693179839041744e-05
15127,5.564280302138571e-05
15128,6.119989935437478e-05
15129,3.5932025310000414e-05
15130,9.414845657291414e-05
15131,0.00012405611150045673
15132,7.235890423938454e-05
15133,9.313184625792352e-05
15134,7.579686144512238e-05
15135,0.00019703536841506798
15136,7.636931850906954e-05
15137,0.0003407484056147743
15138,5.009714687428175e-05
15139,9.067183957709128e-05
15140,0.00021603810651626694
15141,6.836242983585415e-05
15142,0.00017542637666740333
15143,9.094425975159529e-05
15144,0.00012709968252475003
15145,0.0001909865730313395
15146,0.00010037160595883784
15147,7.7747871755838e-05
15148,5.5838669546866595e-05
15149,7.903210184867389e-05
15150,5.173927948797335e-05
15151,0.00013324866623724626
15152,6.238849475211014e-05
15153,7.9135177521755e-05
15154,0.00013174656252950854
15155,0.00012948835524516323
15156,9.98250156720132e-05
15157,0.00016472759348136739
15158,0.0001527249740784012
15159,4.078246885101831e-05
15160,9.775358845444022e-05
15161,0.00015401503016379385
15162,0.00013895553845546616
15163,0.00013102956625663656
15164,8.18113844315217e-05
15165,5.665782735267255e-05
15166,9.164072313675299e-05
15167,0.00015370071792938746
15168,0.00016025511488316108
15169,4.835122560083915e-05
15170,6.920564072713141e-05
15171,7.267270200979728e-05
15172,6.950977246007125e-05
15173,0.0002432854982501041
15174,0.0001603304988132406
15175,7.198416155175907e-05
15176,0.00019186197247461989
15177,0.00011301939359377069
15178,0.0001296442670961398
15179,0.00017767394174007442
15180,6.18025088924091e-05
15181,0.0001243178437992878
15182,0.00010452227204690445
15183,8.481548017906095e-05
15184,3.8774578328357255e-05
15185,6.736794068074178e-05
15186,1.7703322156693828e-05
15187,9.209338029445774e-05
15188,0.00014132652110655458
15189,0.00017515989366842266
15190,1.753720760352741e-05
15191,5.549493319338634e-05
15192,0.00012147675986456141
15193,6.250714005239633e-05
15194,0.00020814411046656366
15195,7.816005276777565e-05
15196,4.737723116515992e-05
15197,0.00026374578676505547
15198,0.0001485191250566997
15199,9.034045577082401e-05
15200,7.581699776140055e-05
15201,0.0001439555338652276
15202,7.755033251538868e-05
15203,0.0001629856023505783
15204,9.745120715609271e-05
15205,5.819513117601112e-05
15206,0.00020841729794648364
15207,6.471052433544031e-05
15208,0.0001495930018770779
15209,0.00024311181860799978
15210,0.0003379606276120438
15211,8.056804697512094e-05
15212,0.00011745376711370841
15213,6.332767181225598e-05
15214,0.00012830061535058375
15215,0.00013599654923290188
15216,8.51215377789215e-05
15217,7.443447044712227e-05
15218,0.0001645618734326317
15219,0.00013151581538380802
15220,0.00017991038793911733
15221,7.29655022428855e-05
15222,0.00012267837771020614
15223,9.601011009449279e-05
15224,9.778890845441486e-05
15225,0.000137449056112587
15226,0.00016543017663142183
15227,9.531271039034162e-05
15228,6.266694911866968e-05
15229,6.384581042757066e-05
15230,0.00010656227901032141
15231,0.0001012618131806781
15232,0.00017058768697400927
15233,0.00010430358171507022
15234,0.00010613217441981521
15235,0.0001552241270198671
15236,4.5900358578882154e-05
15237,0.00013860417740613591
15238,0.00022347198866277967
15239,0.00011556763272500824
15240,0.0002913888483462326
15241,8.176154680322464e-05
15242,0.00016951445109789084
15243,6.703361155664164e-05
15244,9.79408752572707e-05
15245,0.00014573178937846813
15246,0.00010382095864343469
15247,0.00012168024768282506
15248,5.8324495126490364e-05
15249,0.00013986401666375654
15250,7.516478856970273e-05
15251,4.449485302086142e-05
15252,7.612043763812967e-05
15253,8.189303313650746e-05
15254,5.510892055100141e-05
15255,8.090496615744964e-05
15256,0.0001262289623097113
15257,5.561142329572282e-05
15258,9.919109628629044e-05
15259,5.474508264990638e-05
15260,0.00010654769211234334
15261,7.565969894755655e-05
15262,9.081248130572441e-05
15263,0.00011834038340373112
15264,0.00013035623614114847
15265,0.00012555096188995572
15266,0.00020632454088191226
15267,8.514348202244183e-05
15268,9.024778094911499e-05
15269,0.0001270063962417053
15270,0.00012630886286020654
15271,6.246306428552256e-05
15272,2.4726197194832596e-05
15273,0.00018922339540584736
15274,9.116539587292842e-05
15275,0.00024717057778613253
15276,0.0001671338490789093
15277,0.00019609941420916887
15278,0.00010126984968858641
15279,0.00013231291943221435
15280,0.0002802758796864597
15281,7.350587691256125e-05
15282,0.00016670685949971958
15283,0.00011996776877849658
15284,0.00022589366912775403
15285,0.0001576280439044675
15286,0.00010992420609366277
15287,0.00012040663672137126
15288,6.809659534881347e-05
15289,0.00013477070806413566
15290,0.00021866867492820055
15291,0.00021841706996506612
15292,9.99322285004527e-05
15293,0.00022253887879072594
15294,5.79986870662434e-05
15295,6.507529160818348e-05
15296,0.00046525802126051675
15297,9.465582360803895e-05
15298,0.0001571333703911533
15299,6.848942302584165e-05
15300,0.0001412521926227595
15301,8.51979693738273e-05
15302,0.00011190533277170476
15303,0.00012912216495989344
15304,9.916275519989953e-05
15305,0.00012905607391441287
15306,0.00012814180812432404
15307,0.0002702089767995243
15308,0.00013795645368304998
15309,0.00020389699109086282
15310,8.084190588027222e-05
15311,0.0001137984185787943
15312,0.00025850870181904137
15313,7.496541876049473e-05
15314,0.0001423877346978723
15315,1.7850839147981618e-05
15316,0.00018725150453941452
15317,8.981949912763597e-05
15318,8.430266782898121e-05
15319,0.00018053225949360508
15320,0.00024129107753901794
15321,0.0001352943576937
15322,0.00017279672371091527
15323,0.0002241559950357978
15324,8.423320722021014e-05
15325,0.00019110984313485167
15326,8.837334448493953e-05
15327,0.0002126972171924441
15328,0.00010112068418866642
15329,5.4879950623647075e-05
15330,7.891219782056973e-05
15331,5.8008294058800074e-05
15332,0.00020935232817924105
15333,0.00016377273212604232
15334,0.00014031902667749184
15335,5.402467169817212e-05
15336,0.00013123090535765257
15337,9.764233943880703e-05
15338,0.00022324245848070434
15339,0.00011523438594095247
15340,0.00016363170534275468
15341,0.00014912411862645663
15342,6.32024028760998e-05
15343,0.00015977652796811696
15344,0.000154347461906328
15345,2.7268876862847317e-05
15346,0.00011458878996061318
15347,0.0001595838983041577
15348,0.0001978105532913091
15349,4.221661130192079e-05
15350,0.000234967138215376
15351,6.607590551299749e-05
15352,0.00048038223814504406
15353,3.7813617677172944e-05
15354,0.00011263540279606875
15355,0.00012969048288884332
15356,0.00012980576877700224
15357,0.00014055224134193668
15358,0.0002269858074001214
15359,0.00018712858078122552
15360,9.320772996593543e-05
15361,0.0001382059622647049
15362,3.0707564886410315e-05
15363,0.00017689414851831408
15364,8.319345015278252e-05
15365,0.00010238436761845595
15366,3.87311598831462e-05
15367,0.00012995455373040785
15368,8.959938553022484e-05
15369,0.00047495659432673427
15370,0.00021869611471389994
15371,0.00012938259356902373
15372,0.00022895196602603973
15373,0.00011768917748559313
15374,0.00026237737851632055
15375,0.00024730766033806406
15376,4.53877765185292e-05
15377,0.00010070130532275735
15378,5.516792131231043e-05
15379,0.00010376591133645096
15380,6.637926860298711e-05
15381,0.00017875925799356912
15382,0.00013501611965164366
15383,0.00010511070570355176
15384,0.00028810321169731425
15385,0.0002267972414441474
15386,0.00014608537461259166
15387,4.522463415973866e-05
15388,0.00023448698001329383
15389,0.00016077663623363203
15390,7.025660974843332e-05
15391,7.395593536185582e-05
15392,0.00020008914397336071
15393,8.245975246816217e-05
15394,0.00023944462965148444
15395,8.256452217511077e-05
15396,8.71469205583586e-05
15397,3.497874324011142e-05
15398,8.080006293478508e-05
15399,6.838297399939706e-05
15400,0.00010662909985200068
15401,9.975471704618547e-05
15402,0.00015493217962153652
15403,5.389610373266493e-05
15404,0.00022017447601806113
15405,0.0001325128544916628
15406,0.0001196115121411823
15407,0.00013068803816335164
15408,0.00022945220135688315
15409,0.00021553735708136122
15410,0.00018936364259217536
15411,9.802748847193449e-05
15412,0.0002208010581104728
15413,0.00013995149229501202
15414,8.492927538666326e-05
15415,8.017844202866735e-05
15416,0.00017589071458212215
15417,9.12648254050641e-05
15418,0.0002520773930619251
15419,0.00011743703450941657
15420,0.00028740992162085924
15421,0.0002557026002328095
15422,0.0003196855192830673
15423,0.00018457463725145255
15424,7.160577423184224e-05
15425,0.00015483424478019328
15426,6.501919328772336e-05
15427,0.00019194037619256802
15428,9.239117047257134e-05
15429,0.00017298886826851276
15430,0.00014016878919383455
15431,0.0001615932030272891
15432,7.734628869752883e-05
15433,0.0001891245561736503
15434,4.9815817882685985e-05
15435,0.00019209299160854212
15436,0.0001155403607882308
15437,0.00016118656712843374
15438,8.383801190740011e-05
15439,0.00015297874250827216
15440,0.00011878562527939258
15441,0.00019736980329431336
15442,5.7730810813669126e-05
15443,0.0001149429040914416
15444,9.731069883131567e-05
15445,8.706801234208165e-05
15446,0.00020572698842016997
15447,0.00014150283734144816
15448,9.860948881822063e-05
15449,4.1909966471726205e-05
15450,3.573119220332354e-05
15451,0.0001812292808570325
15452,0.00024978743219227823
15453,0.00031952566645091965
15454,2.5889836995767175e-05
15455,8.839830561456503e-05
15456,0.00012643914265229742
15457,3.678338398662913e-05
15458,2.5275366963226283e-05
15459,0.00010423431058186328
15460,9.018257252824934e-05
15461,4.486911957448417e-05
15462,6.097843714705956e-05
15463,0.0001114405307258563
15464,0.00027397272116872796
15465,0.00016862022024501162
15466,6.55515509609964e-05
15467,5.553404513510191e-05
15468,4.904391607321686e-05
15469,6.608757930850891e-05
15470,0.00012079139452650543
15471,8.822195140956957e-05
15472,0.00019305468599517658
15473,0.00011162383921858914
15474,7.246302375969587e-05
15475,0.000218978019471321
15476,6.24019561694031e-05
15477,0.00014768004133838746
15478,0.00015721661725601215
15479,0.00013190970722103387
15480,9.403843417733754e-05
15481,9.564742381917439e-05
15482,0.00011802030367113187
15483,0.0002308665311740355
15484,0.00010220095247671617
15485,7.658883024083584e-05
15486,0.00016816158066919914
15487,0.00024114725691563773
15488,0.00017757423757314806
15489,3.994455515833467e-05
15490,0.00011618737657797126
15491,8.242634453033246e-05
15492,0.00019145365799508676
15493,0.0001444521820850728
15494,8.912531929321362e-05
15495,0.00010369023978830907
15496,3.8333634979953845e-05
15497,0.0004122110876185833
15498,0.00010227435687640906
15499,0.00012149371105613465
15500,0.00023370984686202354
15501,0.00010418253404143296
15502,0.00010823120928865291
15503,0.00023142751236342358
15504,0.00013985423670589454
15505,5.424149597901276e-05
15506,0.00019271922135764009
15507,0.0001428464212569171
15508,2.702170245844707e-05
15509,5.3872575719732394e-05
15510,7.693183936327515e-05
15511,0.0001625572752726741
15512,0.00019766407725402586
15513,0.00014539397580562837
15514,0.00022533366037703924
15515,0.00011554521780959059
15516,3.8739749434025136e-05
15517,0.00010118404219039546
15518,6.527793080770144e-05
15519,0.00012590396230479056
15520,3.798201736674557e-05
15521,2.683523958290338e-05
15522,5.7772701832218496e-05
15523,0.000127491110407411
15524,0.000159514222069113
15525,0.00022542741979047668
15526,7.815921674999779e-05
15527,0.00010430352505107152
15528,9.680492168944095e-05
15529,0.00014676077187276225
15530,0.0002800930688456147
15531,5.3500894043188263e-05
15532,6.284947199401052e-05
15533,9.139376507186896e-05
15534,9.685034469235555e-05
15535,7.667015956796795e-05
15536,0.00015875062674387152
15537,0.00020695221778411715
15538,0.0001636370865054648
15539,0.00018038134548256573
15540,8.595796660804659e-05
15541,0.000269763226291451
15542,6.533469573327135e-05
15543,0.00024112587577075953
15544,0.00015604929715248449
15545,0.00018400805464917225
15546,0.00015173881077280992
15547,0.00013620377666818533
15548,0.0001725884226480164
15549,0.00019037919311633723
15550,0.00010935945096555413
15551,0.00015618525419664318
15552,0.00016949345590905795
15553,6.574781195906774e-05
15554,0.00013317663905192473
15555,0.0001061734308012771
15556,8.661361948811023e-05
15557,0.00016553143629162423
15558,0.00025092013691811483
15559,0.0002583089138681697
15560,0.0001054157927361602
15561,0.0001084119330479541
15562,8.8725335870418e-05
15563,4.7454924627743094e-05
15564,6.446246908691208e-05
15565,6.87386968510226e-05
15566,7.225960508553153e-05
15567,0.0001795509568058396
15568,6.88516062904104e-05
15569,9.729817688129791e-05
15570,0.00010653446585860954
15571,0.00018668333950831614
15572,0.0001066495793614492
15573,0.00025952671259050174
15574,0.00012690289803617857
15575,9.535739630356976e-05
15576,0.0001482905366888373
15577,0.00012066229499132383
15578,9.503209716197121e-05
15579,0.0001857489736397861
15580,4.167613380188542e-05
15581,6.643460111181035e-05
15582,0.0001056553280005095
15583,0.00028224794594363674
15584,1.9759048800340567e-05
15585,0.00011037104052313155
15586,0.0001274696769183096
15587,8.312020353306402e-05
15588,0.00011490998200746286
15589,6.640863443535763e-05
15590,8.129761010543457e-05
15591,5.715399422592851e-05
15592,0.0001121961887081115
15593,6.901917535831214e-05
15594,7.142981534832858e-05
15595,3.84746296276434e-05
15596,0.00013921684542505118
15597,5.383905973263989e-05
15598,0.00010403207834276143
15599,6.544520431317439e-05
15600,0.00010277816705827478
15601,7.943484671181022e-05
15602,4.491584232407633e-05
15603,5.21873821946335e-05
15604,5.597745235784462e-05
15605,5.7493484755968514e-05
15606,0.00010366808986335456
15607,0.00017568936318843137
15608,0.0001633633734500187
15609,7.462929435389897e-05
15610,0.00014918110322421606
15611,9.807080947164384e-05
15612,5.5707955899722895e-05
15613,0.00016600422538298623
15614,0.00012064977619050075
15615,9.254399194815259e-05
15616,7.234423768878894e-05
15617,4.7006881786304466e-05
15618,0.00013634371584198156
15619,0.00010885429756270366
15620,6.11286880638541e-05
15621,4.078251641970054e-05
15622,0.00013373637654108094
15623,0.00013682390445781558
15624,0.00015262362331942839
15625,0.00017202524695090755
15626,0.000247462183688803
15627,0.00014064552774228732
15628,0.00023382576909720287
15629,9.435170521037304e-05
15630,6.261552500596335e-05
15631,0.0002658450395802317
15632,0.00017030966474091552
15633,8.399915020071559e-05
15634,0.00010778067218021606
15635,0.0001641255613328506
15636,0.00013860759339169912
15637,4.4200422762379686e-05
15638,8.325472251574931e-05
15639,0.00015184502251531205
15640,0.00021870533849209013
15641,0.0002878057551482843
15642,0.00011356924042720231
15643,9.796419643134165e-05
15644,0.00014413659050621159
15645,8.090231053099139e-05
15646,0.00013876403257934877
15647,0.0005282823537783054
15648,0.00015353761838196405
15649,4.901628491861736e-05
15650,0.00015958181032399332
15651,0.00018314976623116794
15652,0.00011556352084382836
15653,4.505609400320667e-05
15654,0.00015226917746914738
15655,8.970932962692099e-05
15656,0.00012648867974332002
15657,1.7824090743232706e-05
15658,0.00013626106468970074
15659,0.00019355508773738763
15660,0.00021870849717831487
15661,0.00014392136590315134
15662,0.00014078193337274496
15663,0.00014047020411198997
15664,9.155072818078255e-05
15665,0.00017160062677031894
15666,7.915230692034121e-05
15667,2.8706133211324166e-05
15668,0.0003008711729633578
15669,0.0001260380771541698
15670,6.155011731214308e-05
15671,9.364826816301173e-05
15672,0.0001444166798182754
15673,0.00014673209771158617
15674,8.397829009905505e-05
15675,0.00016718902428403923
15676,0.00014756863178835107
15677,5.990654279277489e-05
15678,5.485475709822091e-05
15679,8.605016937499294e-05
15680,6.935073521204396e-05
15681,2.988568355448732e-05
15682,0.00010930158922298517
15683,0.00010318507953219822
15684,8.452894126192366e-05
15685,0.00012294948771861828
15686,0.0002931550222480571
15687,0.00019587527720993136
15688,0.0001043539355607667
15689,5.390592144659018e-05
15690,7.985682837456578e-05
15691,7.631438212678246e-05
15692,9.071514752316254e-05
15693,0.00017634060553567524
15694,3.6777937112490644e-05
15695,4.70451260794827e-05
15696,0.00015176291060432139
15697,0.00012246478240734182
15698,0.0002140754034249825
15699,0.00010075975785204467
15700,8.288055172845316e-05
15701,0.00010539565670625034
15702,6.868898810582487e-05
15703,9.984146411430665e-05
15704,0.00010225633195158092
15705,0.00010456810807969361
15706,0.0002243677158381472
15707,0.000145474600484149
15708,3.7593453425286295e-05
15709,0.00013387895234926407
15710,0.0001556644155372575
15711,0.00010267600329912188
15712,4.474607222884627e-05
15713,0.00013414549319437272
15714,0.00013294458833552206
15715,0.00011798531341767205
15716,0.00010331834140000267
15717,0.00017439091818809583
15718,0.0001538563987410362
15719,0.00011386609642264328
15720,6.460828704793821e-05
15721,7.057102615337282e-05
15722,5.5077564618364766e-05
15723,0.00013665930253216324
15724,9.18531070457899e-05
15725,8.52042403418691e-05
15726,9.530690974157107e-05
15727,0.00013820696531061317
15728,6.980180178092807e-05
15729,0.00011681345950548169
15730,0.0001237161841792822
15731,0.00014328925942219155
15732,0.00014496563336189648
15733,0.0001448661624527312
15734,0.00012032837921268968
15735,0.00012616039612929627
15736,8.758992258102041e-05
15737,0.00014860717783747587
15738,5.936077818176833e-05
15739,5.23184761195951e-05
15740,9.902746239817097e-05
15741,0.0001379147304797896
15742,0.00014692445355412329
15743,0.0001288938391994762
15744,0.0001018179023234269
15745,9.26782244677964e-05
15746,9.669033440189556e-05
15747,8.440740534985573e-05
15748,0.00016922094482046577
15749,6.88554270154525e-05
15750,0.00013382819767310567
15751,0.00022569317695331865
15752,8.47967610714741e-05
15753,0.00012013441127148715
15754,0.00018431525490489662
15755,7.014057174419116e-05
15756,0.00012657675720422178
15757,0.00013133171517085195
15758,9.112429677129149e-05
15759,8.214087840403725e-05
15760,0.0001947791621318416
15761,0.00011321583913819772
15762,0.00010221610016176941
15763,9.646678938558913e-05
15764,7.931253971261642e-05
15765,0.00011254288990625494
15766,6.143318107371161e-05
15767,0.00027238455464284166
15768,0.0002131945124316301
15769,0.00012516720604003765
15770,8.63118439394918e-05
15771,0.00011760572567940395
15772,1.5295105213348564e-05
15773,0.0002115332406646341
15774,9.803169718125699e-05
15775,6.393238398050757e-05
15776,8.055324748166477e-05
15777,7.023029129908939e-05
15778,0.0001254783203772391
15779,0.0001704147394599287
15780,0.00020285709913845832
15781,0.00017690815464481652
15782,6.742232251489805e-05
15783,0.00012271033894980957
15784,9.803727556398589e-05
15785,5.2696595153367844e-05
15786,0.00020993077384920113
15787,0.00012441057899172423
15788,4.26517256374027e-05
15789,6.301472951428408e-05
15790,0.00017793994569103403
15791,6.297426342079269e-05
15792,0.00011961871773093949
15793,0.0002113934222546827
15794,0.00011989416246856696
15795,0.000136742273307707
15796,0.00024063347681493213
15797,0.0002449817575712232
15798,0.00016992049237618025
15799,6.11376646657811e-05
15800,0.0002582517288510711
15801,6.61251767840951e-05
15802,7.90687850461399e-05
15803,3.5114040802570005e-05
15804,4.2919991714668204e-05
15805,7.038988486598254e-05
15806,0.0001901726687514406
15807,7.966585645544304e-05
15808,0.0002362307368473843
15809,6.49613655659517e-05
15810,0.00010738594849645617
15811,0.000221577526236793
15812,0.00011857393685263027
15813,0.00012164596706900965
15814,0.00016232834331101362
15815,0.00017330022060627542
15816,0.0001045417328725634
15817,1.5788312160899406e-05
15818,5.865190239404418e-05
15819,0.00012572770234989836
15820,7.50120608152149e-05
15821,0.00014589964885751102
15822,0.00022856439044470999
15823,0.00010077444768318822
15824,0.00017621869423378397
15825,5.811129672913623e-05
15826,7.58766012020744e-05
15827,7.070014327265837e-05
15828,0.00010762186294155019
15829,0.00011971899359255394
15830,0.00010141420771453466
15831,0.00013405469773883724
15832,6.017557630620304e-05
15833,0.0002495992120264266
15834,0.00015221727133539457
15835,0.0001671401958546343
15836,0.00011392635434182565
15837,0.00015398285668366286
15838,0.00023933167028118455
15839,4.204729979834764e-05
15840,0.00018021981512775638
15841,9.662324985182075e-05
15842,0.00012918576914372113
15843,0.00011033709884710767
15844,0.00012597423594990712
15845,6.16276843917895e-05
15846,0.00027815065775724435
15847,0.0001537169271355366
15848,0.0001252516736153476
15849,0.0001184764398601008
15850,0.00012473767709308072
15851,0.00012883170099807357
15852,0.00014364660599944974
15853,0.0004174808051636931
15854,9.670663334159686e-05
15855,0.00018507239696433165
15856,3.457545031839717e-05
15857,0.0001587615095773479
15858,0.00013774293609016325
15859,0.00015550258215229844
15860,6.930095237477032e-05
15861,0.0002550836407371346
15862,0.00012093145024752124
15863,8.600535076004068e-05
15864,0.0001885612422668632
15865,0.00011996601504661112
15866,0.000378329453675161
15867,9.191709778021717e-05
15868,7.95064812646711e-05
15869,6.398067596548993e-05
15870,0.0001097064198354774
15871,0.0001257099681236165
15872,0.00012091142550547846
15873,8.300118363988909e-05
15874,7.537997751580587e-05
15875,9.315374172326523e-06
15876,9.501072646363328e-05
15877,0.0002651888343737679
15878,0.00018190025859770307
15879,0.0001347808885391318
15880,0.00018542372987132063
15881,7.306314036268715e-05
15882,9.152057945413508e-05
15883,5.516578376775004e-05
15884,0.00020091749037200906
15885,0.00015827322439887387
15886,0.00015823951515249593
15887,9.560515997030633e-05
15888,0.00014554176535579543
15889,0.0001495213874338712
15890,0.00011804059636832238
15891,0.000178418047980833
15892,0.00011026061456358625
15893,0.00015243151691409683
15894,5.415374933672968e-05
15895,3.9385174851867594e-05
15896,0.0003507762555933292
15897,0.0001491267706876486
15898,5.776327188634472e-05
15899,0.00010041180084929196
15900,0.0002285587601622011
15901,5.667622511909564e-05
15902,6.894770168909747e-05
15903,0.00017944698534536283
15904,0.00012274898243140099
15905,0.0001007026055522517
15906,8.134475092116752e-05
15907,0.0001511485624269446
15908,8.95479323442611e-05
15909,8.747437173400858e-05
15910,0.00014491472335283117
15911,9.265073064340239e-05
15912,0.00015647039396914292
15913,8.613179760649537e-05
15914,0.00010048141780243398
15915,0.00016943019316293783
15916,0.00010510096678085765
15917,0.00035547994250764313
15918,8.162348432154407e-05
15919,0.0001556133803690138
15920,0.0001713816343238468
15921,0.00011764572331280077
15922,8.752211298055039e-05
15923,6.169793907890192e-05
15924,0.00014819556736131423
15925,3.979833372830722e-05
15926,9.755948868194428e-05
15927,7.076743851995912e-05
15928,0.00012154014853718405
15929,9.95870319874382e-05
15930,5.877128923733603e-05
15931,0.0002681640474878436
15932,5.158013689762551e-05
15933,5.511952409357957e-05
15934,0.00010686471025096226
15935,5.6099326286446076e-05
15936,0.0001614640756062505
15937,0.00010117797958070942
15938,8.193586242786463e-05
15939,5.1257041853841736e-05
15940,0.00011509881394157698
15941,8.325873776294571e-05
15942,0.00014769504238454573
15943,9.827055398420521e-05
15944,0.000179461545971037
15945,0.0003551466915899277
15946,0.00024178268660360772
15947,2.170725241646503e-05
15948,0.0001013169269433401
15949,8.010556396150044e-05
15950,0.00014272688069570243
15951,0.00013059611406188382
15952,5.426076449591309e-05
15953,9.890250167989775e-05
15954,8.866096451969973e-05
15955,9.116221343070534e-05
15956,0.0001479189696457863
15957,0.00013857765329488168
15958,0.0001151952029235471
15959,9.205326364474467e-05
15960,2.4127717307963632e-05
15961,0.000146765107462964
15962,0.0002337927171466708
15963,0.00011004880725833327
15964,0.00016318340209224046
15965,0.00019211053069364604
15966,0.00012796771988213832
15967,1.734201671843096e-05
15968,0.00018159274027692185
15969,0.00027961040548024835
15970,6.0629807236894115e-05
15971,5.859802593640628e-05
15972,0.00021539133948957995
15973,9.376098932769222e-05
15974,0.00018909632920266888
15975,9.58647203780878e-05
15976,7.201256676227532e-05
15977,5.488701430822146e-05
15978,0.00012549235618575098
15979,0.00018426469731524616
15980,0.00010771465334182622
15981,0.0001067195681825462
15982,0.00012111776638459939
15983,6.471062187440162e-05
15984,0.00010893321429162891
15985,0.00010114316807343388
15986,0.0002552415218887001
15987,0.00027744064710943624
15988,0.00010692665505273791
15989,6.066427136735556e-05
15990,0.00021539939876845328
15991,0.00011472297043733003
15992,0.00013203429435569146
15993,0.0001760368095353775
15994,9.946045324908005e-05
15995,0.00013205334350894045
15996,0.00022284595169524794
15997,8.728271402142122e-05
15998,0.0003080637563928452
15999,0.00011766433371251956
16000,0.00015413685897910912
16001,0.0002471725736935939
16002,9.058850925225856e-05
16003,9.484078532925552e-05
16004,0.0001661526612159581
16005,6.144609504306694e-05
16006,0.00010560754867795895
16007,0.00012811025606239884
16008,0.0001298890586886153
16009,9.171536923600169e-05
16010,8.502490845107579e-05
16011,0.0001778281337325587
16012,9.711788244054526e-05
16013,6.493260203745649e-05
16014,0.0001991330743375719
16015,8.312387088755132e-05
16016,7.66862326299375e-05
16017,0.00024471661016130274
16018,5.8923397303973905e-05
16019,0.00010709750244490114
16020,0.00012553911470076072
16021,0.00012057584913235487
16022,4.186566015193415e-05
16023,8.920624972839686e-05
16024,0.00016702822178968026
16025,0.0001930774063653572
16026,0.00015154232427517958
16027,0.0001365034477859129
16028,0.00014859452692972175
16029,0.00018366164855077724
16030,0.00013470105438172345
16031,0.00010805995958193418
16032,9.005988262805849e-05
16033,7.941694607214944e-05
16034,0.0003040603474162739
16035,0.00015196795147452423
16036,6.756795043985446e-05
16037,0.00014056987878481583
16038,0.00010680305261772203
16039,8.057047868020915e-05
16040,6.339428680570992e-05
16041,0.0002703811560786614
16042,0.00030576881721396945
16043,0.00017306501575167175
16044,0.00013103471683891384
16045,8.899577677697676e-05
16046,0.00016965892900367864
16047,3.318227108411789e-05
16048,9.867364868655469e-05
16049,5.915708466346761e-05
16050,9.066241766907327e-05
16051,0.00013505454572653483
16052,0.00010959547977271861
16053,0.00016734345292763084
16054,6.184722377582162e-05
16055,0.00016535209469208494
16056,0.00015369072458145785
16057,0.0001193909708393139
16058,0.00018373955063063997
16059,8.420972575418835e-05
16060,4.850801738609903e-05
16061,7.146286020254433e-05
16062,7.924711985414014e-05
16063,0.0002679027495650142
16064,0.00015514297989129055
16065,0.0002718337863693341
16066,6.222121265586655e-05
16067,0.00014667518871405545
16068,0.00017776988006076486
16069,0.00016167446504374965
16070,0.00013626692477381987
16071,0.00012649387017586532
16072,0.0002475240936856776
16073,8.104882298822152e-05
16074,0.00018231554444592674
16075,7.677817500948575e-05
16076,8.551077292168e-05
16077,3.4785602365501405e-05
16078,0.00010638884117717206
16079,6.202694689704492e-05
16080,8.731578337109802e-05
16081,4.9624245765440386e-05
16082,8.270918591136304e-05
16083,0.00028054693066958936
16084,0.00010869158628660429
16085,0.00015175599023201672
16086,6.686503419499779e-05
16087,0.00012235976289037663
16088,7.425733516072954e-05
16089,0.00012463502354217266
16090,0.00012729628354333746
16091,0.00011621767904332735
16092,3.326445840767018e-05
16093,0.00011736176170347993
16094,5.3479873851024846e-05
16095,0.0001473470808662951
16096,0.00013242474482380196
16097,9.873265266516821e-05
16098,5.165192808560442e-05
16099,0.00016584370806372442
16100,9.04031259236503e-05
16101,0.00010753145853809368
16102,6.80524182286814e-05
16103,0.000184287643808294
16104,0.0003168243166685053
16105,3.090932085681571e-05
16106,0.0001527284786886245
16107,0.00010341012888664906
16108,0.0003048062422193441
16109,0.000124591247799707
16110,6.552168968600694e-05
16111,4.6788103770783565e-05
16112,0.000120576474571024
16113,0.00010121518264164112
16114,1.6562165539073993e-05
16115,0.0001278652017021087
16116,7.971074057766729e-05
16117,0.0001484006322624606
16118,0.00012659138179944594
16119,0.00014599951610744883
16120,0.0001806585104857852
16121,4.758476763178877e-05
16122,0.00014025013016619525
16123,0.00011100819688201627
16124,7.344824906005012e-05
16125,0.00011824464721023937
16126,0.00017804936818012108
16127,0.00011633700770722754
16128,0.00012846115894330745
16129,0.0003339902601905377
16130,4.964035296238346e-05
16131,5.951161692846646e-05
16132,0.00026623634354187294
16133,0.00021949478873170092
16134,7.671222554036395e-05
16135,8.892006699664933e-05
16136,4.4268552444926424e-05
16137,0.00028941047423560086
16138,9.775732915372997e-05
16139,0.0001362302243853315
16140,0.00014709462666345527
16141,0.00024043981368231744
16142,0.00014007482018044476
16143,0.00010015843704787078
16144,4.017924887756432e-05
16145,8.390231934520331e-05
16146,0.00011108122598802186
16147,0.00012276160680068442
16148,0.0001546676020186018
16149,8.152565263496291e-05
16150,0.0002131684462005375
16151,7.717757163166766e-05
16152,0.00011314353620256004
16153,0.00010948228271676799
16154,3.2119996488842073e-05
16155,2.7445668623902358e-05
16156,7.921544119015278e-05
16157,0.0001294494547955817
16158,0.000219889639874406
16159,0.00013788723887257748
16160,0.00017639549361156035
16161,0.00013264845961985473
16162,0.00036471692572609724
16163,0.00013201745821506442
16164,0.00011473068860250993
16165,9.872203877893428e-05
16166,3.949112121357876e-05
16167,9.477949741454285e-05
16168,9.57747433713191e-05
16169,6.860017666663527e-05
16170,5.125098379399841e-05
16171,3.0057385742507574e-05
16172,0.00025081533693298877
16173,7.513355562559896e-05
16174,0.0001516582364813016
16175,9.139467289895303e-05
16176,0.0002172724965085205
16177,0.0001989173359520168
16178,0.00019754571036401138
16179,3.9298576406652405e-05
16180,0.00012686010567930075
16181,8.146637441618322e-05
16182,0.00010620700405208956
16183,0.00010308206062229988
16184,9.849021052073978e-05
16185,8.953292804865918e-05
16186,0.0001438677366201373
16187,0.0001527794807370639
16188,7.216331907798871e-05
16189,5.134358594611831e-05
16190,0.00013471424551047152
16191,0.00013507573645127948
16192,9.852271001201227e-05
16193,0.00012381637888778533
16194,6.170697432615766e-05
16195,3.6149425493754334e-05
16196,7.190978776667708e-05
16197,0.00012489403645791716
16198,0.00024184969952622122
16199,4.776079383185342e-05
16200,8.295709499918445e-05
16201,0.0001501608845207093
16202,9.083547044539166e-05
16203,5.498435756853915e-05
16204,4.947762640778512e-05
16205,7.195601720588778e-05
16206,0.00010228701177726388
16207,8.442575897083614e-05
16208,0.00016156347723337317
16209,7.278841923395282e-05
16210,8.275392415843737e-05
16211,0.00010480095357856168
16212,0.00023268721852184724
16213,0.00011605989581181938
16214,0.00019120453549827148
16215,0.00013289593192877643
16216,0.00028306027413664835
16217,7.076492878105494e-05
16218,9.471085469003106e-05
16219,3.20492470318076e-05
16220,0.0001193459118398922
16221,8.998739956822401e-05
16222,0.00011890676395794198
16223,0.00020524334595764602
16224,0.00018115929991419083
16225,0.00014638947139085972
16226,0.00012566474597214776
16227,5.71083726773097e-05
16228,0.0001625698194059371
16229,0.00014412543947273237
16230,0.00014890603110850875
16231,0.00011848272812452731
16232,9.497593550987878e-05
16233,7.036107915842668e-05
16234,5.2492864065048066e-05
16235,0.00012462911808801418
16236,0.00014096761960162715
16237,9.354538938152464e-05
16238,3.948283599235186e-05
16239,6.810428581916956e-05
16240,0.00011731355982513847
16241,7.327137961335666e-05
16242,0.00012190925321048908
16243,0.00010418326970580468
16244,8.851196746966107e-05
16245,9.934789275226698e-05
16246,0.0001233310470534662
16247,0.00021843335512915476
16248,0.00011591099170807779
16249,0.00023247185215218016
16250,2.3018135574801814e-05
16251,0.00022916919153314564
16252,0.00025664294974133073
16253,9.188582035171662e-05
16254,0.00013512541384750685
16255,0.00013574017133140097
16256,4.952343401842967e-05
16257,9.257318477108212e-05
16258,0.00017063489475563747
16259,6.812073154405846e-05
16260,0.00010999915429124817
16261,4.3918931973642054e-05
16262,6.998142062845928e-05
16263,0.0002061944852795452
16264,0.00010563965369583148
16265,0.00011599603037031761
16266,8.989557863436128e-05
16267,8.783990845029948e-05
16268,0.00016414166161045433
16269,0.0001225949520119945
16270,5.185205826644673e-05
16271,0.00019431751980355963
16272,3.329068424666034e-05
16273,6.680138221272039e-05
16274,0.00025710604711284374
16275,0.0001026439234101666
16276,0.00015227911918414252
16277,0.0002655798885229008
16278,7.157745982578911e-05
16279,9.999668381737724e-05
16280,6.946650784091457e-05
16281,0.0002044276933875226
16282,0.00010344628426931142
16283,0.0001150030047550639
16284,0.0001725274119537056
16285,0.00010802826401404362
16286,6.245411181401418e-05
16287,9.521206046986971e-05
16288,0.00011590415889195963
16289,0.00030523817362471735
16290,7.97804908115278e-05
16291,4.510557647346884e-05
16292,0.00019967588843711095
16293,6.089370587422329e-05
16294,0.00011989256887668474
16295,0.00019134465024629247
16296,3.2805416955555635e-05
16297,0.00013327998973871496
16298,7.686232753158806e-05
16299,0.0002848234956303678
16300,0.00018836671114797642
16301,9.314884539200107e-05
16302,7.660392254811697e-05
16303,0.00028588151563991215
16304,0.00016394240726553486
16305,0.00017469349874887772
16306,8.442057927355208e-05
16307,3.9032570096636906e-05
16308,5.9018352790513474e-05
16309,0.0001122058367462421
16310,0.00011637654526976859
16311,0.0001694437219395375
16312,6.297553639869135e-05
16313,3.1185831836490017e-05
16314,0.00011337361737415654
16315,0.00010146055682810806
16316,8.102598375254362e-05
16317,0.00016054943822872068
16318,1.3665402436569436e-05
16319,0.0001398561224084438
16320,0.0001268698761191248
16321,0.00011694910296142134
16322,4.5691289153337084e-05
16323,7.355132522628446e-05
16324,4.4646844036567864e-05
16325,9.707490260033651e-05
16326,0.00017248206901082132
16327,0.00013606528130733796
16328,5.474101329538985e-05
16329,6.137624128460784e-05
16330,0.00017767176467235898
16331,8.327483956996058e-05
16332,0.00016190032174270217
16333,0.00015346165447324573
16334,7.394545122312684e-05
16335,0.00016621940133247306
16336,7.595556327632475e-05
16337,0.0002393113038848726
16338,0.00023841807661262727
16339,9.711032907632725e-05
16340,7.645957659091108e-05
16341,5.995875389173997e-05
16342,0.00012123081961087048
16343,0.00010875822478759887
16344,8.460736496148414e-05
16345,0.0001311048568079335
16346,6.496187436944522e-05
16347,0.00018927824026835165
16348,0.00023188558524292794
16349,0.00010040313203584479
16350,0.00019748020492394488
16351,0.0004972190008723978
16352,7.925985954500552e-05
16353,0.00016405436755265155
16354,0.00014767791166520579
16355,0.00011881098090084314
16356,0.00010177017293721232
16357,0.00022493718328550372
16358,6.420173114874203e-05
16359,0.00016250386879466827
16360,6.686357000000144e-05
16361,3.937539328722123e-05
16362,0.00017888145668033134
16363,2.034371971969461e-05
16364,9.524993554148225e-05
16365,0.00016339846513725533
16366,9.485112212180109e-05
16367,5.510318811007699e-05
16368,9.329454491228603e-05
16369,0.00016676138472846965
16370,0.00015013549680489122
16371,0.00021483894530689788
16372,0.0001761709523749243
16373,3.975427768486716e-05
16374,0.00011656418144741618
16375,0.00022526716798605684
16376,0.00020365904895025563
16377,0.00015462465718308713
16378,3.561669930048375e-05
16379,0.00014361490110429098
16380,7.120433745077795e-05
16381,0.00010460371352927968
16382,0.00018367118394057994
16383,0.00013562654193473184
16384,8.756560728545209e-05
16385,0.0001863658169331126
16386,6.817270280461442e-05
16387,0.00011707663543493872
16388,7.457675320977928e-05
16389,0.00021940001280171706
16390,9.224273365125834e-05
16391,0.00011427919597273237
16392,4.142280410761532e-05
16393,0.00020489744396034296
16394,6.13093867427271e-05
16395,0.00017482460433866816
16396,3.053062955558469e-05
16397,0.00018016705427749348
16398,0.00012943685640732605
16399,0.00015685649556834648
16400,0.00020633192676233956
16401,5.981774896132365e-05
16402,0.0002239270868256945
16403,0.00018887929368337884
16404,8.051890490926838e-05
16405,8.464996397441465e-05
16406,8.225182968910234e-05
16407,0.00015539542283355944
16408,8.218149462722991e-05
16409,0.00014174345330224817
16410,0.00018809679113529777
16411,5.3085413315518784e-05
16412,0.00017103930627533867
16413,5.104993058088503e-05
16414,0.0003313823028188046
16415,0.0002106262745648807
16416,0.00010608004206560218
16417,0.00011829558439467378
16418,6.884149663854856e-05
16419,0.00012045383344578208
16420,0.00030921637707493835
16421,0.00010624666677118926
16422,0.0001390407214292951
16423,0.00013297629049619777
16424,0.00021362565175368317
16425,3.9509642668777845e-05
16426,7.406422051371123e-05
16427,4.62586020891174e-05
16428,4.8641486132984864e-05
16429,5.922504018166077e-05
16430,8.794649477429083e-05
16431,0.00045067976723335335
16432,0.00013163987491345063
16433,0.00016880024371017724
16434,6.219366123297913e-05
16435,9.591449226076366e-05
16436,7.277596043903892e-05
16437,0.00012360189503334742
16438,0.00020921528894233177
16439,0.00015930152001460905
16440,6.584895736199333e-05
16441,9.917531018287847e-05
16442,8.636268561217315e-05
16443,0.00012347112795768405
16444,0.00014381165515713203
16445,0.0001226480506204966
16446,0.00021876141071013405
16447,0.0001365658841743801
16448,5.925240632180905e-05
16449,0.0002604778446560228
16450,8.136974804640802e-05
16451,0.0001286095448214018
16452,5.35248999201403e-05
16453,0.0002558106497338718
16454,5.999880729854671e-05
16455,9.514736220095639e-05
16456,0.00031591639374103046
16457,9.981365528808421e-05
16458,0.00017773877130060562
16459,4.1108163403964764e-05
16460,0.00012798078451803705
16461,8.754049856010156e-05
16462,9.691156532866193e-05
16463,0.0001125180120542993
16464,0.00010290468139875765
16465,0.00011133190908344609
16466,3.4675792368002e-05
16467,7.508158400840092e-05
16468,7.72451458914838e-05
16469,0.00010937046189098888
16470,0.00014523073133280057
16471,9.239546911833631e-05
16472,7.839686437509911e-05
16473,9.261454152634839e-05
16474,0.0001443326662484853
16475,0.00020518825485148624
16476,0.0001347067721646409
16477,0.00011931853478645378
16478,0.00010729488184232714
16479,0.00012078987949710419
16480,3.571633591803614e-05
16481,5.496998649424375e-05
16482,0.00017264323577777027
16483,0.00010991506369100205
16484,9.860023817573377e-05
16485,0.00024913412661004523
16486,0.000140663789106635
16487,0.00012857089316797653
16488,6.613646032252495e-05
16489,5.944409549949744e-05
16490,0.00013238765340912184
16491,6.330656318560222e-05
16492,6.338936164036881e-05
16493,2.442561889358091e-05
16494,7.421474685005297e-05
16495,0.00011709332286899524
16496,0.00016497676753540684
16497,3.836058519157279e-05
16498,9.074642271087119e-05
16499,6.626930172023609e-05
16500,0.00012197155429734468
16501,6.97392410944444e-05
16502,0.00019370359980865572
16503,4.575476062583781e-05
16504,0.00014845503110193404
16505,2.4136768898700095e-05
16506,0.0001767914800779487
16507,7.361047558216114e-05
16508,5.947184678715399e-05
16509,0.0001554318740530818
16510,0.00013130980720984405
16511,2.5867835198709436e-05
16512,4.0423596800046443e-05
16513,7.729573115339111e-05
16514,0.00010371169489423204
16515,3.889308201254145e-05
16516,8.219008330438831e-05
16517,5.039406020908236e-05
16518,0.0001459994144581263
16519,0.00015308565770794162
16520,8.438387861357047e-05
16521,0.00018953163359836325
16522,0.00014099390451540527
16523,0.00021088893265349892
16524,0.0001187610589698293
16525,7.607409039738662e-05
16526,0.0001895403067172076
16527,0.0001124406352460757
16528,0.00013563403050480992
16529,0.0002349031495665123
16530,8.491477480546419e-05
16531,0.00017161274216539652
16532,0.0001092543228658785
16533,0.00018700883938136786
16534,0.00010092427511027835
16535,0.00015557273914884373
16536,0.00010390253599767689
16537,0.00014674697636288923
16538,0.00013943992576068447
16539,5.541287807837756e-05
16540,0.000116495036256899
16541,0.0001706369847870989
16542,4.811333368024776e-05
16543,9.093792671662974e-05
16544,0.0002931243533815301
16545,8.77788864662737e-05
16546,9.868383181615495e-05
16547,3.0851386662981655e-05
16548,7.941998027762991e-05
16549,0.00011654407810246276
16550,4.6929156788466485e-05
16551,8.558289494352419e-05
16552,0.0003360106446222158
16553,6.62169812329892e-05
16554,5.842602425235608e-05
16555,7.025160910341021e-05
16556,0.00010105812353232842
16557,0.00014481030770372203
16558,5.054391809183156e-05
16559,8.035022286419779e-05
16560,5.3801873563270544e-05
16561,3.9502677798969913e-05
16562,0.00018207909800897385
16563,8.033626558993202e-05
16564,0.00011721430636594109
16565,8.150171316675955e-05
16566,8.718189896745595e-05
16567,6.808894632269805e-05
16568,6.441953979553739e-05
16569,0.00011863351909895797
16570,0.00011651667575522515
16571,0.00019257136322167997
16572,0.00023211635454231132
16573,0.00010972516436217823
16574,0.00030222931788829104
16575,0.000168735479131801
16576,0.00011372219248583095
16577,4.5723782910430655e-05
16578,0.00013746098428071968
16579,0.00010474772515499941
16580,9.409068580720673e-05
16581,0.00012124036557186797
16582,0.0002084068114273465
16583,6.850337922979582e-05
16584,0.00012839285418176128
16585,6.512525703809728e-05
16586,0.0001686928194357144
16587,0.0001707123751112176
16588,0.00016236003858770108
16589,0.00011281066033526799
16590,0.00015521147897631764
16591,9.278768428202565e-05
16592,0.0003226636953249499
16593,0.00014706644420687883
16594,0.0001258071473237751
16595,0.00020113428900205227
16596,0.00021697101811098997
16597,0.00018330246138289685
16598,0.00026490754604201254
16599,0.0001389948788528879
16600,0.00020282007295299904
16601,8.075440338025844e-05
16602,0.00016531314271300894
16603,7.957889451671477e-05
16604,0.00018093430791495867
16605,4.8913118432636295e-05
16606,0.00021982154772328077
16607,4.732465376221059e-05
16608,0.00012200815603945947
16609,0.0001701814005880647
16610,0.00016933323003192284
16611,0.00010585417921443948
16612,3.0249062657434804e-05
16613,6.914810173435417e-05
16614,0.0002584868830404525
16615,0.00027620138101282384
16616,0.000140214063095465
16617,0.00013385815533749224
16618,5.062710752846391e-05
16619,0.00013590875202027964
16620,0.00012415862472041066
16621,0.000353088658987428
16622,0.00010416106822254761
16623,0.00032398221979537645
16624,0.00010309434448558529
16625,5.922956495120608e-05
16626,8.704756977431541e-05
16627,8.075991049223875e-05
16628,0.0002661549247535527
16629,6.522281286610638e-05
16630,5.192252594835186e-05
16631,0.00010819339129034843
16632,0.00015752306074633528
16633,0.0002884604981642151
16634,0.00010673800962130375
16635,0.00016331156141730083
16636,5.416532029497517e-05
16637,0.000139823525880792
16638,0.00010519522901466873
16639,0.00014595439351082
16640,0.00013871757481877044
16641,9.40173040828697e-05
16642,6.605669638916227e-05
16643,0.00019376353259035662
16644,8.99155052547973e-05
16645,4.678604403472004e-05
16646,5.941190483423375e-05
16647,6.600536076415268e-05
16648,0.00010629770694639834
16649,8.667507850845426e-05
16650,0.0001015721185158298
16651,0.00013157723642621787
16652,0.00017707733584326277
16653,0.00011549609112977504
16654,7.302976810203424e-05
16655,0.00019614617341042593
16656,7.602800711866271e-05
16657,8.822427352909327e-05
16658,3.105690688063606e-05
16659,0.00014340951756925836
16660,0.00019711266006765816
16661,0.0001539329471194393
16662,0.00011867056353166109
16663,2.8396306261502545e-05
16664,9.838644477986214e-05
16665,8.492513174486143e-05
16666,0.0001788847010810667
16667,0.00012818808312743611
16668,0.000163170925907222
16669,7.774745845183062e-05
16670,7.801695083246339e-05
16671,7.682734592710829e-05
16672,0.0001124901449641858
16673,6.339792860191494e-05
16674,0.00017273208072810496
16675,0.00010491896272265023
16676,0.0001321564578183331
16677,0.00012261666005280607
16678,0.00012579489036451815
16679,9.316188817568148e-05
16680,0.00024377402502606123
16681,6.864768975915457e-05
16682,0.00012115058427083084
16683,6.224333292183991e-05
16684,0.00018162251021701842
16685,0.00012424399848025224
16686,8.29415204952061e-05
16687,6.584644727084904e-05
16688,0.00010250371574258815
16689,0.0003630847727437411
16690,7.551534325458647e-05
16691,7.618135169354437e-05
16692,0.00021156203491812267
16693,0.0001069301630135393
16694,0.00017733230903864061
16695,0.00011934186136965545
16696,2.4017364146247326e-05
16697,0.00013988694450331717
16698,0.00024154905764751895
16699,0.00010820450298801401
16700,0.00011973951463349913
16701,0.00014845186014812362
16702,0.00014077307349810673
16703,0.0001046859239245244
16704,0.00011296407202036695
16705,9.206655175111892e-05
16706,0.00016273904679650817
16707,7.61842614595397e-05
16708,5.203957877418844e-05
16709,0.00022993945680802307
16710,0.00012314630158035339
16711,0.0001891236411160231
16712,0.00015523429404655989
16713,0.00022294467864380254
16714,7.14506709040752e-05
16715,0.00010950588749806919
16716,0.0001320463915397486
16717,0.00012831442283969807
16718,6.67011472971514e-05
16719,0.00017630735910900678
16720,0.00018666670850232958
16721,0.0001217521539959179
16722,0.0002764085758687725
16723,9.952627937962045e-05
16724,0.00014434818913840782
16725,0.00015994101408923123
16726,2.8888975195474888e-05
16727,7.478227821003435e-05
16728,0.00010234889546102802
16729,0.00012127859987151088
16730,0.00010110442962130381
16731,7.139810196604773e-05
16732,0.00017441900869472792
16733,0.0001373845022637927
16734,8.390447513529291e-05
16735,7.989091033149406e-05
16736,0.00011081248969740063
16737,0.00017515535720407516
16738,7.667881172227608e-05
16739,8.000297125989574e-05
16740,8.104371899266307e-05
16741,0.00014192544803595623
16742,0.00018945421921743192
16743,7.703732751009175e-05
16744,0.00018510688235458017
16745,0.0001327326162705704
16746,0.000134283275290192
16747,9.798812883246679e-05
16748,0.0005400060138731741
16749,0.0001581950288718206
16750,0.00012056096605183652
16751,0.00011039877069873246
16752,0.00023127157442213612
16753,5.791855577563868e-05
16754,0.00019868320381498391
16755,9.782157947674598e-05
16756,0.00010564290704637017
16757,0.00011392479306606741
16758,0.00012268548335660895
16759,0.00015889871555925457
16760,0.00010162688079637941
16761,8.314022259284633e-05
16762,0.00021178368563071177
16763,0.00024756941880905075
16764,8.155879696864025e-05
16765,0.00013383861749686807
16766,9.737929221460577e-05
16767,9.055260799493463e-05
16768,4.1363160897187734e-05
16769,0.00013372432968776016
16770,4.8953169726844636e-05
16771,5.942955395388109e-05
16772,8.74040806162058e-05
16773,9.426862550013492e-05
16774,6.287321698022191e-05
16775,0.00011124127336260446
16776,8.537008240358011e-05
16777,6.838402345608544e-05
16778,0.0001408103196019657
16779,5.066854053029183e-05
16780,5.7634393443190826e-05
16781,0.00013342617728065505
16782,0.0001916924488773666
16783,0.00015862980823909685
16784,5.188844933612631e-05
16785,0.00012118258446159779
16786,3.9521755439683936e-05
16787,0.0001644883963497992
16788,0.00013057141612296574
16789,0.00012561316185852778
16790,9.92613818262376e-05
16791,0.00011735819023178354
16792,0.00015985513365362087
16793,0.00015829761378866435
16794,0.00012701725549450247
16795,0.00010201700984257818
16796,4.8845880643094185e-05
16797,0.00012542757737905687
16798,0.0001592434660380799
16799,7.282872513496202e-05
16800,9.009771175078853e-05
16801,0.0001413863054820581
16802,3.8732486819698487e-05
16803,0.00017146807420624513
16804,9.032916346089703e-05
16805,9.275066761927368e-05
16806,9.273506993274434e-05
16807,9.473708862434084e-05
16808,9.359630202109047e-05
16809,0.0002174050871561637
16810,0.00013448409586838572
16811,6.165496957089832e-05
16812,8.497773362759522e-05
16813,6.97017970370039e-05
16814,8.903181977074888e-05
16815,0.00012957772905247534
16816,0.00015090623047121473
16817,0.00010715745757566607
16818,0.00013192356243178397
16819,6.832777236897765e-05
16820,0.0001409945523292307
16821,0.00036900907146004475
16822,8.262523976942884e-05
16823,7.540645269063331e-05
16824,9.115007217239273e-05
16825,5.13806394703693e-05
16826,0.0002668174753805105
16827,0.00020339242690715914
16828,0.00018240963461591353
16829,7.721899271539176e-05
16830,0.00016148685945303868
16831,7.073783301981088e-05
16832,0.00030248476407634576
16833,0.00011970280759553718
16834,0.00013620638040613708
16835,0.00012968527824786766
16836,0.00014467113599294683
16837,9.865073674838096e-05
16838,0.00011097197229931347
16839,4.1140822698183025e-05
16840,4.316432498327196e-05
16841,9.057480791496045e-05
16842,0.00011194376651117099
16843,0.00019943289632948151
16844,0.00012186937494376855
16845,7.778227342756201e-05
16846,6.618212226393353e-05
16847,8.29331961033756e-05
16848,0.0002837810199929767
16849,0.00014280863281820302
16850,0.00011564672521898546
16851,0.00011487318284318312
16852,2.117448323011039e-05
16853,0.00015477973580599872
16854,7.691083380252773e-05
16855,0.00011968876916105764
16856,8.304313117219925e-05
16857,4.5415058174311435e-05
16858,0.0001320206263309609
16859,5.4455491372743004e-05
16860,0.0001056222317637566
16861,0.00012423708489080627
16862,0.00016073229040813034
16863,6.111152528932982e-05
16864,0.00010609232056776533
16865,0.00016445655458271496
16866,6.464849247754817e-05
16867,0.00017513766076662567
16868,7.230430378232455e-05
16869,5.606690584973535e-05
16870,0.00019405291904416592
16871,0.00011084966374282438
16872,0.00012058362522347904
16873,2.7090090518857997e-05
16874,7.387704005501369e-05
16875,0.0003295594140133782
16876,0.00011445382507091195
16877,8.264099029976524e-05
16878,0.0002991057858405056
16879,6.429075009321525e-05
16880,0.00015384608594771785
16881,0.0001590137941268312
16882,0.00012686624450796759
16883,0.000106630046454084
16884,8.43533834581336e-05
16885,6.756947893496919e-05
16886,0.0001753475789578853
16887,0.00031417061126897756
16888,0.0001156380103221838
16889,0.00019823501878657503
16890,0.00010534698203156971
16891,6.695129073374356e-05
16892,0.00016519888127908858
16893,5.8286483447189505e-05
16894,6.954831380154338e-05
16895,0.00010976694072476414
16896,9.550663090208115e-05
16897,0.00013815178805562633
16898,6.379036405129123e-05
16899,0.0001702110034158943
16900,0.00021424890449233148
16901,0.0001572490552539172
16902,9.313837573848942e-05
16903,0.00015079231794705935
16904,0.0001206748352600477
16905,9.249208879767067e-05
16906,0.0001104242292844558
16907,0.00014569372595142925
16908,0.00014000903133505043
16909,0.00013150616735756667
16910,0.0002561384816216033
16911,0.00017606257831490854
16912,0.0002418143927370463
16913,9.284321427099666e-05
16914,8.728561733562303e-05
16915,0.00015791995213818873
16916,0.00011913700541532777
16917,0.0001248318432605477
16918,0.00011127607337100568
16919,0.00016860871625815223
16920,4.451177658744579e-05
16921,6.034276344758419e-05
16922,0.000290447899256882
16923,0.00011687086577140682
16924,0.00019958328628845462
16925,2.639472652463733e-05
16926,0.00010319047132460882
16927,0.00012825666136758343
16928,4.487952568947946e-05
16929,0.0001784678586353423
16930,0.00011193472088529246
16931,0.00010197356833972407
16932,0.00015886345873390438
16933,0.00011630700089674535
16934,0.00010656629942409435
16935,0.0002337241544273284
16936,4.8793222202781266e-05
16937,0.00024291652230011663
16938,0.0002011389709277414
16939,7.002340975668409e-05
16940,8.167976641180634e-05
16941,8.598876110977048e-05
16942,9.860822980653956e-05
16943,7.502014531474797e-05
16944,6.005727590489792e-05
16945,4.661574000039586e-05
16946,0.00017298127995568746
16947,0.0001625705802735875
16948,0.00010320353955589598
16949,0.00012171897815686912
16950,5.585463478667731e-05
16951,0.00023754160097351699
16952,0.0001268531585650727
16953,5.233895048060222e-05
16954,0.0002677840845439341
16955,8.200596401455479e-05
16956,0.00034668687158067874
16957,0.0003170789512581215
16958,0.00037555722621063984
16959,7.95662129106422e-05
16960,4.687072688637035e-05
16961,5.444639837175109e-05
16962,4.1743766127995635e-05
16963,0.00011842064778113233
16964,0.00013972307933509892
16965,0.00026694437927882197
16966,0.00011781417418689715
16967,6.659678197610286e-05
16968,9.789888293235423e-05
16969,0.000114604508815655
16970,2.2778321484211842e-05
16971,0.00011982878281074771
16972,0.00014837373948714232
16973,0.00022885746902080744
16974,3.185474882942538e-05
16975,0.00013427676089310377
16976,0.00020704347276642485
16977,8.704198457489566e-05
16978,0.00026562355659055055
16979,0.00015409242529410867
16980,0.00012014545716976969
16981,0.00010343987625882839
16982,9.094732511777399e-05
16983,9.420453586929278e-05
16984,0.0001606633606821561
16985,5.637972259157267e-05
16986,0.00015809979223009493
16987,0.0002743393965901899
16988,7.036265259087048e-05
16989,0.00026997802491816067
16990,0.00018417101766633444
16991,0.00010574206148753173
16992,0.0002222771376927861
16993,0.00016717129113512447
16994,7.997616654423284e-05
16995,0.00020532806331134083
16996,0.00017191723515121122
16997,0.00020550355841729998
16998,7.549090109909216e-05
16999,0.0003131129846658594
17000,9.548893789726589e-05
17001,0.00019265254146991402
17002,0.00015788310074759765
17003,0.0001482965287440339
17004,0.0001997524955595564
17005,0.00025147640305490167
17006,0.0001042887720739507
17007,0.0001459559985854273
17008,0.00010545084885583664
17009,0.0001255915085727615
17010,0.00013511501021694252
17011,0.00012419550833643616
17012,6.4320934371339e-05
17013,9.882781738587657e-05
17014,0.00013738454278491657
17015,0.00012046314090062693
17016,5.175706081342624e-05
17017,8.61696661042047e-05
17018,2.494127537063364e-05
17019,3.7214452658177644e-05
17020,5.3243670192555e-05
17021,0.00014060107357721574
17022,0.00025588232730858315
17023,0.00018891577960048088
17024,9.540531972138127e-05
17025,9.253841713886195e-05
17026,0.00022999810711250574
17027,0.0001658388848212103
17028,6.309962026733732e-05
17029,0.0002302915268640182
17030,0.00020236311862822728
17031,0.00010639214592865662
17032,0.00010916527237358094
17033,0.00014072392366680292
17034,4.6312360594361885e-05
17035,0.00015683066804690534
17036,0.00011904223434503248
17037,0.0001957823992548875
17038,0.00018393692630407944
17039,0.00011012362416536095
17040,9.438383637098365e-05
17041,9.377614835031075e-05
17042,0.00013902237526827038
17043,0.00010608252030780912
17044,3.363476774821178e-05
17045,0.00013516923330108936
17046,4.0580886258399955e-05
17047,0.00017427811289568508
17048,0.00010749944476196473
17049,0.00016209926062878065
17050,0.000150937472447327
17051,8.35292439322093e-05
17052,4.7246513223241474e-05
17053,7.967852003163751e-05
17054,9.149892801298765e-05
17055,0.00010370894916755567
17056,0.00024927723326273064
17057,0.00024102883522959847
17058,6.512799540993307e-05
17059,2.1838824584859246e-05
17060,9.166967722912489e-05
17061,8.874486723253644e-05
17062,9.239032341538767e-05
17063,0.00022141198578340998
17064,4.7077408299902335e-05
17065,9.855746172476184e-05
17066,0.0001295080316253063
17067,7.246651013488203e-05
17068,0.00018817894941808896
17069,0.00018388631447995653
17070,5.5690318765622964e-05
17071,0.00018417169278851732
17072,6.084022005243297e-05
17073,0.00021563225277715739
17074,0.00011596662578467413
17075,0.0002083217398067587
17076,2.5196289404427425e-05
17077,7.952930223354432e-05
17078,0.00013213751812335027
17079,0.0001586836432527308
17080,0.0001179259908134846
17081,0.00020737227511691538
17082,0.00010287976264176398
17083,0.00011308721193327483
17084,0.00013153706440175345
17085,9.344151815456955e-05
17086,6.272930935854593e-05
17087,0.0001221208069189229
17088,0.00010364778411172212
17089,2.432966497452462e-05
17090,0.00010841796182872965
17091,7.695664150963469e-05
17092,7.493223480522415e-05
17093,8.408971940082506e-05
17094,0.00010137304200543123
17095,0.00013355564240471036
17096,0.00015406657960854932
17097,6.979269446370879e-05
17098,0.00021378295725584746
17099,0.00012261622271387182
17100,0.00015602225127267817
17101,0.00015309734833049974
17102,4.3913390922018e-05
17103,7.84723735175604e-05
17104,7.822183369283426e-05
17105,0.00021909439414786606
17106,9.989870836204759e-05
17107,6.816186204390725e-05
17108,8.131299580152777e-05
17109,0.0003085945062575972
17110,6.830670344510438e-05
17111,0.000108119832394504
17112,0.00022639392643902096
17113,7.033741843610005e-05
17114,0.0001253834432791279
17115,0.00022969678296055576
17116,5.6642282180562016e-05
17117,0.0001347150134945281
17118,9.38411349411553e-05
17119,0.0001591183437027683
17120,8.884534468056223e-05
17121,0.0001874386159504614
17122,0.00019931859898285076
17123,0.0001051398208157519
17124,6.211486563438901e-05
17125,9.409262454760395e-05
17126,0.00017114726371640957
17127,0.00014428969911629017
17128,0.00010207672628669187
17129,0.000162675073358378
17130,0.0002575322029164143
17131,6.477237242004299e-05
17132,0.00010806036343200847
17133,7.877786395878871e-05
17134,0.00016899989159809809
17135,0.00010988697138367471
17136,0.00023994434638675014
17137,9.139356867669273e-05
17138,0.00023402464878109812
17139,9.143949954893382e-05
17140,8.257777992878036e-05
17141,0.00019565366881101498
17142,2.0216700855185926e-05
17143,0.00011610916500272841
17144,6.996960495095095e-05
17145,0.00010808357950951191
17146,2.9663557538840024e-05
17147,0.0001154821977932401
17148,7.91912125525219e-05
17149,0.00017774926435137306
17150,6.184817144691783e-05
17151,0.0001688560866817079
17152,0.0001627228956423857
17153,7.561377535832513e-05
17154,0.00014954140436815286
17155,0.00010480313673557892
17156,0.00015600084713025204
17157,0.00010499151977064937
17158,7.358151241945225e-05
17159,0.00015964702206754474
17160,0.00027597483851768526
17161,0.0002783651802613037
17162,6.051911307217698e-05
17163,9.072355351232416e-05
17164,0.00010342239594890921
17165,0.00015305317956780727
17166,0.00016397997451952025
17167,0.00010671830375755659
17168,0.00021094121522303864
17169,0.0001388224684187465
17170,5.163189797538881e-05
17171,0.00011234615331424057
17172,0.0002116005932550977
17173,0.00011917020493524221
17174,6.628500345714244e-05
17175,9.86275673627517e-05
17176,4.279339770452407e-05
17177,0.00011282191436839744
17178,0.00015096806937945321
17179,8.816382217747694e-05
17180,0.00033709367054579733
17181,7.41800737292939e-05
17182,0.00015310907367184132
17183,5.875723756578946e-05
17184,0.00019791408427012413
17185,0.00010012198337162893
17186,0.0002457564284891857
17187,0.00011592591861725332
17188,0.00011830648390264865
17189,0.0002653411177214217
17190,6.06029037610931e-05
17191,0.0001261028820272018
17192,8.209425509882207e-05
17193,9.413888247953423e-05
17194,5.8592514796538484e-05
17195,7.262234044748376e-05
17196,5.8468609602641515e-05
17197,0.00012168318275519259
17198,7.919485612053686e-05
17199,7.322406843123873e-05
17200,0.00015173195458364938
17201,0.00012478506436706133
17202,0.00017838700569968406
17203,4.345631663747157e-05
17204,6.374186372376254e-05
17205,0.00011113377786213723
17206,9.104472003921124e-05
17207,0.00020851607278082348
17208,7.577300578425314e-05
17209,1.7699463187734422e-05
17210,0.00019904141801029734
17211,4.850600056766409e-05
17212,0.0001567963898219736
17213,0.00024205764093641438
17214,0.00012506545423196391
17215,0.00013972918900091282
17216,0.00022146099733132396
17217,8.162587925902815e-05
17218,7.463012098968954e-05
17219,3.790625731941377e-05
17220,0.00012973507863296244
17221,0.00010558227655466372
17222,0.00014223861838306572
17223,0.00012176673031841581
17224,0.00012424904320545717
17225,3.4132165829771394e-05
17226,6.0440516645258344e-05
17227,0.0001307138058884252
17228,0.0001284630420095997
17229,7.293574281913535e-05
17230,8.431642248423236e-05
17231,0.00021053574202668104
17232,0.00016053219064525827
17233,5.517367424922474e-05
17234,5.460306469740796e-05
17235,0.00011608011692470988
17236,0.0001541599416738934
17237,0.00012368772602346973
17238,9.536045538536602e-05
17239,0.00029596929099591404
17240,7.608910717912278e-05
17241,9.027678989995847e-05
17242,0.00016950328983922542
17243,8.554775216804839e-05
17244,0.00019581348668810413
17245,0.00017893424203352867
17246,9.148129732069594e-05
17247,9.513960939314727e-05
17248,9.887131728891434e-05
17249,8.052638339171532e-05
17250,6.714619460010947e-05
17251,0.00012959048406190274
17252,9.841323143909703e-05
17253,8.504509267182017e-05
17254,0.00014473760727033475
17255,0.00018704164758755404
17256,0.00010024549718062845
17257,0.00017417655816477447
17258,7.463156730707802e-05
17259,0.00032674071851722364
17260,0.0005072111423100287
17261,0.00014934010302469002
17262,0.00013632971431696281
17263,0.00036696741402889385
17264,0.0006098325606114191
17265,8.273073981888632e-05
17266,0.00010843220507188148
17267,5.153551031752575e-05
17268,0.00013456747064319316
17269,7.2331970482134e-05
17270,6.536342766174712e-05
17271,4.037664171834237e-05
17272,0.00021923698944167856
17273,0.00010974939577790689
17274,0.00012006892364776906
17275,5.578085122967655e-05
17276,0.00011945307373029652
17277,0.00010325981019345399
17278,0.00010231358372923388
17279,8.69324303754806e-05
17280,0.00022513916563644717
17281,9.43878603887247e-05
17282,7.906984610544776e-05
17283,0.00018130578815633424
17284,0.0001340760377011295
17285,7.15285140525728e-05
17286,5.052122281934789e-05
17287,0.00011571687685819883
17288,0.00014289723444704328
17289,0.0001418220143552776
17290,0.00023463186930201845
17291,8.440872062329713e-05
17292,0.00010813669826617822
17293,6.532576950123944e-05
17294,0.0001092882464587911
17295,8.55985585694057e-05
17296,0.00015552643331414324
17297,0.00018480101436047245
17298,0.00015107822992841652
17299,9.083626440826504e-05
17300,3.246382612303938e-05
17301,0.00021970875921331897
17302,4.166979453993379e-05
17303,0.00010349070707782739
17304,0.00013833240713924294
17305,7.011381664520788e-05
17306,0.0001712800826127142
17307,0.0001590281287500587
17308,6.927906709097985e-05
17309,0.00020663367082860508
17310,5.3327716276505616e-05
17311,0.00010922461121795586
17312,0.00010422938404895356
17313,9.738576504467135e-05
17314,0.00019952466783671464
17315,0.00020226216116241524
17316,5.7915647008794445e-05
17317,0.00011245020165345405
17318,0.00012810278717841447
17319,0.00019205885799911308
17320,8.0293713204646e-05
17321,9.68651347528267e-05
17322,5.2152667333060764e-05
17323,5.935669647105565e-05
17324,0.00018700954650911902
17325,0.0001257125668176907
17326,0.0002488761132331707
17327,0.00010246117942058004
17328,0.00014208317718616774
17329,0.000123624015642301
17330,9.4891413853945e-05
17331,0.000167270129293336
17332,8.2704450272406e-05
17333,0.00017944435046498387
17334,0.000157450828890154
17335,3.11980685434148e-05
17336,0.00011977720353993632
17337,0.00026773121363725773
17338,4.9904853144313654e-05
17339,0.00021449020918266602
17340,0.00010456357025559678
17341,0.00019683809741499552
17342,6.22420022092851e-05
17343,9.535465585485782e-05
17344,0.00013961125719455335
17345,0.000133062943479607
17346,5.795063946909977e-05
17347,0.00012176147088292449
17348,0.00010979809101016083
17349,3.993861026916151e-05
17350,8.650188196378245e-05
17351,0.00011781951651700333
17352,0.00016833050924751832
17353,0.00012856260824917155
17354,5.518109640780308e-05
17355,0.0002790992999430023
17356,8.922501840898128e-05
17357,0.0001428609398713259
17358,0.0001335892468623494
17359,0.0001175941155529926
17360,0.00011448278929747092
17361,2.8308421052166424e-05
17362,0.00011538725807628782
17363,9.634497970641128e-05
17364,7.058703069227775e-05
17365,8.907383252785634e-05
17366,0.00016734223592980614
17367,0.00016598975577862579
17368,0.00016837323305340322
17369,0.00017002010198514142
17370,0.00022958654733589774
17371,0.0001025389215648143
17372,0.00013741275461661678
17373,8.365191999832717e-05
17374,9.677055306250902e-05
17375,0.00011063099282373231
17376,0.00013946575442535288
17377,0.00015436341899601808
17378,6.774984343436166e-05
17379,0.00010409116329630502
17380,0.0002181385883504422
17381,0.00024020856899807587
17382,0.00016836080708261783
17383,6.330592968161726e-05
17384,8.057742622376095e-05
17385,0.00021926762810085977
17386,9.364777435070111e-05
17387,0.00016790421463261336
17388,0.00015415647817135805
17389,7.320882225143076e-05
17390,0.0001883014483445986
17391,0.00014775483151197925
17392,0.00011375648330403377
17393,9.682525073947322e-05
17394,0.00023489831833298957
17395,4.918066458337819e-05
17396,2.001586279553657e-05
17397,5.360803134760308e-05
17398,0.00011379740478351994
17399,0.0001312069643911873
17400,3.5620051685143945e-05
17401,0.00022793321599584538
17402,0.00015156974688225656
17403,0.0001291151261602715
17404,0.00018625816606710537
17405,9.206187189663115e-05
17406,5.9293466424754495e-05
17407,0.00021513257682471133
17408,0.00022105530433821623
17409,8.976859345764827e-05
17410,0.0001339619458000317
17411,0.00024367256919316236
17412,0.0001473657339781867
17413,3.5567407851097994e-05
17414,9.68301659782988e-05
17415,0.00014550324571918806
17416,0.0002651717514220165
17417,3.6197355419519925e-05
17418,0.00013385496452954855
17419,7.273250021983828e-05
17420,0.0006192791785914125
17421,0.0001728139747351845
17422,0.00013990200082237607
17423,6.1405936635135e-05
17424,0.00018245177984521545
17425,0.00013641975907976832
17426,0.00017574101318078357
17427,8.661114555429304e-05
17428,7.420718079305355e-05
17429,3.8142951746795e-05
17430,6.502382834968023e-05
17431,5.94580953225042e-05
17432,0.00016044075736726537
17433,5.521761717755403e-05
17434,0.00012564377417827156
17435,9.720572512947849e-05
17436,0.00015345005458811914
17437,0.00021328746168783634
17438,0.00020807817132485434
17439,0.00021567594081829433
17440,0.00010161459077804642
17441,0.0001833767718548101
17442,0.00010561179670639227
17443,0.00016533451280382815
17444,0.00013890272024104445
17445,2.0911369589329698e-05
17446,7.304394678819264e-05
17447,7.85475032569433e-05
17448,8.568605103538346e-05
17449,0.0002171432382130716
17450,0.00015652429976337125
17451,0.00012173291340557349
17452,0.00011490423738116596
17453,0.0001239082215808047
17454,1.3568927999904046e-05
17455,7.250091988300842e-05
17456,0.00012681890389941666
17457,2.276339139259109e-05
17458,0.00018576683887007683
17459,8.305138571917095e-05
17460,0.00017683945597536245
17461,9.388447507137994e-05
17462,0.0002975385613620923
17463,0.0003102766143454897
17464,4.909413049292701e-05
17465,0.0001706957537558003
17466,0.00012709674279509365
17467,8.714381585403033e-05
17468,0.00016972747649227494
17469,6.210628111156551e-05
17470,0.000240383651233675
17471,2.871952819361069e-05
17472,0.00015761284455350797
17473,0.00013899899844960727
17474,2.931814377136421e-05
17475,0.00014962572568150807
17476,0.0002766205415767573
17477,0.00011159257764340125
17478,0.00014179104612346274
17479,0.00029163968826058747
17480,0.00014900174534717372
17481,0.00011559190145792702
17482,3.923519759084901e-05
17483,8.703706979127753e-05
17484,8.30124356315662e-05
17485,0.0001293663951368227
17486,0.00016456267412218655
17487,0.000175858099633529
17488,0.00023182286293767834
17489,9.061357746201471e-05
17490,0.00012072156557750093
17491,0.0002743853905954476
17492,0.00018573466719242553
17493,8.329613064684145e-05
17494,8.234426189009394e-05
17495,7.757909623726943e-05
17496,0.00012433031661387552
17497,0.00015692225106389197
17498,8.837981948337348e-05
17499,9.884063578629496e-05
17500,0.00019488583552745994
17501,0.00011678448573409911
17502,0.00010093378964422259
17503,4.691629942439224e-05
17504,0.00014613575628052617
17505,8.227788462662962e-05
17506,9.989552550156794e-05
17507,8.375456570265353e-05
17508,0.000176566012367898
17509,9.508701507385996e-05
17510,6.419894470499544e-05
17511,8.864916610933784e-05
17512,0.00012902107036832352
17513,0.0001293747528505325
17514,5.137191131127146e-05
17515,0.0001180709990787997
17516,0.00011261224461326798
17517,4.553791911209062e-05
17518,6.92279840408041e-05
17519,0.00013574646432392215
17520,9.481034951324384e-05
17521,4.73147371252872e-05
17522,0.00016537191728536793
17523,7.57219313736825e-05
17524,0.00013144573259592324
17525,0.00014728319671536777
17526,0.00011376463598791328
17527,5.464414517754568e-05
17528,2.5415556233503647e-05
17529,6.26794201723917e-05
17530,0.00014898774078032475
17531,0.0002668576862600634
17532,0.0002698191661356809
17533,0.00017822187713184602
17534,0.00013657978422352022
17535,4.962275670058679e-05
17536,0.00010657103028488112
17537,7.015513021438845e-05
17538,0.00012670867486314104
17539,0.00010123100792861244
17540,0.00018392506010311152
17541,0.00012844277472853972
17542,0.0003333545254202462
17543,9.791054195804835e-05
17544,0.00010196855730972679
17545,0.0001584323781466303
17546,0.0003170201220368757
17547,4.1804948857401215e-05
17548,0.00016860239556074804
17549,0.0001227922440127439
17550,0.00019079740763429994
17551,3.809255844355276e-05
17552,0.00011795962296524205
17553,0.00019606828081435886
17554,0.0001169980343338672
17555,0.00012277561582449574
17556,0.0002972549387282004
17557,6.102780543356156e-05
17558,0.00015553379564694467
17559,0.0001169793067291537
17560,4.99543974763934e-05
17561,0.00010868021541546004
17562,0.00010387519020039949
17563,0.00026104112094316065
17564,5.9877150367254844e-05
17565,9.259069821200937e-05
17566,0.0002631155127157356
17567,0.0001481539949758381
17568,0.00011586184261077348
17569,0.00014930062957196495
17570,0.00021788742835614038
17571,0.0001648850557063843
17572,8.967733444620789e-05
17573,0.00010959718759775328
17574,0.00011139680376042293
17575,0.00010475899795860807
17576,0.00017000896877256128
17577,0.00014212149829014042
17578,0.0001285565503966452
17579,6.027267165491979e-05
17580,0.00013068806543021182
17581,0.0001627696623639587
17582,7.994243583662998e-05
17583,6.126090135933013e-05
17584,0.00015132192069453474
17585,0.0003238712520671092
17586,8.765932004836614e-05
17587,9.213256129836722e-05
17588,9.827596772394346e-05
17589,8.913009788594652e-05
17590,8.872875505001295e-05
17591,0.0001528063192984461
17592,0.00014510119436550141
17593,0.00013633683766723875
17594,3.857748682411888e-05
17595,4.451933333690827e-05
17596,0.0002175481577885169
17597,6.0493301319602385e-05
17598,0.00015415673274639055
17599,0.00013131215232975807
17600,0.00032695994512816224
17601,0.00012011750868468272
17602,8.894311379383155e-05
17603,0.00024076511900641222
17604,0.00023687233341520845
17605,7.700227612317686e-05
17606,0.00010398047178697536
17607,9.788014046766437e-05
17608,0.00017573908373695837
17609,0.0003050358968145051
17610,0.00016699703985271529
17611,0.00015275498394093625
17612,0.0001809594675369972
17613,6.112574069909645e-05
17614,8.593523543816412e-05
17615,4.605300575504663e-05
17616,0.0001465178403364285
17617,0.0001311208604176837
17618,0.00024481965035917696
17619,0.00013829806533202605
17620,9.595126966834031e-05
17621,0.00011315896575096745
17622,0.00015735717248335378
17623,0.00010821173714463357
17624,0.0001152871740725652
17625,0.00010602964199963092
17626,0.0001590121349640218
17627,0.00020150699943194162
17628,0.00011795032868028124
17629,0.00017740664493395231
17630,0.00015377418897934733
17631,0.0001231454980203479
17632,0.0002048182868328085
17633,0.0001461051975911441
17634,0.00017811288575416722
17635,0.00019081179971800838
17636,0.00015750472042485832
17637,6.682134448542398e-05
17638,5.590863610802776e-05
17639,0.00010725051915465489
17640,0.00026436353643255754
17641,0.00010840598250816104
17642,0.0001717618701712461
17643,1.5455342523297804e-05
17644,9.39734061803234e-05
17645,8.846510241231626e-05
17646,8.719259006729025e-05
17647,8.610446624946276e-05
17648,0.00015397176707985667
17649,3.967165223835531e-05
17650,7.098327383145937e-05
17651,5.124697661726592e-05
17652,0.00018140415070589424
17653,0.00016884717260673822
17654,6.473952402948654e-05
17655,4.461593807665155e-05
17656,6.842489318481167e-05
17657,0.00026484311537983916
17658,5.852251324175401e-05
17659,0.0001940338396097131
17660,8.33167421597545e-05
17661,0.00016816632987346725
17662,7.534785788768438e-05
17663,7.680590804304171e-05
17664,8.39271579602022e-05
17665,6.57225382536986e-05
17666,0.00028206610871037597
17667,0.0002641809677840466
17668,7.757191749663465e-05
17669,0.00018865230608307282
17670,0.00015962653712257423
17671,2.3491575045501087e-05
17672,0.00019229635943464964
17673,5.351470035539532e-05
17674,0.00016275750784012488
17675,6.805912702564552e-05
17676,7.640345920123694e-05
17677,0.00021108280210560223
17678,6.98297400806543e-05
17679,9.324147932481498e-05
17680,0.00019659065837357792
17681,3.225134075218262e-05
17682,0.0002037502804051455
17683,6.094931252650755e-05
17684,0.000152811224841073
17685,0.00026793873745317823
17686,0.0001594050114724648
17687,0.00012676479698490238
17688,6.305410356443785e-05
17689,0.0002639964351577601
17690,0.00017074375699732198
17691,7.980468942511918e-05
17692,6.910912184052606e-05
17693,0.000160034909675232
17694,0.00012784622767765855
17695,0.00018677609227553624
17696,5.166550804105629e-05
17697,0.00013078392595981464
17698,4.214860659056576e-05
17699,0.00017238368752141848
17700,9.039274565106272e-05
17701,9.312103950574342e-05
17702,0.0001574409744801773
17703,0.0002546494932011388
17704,0.00020194966509522506
17705,5.9792242243378486e-05
17706,0.0001545567206472879
17707,7.346786451405387e-05
17708,0.00013671824644489455
17709,5.7469406719006064e-05
17710,0.000144149629867358
17711,6.93925363315444e-05
17712,0.00016763614792310067
17713,9.469149740769353e-05
17714,0.00018380336849618397
17715,9.928274313185137e-05
17716,0.00015065814520384503
17717,0.00018055698723326048
17718,0.00017670185450522138
17719,8.273781192974935e-05
17720,0.00020869424105795313
17721,9.742212545234279e-05
17722,0.0001209993135327396
17723,9.086112343696109e-05
17724,0.00011946348707559429
17725,0.0001798374129994107
17726,0.00013969153034154417
17727,0.0006338302321804695
17728,2.8249520473863308e-05
17729,7.582412211950385e-05
17730,0.0001925104984934574
17731,3.482090314593459e-05
17732,0.00011892703961320828
17733,9.292071927419324e-05
17734,0.00013724591979618803
17735,0.0001563480130891289
17736,5.659449956963568e-05
17737,9.817901236009286e-05
17738,7.94983643731506e-05
17739,0.00013847669694743993
17740,0.00010377140227999532
17741,0.0001529414181627312
17742,9.280780362782147e-05
17743,0.00010663182870210107
17744,0.00011353219015142923
17745,0.00026161652914354885
17746,9.262309892505612e-05
17747,0.0001204991483271126
17748,4.086708698508191e-05
17749,0.00011165026915930939
17750,0.00028691226522552775
17751,7.266146838775542e-05
17752,0.0002376986296195297
17753,9.554798263176174e-05
17754,0.00011152356138618062
17755,0.00010560020319152061
17756,9.198884698231289e-05
17757,0.00024227129165027138
17758,0.0001997087847727249
17759,2.6382440215426956e-05
17760,8.722848282051298e-05
17761,4.827957759803405e-05
17762,0.0002902484296831871
17763,4.8785987637448544e-05
17764,0.0001613357018694538
17765,0.0002865360873294848
17766,5.654621668107726e-05
17767,0.00011254368508372634
17768,0.0005781951776948687
17769,6.098501264792836e-05
17770,8.517903404531123e-05
17771,6.5854904464037e-05
17772,0.00014657804119503254
17773,5.320906916861639e-05
17774,0.00015792361996619486
17775,9.723353559298906e-05
17776,0.000217723573531481
17777,0.00012938102697437542
17778,0.00021855604261271274
17779,3.990763914241049e-05
17780,0.000140593711071226
17781,0.00010685985452161628
17782,4.656793551231291e-05
17783,0.000123739062774729
17784,0.00022868105847011138
17785,0.00016025604945252143
17786,5.9891506108399e-05
17787,0.00015507625573628534
17788,0.00016905196167821753
17789,0.00019547401339285622
17790,0.00022266768986359666
17791,8.021883491689517e-05
17792,3.8227551999683374e-05
17793,6.579546834541111e-05
17794,3.570621869979139e-05
17795,0.00021057172907797974
17796,0.0001860471361072953
17797,0.0003158864143634322
17798,0.0002460874000066892
17799,5.1175581028322105e-05
17800,0.00019364155732886924
17801,5.176903628962363e-05
17802,8.229689269477693e-05
17803,0.00014106589300702055
17804,0.00015303390445587124
17805,0.0001407713759687671
17806,6.517894124266335e-05
17807,9.050209775261068e-05
17808,0.0001025777542760168
17809,8.595649308737189e-05
17810,5.382825309082469e-05
17811,0.00011981628588333467
17812,0.00011466480300197043
17813,8.95373652585724e-05
17814,8.731945619174678e-05
17815,0.00011499069015191509
17816,6.436321604404711e-05
17817,9.89414305526649e-05
17818,8.429324955517053e-05
17819,0.00015684611366426562
17820,0.00011116958584780491
17821,7.286058471436508e-05
17822,3.720837113203894e-05
17823,9.283582999526763e-05
17824,0.00016199423652523543
17825,0.00013492403752505286
17826,7.47164025773439e-05
17827,8.326912489214088e-05
17828,5.88670972990232e-05
17829,0.00020605172040294843
17830,0.00016883602318899435
17831,0.0001939102920168249
17832,6.845220206472197e-05
17833,7.31174804301388e-05
17834,9.009673256601688e-05
17835,0.00024997291652465863
17836,0.00010428711330157457
17837,0.00010746267165624159
17838,7.32694129573212e-05
17839,0.00011512924019517236
17840,4.2595290203954476e-05
17841,6.601700583128285e-05
17842,5.196742823923959e-05
17843,0.00013355163078326604
17844,6.831117969418892e-05
17845,9.836190218211783e-05
17846,0.00010370922090120529
17847,0.00017168075494006197
17848,3.641198076732362e-05
17849,6.071702593976417e-05
17850,0.00016751705809517055
17851,0.00018408295416943077
17852,9.763726588941621e-05
17853,0.00010776121166633318
17854,3.51840037658834e-05
17855,7.796779720699182e-05
17856,8.154424167580611e-05
17857,0.00019035037767222777
17858,8.905176826173937e-05
17859,8.606187930068421e-05
17860,8.678101955203159e-05
17861,0.0001827990148333026
17862,0.0005390990232536564
17863,3.694301267089007e-05
17864,0.0001623227536432239
17865,0.00018966916835401094
17866,6.645645467608285e-05
17867,0.00010673587442661917
17868,0.00011098688963458469
17869,0.00036719288438876233
17870,0.000260874572080517
17871,9.685995027116566e-05
17872,0.0001853795664601218
17873,0.00027998261590516727
17874,7.928521560214448e-05
17875,0.00019457665075274115
17876,0.00022794865459969173
17877,0.00011447969028746463
17878,0.0002369234078397804
17879,8.411264947868706e-05
17880,0.00012214955460822016
17881,0.00014101375323706086
17882,6.766502653914425e-05
17883,0.00011554901950179485
17884,5.8312865434085086e-05
17885,0.00033965237809337434
17886,9.019036173053157e-05
17887,0.00020345226176892779
17888,3.0487816257801857e-05
17889,0.00013777553940450416
17890,0.00017982413497202773
17891,9.145927079667573e-05
17892,0.00020805590184918118
17893,3.3547141477677944e-05
17894,0.0001298517065182888
17895,0.00016933172166080343
17896,9.003628127993174e-05
17897,9.937364458905672e-05
17898,0.00017232272997539172
17899,0.00013570979085218658
17900,0.00010208271890706208
17901,6.0868198308673635e-05
17902,0.00010827876377728809
17903,7.924209640762769e-05
17904,0.00011878829954384486
17905,0.00011158679186982381
17906,0.00010680779470354687
17907,6.862798212261532e-05
17908,3.44344550589381e-05
17909,2.306481071982241e-05
17910,9.997725889480502e-05
17911,0.00024734541494870566
17912,9.278578855272709e-05
17913,8.210294626854835e-05
17914,0.000258480952624245
17915,7.544650988013855e-05
17916,0.0001326993593638951
17917,6.543715359525787e-05
17918,0.0001902041520674877
17919,5.724505624084372e-05
17920,0.00012129383310186468
17921,0.00012802083440087273
17922,0.00022739106126084434
17923,0.0001241291933410054
17924,0.00013921711094136652
17925,0.0001878404529772809
17926,6.318355797486994e-05
17927,0.0001434139221610726
17928,0.00011142889280057393
17929,0.0001436246034198521
17930,0.00020449176030669077
17931,0.00021693775300955483
17932,7.572250300847052e-05
17933,0.00017968461468703407
17934,0.00017790879163978438
17935,0.00014180752508898158
17936,0.00034479984303446983
17937,0.00013833616863814866
17938,9.514077209511026e-05
17939,0.0004462346681751437
17940,0.0002660310108934822
17941,3.7573015043633366e-05
17942,0.00015419419754400884
17943,0.00011311881835085431
17944,0.00018090058074023946
17945,5.754918735537187e-05
17946,0.00018173873724511218
17947,0.00021003558045231156
17948,0.00012247032864082472
17949,9.961960740578291e-05
17950,0.00016043221577762348
17951,0.0001713486489946505
17952,6.253594224946049e-05
17953,8.133827284429354e-05
17954,0.0001211505236219207
17955,0.00014316297595960676
17956,9.184511231245019e-05
17957,8.527307095300134e-05
17958,4.882901953941409e-05
17959,4.0429088007874224e-05
17960,0.00022309502301034198
17961,0.00011949037204850574
17962,0.00019643674048643815
17963,0.00016974871266878163
17964,0.00010096638120264327
17965,0.00018440694146026237
17966,0.00013760827524112595
17967,5.8683143221287444e-05
17968,0.0002740414183862197
17969,0.00010134093320285977
17970,0.00015746575384371412
17971,5.9633060617681776e-05
17972,0.00016710711633602423
17973,0.00016418367174131246
17974,0.0001565893405369486
17975,0.000161703100588171
17976,8.572119884638638e-05
17977,0.000246355452267934
17978,9.94121932727827e-05
17979,7.3374932616659e-05
17980,0.00016972039619858706
17981,7.981712340416308e-05
17982,0.00012675665172482174
17983,2.454775141033268e-05
17984,0.00011832415789896932
17985,7.885681066428893e-05
17986,7.16992247419516e-05
17987,0.00012017957333075141
17988,0.0001332525999341785
17989,8.139391964920085e-05
17990,0.00015966621819721118
17991,0.000233649920632123
17992,5.397333587962682e-05
17993,8.891345320206406e-05
17994,0.00013933445953936022
17995,0.00019688713470871312
17996,0.00011073346027682402
17997,8.669621258719124e-05
17998,4.9187282955775335e-05
17999,0.0002750611028204122
18000,0.00037269998924940027
18001,0.00013164226873791968
18002,0.00015933494768090835
18003,0.0001164944110696934
18004,1.155123224939132e-05
18005,8.991135327105348e-05
18006,0.00010064893030429073
18007,5.143101176561003e-05
18008,0.00012934773985258147
18009,7.028099652344044e-05
18010,0.00017568878398107452
18011,0.00017900933361302774
18012,0.00020177742267558335
18013,0.00010813264569499308
18014,7.028244726691986e-05
18015,0.0001336093772833846
18016,4.187103851946778e-05
18017,0.00024396421564991795
18018,0.00023416008826624544
18019,0.0001634771830262592
18020,4.5120179563530205e-05
18021,2.832667616576223e-05
18022,8.21375103253876e-05
18023,0.00010899262907960913
18024,7.408338866274693e-05
18025,0.0002756430292007664
18026,0.00011601515980691192
18027,0.0002254696528695386
18028,4.777237002808172e-05
18029,0.00020476801307934352
18030,8.812543994718858e-05
18031,8.439222546217928e-05
18032,0.000140335700749083
18033,0.00018672060683653347
18034,0.00012713895284673755
18035,4.94382594084573e-05
18036,0.00011277446823041591
18037,0.0002074276572674361
18038,0.00021935973187787593
18039,0.00015820613932697274
18040,7.717823759520036e-05
18041,2.8290461003600188e-05
18042,0.0001764567435521388
18043,0.00010225809805525354
18044,7.703408221121914e-05
18045,7.892730182245283e-05
18046,0.00019232419297938026
18047,7.722217175841966e-05
18048,0.00011391018353945959
18049,0.00014056596560503825
18050,0.00011352020739141632
18051,5.964546126798516e-05
18052,0.00017505275942507318
18053,0.00011025560112863368
18054,0.00012024365401786322
18055,8.251426660955433e-05
18056,2.6159111115611668e-05
18057,0.00010606955542688683
18058,7.258753354829317e-05
18059,0.00017111175067446708
18060,0.0001129116692650086
18061,0.0001554533044268236
18062,6.0702293268189365e-05
18063,0.00010211468581540745
18064,3.856126911533207e-05
18065,0.0001326654564836692
18066,0.00011561796618617641
18067,0.00017886003734021266
18068,0.0001722746569206542
18069,8.145685258308238e-05
18070,0.00010853586988540014
18071,0.0001301395341614379
18072,0.000179487828840693
18073,4.6965102633578416e-05
18074,0.00019550751437154198
18075,0.00012951418014749686
18076,0.00010400565178715024
18077,6.856807332694418e-05
18078,0.00012476367734618704
18079,0.00012169022187612843
18080,0.00016126949314696653
18081,0.00010619360189790171
18082,7.72010958251433e-05
18083,4.057900126210024e-05
18084,8.955634108289277e-05
18085,0.00014537720329401633
18086,0.00016085851928748248
18087,3.5822986759591053e-05
18088,0.00010726012417040638
18089,0.0001511177458601134
18090,0.0002449291184431902
18091,6.177584974691828e-05
18092,0.00021215336584436657
18093,9.505153524251124e-05
18094,7.963705670755224e-05
18095,0.00012047114755952304
18096,7.757211796212532e-05
18097,4.949452597838311e-05
18098,4.3182522576423954e-05
18099,0.00011068461123014628
18100,9.340234436955315e-05
18101,0.0002596184884114975
18102,0.00013728123454147316
18103,6.876717110898595e-05
18104,0.0002123263003761928
18105,0.00013921968670902677
18106,9.07479314083336e-05
18107,0.0002833839444314301
18108,0.000282374635703964
18109,0.00016373474901390747
18110,0.00011057055880560318
18111,9.510367385049644e-05
18112,0.00021584464338519625
18113,0.00019832994570004742
18114,9.805262232818654e-05
18115,0.00031679593798840497
18116,9.069278165450648e-05
18117,0.00018419401117804606
18118,0.00013596423316623418
18119,4.479900372373298e-05
18120,0.00019308097227131697
18121,0.0002376843507035897
18122,8.131449817324983e-05
18123,7.572003270136677e-05
18124,5.864756722825484e-05
18125,4.643583306369699e-05
18126,0.00010858188367976604
18127,4.179139677207146e-05
18128,8.758859205700931e-05
18129,0.00016162948165155587
18130,0.00013042837484953542
18131,0.00021768349835799632
18132,0.00043780752490684376
18133,4.858794219464898e-05
18134,0.00022636968323020624
18135,0.00017705526489098132
18136,0.00011900484706527269
18137,0.0001379912811846956
18138,6.095357139166499e-05
18139,0.00019685877888637858
18140,0.00017594450210663427
18141,9.98155607083849e-05
18142,0.00018751545100648647
18143,9.773212425229098e-05
18144,7.83380936587338e-05
18145,7.382512691788169e-05
18146,0.0001477117857074728
18147,0.00012889403953830105
18148,0.00010433091014191409
18149,0.00012619332179253075
18150,7.34462283531106e-05
18151,8.612842435615006e-05
18152,9.916554350061683e-05
18153,0.0002208152748082983
18154,0.00011893596029397582
18155,9.995771841587187e-05
18156,8.244372080607745e-05
18157,9.889592134328427e-05
18158,8.807534876082457e-05
18159,8.033275456970367e-05
18160,0.00011271205180485896
18161,0.00015458995067656013
18162,0.0002566082172064598
18163,0.00018314668747811935
18164,0.00011814709259253678
18165,0.00015788400705120853
18166,0.00012957878205371997
18167,0.00018981782961516422
18168,0.00018659271546537905
18169,0.0001002283806115648
18170,5.244621523117015e-05
18171,6.714602154911774e-05
18172,0.00011831791117388874
18173,0.0002199132849733969
18174,9.584074615525873e-05
18175,0.0002022881937132024
18176,6.0161473261207054e-05
18177,0.00013282200213084443
18178,6.845716068037906e-05
18179,0.00010409118534482421
18180,8.854987571834243e-05
18181,0.00010839343402943639
18182,0.00023478952761811934
18183,0.00012307125741070155
18184,0.00012057913117318347
18185,0.0002962612116130098
18186,5.6109404675192445e-05
18187,9.629528283153819e-05
18188,7.77074596516935e-05
18189,0.00014378809018770786
18190,7.602583004577566e-05
18191,0.0001798860959667035
18192,0.0001505895433654578
18193,0.00011475806207039016
18194,0.00014046583249038375
18195,0.00016322943506752693
18196,6.0356278863044326e-05
18197,7.16375425401827e-05
18198,0.0001103584873369149
18199,6.826872523649737e-05
18200,6.981827991321988e-05
18201,0.00016159567267873395
18202,0.00010472220656961717
18203,7.156701876436443e-05
18204,1.3911526136900186e-05
18205,0.00023418275357371836
18206,0.00015448978414951884
18207,4.262910241062264e-05
18208,0.0002449238913719968
18209,0.00010263775263034157
18210,0.0001773378201329937
18211,0.00014729154298940365
18212,0.00014944988175108782
18213,8.330720384517095e-05
18214,0.00017663240440396423
18215,0.0001261682578597125
18216,6.872880038443478e-05
18217,0.00015480697424387298
18218,0.00012294971034612236
18219,0.00012052880682371469
18220,0.00017411754350978533
18221,0.00021195127772548426
18222,0.00023394150515477526
18223,0.00019776412314054923
18224,9.78413819341448e-05
18225,9.084704150013064e-05
18226,8.218042261765885e-05
18227,7.902774956311182e-05
18228,0.00030353678859838427
18229,0.0001641087357119915
18230,0.00011992780609627897
18231,0.0001347195578753312
18232,0.00023110529499282227
18233,8.754157002406341e-05
18234,0.00025362797514738605
18235,8.399397692577077e-05
18236,6.134807114476946e-05
18237,8.648964986710939e-05
18238,0.00018693791829860578
18239,0.00011311089524393429
18240,3.163626679362696e-05
18241,0.00021168916111495974
18242,0.00013707049943696782
18243,0.00011714143456731114
18244,9.861860573524297e-05
18245,0.000177468075294463
18246,6.497943132387205e-05
18247,0.00021387357687057947
18248,0.00012139314342508307
18249,0.00021278805282601577
18250,8.796375216789731e-05
18251,8.061196346685487e-05
18252,0.00011695326672468549
18253,0.00011024454831693672
18254,4.0276781861192595e-05
18255,9.908117332229367e-05
18256,9.651093900537889e-05
18257,0.00025990872722239167
18258,5.148377910998849e-05
18259,5.039156977282175e-05
18260,0.00027233425949289765
18261,0.00012265018269932992
18262,0.00027634714031431586
18263,0.0001531253789080899
18264,0.0001258071848134075
18265,9.747535796915982e-05
18266,2.8459121271959614e-05
18267,0.00014042268788232894
18268,0.0001455897287990745
18269,3.2909028657732e-05
18270,2.8097058577393145e-05
18271,7.36234024633118e-05
18272,0.00011010046902348926
18273,5.969442523024852e-05
18274,0.00010165231534019234
18275,9.770675281859299e-05
18276,6.922218459483754e-05
18277,5.904206768485795e-05
18278,0.00011087441858793475
18279,0.0001400270239789893
18280,0.00013804031962039634
18281,0.0001401125485377023
18282,0.00012260876576875647
18283,7.629139897632487e-05
18284,0.00013196748155347977
18285,5.737066284579846e-05
18286,5.1438758231453824e-05
18287,8.644302769828899e-05
18288,5.02429149821296e-05
18289,3.7185119149981864e-05
18290,7.20767712813714e-05
18291,0.00011375330444923783
18292,6.73691899404304e-05
18293,0.00018200394868684477
18294,0.00015345950475724161
18295,8.608274024501514e-05
18296,0.00017334507403813385
18297,0.0002769022383986359
18298,0.00021352337169108557
18299,0.0001537805664520587
18300,0.0003023272769346818
18301,0.00014596084807868718
18302,0.00011838663100494411
18303,0.00015399478666178168
18304,0.00015138004167826187
18305,8.61489081185448e-05
18306,0.0001775983501637849
18307,7.494086293130203e-05
18308,0.00019169264317407856
18309,6.588242697533705e-05
18310,8.17022681952288e-05
18311,0.00011038276640957606
18312,0.00018831618322558027
18313,6.955821589853017e-05
18314,0.00019146573251841998
18315,0.0001760535993320541
18316,0.00010318210751364511
18317,0.00021474201659638504
18318,6.811100538064107e-05
18319,0.00019026744963312878
18320,3.529971568507709e-05
18321,0.00019327716918286997
18322,9.246092330798872e-05
18323,0.00015714280105940962
18324,4.315408475496798e-05
18325,0.00021401094063328106
18326,9.88357588898114e-05
18327,0.00018578262225650972
18328,0.00012342297728571298
18329,8.605652207724675e-05
18330,8.113141642369391e-05
18331,9.245224149582781e-05
18332,0.00011769295593181257
18333,0.00016296363793036255
18334,0.00015578036441046695
18335,0.00016547106629169752
18336,0.00011513425958537807
18337,0.00022895070349218108
18338,0.0001854296517456734
18339,0.0001500236426591536
18340,0.00011507042479929189
18341,9.909660249450524e-05
18342,8.879281907293112e-05
18343,3.020518918871906e-05
18344,4.648704250448536e-05
18345,0.0001335859799781953
18346,0.00018156394676371372
18347,0.00013890494549006243
18348,6.573998031957838e-05
18349,3.138059014710172e-05
18350,4.4587833761665305e-05
18351,8.436471336127186e-05
18352,0.0001355872010824268
18353,0.00011315821538771435
18354,0.00013804336414381335
18355,0.000209500596455428
18356,7.554155320473846e-05
18357,0.0002737520488740387
18358,5.666533534704607e-05
18359,5.534175617580636e-05
18360,0.00015130893429544682
18361,0.00010571418847574839
18362,0.00014724067839453757
18363,0.00020452586594775802
18364,5.117534224276284e-05
18365,8.665121356272659e-05
18366,0.0002364191762271149
18367,6.584473494189867e-05
18368,5.584687910737395e-05
18369,6.349060352046782e-05
18370,0.00014698844054297
18371,0.00021380381355900024
18372,7.386026215716273e-05
18373,7.675648206854866e-05
18374,4.4516613774017896e-05
18375,3.872998098847896e-05
18376,0.00020361473697459704
18377,3.082430365907447e-05
18378,0.00012490751233489936
18379,9.381359280336537e-05
18380,0.00010167454960417833
18381,9.612707442805982e-05
18382,3.325583705138608e-05
18383,3.5530091492731096e-05
18384,9.341509861522802e-05
18385,0.00025270129466108533
18386,0.00014554854360617793
18387,0.00016597750227463843
18388,7.629002510558646e-05
18389,0.0001595607777450895
18390,0.0002042311105633727
18391,5.6304287489123756e-05
18392,0.0001188127118072301
18393,0.00013466966288768351
18394,0.00017327092588337819
18395,6.603041737475748e-05
18396,3.442216221814076e-05
18397,0.00023886646892488673
18398,8.222363569834832e-05
18399,0.00021289901950640892
18400,0.00012617882297132266
18401,9.12804876784946e-05
18402,0.00019938248032052108
18403,0.00013318246437943307
18404,0.00012614794861864193
18405,5.633172069413935e-05
18406,0.0003813715990570094
18407,7.911286222106338e-05
18408,6.428402778971088e-05
18409,8.481507324994607e-05
18410,0.00011135973642110429
18411,0.00010491241575251756
18412,3.40591277798954e-05
18413,0.00021993066437348154
18414,7.278500800458261e-05
18415,0.00013493768207888568
18416,1.873928428875077e-05
18417,0.00018215130749744355
18418,8.127571412315362e-05
18419,0.000244408470321254
18420,0.0001731879521322515
18421,5.097785103616039e-05
18422,6.276827462907457e-05
18423,0.00010965137911159224
18424,0.00013644125273791884
18425,0.00012884464601425685
18426,0.00012414037976427912
18427,0.0001971939985331535
18428,4.829435843274798e-05
18429,6.361179394491385e-05
18430,0.00012833901497406614
18431,8.006406719585017e-05
18432,0.00030606286433454595
18433,0.00011158530344837536
18434,0.00017062093509857227
18435,0.00016643464909535914
18436,0.0002450809747058235
18437,0.00010941358053542701
18438,0.0001225221099550684
18439,6.617512662226635e-05
18440,4.7411350935357845e-05
18441,0.0002514752848958184
18442,0.00014998470842588114
18443,0.0002392220947220224
18444,0.00014696431509720405
18445,0.00021717794443780776
18446,0.00011992065695274899
18447,0.0004116549708681507
18448,0.0001920352977910018
18449,5.880792238769331e-05
18450,5.538095856595655e-05
18451,4.540320612840521e-05
18452,0.00017627884649504933
18453,0.00011013963746421543
18454,0.00013084815551022121
18455,9.113424332340506e-05
18456,0.00011761387482873011
18457,4.955739365881691e-05
18458,0.00025744884659781585
18459,0.00010887189359244222
18460,5.565655709084643e-05
18461,0.00010532166869985066
18462,0.0001577335106104209
18463,5.1026580644011214e-05
18464,0.00025101531722057397
18465,0.0002479701778374003
18466,0.00027023404183004475
18467,0.00024541287516337783
18468,0.00020925437615033874
18469,0.0001916165662300713
18470,3.942515933216225e-05
18471,0.00018385548267903294
18472,0.00018987524356549475
18473,4.194148632354315e-05
18474,0.00016790021093191854
18475,0.00011576436553286277
18476,0.00015852067788469003
18477,5.720187066772147e-05
18478,0.0001524043035177511
18479,0.00036709215359190283
18480,0.00013909648711117546
18481,0.0001381930045417588
18482,8.611900433668953e-05
18483,0.00015309116260185505
18484,0.00019690687336080433
18485,0.00015163178601873296
18486,0.00018406171623289565
18487,9.516159738228775e-05
18488,0.0001453305622643368
18489,0.00021122595794539076
18490,0.00028000994560259905
18491,0.0001351893619278736
18492,2.081510558792871e-05
18493,0.0001446150806915631
18494,0.00031773827544962006
18495,0.00010873446342141111
18496,3.5781920090573116e-05
18497,6.005490743155631e-05
18498,0.00010606229655428605
18499,0.00022967536136077362
18500,0.00030472426410659676
18501,6.59322693083566e-05
18502,0.00011796956626286594
18503,8.449334394372874e-05
18504,0.00010572249855778445
18505,0.0001842805465828979
18506,0.00011256828041682492
18507,4.541016446428705e-05
18508,0.00012379022623175306
18509,0.00013458702238370633
18510,5.9476563128736836e-05
18511,7.574498102083866e-05
18512,0.00016068422584755455
18513,9.109671211665998e-05
18514,7.325673241580295e-05
18515,9.098316745529798e-05
18516,8.623548275373388e-05
18517,0.00015015213313289495
18518,0.0001429514340236864
18519,0.00012401014841187537
18520,5.702106531498302e-05
18521,5.7300329064482935e-05
18522,0.00024133347049784846
18523,6.70341383653142e-05
18524,0.00013258445678957626
18525,0.00010335804640369636
18526,0.0001179237617439332
18527,3.204308728516765e-05
18528,0.00016613563424392903
18529,6.819683624459849e-05
18530,7.290496189207927e-05
18531,0.00018000986563170674
18532,0.0002023820743820561
18533,0.00010001996361592889
18534,3.444604605407666e-05
18535,0.00023256683970893156
18536,0.00014762985441771245
18537,8.943545977150995e-05
18538,0.00010071342663500461
18539,7.551278413189439e-05
18540,8.891076870362236e-05
18541,8.227763000250943e-05
18542,6.484376299357924e-05
18543,8.460747936853837e-05
18544,6.476827667799506e-05
18545,2.859385628446381e-05
18546,0.00011920754646318606
18547,6.910384641461757e-05
18548,0.00011334354853859874
18549,0.0001782042122415987
18550,0.00013166200976764118
18551,3.595924122721519e-05
18552,0.000138032743595145
18553,7.665257981522453e-05
18554,0.0001349889135760961
18555,0.0001316860778447653
18556,5.8932318039273476e-05
18557,0.00014374241099662574
18558,8.170378675051586e-05
18559,3.0034215113882535e-05
18560,4.039068184548236e-05
18561,0.00011234340170538856
18562,9.646298281185269e-05
18563,9.690183534902933e-05
18564,0.00013417356263287965
18565,9.56053485971777e-05
18566,0.00015621217254240877
18567,9.158364961445997e-05
18568,0.00022020142787422545
18569,0.00022408171400829232
18570,0.00021681680342961577
18571,0.00017431629173773113
18572,0.00011157774637538628
18573,6.479205080096149e-05
18574,2.1607831241078375e-05
18575,7.747008732226937e-05
18576,6.976944269172738e-05
18577,0.00017405462113444546
18578,8.79417309574344e-05
18579,0.0001703657403808365
18580,0.00021172146423429727
18581,3.875815319109066e-05
18582,7.602164295581964e-05
18583,0.000155401479564091
18584,9.701191327194864e-05
18585,7.439406257745409e-05
18586,0.00011900262298389144
18587,0.00014851588913614275
18588,8.681120115418763e-05
18589,0.00013482866979086988
18590,0.00013008492814143628
18591,1.4555499878199205e-05
18592,0.00021194531018196296
18593,0.00011910215763739294
18594,0.00012434455200880135
18595,0.00010988747427196522
18596,6.858928450396161e-05
18597,0.00020482592301851595
18598,0.00015787978407053288
18599,0.00033471494132236224
18600,0.00010484173461830398
18601,0.0001629638209540465
18602,7.936249614856419e-05
18603,0.00010109790738251624
18604,5.6279692983138966e-05
18605,0.00016531094670354252
18606,6.638253344717672e-05
18607,4.7836860103621776e-05
18608,0.0001976786833145133
18609,7.07269769905945e-05
18610,0.0001895699888837903
18611,0.00020765927052083388
18612,0.00014928517480233944
18613,9.472883094795827e-05
18614,9.784820328537083e-05
18615,0.00021026871154538658
18616,0.00013541412893612094
18617,0.00012076438097736696
18618,0.00013910092643011737
18619,0.00014969553561615745
18620,6.958791624933192e-05
18621,0.00010301983551267773
18622,7.73901832902038e-05
18623,7.732109520906978e-05
18624,0.00016866230598345042
18625,0.00011735505920984048
18626,0.00020926495111178327
18627,0.00021167175982986214
18628,0.00010300416358405825
18629,0.0001003646646934877
18630,0.00018143409233079122
18631,0.00017269704325519048
18632,9.748027348999573e-05
18633,7.264801052502004e-05
18634,7.691875706363555e-05
18635,0.00016369004836401022
18636,0.00017334286320408248
18637,0.000231079763663346
18638,0.00017514543955309344
18639,0.00013675235937224626
18640,9.61638362682618e-05
18641,3.880785583797033e-05
18642,0.00014332023151582873
18643,2.7204642337631038e-05
18644,0.00018749219995661484
18645,7.052023859139403e-05
18646,5.5055278375178e-05
18647,9.546019763120126e-05
18648,0.00014096363418538484
18649,0.00015916492528893913
18650,7.449664442537936e-05
18651,6.29608699512539e-05
18652,0.00010038282642308916
18653,7.664263604762862e-05
18654,5.4988808715468225e-05
18655,8.353869102746909e-05
18656,0.00015668704404720032
18657,0.0001402692612921215
18658,7.583233179337555e-05
18659,0.00010938569550848739
18660,0.00011010710143952194
18661,0.0002494612034811754
18662,6.592220658167997e-05
18663,0.0003366174545450599
18664,0.00015898572834977868
18665,0.0002497424462601872
18666,0.00022209960968428663
18667,0.00011421385044649949
18668,0.0001189327904894752
18669,3.8176889816624295e-05
18670,0.00011908937534728511
18671,8.832774591731532e-05
18672,0.00011175436284502685
18673,8.286574593528597e-05
18674,8.72156201484692e-05
18675,0.000100833409608987
18676,0.00020136685269172552
18677,0.00012132621458914463
18678,7.215334509578334e-05
18679,4.2540039359370265e-05
18680,3.608757796000938e-05
18681,0.00011778149922853456
18682,0.00015627116559544966
18683,9.030120459733343e-05
18684,4.28245030264854e-05
18685,0.00010689940550044326
18686,8.900990341920017e-05
18687,0.00011186131967723049
18688,0.0002510098735666156
18689,8.846109766285783e-05
18690,0.00023893625244663405
18691,0.00011706007138298627
18692,0.00017519182418828074
18693,0.00032816572001872243
18694,0.0002565219113382512
18695,0.0001313738431133188
18696,7.347607549160244e-05
18697,0.00010964734277053331
18698,0.00035225376653521466
18699,0.00017663635056605135
18700,9.762204661687443e-05
18701,0.00015499495029797436
18702,8.767610136732964e-05
18703,0.00013725213322436273
18704,5.849349352817511e-05
18705,0.00014124628309297645
18706,8.192571611263348e-05
18707,0.00025345911777472675
18708,0.00013890835293361558
18709,9.639617333409106e-05
18710,0.0001426985204388064
18711,0.0001582427888050928
18712,0.00016690170035221845
18713,9.975625950583739e-05
18714,0.00011603309428970729
18715,0.00020391945343007324
18716,6.970068741903704e-05
18717,5.3506205761942565e-05
18718,0.00011131545891676889
18719,0.00018670591362299308
18720,7.719370169988539e-05
18721,7.701080182278747e-05
18722,8.401630406441475e-05
18723,5.894618117366891e-05
18724,0.00046918614569208287
18725,0.000162681805740273
18726,0.00012541695472932448
18727,7.3728970094859e-05
18728,0.00016209305115719115
18729,0.0001902203060924417
18730,9.664571795697301e-05
18731,0.0002160314561084279
18732,9.4779670879122e-05
18733,7.425060369455794e-05
18734,0.0001026432372310065
18735,0.00012964310630332452
18736,7.68783112986705e-05
18737,8.49495259963261e-05
18738,0.00010017054029090632
18739,0.00015585901038414095
18740,0.00011144578388470276
18741,0.0001879352564640535
18742,0.0002669876130735968
18743,9.173323635141818e-05
18744,0.00020074360442301652
18745,0.00030944098159141407
18746,0.00043796706442069766
18747,0.00010577917481424392
18748,0.00017338559311060663
18749,4.7040306541597096e-05
18750,0.00014299710757408545
18751,0.00015934257670966053
18752,9.734664649039727e-05
18753,0.00010789024467623983
18754,0.00013262141658641194
18755,9.109808708517754e-05
18756,0.00015051123688629458
18757,0.00012450166606321994
18758,6.936598802719249e-05
18759,8.413277785256606e-05
18760,0.0001696448189311102
18761,0.0001185827357715676
18762,0.00020346481940433558
18763,0.00010201322398651021
18764,4.608861037937422e-05
18765,0.00012620091028237875
18766,0.00020040361815343261
18767,0.00016457584903246128
18768,0.00043204128372016437
18769,0.00011737223107169856
18770,2.9927489761723195e-05
18771,0.00018473498512925856
18772,0.0002076299870889629
18773,0.0001102142134478917
18774,0.00012793732070106548
18775,4.266482254288341e-05
18776,7.327239659649917e-05
18777,7.81118013700697e-05
18778,0.00011220306818279414
18779,0.00016078077582482709
18780,9.010190881209032e-05
18781,0.0001836071403055019
18782,9.776686477650468e-05
18783,8.244620314730948e-05
18784,0.00011831962863775997
18785,6.51658226881651e-05
18786,0.00020955774492618354
18787,0.00013516632192490458
18788,9.871173041463407e-05
18789,0.0002476066358400519
18790,0.00016193884868677223
18791,0.00020124451470669117
18792,9.813810163290005e-05
18793,0.00044570323014624807
18794,0.000158887180145132
18795,0.0001702889862259053
18796,0.00026344747339682287
18797,2.8933741784014563e-05
18798,0.00015469310802662667
18799,0.00012926625988007637
18800,0.00013748910054123015
18801,8.096545812640618e-05
18802,8.566665133030927e-05
18803,0.00011278546184368077
18804,0.0001372616639206667
18805,8.432062070840368e-05
18806,9.335408910627764e-05
18807,0.0001765972791846845
18808,5.682195107796251e-05
18809,0.00015304872540071777
18810,0.00020827624295766166
18811,0.0001854947270387099
18812,0.000441090780199765
18813,0.00011419283500955385
18814,0.00015050179026742687
18815,7.763851555414913e-05
18816,5.32221837259263e-05
18817,0.00012765847139660475
18818,3.9894530558565934e-05
18819,4.926500639310761e-05
18820,0.00011401575986927942
18821,0.00014476876586213573
18822,0.00036388992925784965
18823,0.0001297329792449167
18824,0.00019829925320871125
18825,5.385362134094932e-05
18826,7.499359952598046e-05
18827,5.7550727708393534e-05
18828,2.5857235689751637e-05
18829,6.576717364852901e-05
18830,0.00010534692217892619
18831,3.046229467253104e-05
18832,0.00010118820837651981
18833,0.00030907110743564253
18834,0.00021093825544701823
18835,0.00018954513314116823
18836,6.874586524316102e-05
18837,0.00012446036537770065
18838,9.967928270393434e-05
18839,7.730400825382332e-05
18840,8.289999757171192e-05
18841,6.204127300290938e-05
18842,0.0002673773564725294
18843,0.00023281505377867245
18844,0.0002732335217085098
18845,0.00012000442261415211
18846,0.0002391064860951317
18847,0.00011506339661072632
18848,0.00013830951267628685
18849,0.00011326456969854064
18850,1.8647805607843963e-05
18851,6.94127449632023e-05
18852,0.00014783235737170382
18853,0.00016269968632232241
18854,9.37306345800704e-05
18855,0.0001793080675167194
18856,0.00014734333305502266
18857,0.00028704031112338467
18858,8.716415074467917e-05
18859,0.00013016967162448933
18860,7.5757442161005e-05
18861,0.000125759564993019
18862,0.00013314973318759229
18863,3.691513853361082e-05
18864,7.468520903374797e-05
18865,0.00010141883026653797
18866,0.00016284432316493534
18867,0.00010520401276783512
18868,0.00010656059773102608
18869,0.0001351296238793623
18870,0.00014219508187956524
18871,0.0002890852475503845
18872,0.00010081818815300123
18873,0.00012378301429586997
18874,0.00017227701541089617
18875,0.00012779698778095754
18876,8.640590077277547e-05
18877,0.00010991580102301736
18878,4.8942772346806377e-05
18879,3.0664713501672746e-05
18880,0.00010177065630781144
18881,0.00015795084172948398
18882,0.00011022819077547861
18883,0.00018553854872774075
18884,0.00016263163753707895
18885,0.00023521970792663726
18886,7.873162567053836e-05
18887,0.00015195982691235138
18888,0.00015857998780014263
18889,0.00021029387056365465
18890,5.7660352260355285e-05
18891,0.0002405378073747927
18892,9.03672295260293e-05
18893,0.0001787704265058656
18894,0.00010954908471310065
18895,0.00011256282961931796
18896,6.008549834316394e-05
18897,1.8669116509575493e-05
18898,6.822800887457849e-05
18899,6.327392984936508e-05
18900,0.00013518572898483687
18901,8.996039643209117e-05
18902,4.664649689439827e-05
18903,4.3156698439376624e-05
18904,0.00023188041912923813
18905,3.444135663532432e-05
18906,7.995238948419077e-05
18907,0.00016297251446934126
18908,4.047109152170183e-05
18909,7.052729014808603e-05
18910,0.00013574972397789137
18911,7.981170528948855e-05
18912,0.000107148185337402
18913,0.00016536909954915877
18914,0.00016257493291396352
18915,0.00020681583080943365
18916,7.486582487821017e-05
18917,2.2627108215376573e-05
18918,0.00024308075093411357
18919,7.663714090729754e-05
18920,7.647377166807277e-05
18921,7.947751844604892e-05
18922,0.0001247841054743446
18923,9.402135352933813e-05
18924,0.00014627923533558216
18925,0.00010952153706809454
18926,0.00013909325247289686
18927,0.00016572948879173548
18928,0.00019962832426497325
18929,5.799050373673374e-05
18930,0.0001229303608006727
18931,0.00011748608513147281
18932,0.00016068597345524353
18933,7.090291650890796e-05
18934,0.0002629430488532888
18935,0.00017938099650798727
18936,6.713464507451683e-05
18937,0.0001129710122420759
18938,9.060242455992163e-05
18939,0.00018980752067627437
18940,0.00036250610775346366
18941,4.153845729563568e-05
18942,0.00020566553009715644
18943,5.4687119406434285e-05
18944,0.00021329435464154952
18945,0.00014676798870567014
18946,0.00011808108729698076
18947,5.255924481128918e-05
18948,4.950420014755846e-05
18949,0.00018966093955207565
18950,0.0001169034220033365
18951,0.00019647152215667994
18952,3.8877211489021324e-05
18953,0.00020116074538045864
18954,0.00010111483483801448
18955,0.00016094231362272546
18956,0.00010732556638565658
18957,0.00023715754816335959
18958,0.00010696135477379326
18959,0.00012156408812674627
18960,0.00024355466655856208
18961,0.00010177117966355468
18962,0.00012299996863263893
18963,0.00010750675439399855
18964,0.00022984664306180766
18965,6.520867249386825e-05
18966,0.00017583607639153062
18967,0.00015018997499617032
18968,6.327352769354518e-05
18969,5.067782546465101e-05
18970,0.00013222363332919928
18971,0.00030886267160763227
18972,0.00022048679493603455
18973,0.00021590010293888012
18974,3.4274324305533855e-05
18975,0.00010940384372962791
18976,0.0001628279716456986
18977,0.0002010542025973305
18978,0.00012225259245345668
18979,0.00011704531528047077
18980,6.168377855313061e-05
18981,0.00012271273952895852
18982,5.728987555081013e-05
18983,3.44736133538116e-05
18984,9.897844058866035e-05
18985,6.632980702359232e-05
18986,7.737451097644042e-05
18987,0.0001704591108092154
18988,6.467679322346307e-05
18989,6.379737983799295e-05
18990,0.0002131476022480912
18991,0.00011455531500141303
18992,4.96512826793198e-05
18993,4.465005056043038e-05
18994,0.00018999378407879533
18995,0.00014193798343833594
18996,9.075477734755253e-05
18997,0.00010908073485559926
18998,1.763590429333555e-05
18999,0.00021668413936432003
19000,0.00012596751417851768
19001,4.8815677742380026e-05
19002,0.0001123805618851784
19003,0.00016885033858225426
19004,0.0001460653151576371
19005,0.00018710223860525998
19006,9.903442203085696e-05
19007,0.00014716094575209103
19008,7.982879530764976e-05
19009,0.00019547395810277219
19010,0.00010653623317247326
19011,0.00010929707788995244
19012,0.0001517715753826454
19013,0.00012358079925444828
19014,0.00014038544490203175
19015,0.00010060880332058007
19016,6.888409317051529e-05
19017,5.6109964949628456e-05
19018,0.00015894641286908875
19019,0.00017252969299125643
19020,0.00014885123006447585
19021,0.00016986883924348804
19022,0.00011104053869217253
19023,0.00018270853449742387
19024,0.00020288213729914646
19025,7.235165209137123e-05
19026,8.359826426955656e-05
19027,0.00010291179306761417
19028,0.000223467269746686
19029,6.392604429046814e-05
19030,0.0001170122341823297
19031,0.00015030205903383638
19032,0.00019548499827101563
19033,0.00011445180117907808
19034,4.394864903587591e-05
19035,0.00011432277074409467
19036,0.0003439642853943945
19037,6.748066791389257e-05
19038,0.00014171899525350115
19039,0.00021605423808292602
19040,0.00017724444235429405
19041,0.00013197517457958955
19042,0.00018517800386648052
19043,0.00012954099080697193
19044,0.00012141238810179795
19045,4.2633618291429025e-05
19046,0.00036918518178230634
19047,6.977662571613771e-05
19048,9.489019418816543e-05
19049,0.0001879220901753111
19050,9.236276415881051e-05
19051,0.00012335027718394484
19052,6.36523485880843e-05
19053,0.00012563999711818452
19054,0.00011012649166917112
19055,4.5759819061316445e-05
19056,5.8656735879631945e-05
19057,0.00011595786725924208
19058,0.0001887627334448221
19059,0.00016430278271132055
19060,0.00013536213317336972
19061,0.0001060065099061158
19062,0.00022230555819581548
19063,0.00015316264642007077
19064,0.00023107962680716005
19065,4.362829655797982e-05
19066,6.766132157629247e-05
19067,0.00017693453450122446
19068,8.988286775639473e-05
19069,3.894273935155363e-05
19070,0.00033719331046434456
19071,4.3387219304469234e-05
19072,5.061600744897799e-05
19073,0.0002681123733395931
19074,0.00010211991838448162
19075,0.00010856877173144853
19076,0.00014693933922250855
19077,0.00024405228249914962
19078,0.00010320091400445905
19079,9.95085212304755e-05
19080,4.6636648253522184e-05
19081,7.609828798962073e-05
19082,0.00018669229549404627
19083,0.0001756606964966769
19084,0.00011090210275952961
19085,0.00013007968358684193
19086,0.00018111094811647374
19087,0.00012705087728177164
19088,6.618289813802451e-05
19089,9.024929072043055e-05
19090,0.00019938851679172546
19091,8.143387061216708e-05
19092,4.726537370886003e-05
19093,0.00014908137347671545
19094,0.0001231096006618474
19095,0.00011606776852263973
19096,0.00010857878560490967
19097,0.00012830864117659453
19098,4.825567319130857e-05
19099,0.00020902525713104004
19100,0.00013733664228148852
19101,0.00011496772201815535
19102,8.283381083667623e-05
19103,0.00011353131405650565
19104,9.285777302450081e-05
19105,0.0001737881956536617
19106,7.993526395184519e-05
19107,0.00019233318954691656
19108,0.00013988039222578234
19109,0.00023499759928532118
19110,9.453469026310537e-05
19111,0.00039524441553458715
19112,8.220498038796096e-05
19113,6.453051558666648e-05
19114,7.367627059361103e-05
19115,0.00019925384124391666
19116,5.9738375621957315e-05
19117,0.00012792090206115804
19118,0.00025837136403589943
19119,0.00019076552972266414
19120,8.894134219381392e-05
19121,0.00024070463034711002
19122,2.036564476316987e-05
19123,0.0002297379503019672
19124,0.00014306920705061332
19125,3.0171347389035343e-05
19126,0.00016324821227412333
19127,5.977976778923892e-05
19128,6.295979939178155e-05
19129,0.00026152189335828065
19130,0.0002316140612599433
19131,0.0001365120519257459
19132,6.369288386540898e-05
19133,9.736034439475794e-05
19134,8.999138383913725e-05
19135,0.0001008575245515028
19136,9.978392801802636e-05
19137,0.00016067186268226108
19138,9.301435859154338e-05
19139,8.470579305604718e-05
19140,0.00014525516521045817
19141,0.00016090072845098357
19142,4.8644393693808176e-05
19143,0.0001344336711060377
19144,0.00011130727259839249
19145,0.00010589407449904757
19146,0.00018757916751275234
19147,5.264805205653538e-05
19148,3.122306655921356e-05
19149,0.00018391699090063884
19150,0.00012621568499762603
19151,0.00012253394932885164
19152,0.00022494537010359536
19153,0.00018027352588849993
19154,0.00012091895172076239
19155,0.00027335197053581867
19156,4.5981178078053354e-05
19157,0.00017420875754908983
19158,0.00010232675698405614
19159,0.00018844564918247262
19160,0.00021056716198542414
19161,0.00016312280930927758
19162,4.740214814704867e-05
19163,8.936140284253224e-05
19164,0.00011310152519976645
19165,9.610277158583741e-05
19166,0.0001245103439648443
19167,0.0001901409893424065
19168,0.00018025765647274408
19169,8.542884760757803e-05
19170,0.00020502115377504286
19171,0.0002446945879565817
19172,0.00016783588668533352
19173,0.00012688603066257295
19174,0.000128689554442358
19175,0.00015846192152317937
19176,0.00011068267480630371
19177,0.00013286075743741595
19178,8.698127008005687e-05
19179,2.565669365631358e-05
19180,0.0001909881687938178
19181,9.815971807866625e-05
19182,0.00016569809828649292
19183,4.902920342629183e-05
19184,2.9065951962772778e-05
19185,0.0002015384727360516
19186,0.00016518687051808863
19187,0.00023949359140079622
19188,6.98141794284149e-05
19189,0.00019817487755991763
19190,0.000335907667765583
19191,0.00011765998935818127
19192,9.925575752747694e-05
19193,4.388057319541378e-05
19194,0.00012855371477604662
19195,0.00019731426888641831
19196,9.992364040716157e-05
19197,2.1713743612509758e-05
19198,0.00024833659951973414
19199,0.00017088965406871891
19200,9.112755084780094e-05
19201,0.00017690151857669732
19202,4.805270264958917e-05
19203,0.00012961005420032478
19204,0.0001322788255990226
19205,0.0002566936736493503
19206,0.0001360536303906187
19207,0.00018248524414670274
19208,0.000360575909858152
19209,0.00010926813113125674
19210,0.00012676237416337416
19211,0.00010158852422559752
19212,6.376290695924079e-05
19213,0.00012038783120346054
19214,8.793297182914117e-05
19215,0.00017575104329840244
19216,8.803954896547392e-05
19217,5.842624518873214e-05
19218,0.00010959351369351923
19219,8.136648731491363e-05
19220,8.385496598388683e-05
19221,5.813855308020974e-05
19222,0.0001473717102566114
19223,0.000272115507616903
19224,0.00021454959822640873
19225,7.122372046724568e-05
19226,0.00010013194994934916
19227,0.00015256355193427935
19228,6.159609831613401e-05
19229,0.00021056938601037934
19230,9.42807524183895e-05
19231,0.0001578112113349125
19232,4.524034336923735e-05
19233,7.779034283776095e-05
19234,9.347144153613983e-05
19235,8.929980939974948e-05
19236,4.9735671396967696e-05
19237,5.987391585053971e-05
19238,0.0001249225714416679
19239,4.8780393031926886e-05
19240,0.00023842085218352113
19241,8.301573247578542e-05
19242,7.508441284186092e-05
19243,0.00010280174427665483
19244,7.214256632909218e-05
19245,0.0002431063205960958
19246,7.966789511277917e-05
19247,6.911732950169712e-05
19248,0.00016202439182120027
19249,4.931033268269214e-05
19250,7.996539099674259e-05
19251,0.00013774387866074376
19252,5.0962445940541266e-05
19253,6.273991920421749e-05
19254,0.00017393450753530756
19255,0.00011133654113176336
19256,0.00010043030430377967
19257,0.0001634732011513494
19258,8.28068684799145e-05
19259,7.729476706014748e-05
19260,0.00017521742452624388
19261,9.478576037700486e-05
19262,0.0003277782986395609
19263,0.0001079317752452452
19264,0.00022622921600532392
19265,0.00017782618104943837
19266,0.00010646143577649297
19267,9.23785032318956e-05
19268,0.00010437186533208816
19269,4.199196606285763e-05
19270,3.156762396694083e-05
19271,6.778450283644978e-05
19272,0.00018590837242930206
19273,0.00010036148484094617
19274,0.00012098345585397486
19275,0.00010640097047401479
19276,0.00014254326681827791
19277,9.710240633690608e-05
19278,4.2035639373004045e-05
19279,0.0002255190916882619
19280,8.879963652888092e-05
19281,0.00014051501804842782
19282,7.293306143000915e-05
19283,7.203719081036138e-05
19284,2.069769937326465e-05
19285,0.00016041969308955452
19286,3.955065370536749e-05
19287,6.677669559231084e-05
19288,0.00016507294685479766
19289,0.00015266559809874936
19290,0.00010508214845483766
19291,6.011935662838927e-05
19292,0.00023607111180377148
19293,7.605139368275954e-05
19294,0.00016607803363240988
19295,0.000177528343879748
19296,0.0001267101883020947
19297,0.0003078736959614204
19298,9.845823341135764e-05
19299,0.0001017955225109093
19300,0.00016609006241391237
19301,0.0001303977211848406
19302,9.302770518989704e-05
19303,5.8001418363672816e-05
19304,4.128696688327649e-05
19305,0.0001081108634064579
19306,8.197722168604377e-05
19307,0.00010602290543640834
19308,0.0001983368269189787
19309,0.00014231526806433707
19310,9.012008624302331e-05
19311,2.9485722718778557e-05
19312,6.793805742955121e-05
19313,5.220865423972098e-05
19314,0.00023037038709139163
19315,0.00011038200015017863
19316,0.00017807349099501627
19317,3.981962373044271e-05
19318,3.3995926954263444e-05
19319,5.6914818604435435e-05
19320,0.0001346517380750627
19321,7.32444921592169e-05
19322,9.526775604296366e-05
19323,5.290023429254534e-05
19324,0.00012143870268983985
19325,0.00019835631514735833
19326,0.0003708237759260484
19327,7.836681974473424e-05
19328,8.755490969507282e-05
19329,8.498667662663709e-05
19330,0.00013778478327772882
19331,0.00025482464090068274
19332,4.124345642420788e-05
19333,0.00021840828679965755
19334,0.00015118258165723608
19335,9.297031128532908e-05
19336,0.00010286138040608213
19337,0.00022390726916426016
19338,0.00020636978192294016
19339,0.00011939602010905143
19340,0.00014128890476232758
19341,0.00015380091507030978
19342,0.00031748715875115575
19343,8.501459055982818e-05
19344,4.847343166913301e-05
19345,6.679129597212176e-05
19346,8.299700234932666e-05
19347,0.00019435076565128042
19348,9.582227516419547e-05
19349,0.00010294979019049953
19350,7.021437092191051e-05
19351,9.1514347565152e-05
19352,0.00015047125805600268
19353,0.00016415006163006578
19354,0.00011035005762570609
19355,0.0001156904629486467
19356,0.00014466610759087726
19357,1.912108151005011e-05
19358,9.589465695252797e-05
19359,9.731897694537238e-05
19360,0.0001724013883909783
19361,6.638399038177578e-05
19362,0.00012622682769108874
19363,0.00012618383638966074
19364,6.930840167959758e-05
19365,6.258151898676088e-05
19366,8.47028936760887e-05
19367,3.696074652993047e-05
19368,0.00011318862333206805
19369,5.733191431265915e-05
19370,0.00013121470455165513
19371,0.00015570538142218806
19372,6.279234705649753e-05
19373,7.946296254946931e-05
19374,0.00015145357563991368
19375,8.859576777989938e-05
19376,0.00013820809113187677
19377,0.00016086377103505218
19378,0.0001275985932497734
19379,0.00013478722622621504
19380,3.796239473609433e-05
19381,0.00012730112283266807
19382,0.0001930083147858249
19383,0.00017555415640415253
19384,0.0002315261452401983
19385,0.00020320891239822313
19386,0.00017889114463843833
19387,5.7602594304870787e-05
19388,9.04454670177077e-05
19389,7.867445580267674e-05
19390,0.00011911438675736898
19391,0.00010155879094343803
19392,9.186381731384388e-05
19393,0.00012669042566898874
19394,0.00010339409505572676
19395,7.869709419273321e-05
19396,0.00030468424993641775
19397,7.734266639208292e-05
19398,8.839944659670964e-05
19399,4.2884265538151165e-05
19400,9.602283423568296e-05
19401,0.00015078744996829287
19402,3.5774363713088944e-05
19403,0.00012928045209733058
19404,8.895095073754721e-05
19405,0.00014039385071908052
19406,0.00011364817327209526
19407,0.0001268432643956531
19408,6.616990307161952e-05
19409,9.006725556898659e-05
19410,0.0002123798476590205
19411,0.00010993227881071784
19412,0.00016864693809134042
19413,9.566008171709589e-05
19414,8.91641015457829e-05
19415,0.0001150621574229117
19416,8.723297425838857e-05
19417,3.6381405943235965e-05
19418,0.00018333196133759832
19419,0.00010595235989610183
19420,0.00011722780038503294
19421,8.34845277260614e-05
19422,0.0002693691855783456
19423,0.00018824666448937781
19424,0.00010306505881563989
19425,9.754576869832304e-05
19426,5.885853597470704e-05
19427,0.00022284836976397567
19428,3.707008080111577e-05
19429,0.0001308079707784426
19430,0.00023384759560272572
19431,0.00014101042930539075
19432,5.637328461362012e-05
19433,8.078227013986424e-05
19434,0.00010812270596791109
19435,0.0002824457129506657
19436,7.051188840806816e-05
19437,8.534518636576042e-05
19438,7.158493732723628e-05
19439,0.0001536863476473806
19440,8.255332717710665e-05
19441,0.00014255675714352296
19442,4.7490196622272806e-05
19443,9.790689326188209e-05
19444,0.00013714689672774712
19445,0.00012553450652256313
19446,0.00011310540369214832
19447,0.00010558751862340638
19448,0.00013792483519941025
19449,4.331562826588192e-05
19450,8.779512313551751e-05
19451,0.00013179622627969886
19452,0.00011526142089427498
19453,7.808602667944382e-05
19454,0.00012146424624022563
19455,6.378074729767872e-05
19456,9.20292560485903e-05
19457,8.952175766131819e-05
19458,0.00021321875824431945
19459,0.00013776264763525373
19460,0.00018938713322629274
19461,9.641669518179508e-05
19462,0.00020158519313045185
19463,8.025491209126972e-05
19464,0.00010817503906994509
19465,0.00010722943124973903
19466,7.906136551547111e-05
19467,3.270602015660275e-05
19468,5.233205174815258e-05
19469,9.753564442039971e-05
19470,0.00014309505055128816
19471,0.00011940821436875082
19472,6.0318990509860555e-05
19473,0.00019251501507779322
19474,0.00010995678427094005
19475,6.86333099088958e-05
19476,0.00015961777924064193
19477,8.073650200768432e-05
19478,3.246866534974603e-05
19479,0.0002939549029373197
19480,9.338287015728952e-05
19481,9.202960827600851e-05
19482,0.0002123039511628503
19483,0.0001829735053050839
19484,0.00012050648144338973
19485,5.8982559237042104e-05
19486,0.00010483575866989352
19487,3.9707201688835634e-05
19488,7.273405919031534e-05
19489,7.054520871077335e-05
19490,6.82827292627071e-05
19491,0.00011017002465849916
19492,0.00010330667201333585
19493,0.00011663196483280797
19494,0.0002987121895273605
19495,7.040109161843957e-05
19496,0.00012030301754593636
19497,0.00020502633100521022
19498,0.00013470458048396263
19499,8.129490556290518e-05
19500,0.00010652874951758951
19501,5.429809249865801e-05
19502,0.00018704186557844154
19503,7.300295741963282e-05
19504,0.00012024328818159979
19505,0.00025622642282968465
19506,4.6675206624880044e-05
19507,0.00010657641251243558
19508,7.229766831188243e-05
19509,0.00010541207923518317
19510,0.00012376247039737106
19511,0.00020111353657272532
19512,0.00019051358217704551
19513,0.00013854073101491354
19514,0.00015823303834490215
19515,0.00020735027186496034
19516,0.00012093065717334295
19517,0.00018892452637443745
19518,0.00012098081975722647
19519,9.970862450180808e-05
19520,0.00010500555768595757
19521,9.780859143467772e-05
19522,0.00019501190400175058
19523,0.00013167343164496615
19524,0.00010212012432425406
19525,0.00011353896540028721
19526,0.00010604638194690427
19527,0.00017674075985112526
19528,5.514744111848447e-05
19529,0.0003000172753929138
19530,0.00011286692159925527
19531,3.827304622351788e-05
19532,0.00014730946240834724
19533,8.735757793696324e-05
19534,0.0002323236344476905
19535,0.00022277371967607433
19536,0.00019727798068454002
19537,9.808829231749885e-05
19538,6.572594026875206e-05
19539,9.7765328011305e-05
19540,9.152992910561205e-05
19541,7.500091158863442e-05
19542,0.00012579815388815807
19543,5.854598565377617e-05
19544,8.743584682297445e-05
19545,8.778923796874202e-05
19546,9.769830435221705e-05
19547,6.471691934047977e-05
19548,0.00022437264630448673
19549,6.457786509396439e-05
19550,0.00019774351152407584
19551,0.0001514139146696311
19552,0.00014195836833456475
19553,0.0001109590159651741
19554,9.498192045755716e-05
19555,0.00014900781615830277
19556,0.00015569881115402525
19557,7.446123435438428e-05
19558,0.00011562388226157456
19559,0.00019419004075580345
19560,0.00011888495498579024
19561,0.00012129519608966731
19562,0.00011983111243122978
19563,0.00013389068209311624
19564,0.0001703990147725217
19565,0.00019865141855912732
19566,5.588808575308422e-05
19567,0.00015138345455755351
19568,8.916608418172425e-05
19569,8.521235637917566e-05
19570,9.867488560220302e-05
19571,7.984712206724642e-05
19572,0.00010684114388143612
19573,4.00509970457526e-05
19574,0.0001392109389892854
19575,4.5312812961958036e-05
19576,0.00011702120672588428
19577,0.00016454747995128607
19578,0.00017890504633383484
19579,3.6284941782512484e-05
19580,0.00013249782640242544
19581,0.00022349999121061564
19582,0.00012668581330203658
19583,0.00024059944466027107
19584,0.00011200567153072714
19585,0.00019982373148515602
19586,9.97262429149009e-05
19587,0.00011270426735895238
19588,5.7497853507009564e-05
19589,0.00013531052268715116
19590,0.0001141360181469258
19591,0.00014504101579370214
19592,0.00010812820647743155
19593,6.541133366122421e-05
19594,4.763568632946635e-05
19595,0.0001257537760238553
19596,0.00013413750577472296
19597,0.00019257211951979132
19598,6.046932533450968e-05
19599,0.00031523047825184926
19600,9.524503920459503e-05
19601,7.431267941557925e-05
19602,5.367188262411122e-05
19603,0.00015658153478364322
19604,0.0001981560863165655
19605,0.0001187035828410179
19606,0.00027672649315623013
19607,0.00010705624156763396
19608,0.00012126080390983322
19609,5.8289117127764326e-05
19610,0.00018237391082231403
19611,0.00011236079802128587
19612,4.6083852936573515e-05
19613,0.00010288804869518567
19614,0.00014703094200686458
19615,3.657971172931811e-05
19616,5.415916594400804e-05
19617,0.0001885287986807664
19618,0.00012123759054107782
19619,0.00021008654639091527
19620,0.00016070179383717212
19621,0.0001115999645928886
19622,3.75181922632426e-05
19623,0.00012503812309934843
19624,0.00015640636339894057
19625,0.00016444174437930232
19626,0.00025620914860204725
19627,0.00017279174486324874
19628,0.0001692612931571833
19629,0.0001451821033711735
19630,0.00011353289741320786
19631,8.706261912387462e-05
19632,0.0001510140706709298
19633,6.119681700987107e-05
19634,0.0002450605119190861
19635,0.0002418035555413889
19636,0.000193519005674316
19637,0.00011116007685107188
19638,0.00011255852125311672
19639,0.00010799675846719769
19640,0.00011167273994761284
19641,5.192222234477637e-05
19642,7.190135008583355e-05
19643,7.62692961224004e-05
19644,6.869685283142964e-05
19645,0.00017190103054383742
19646,0.00011817320092610943
19647,6.843499461785363e-05
19648,0.0002167272239318698
19649,0.000144529615851827
19650,4.7495780382088e-05
19651,2.0962082689754336e-05
19652,0.00015570074183688645
19653,0.0001898568190098791
19654,0.00015041952027368687
19655,0.0001663342402854084
19656,0.000162778989922514
19657,0.0001894688864198444
19658,0.00018383965642521698
19659,8.379620869725144e-05
19660,0.00013557248664956606
19661,0.00026303414844591256
19662,9.223621811801341e-05
19663,9.546160647788125e-05
19664,8.75582974560836e-05
19665,7.211916522070077e-05
19666,7.668075031079218e-05
19667,0.00010434777283597589
19668,0.0001385584597627632
19669,8.587677357035925e-05
19670,0.0004593323535780428
19671,0.000116753583556649
19672,0.00012731859689649628
19673,0.00014597647291417958
19674,0.00018117241826485884
19675,9.941714595185233e-05
19676,0.00010271882513090393
19677,4.8045972822787555e-05
19678,7.413412598423061e-05
19679,0.00017887441972035538
19680,0.00010651328142737063
19681,8.776751675284694e-05
19682,0.00017187903371678164
19683,8.005726586306989e-05
19684,7.028343751118168e-05
19685,0.00010650052588828615
19686,9.357826732545412e-05
19687,0.00020188176766336674
19688,2.647990431614312e-05
19689,9.186342692815274e-05
19690,0.00010602660988615376
19691,0.0001243027000115915
19692,8.28764762894469e-05
19693,6.122744307563644e-05
19694,0.00014447352031281922
19695,0.00012542365354072774
19696,6.122257750426012e-05
19697,9.021540707928284e-05
19698,0.00013905760775381935
19699,5.952208428059697e-05
19700,9.284943653831367e-05
19701,7.893002483940445e-05
19702,8.031710452907937e-05
19703,0.00019931007664685958
19704,0.00013333265465709113
19705,0.0001436588311487116
19706,0.00021482815477633844
19707,0.00015614274844900707
19708,1.8511319654169324e-05
19709,0.0002658512907862849
19710,2.9860311855439376e-05
19711,0.000132412501861913
19712,0.00016143361945409362
19713,0.00010863026255854806
19714,0.0002040439350553297
19715,7.809882810758586e-05
19716,3.914763015644835e-05
19717,9.275143124505523e-05
19718,8.55387654711261e-05
19719,0.00016066184060260064
19720,0.00012205602690856314
19721,0.0001384196327787426
19722,0.0001631436901788284
19723,0.00022451881705302742
19724,0.0001197245156333379
19725,0.0002530837092157681
19726,0.00013567650438329326
19727,0.00013910176831846444
19728,0.00013393436599120866
19729,8.35297953109128e-05
19730,9.56208865776888e-05
19731,0.0001483657930332229
19732,5.6233018351918416e-05
19733,8.792674777530362e-05
19734,8.300304410844852e-05
19735,0.0001234746799875555
19736,0.00010132366112958385
19737,4.760208394210978e-05
19738,0.00014239696380506628
19739,6.788691898880093e-05
19740,0.0001991297090258827
19741,9.106350346504109e-05
19742,0.0001758061222986917
19743,0.000151936391534089
19744,0.0001590527103288207
19745,0.00012229733117283178
19746,0.00020165230390687826
19747,0.00021820926974738862
19748,0.00010135894688356755
19749,0.0001636704955467071
19750,8.89696829568066e-05
19751,0.00012120610225566008
19752,0.00014087583160939538
19753,9.877548084293093e-05
19754,0.00010284412113122315
19755,9.053136550406192e-05
19756,6.679357522927515e-05
19757,3.952810148014462e-05
19758,7.229589195184914e-05
19759,0.0001497720696502057
19760,0.0002697092805312888
19761,5.334471739694083e-05
19762,0.0001164454171859452
19763,0.00014240154544377037
19764,0.00015143168174489732
19765,0.00010203752408751786
19766,0.0001717466503323604
19767,9.065384464941603e-05
19768,0.00016678867087764645
19769,6.521952622284484e-05
19770,0.00011313754177784382
19771,0.0001543696653349141
19772,0.00013370071788314908
19773,7.716101881185294e-05
19774,0.00018764086893122332
19775,7.957488373757564e-05
19776,8.460683214418019e-05
19777,4.8778210528663716e-05
19778,0.0001869524562184752
19779,0.00015757540221420687
19780,0.0001465882050896673
19781,9.932868202544852e-05
19782,3.93067033846793e-05
19783,0.0001826883018052685
19784,0.00021346970984395313
19785,0.00022893644413274784
19786,2.9071149940480127e-05
19787,3.510267186433491e-05
19788,6.808432943038628e-05
19789,8.725951244302778e-05
19790,4.7454802074394596e-05
19791,0.00020099478589936828
19792,5.2571582495550873e-05
19793,9.23894679883936e-05
19794,0.00013634650810338443
19795,8.75227118995943e-05
19796,8.470224809813094e-05
19797,0.0002745991479948961
19798,0.00010121087858623536
19799,0.00028013437495244054
19800,0.00010740300898451052
19801,2.9394574160223828e-05
19802,0.0001559972321436579
19803,4.948286933132896e-05
19804,0.000227949508615802
19805,7.439807354042599e-05
19806,0.00011961105820246037
19807,0.00020664792727551472
19808,0.00014072064474152877
19809,7.027551588624827e-05
19810,0.00018117818064701213
19811,0.0002828009444391797
19812,5.09169215092779e-05
19813,0.00011198114094708255
19814,0.00010556944713816619
19815,8.724742567150663e-05
19816,6.900739955203951e-05
19817,0.0002950818794009069
19818,0.00013407728197458615
19819,0.00010561519910703336
19820,8.05172692017812e-05
19821,5.3740095423845485e-05
19822,0.00022711652384158353
19823,0.00013809521549490688
19824,9.44601738413235e-05
19825,0.00015506538436782353
19826,5.63327053155745e-05
19827,0.00012268532544055158
19828,9.001983583222032e-05
19829,0.00010589873773769501
19830,0.00011369521630893864
19831,0.00013933275312047203
19832,0.00013526186705712742
19833,0.00020475099153632114
19834,0.00029660837693406845
19835,0.0001094648034193946
19836,0.00019391692979077622
19837,6.690245756629727e-05
19838,0.00010669549012255697
19839,0.00027375742151436265
19840,7.499085551527926e-05
19841,0.00021647907617554918
19842,6.927737928294841e-05
19843,0.00014951372160274142
19844,8.129621820641938e-05
19845,0.00011190823360759308
19846,0.0003912952680004125
19847,8.231298471522389e-05
19848,0.00011425349581356428
19849,0.00019723840005338693
19850,0.00015695872687363586
19851,7.049244193543738e-05
19852,5.217896846419698e-05
19853,6.964383912560866e-05
19854,0.00012438245614688895
19855,0.00016269504553448024
19856,0.00011182911071418853
19857,0.00016237195920929415
19858,7.505882574080516e-05
19859,0.0002693601847020256
19860,7.883353229020263e-05
19861,0.00023421913092413902
19862,0.00010574802676880234
19863,0.00013904656128726223
19864,0.0003210738452919876
19865,0.00012925177081738257
19866,4.787872073532601e-05
19867,0.00011559677082403325
19868,4.9264602973337935e-05
19869,8.01775383877718e-05
19870,7.843694553486113e-05
19871,0.0001311254614767225
19872,8.944034649709235e-05
19873,9.046840434941414e-05
19874,0.00018264699896840278
19875,0.00015023533823166793
19876,0.00019740328013069546
19877,0.0004276017989097989
19878,0.0003080846412320162
19879,0.00022671281900058172
19880,6.789977317286867e-05
19881,0.00013046674473587833
19882,0.00012904503456805707
19883,0.00019268828202167286
19884,4.3707514369408496e-05
19885,0.0001310941485407627
19886,0.00010388244503195967
19887,7.552258288826002e-05
19888,0.0001937266069957888
19889,9.997553459422607e-05
19890,0.0001246750855139895
19891,8.405964106681647e-05
19892,0.0001240346976414409
19893,0.0002874769398822694
19894,0.0001947211192338122
19895,9.155726772961776e-05
19896,8.28679474628855e-05
19897,0.00016022566150107205
19898,0.00016591577815618823
19899,6.220742313385588e-05
19900,3.209180221210666e-05
19901,9.072333338243593e-05
19902,0.000261132560754689
19903,4.637267127051435e-05
19904,0.00012714247999664227
19905,0.00010150187612670182
19906,0.00017477308357747619
19907,7.007458891268649e-05
19908,0.0002978445068698283
19909,0.00011307389011403834
19910,8.518090569619463e-05
19911,0.0001416398234456898
19912,0.00012146490596417301
19913,0.0001295624689589211
19914,0.0002419016721021694
19915,2.0751862597023888e-05
19916,7.921365855299853e-05
19917,0.00025644695838568257
19918,4.2080283158471446e-05
19919,7.796375242612249e-05
19920,0.00016321277486032487
19921,0.00013205551971606135
19922,4.356019282176675e-05
19923,0.0003263793036246369
19924,0.00021119365790418467
19925,0.00026277261500752617
19926,5.811717142684587e-05
19927,7.937351257880442e-05
19928,2.3122947425897792e-05
19929,3.361327276426431e-05
19930,7.300371320360425e-05
19931,6.85380556975409e-05
19932,0.0001770160670923279
19933,0.00021888339757286727
19934,6.44459852836888e-05
19935,0.00017735043283528452
19936,0.0001431221572735534
19937,5.906426449850273e-05
19938,0.00010527179268710067
19939,7.204922690267287e-05
19940,8.046219318748817e-05
19941,8.184596211834486e-05
19942,8.808009804644046e-05
19943,0.00022147064056352456
19944,0.00018681203498425894
19945,0.00013200118806257956
19946,0.00045517350343843483
19947,0.00022556290669243666
19948,0.00012825019263230263
19949,0.00019039053999032004
19950,0.00012334124176022041
19951,3.0206747885967144e-05
19952,3.7548376884699746e-05
19953,0.00012291576506205822
19954,9.427403586971994e-05
19955,8.882176700620152e-05
19956,0.0003230179170258298
19957,7.361107458433346e-05
19958,0.00010930769735234059
19959,5.7473624013763625e-05
19960,0.00018584683760640216
19961,7.576187830433387e-05
19962,0.00015993615262899406
19963,0.0002762669198291642
19964,0.00014147794107437155
19965,7.640629265281804e-05
19966,9.79066620562249e-05
19967,0.00011662569390695802
19968,0.00016965638651016796
19969,0.0001592931568597394
19970,0.0002989058305100109
19971,0.00014397960290910838
19972,0.00015843966559870302
19973,7.832408751483203e-05
19974,0.0001260137071293848
19975,9.12388225202184e-05
19976,0.0001514010616685134
19977,8.381236869336924e-05
19978,9.059126453867983e-05
19979,5.432523680658513e-05
19980,8.423340970741038e-05
19981,5.132700013149409e-05
19982,8.578935459829815e-05
19983,0.0001333569312280159
19984,8.541358650293444e-05
19985,0.00015858404918815236
19986,0.00014306857467401632
19987,0.00016095234527609584
19988,8.623957107079491e-05
19989,0.00010022875178454415
19990,0.000336797552738056
19991,0.00015198473428876838
19992,0.00018546197557862078
19993,3.599236323207544e-05
19994,0.0001058381909986908
19995,0.00011275391383173951
19996,6.084634935920548e-05
19997,7.391694523730152e-05
19998,0.00013555857246005292
19999,0.00014957587937380356
