condition_id,pair_id,task,tau,balanced_accuracy
camelyon17__resnet18_imagenet1k_v1__d128,camelyon17__0000__0003,domain_a,0.0,0.9093694842142758
camelyon17__resnet18_imagenet1k_v1__d128,camelyon17__0000__0003,domain_a,0.1,0.8922849791291156
camelyon17__resnet18_imagenet1k_v1__d128,camelyon17__0000__0003,domain_a,0.2,0.8658255200124169
camelyon17__resnet18_imagenet1k_v1__d128,camelyon17__0000__0003,domain_a,0.3,0.8311127072430072
camelyon17__resnet18_imagenet1k_v1__d128,camelyon17__0000__0003,domain_a,0.4,0.7916330294958392
camelyon17__resnet18_imagenet1k_v1__d128,camelyon17__0000__0003,domain_a,0.5,0.7598180255550961
camelyon17__resnet18_imagenet1k_v1__d128,camelyon17__0000__0003,domain_a,0.6,0.7364764524968281
camelyon17__resnet18_imagenet1k_v1__d128,camelyon17__0000__0003,domain_a,0.7,0.7210807083824065
camelyon17__resnet18_imagenet1k_v1__d128,camelyon17__0000__0003,domain_a,0.8,0.7125424877464408
camelyon17__resnet18_imagenet1k_v1__d128,camelyon17__0000__0003,domain_a,0.9,0.7097986646703351
camelyon17__resnet18_imagenet1k_v1__d128,camelyon17__0000__0003,domain_a,1.0,0.7096921596123953
camelyon17__resnet18_imagenet1k_v1__d128,camelyon17__0000__0003,domain_b,0.0,0.882568887035234
camelyon17__resnet18_imagenet1k_v1__d128,camelyon17__0000__0003,domain_b,0.1,0.8973056000859585
camelyon17__resnet18_imagenet1k_v1__d128,camelyon17__0000__0003,domain_b,0.2,0.9052864574790731
camelyon17__resnet18_imagenet1k_v1__d128,camelyon17__0000__0003,domain_b,0.3,0.9089399363395532
camelyon17__resnet18_imagenet1k_v1__d128,camelyon17__0000__0003,domain_b,0.4,0.9098403769278023
camelyon17__resnet18_imagenet1k_v1__d128,camelyon17__0000__0003,domain_b,0.5,0.9091949083936623
camelyon17__resnet18_imagenet1k_v1__d128,camelyon17__0000__0003,domain_b,0.6,0.9069609902269763
camelyon17__resnet18_imagenet1k_v1__d128,camelyon17__0000__0003,domain_b,0.7,0.9052627147593089
camelyon17__resnet18_imagenet1k_v1__d128,camelyon17__0000__0003,domain_b,0.8,0.9051126326445109
camelyon17__resnet18_imagenet1k_v1__d128,camelyon17__0000__0003,domain_b,0.9,0.9068239880785127
camelyon17__resnet18_imagenet1k_v1__d128,camelyon17__0000__0003,domain_b,1.0,0.9099828023642138
camelyon17__resnet18_imagenet1k_v1__d128,camelyon17__0003__0004,domain_a,0.0,0.882568887035234
camelyon17__resnet18_imagenet1k_v1__d128,camelyon17__0003__0004,domain_a,0.1,0.8973056000859585
camelyon17__resnet18_imagenet1k_v1__d128,camelyon17__0003__0004,domain_a,0.2,0.9052864574790731
camelyon17__resnet18_imagenet1k_v1__d128,camelyon17__0003__0004,domain_a,0.3,0.9089399363395532
camelyon17__resnet18_imagenet1k_v1__d128,camelyon17__0003__0004,domain_a,0.4,0.9098403769278023
camelyon17__resnet18_imagenet1k_v1__d128,camelyon17__0003__0004,domain_a,0.5,0.9091949083936623
camelyon17__resnet18_imagenet1k_v1__d128,camelyon17__0003__0004,domain_a,0.6,0.9069609902269763
camelyon17__resnet18_imagenet1k_v1__d128,camelyon17__0003__0004,domain_a,0.7,0.9052627147593089
camelyon17__resnet18_imagenet1k_v1__d128,camelyon17__0003__0004,domain_a,0.8,0.9051126326445109
camelyon17__resnet18_imagenet1k_v1__d128,camelyon17__0003__0004,domain_a,0.9,0.9068239880785127
camelyon17__resnet18_imagenet1k_v1__d128,camelyon17__0003__0004,domain_a,1.0,0.9099828023642138
camelyon17__resnet18_imagenet1k_v1__d128,camelyon17__0003__0004,domain_b,0.0,0.7622750066802472
camelyon17__resnet18_imagenet1k_v1__d128,camelyon17__0003__0004,domain_b,0.1,0.7835954140752128
camelyon17__resnet18_imagenet1k_v1__d128,camelyon17__0003__0004,domain_b,0.2,0.7876749996106794
camelyon17__resnet18_imagenet1k_v1__d128,camelyon17__0003__0004,domain_b,0.3,0.7857876722063899
camelyon17__resnet18_imagenet1k_v1__d128,camelyon17__0003__0004,domain_b,0.4,0.7849879458925935
camelyon17__resnet18_imagenet1k_v1__d128,camelyon17__0003__0004,domain_b,0.5,0.7777524410401757
camelyon17__resnet18_imagenet1k_v1__d128,camelyon17__0003__0004,domain_b,0.6,0.7735680973642625
camelyon17__resnet18_imagenet1k_v1__d128,camelyon17__0003__0004,domain_b,0.7,0.7722324681517208
camelyon17__resnet18_imagenet1k_v1__d128,camelyon17__0003__0004,domain_b,0.8,0.7715125093035264
camelyon17__resnet18_imagenet1k_v1__d128,camelyon17__0003__0004,domain_b,0.9,0.7773172918413975
camelyon17__resnet18_imagenet1k_v1__d128,camelyon17__0003__0004,domain_b,1.0,0.7797374570171516
camelyon17__resnet18_imagenet1k_v1__d64,camelyon17__0000__0003,domain_a,0.0,0.8964727531956587
camelyon17__resnet18_imagenet1k_v1__d64,camelyon17__0000__0003,domain_a,0.1,0.8929209463447185
camelyon17__resnet18_imagenet1k_v1__d64,camelyon17__0000__0003,domain_a,0.2,0.8851660798398793
camelyon17__resnet18_imagenet1k_v1__d64,camelyon17__0000__0003,domain_a,0.3,0.8714591482496103
camelyon17__resnet18_imagenet1k_v1__d64,camelyon17__0000__0003,domain_a,0.4,0.8530326906043146
camelyon17__resnet18_imagenet1k_v1__d64,camelyon17__0000__0003,domain_a,0.5,0.8320638161844451
camelyon17__resnet18_imagenet1k_v1__d64,camelyon17__0000__0003,domain_a,0.6,0.8097816571989394
camelyon17__resnet18_imagenet1k_v1__d64,camelyon17__0000__0003,domain_a,0.7,0.7888859112973328
camelyon17__resnet18_imagenet1k_v1__d64,camelyon17__0000__0003,domain_a,0.8,0.7725149054668479
camelyon17__resnet18_imagenet1k_v1__d64,camelyon17__0000__0003,domain_a,0.9,0.7604267081261517
camelyon17__resnet18_imagenet1k_v1__d64,camelyon17__0000__0003,domain_a,1.0,0.7535923707958019
camelyon17__resnet18_imagenet1k_v1__d64,camelyon17__0000__0003,domain_b,0.0,0.887142487672606
camelyon17__resnet18_imagenet1k_v1__d64,camelyon17__0000__0003,domain_b,0.1,0.8962639615752038
camelyon17__resnet18_imagenet1k_v1__d64,camelyon17__0000__0003,domain_b,0.2,0.9011157297207084
camelyon17__resnet18_imagenet1k_v1__d64,camelyon17__0000__0003,domain_b,0.3,0.90377202863672
camelyon17__resnet18_imagenet1k_v1__d64,camelyon17__0000__0003,domain_b,0.4,0.9055036438274457
camelyon17__resnet18_imagenet1k_v1__d64,camelyon17__0000__0003,domain_b,0.5,0.906399471627259
camelyon17__resnet18_imagenet1k_v1__d64,camelyon17__0000__0003,domain_b,0.6,0.906480010236882
camelyon17__resnet18_imagenet1k_v1__d64,camelyon17__0000__0003,domain_b,0.7,0.9061427613479132
camelyon17__resnet18_imagenet1k_v1__d64,camelyon17__0000__0003,domain_b,0.8,0.9054271772530849
camelyon17__resnet18_imagenet1k_v1__d64,camelyon17__0000__0003,domain_b,0.9,0.90522240763959
camelyon17__resnet18_imagenet1k_v1__d64,camelyon17__0000__0003,domain_b,1.0,0.904843570755961
camelyon17__resnet18_imagenet1k_v1__d64,camelyon17__0003__0004,domain_a,0.0,0.887142487672606
camelyon17__resnet18_imagenet1k_v1__d64,camelyon17__0003__0004,domain_a,0.1,0.8962639615752038
camelyon17__resnet18_imagenet1k_v1__d64,camelyon17__0003__0004,domain_a,0.2,0.9011157297207084
camelyon17__resnet18_imagenet1k_v1__d64,camelyon17__0003__0004,domain_a,0.3,0.90377202863672
camelyon17__resnet18_imagenet1k_v1__d64,camelyon17__0003__0004,domain_a,0.4,0.9055036438274457
camelyon17__resnet18_imagenet1k_v1__d64,camelyon17__0003__0004,domain_a,0.5,0.906399471627259
camelyon17__resnet18_imagenet1k_v1__d64,camelyon17__0003__0004,domain_a,0.6,0.906480010236882
camelyon17__resnet18_imagenet1k_v1__d64,camelyon17__0003__0004,domain_a,0.7,0.9061427613479132
camelyon17__resnet18_imagenet1k_v1__d64,camelyon17__0003__0004,domain_a,0.8,0.9054271772530849
camelyon17__resnet18_imagenet1k_v1__d64,camelyon17__0003__0004,domain_a,0.9,0.90522240763959
camelyon17__resnet18_imagenet1k_v1__d64,camelyon17__0003__0004,domain_a,1.0,0.904843570755961
camelyon17__resnet18_imagenet1k_v1__d64,camelyon17__0003__0004,domain_b,0.0,0.7402348381872343
camelyon17__resnet18_imagenet1k_v1__d64,camelyon17__0003__0004,domain_b,0.1,0.7568950408959664
camelyon17__resnet18_imagenet1k_v1__d64,camelyon17__0003__0004,domain_b,0.2,0.771128948174383
camelyon17__resnet18_imagenet1k_v1__d64,camelyon17__0003__0004,domain_b,0.3,0.7804097086423488
camelyon17__resnet18_imagenet1k_v1__d64,camelyon17__0003__0004,domain_b,0.4,0.7818710822297021
camelyon17__resnet18_imagenet1k_v1__d64,camelyon17__0003__0004,domain_b,0.5,0.7777255223013964
camelyon17__resnet18_imagenet1k_v1__d64,camelyon17__0003__0004,domain_b,0.6,0.7802714318519623
camelyon17__resnet18_imagenet1k_v1__d64,camelyon17__0003__0004,domain_b,0.7,0.7786146069629309
camelyon17__resnet18_imagenet1k_v1__d64,camelyon17__0003__0004,domain_b,0.8,0.7774463732499421
camelyon17__resnet18_imagenet1k_v1__d64,camelyon17__0003__0004,domain_b,0.9,0.778243232186605
camelyon17__resnet18_imagenet1k_v1__d64,camelyon17__0003__0004,domain_b,1.0,0.7776442222721541
camelyon17__vit_b_16_imagenet1k_v1__d128,camelyon17__0000__0003,domain_a,0.0,0.9103817827624354
camelyon17__vit_b_16_imagenet1k_v1__d128,camelyon17__0000__0003,domain_a,0.1,0.9057218094932245
camelyon17__vit_b_16_imagenet1k_v1__d128,camelyon17__0000__0003,domain_a,0.2,0.8916405399690872
camelyon17__vit_b_16_imagenet1k_v1__d128,camelyon17__0000__0003,domain_a,0.3,0.8645032350798576
camelyon17__vit_b_16_imagenet1k_v1__d128,camelyon17__0000__0003,domain_a,0.4,0.8312653096456164
camelyon17__vit_b_16_imagenet1k_v1__d128,camelyon17__0000__0003,domain_a,0.5,0.8008483526759453
camelyon17__vit_b_16_imagenet1k_v1__d128,camelyon17__0000__0003,domain_a,0.6,0.7786340036147879
camelyon17__vit_b_16_imagenet1k_v1__d128,camelyon17__0000__0003,domain_a,0.7,0.7641571518539501
camelyon17__vit_b_16_imagenet1k_v1__d128,camelyon17__0000__0003,domain_a,0.8,0.7544369446064749
camelyon17__vit_b_16_imagenet1k_v1__d128,camelyon17__0000__0003,domain_a,0.9,0.750574124598966
camelyon17__vit_b_16_imagenet1k_v1__d128,camelyon17__0000__0003,domain_a,1.0,0.7537923121211425
camelyon17__vit_b_16_imagenet1k_v1__d128,camelyon17__0000__0003,domain_b,0.0,0.8741158634665732
camelyon17__vit_b_16_imagenet1k_v1__d128,camelyon17__0000__0003,domain_b,0.1,0.8868545811451946
camelyon17__vit_b_16_imagenet1k_v1__d128,camelyon17__0000__0003,domain_b,0.2,0.8947180276630424
camelyon17__vit_b_16_imagenet1k_v1__d128,camelyon17__0000__0003,domain_b,0.3,0.9001771112021015
camelyon17__vit_b_16_imagenet1k_v1__d128,camelyon17__0000__0003,domain_b,0.4,0.9036104823025413
camelyon17__vit_b_16_imagenet1k_v1__d128,camelyon17__0000__0003,domain_b,0.5,0.9053670221389656
camelyon17__vit_b_16_imagenet1k_v1__d128,camelyon17__0000__0003,domain_b,0.6,0.9058449529870388
camelyon17__vit_b_16_imagenet1k_v1__d128,camelyon17__0000__0003,domain_b,0.7,0.9057091796129779
camelyon17__vit_b_16_imagenet1k_v1__d128,camelyon17__0000__0003,domain_b,0.8,0.9056314073739029
camelyon17__vit_b_16_imagenet1k_v1__d128,camelyon17__0000__0003,domain_b,0.9,0.9059548557124715
camelyon17__vit_b_16_imagenet1k_v1__d128,camelyon17__0000__0003,domain_b,1.0,0.9052741111219393
camelyon17__vit_b_16_imagenet1k_v1__d128,camelyon17__0000__0002,domain_a,0.0,0.9103817827624354
camelyon17__vit_b_16_imagenet1k_v1__d128,camelyon17__0000__0002,domain_a,0.1,0.9057218094932245
camelyon17__vit_b_16_imagenet1k_v1__d128,camelyon17__0000__0002,domain_a,0.2,0.8916405399690872
camelyon17__vit_b_16_imagenet1k_v1__d128,camelyon17__0000__0002,domain_a,0.3,0.8645032350798576
camelyon17__vit_b_16_imagenet1k_v1__d128,camelyon17__0000__0002,domain_a,0.4,0.8312653096456164
camelyon17__vit_b_16_imagenet1k_v1__d128,camelyon17__0000__0002,domain_a,0.5,0.8008483526759453
camelyon17__vit_b_16_imagenet1k_v1__d128,camelyon17__0000__0002,domain_a,0.6,0.7786340036147879
camelyon17__vit_b_16_imagenet1k_v1__d128,camelyon17__0000__0002,domain_a,0.7,0.7641571518539501
camelyon17__vit_b_16_imagenet1k_v1__d128,camelyon17__0000__0002,domain_a,0.8,0.7544369446064749
camelyon17__vit_b_16_imagenet1k_v1__d128,camelyon17__0000__0002,domain_a,0.9,0.750574124598966
camelyon17__vit_b_16_imagenet1k_v1__d128,camelyon17__0000__0002,domain_a,1.0,0.7537923121211425
camelyon17__vit_b_16_imagenet1k_v1__d128,camelyon17__0000__0002,domain_b,0.0,0.8583718090813395
camelyon17__vit_b_16_imagenet1k_v1__d128,camelyon17__0000__0002,domain_b,0.1,0.8618685589344306
camelyon17__vit_b_16_imagenet1k_v1__d128,camelyon17__0000__0002,domain_b,0.2,0.8428423421980529
camelyon17__vit_b_16_imagenet1k_v1__d128,camelyon17__0000__0002,domain_b,0.3,0.8067297951835417
camelyon17__vit_b_16_imagenet1k_v1__d128,camelyon17__0000__0002,domain_b,0.4,0.7658294235768769
camelyon17__vit_b_16_imagenet1k_v1__d128,camelyon17__0000__0002,domain_b,0.5,0.7397450517877574
camelyon17__vit_b_16_imagenet1k_v1__d128,camelyon17__0000__0002,domain_b,0.6,0.7261152471798731
camelyon17__vit_b_16_imagenet1k_v1__d128,camelyon17__0000__0002,domain_b,0.7,0.7182844577550372
camelyon17__vit_b_16_imagenet1k_v1__d128,camelyon17__0000__0002,domain_b,0.8,0.7134828888625759
camelyon17__vit_b_16_imagenet1k_v1__d128,camelyon17__0000__0002,domain_b,0.9,0.7093069075638905
camelyon17__vit_b_16_imagenet1k_v1__d128,camelyon17__0000__0002,domain_b,1.0,0.702647169592253
camelyon17__vit_b_16_imagenet1k_v1__d64,camelyon17__0000__0003,domain_a,0.0,0.900504681290606
camelyon17__vit_b_16_imagenet1k_v1__d64,camelyon17__0000__0003,domain_a,0.1,0.8960915715460347
camelyon17__vit_b_16_imagenet1k_v1__d64,camelyon17__0000__0003,domain_a,0.2,0.8867924311064228
camelyon17__vit_b_16_imagenet1k_v1__d64,camelyon17__0000__0003,domain_a,0.3,0.8731287399424444
camelyon17__vit_b_16_imagenet1k_v1__d64,camelyon17__0000__0003,domain_a,0.4,0.8539470978108495
camelyon17__vit_b_16_imagenet1k_v1__d64,camelyon17__0000__0003,domain_a,0.5,0.8334985133370059
camelyon17__vit_b_16_imagenet1k_v1__d64,camelyon17__0000__0003,domain_a,0.6,0.8118878032045327
camelyon17__vit_b_16_imagenet1k_v1__d64,camelyon17__0000__0003,domain_a,0.7,0.7941069231904991
camelyon17__vit_b_16_imagenet1k_v1__d64,camelyon17__0000__0003,domain_a,0.8,0.7805095469018529
camelyon17__vit_b_16_imagenet1k_v1__d64,camelyon17__0000__0003,domain_a,0.9,0.7674411859746118
camelyon17__vit_b_16_imagenet1k_v1__d64,camelyon17__0000__0003,domain_a,1.0,0.7520481870795046
camelyon17__vit_b_16_imagenet1k_v1__d64,camelyon17__0000__0003,domain_b,0.0,0.8622567793537359
camelyon17__vit_b_16_imagenet1k_v1__d64,camelyon17__0000__0003,domain_b,0.1,0.8740164411426845
camelyon17__vit_b_16_imagenet1k_v1__d64,camelyon17__0000__0003,domain_b,0.2,0.881397215033173
camelyon17__vit_b_16_imagenet1k_v1__d64,camelyon17__0000__0003,domain_b,0.3,0.886450362265572
camelyon17__vit_b_16_imagenet1k_v1__d64,camelyon17__0000__0003,domain_b,0.4,0.8904577924393867
camelyon17__vit_b_16_imagenet1k_v1__d64,camelyon17__0000__0003,domain_b,0.5,0.8922543057840148
camelyon17__vit_b_16_imagenet1k_v1__d64,camelyon17__0000__0003,domain_b,0.6,0.8945827429416163
camelyon17__vit_b_16_imagenet1k_v1__d64,camelyon17__0000__0003,domain_b,0.7,0.895836729593444
camelyon17__vit_b_16_imagenet1k_v1__d64,camelyon17__0000__0003,domain_b,0.8,0.8967274168767825
camelyon17__vit_b_16_imagenet1k_v1__d64,camelyon17__0000__0003,domain_b,0.9,0.8974251792259902
camelyon17__vit_b_16_imagenet1k_v1__d64,camelyon17__0000__0003,domain_b,1.0,0.8973533905657389
camelyon17__vit_b_16_imagenet1k_v1__d64,camelyon17__0002__0003,domain_a,0.0,0.8589855004124383
camelyon17__vit_b_16_imagenet1k_v1__d64,camelyon17__0002__0003,domain_a,0.1,0.8627687533514127
camelyon17__vit_b_16_imagenet1k_v1__d64,camelyon17__0002__0003,domain_a,0.2,0.8549748992989186
camelyon17__vit_b_16_imagenet1k_v1__d64,camelyon17__0002__0003,domain_a,0.3,0.8400393784887132
camelyon17__vit_b_16_imagenet1k_v1__d64,camelyon17__0002__0003,domain_a,0.4,0.8169946579317465
camelyon17__vit_b_16_imagenet1k_v1__d64,camelyon17__0002__0003,domain_a,0.5,0.7954671615134188
camelyon17__vit_b_16_imagenet1k_v1__d64,camelyon17__0002__0003,domain_a,0.6,0.7737646646079964
camelyon17__vit_b_16_imagenet1k_v1__d64,camelyon17__0002__0003,domain_a,0.7,0.7559280227885528
camelyon17__vit_b_16_imagenet1k_v1__d64,camelyon17__0002__0003,domain_a,0.8,0.740919038498425
camelyon17__vit_b_16_imagenet1k_v1__d64,camelyon17__0002__0003,domain_a,0.9,0.7292926265004335
camelyon17__vit_b_16_imagenet1k_v1__d64,camelyon17__0002__0003,domain_a,1.0,0.7182040796277684
camelyon17__vit_b_16_imagenet1k_v1__d64,camelyon17__0002__0003,domain_b,0.0,0.8622567793537359
camelyon17__vit_b_16_imagenet1k_v1__d64,camelyon17__0002__0003,domain_b,0.1,0.8740164411426845
camelyon17__vit_b_16_imagenet1k_v1__d64,camelyon17__0002__0003,domain_b,0.2,0.881397215033173
camelyon17__vit_b_16_imagenet1k_v1__d64,camelyon17__0002__0003,domain_b,0.3,0.886450362265572
camelyon17__vit_b_16_imagenet1k_v1__d64,camelyon17__0002__0003,domain_b,0.4,0.8904577924393867
camelyon17__vit_b_16_imagenet1k_v1__d64,camelyon17__0002__0003,domain_b,0.5,0.8922543057840148
camelyon17__vit_b_16_imagenet1k_v1__d64,camelyon17__0002__0003,domain_b,0.6,0.8945827429416163
camelyon17__vit_b_16_imagenet1k_v1__d64,camelyon17__0002__0003,domain_b,0.7,0.895836729593444
camelyon17__vit_b_16_imagenet1k_v1__d64,camelyon17__0002__0003,domain_b,0.8,0.8967274168767825
camelyon17__vit_b_16_imagenet1k_v1__d64,camelyon17__0002__0003,domain_b,0.9,0.8974251792259902
camelyon17__vit_b_16_imagenet1k_v1__d64,camelyon17__0002__0003,domain_b,1.0,0.8973533905657389
iwildcam__resnet18_imagenet1k_v1__d128,iwildcam__0081__0268,domain_a,0.0,0.9539802789802789
iwildcam__resnet18_imagenet1k_v1__d128,iwildcam__0081__0268,domain_a,0.1,0.9472462722462721
iwildcam__resnet18_imagenet1k_v1__d128,iwildcam__0081__0268,domain_a,0.2,0.9472462722462721
iwildcam__resnet18_imagenet1k_v1__d128,iwildcam__0081__0268,domain_a,0.3,0.9438792688792689
iwildcam__resnet18_imagenet1k_v1__d128,iwildcam__0081__0268,domain_a,0.4,0.9472462722462721
iwildcam__resnet18_imagenet1k_v1__d128,iwildcam__0081__0268,domain_a,0.5,0.9472462722462721
iwildcam__resnet18_imagenet1k_v1__d128,iwildcam__0081__0268,domain_a,0.6,0.9405122655122655
iwildcam__resnet18_imagenet1k_v1__d128,iwildcam__0081__0268,domain_a,0.7,0.9405122655122655
iwildcam__resnet18_imagenet1k_v1__d128,iwildcam__0081__0268,domain_a,0.8,0.9405122655122655
iwildcam__resnet18_imagenet1k_v1__d128,iwildcam__0081__0268,domain_a,0.9,0.9405122655122655
iwildcam__resnet18_imagenet1k_v1__d128,iwildcam__0081__0268,domain_a,1.0,0.9105459355459354
iwildcam__resnet18_imagenet1k_v1__d128,iwildcam__0081__0268,domain_b,0.0,0.8679001220859254
iwildcam__resnet18_imagenet1k_v1__d128,iwildcam__0081__0268,domain_b,0.1,0.8679001220859254
iwildcam__resnet18_imagenet1k_v1__d128,iwildcam__0081__0268,domain_b,0.2,0.8698961300699573
iwildcam__resnet18_imagenet1k_v1__d128,iwildcam__0081__0268,domain_b,0.3,0.8698961300699573
iwildcam__resnet18_imagenet1k_v1__d128,iwildcam__0081__0268,domain_b,0.4,0.8718921380539891
iwildcam__resnet18_imagenet1k_v1__d128,iwildcam__0081__0268,domain_b,0.5,0.8738881460380211
iwildcam__resnet18_imagenet1k_v1__d128,iwildcam__0081__0268,domain_b,0.6,0.8738881460380211
iwildcam__resnet18_imagenet1k_v1__d128,iwildcam__0081__0268,domain_b,0.7,0.8675508206887196
iwildcam__resnet18_imagenet1k_v1__d128,iwildcam__0081__0268,domain_b,0.8,0.8675508206887196
iwildcam__resnet18_imagenet1k_v1__d128,iwildcam__0081__0268,domain_b,0.9,0.8675508206887196
iwildcam__resnet18_imagenet1k_v1__d128,iwildcam__0081__0268,domain_b,1.0,0.8544982849834312
iwildcam__resnet18_imagenet1k_v1__d128,iwildcam__0041__0157,domain_a,0.0,0.8626142057176539
iwildcam__resnet18_imagenet1k_v1__d128,iwildcam__0041__0157,domain_a,0.1,0.8626142057176539
iwildcam__resnet18_imagenet1k_v1__d128,iwildcam__0041__0157,domain_a,0.2,0.8709475390509872
iwildcam__resnet18_imagenet1k_v1__d128,iwildcam__0041__0157,domain_a,0.3,0.8677866195107574
iwildcam__resnet18_imagenet1k_v1__d128,iwildcam__0041__0157,domain_a,0.4,0.8677866195107574
iwildcam__resnet18_imagenet1k_v1__d128,iwildcam__0041__0157,domain_a,0.5,0.8677866195107574
iwildcam__resnet18_imagenet1k_v1__d128,iwildcam__0041__0157,domain_a,0.6,0.8677866195107574
iwildcam__resnet18_imagenet1k_v1__d128,iwildcam__0041__0157,domain_a,0.7,0.8604590333038608
iwildcam__resnet18_imagenet1k_v1__d128,iwildcam__0041__0157,domain_a,0.8,0.8416371942234012
iwildcam__resnet18_imagenet1k_v1__d128,iwildcam__0041__0157,domain_a,0.9,0.8301429413498379
iwildcam__resnet18_imagenet1k_v1__d128,iwildcam__0041__0157,domain_a,1.0,0.7810050103153552
iwildcam__resnet18_imagenet1k_v1__d128,iwildcam__0041__0157,domain_b,0.0,0.935224412107816
iwildcam__resnet18_imagenet1k_v1__d128,iwildcam__0041__0157,domain_b,0.1,0.935224412107816
iwildcam__resnet18_imagenet1k_v1__d128,iwildcam__0041__0157,domain_b,0.2,0.9314790937557561
iwildcam__resnet18_imagenet1k_v1__d128,iwildcam__0041__0157,domain_b,0.3,0.9314790937557561
iwildcam__resnet18_imagenet1k_v1__d128,iwildcam__0041__0157,domain_b,0.4,0.938969730459876
iwildcam__resnet18_imagenet1k_v1__d128,iwildcam__0041__0157,domain_b,0.5,0.9409958862896789
iwildcam__resnet18_imagenet1k_v1__d128,iwildcam__0041__0157,domain_b,0.6,0.9392767237674219
iwildcam__resnet18_imagenet1k_v1__d128,iwildcam__0041__0157,domain_b,0.7,0.9447412046417387
iwildcam__resnet18_imagenet1k_v1__d128,iwildcam__0041__0157,domain_b,0.8,0.9522318413458586
iwildcam__resnet18_imagenet1k_v1__d128,iwildcam__0041__0157,domain_b,0.9,0.9559771596979186
iwildcam__resnet18_imagenet1k_v1__d128,iwildcam__0041__0157,domain_b,1.0,0.8452363011213628
iwildcam__resnet18_imagenet1k_v1__d128,iwildcam__0041__0210,domain_a,0.0,0.8626142057176539
iwildcam__resnet18_imagenet1k_v1__d128,iwildcam__0041__0210,domain_a,0.1,0.8626142057176539
iwildcam__resnet18_imagenet1k_v1__d128,iwildcam__0041__0210,domain_a,0.2,0.8709475390509872
iwildcam__resnet18_imagenet1k_v1__d128,iwildcam__0041__0210,domain_a,0.3,0.8677866195107574
iwildcam__resnet18_imagenet1k_v1__d128,iwildcam__0041__0210,domain_a,0.4,0.8677866195107574
iwildcam__resnet18_imagenet1k_v1__d128,iwildcam__0041__0210,domain_a,0.5,0.8677866195107574
iwildcam__resnet18_imagenet1k_v1__d128,iwildcam__0041__0210,domain_a,0.6,0.8677866195107574
iwildcam__resnet18_imagenet1k_v1__d128,iwildcam__0041__0210,domain_a,0.7,0.8604590333038608
iwildcam__resnet18_imagenet1k_v1__d128,iwildcam__0041__0210,domain_a,0.8,0.8416371942234012
iwildcam__resnet18_imagenet1k_v1__d128,iwildcam__0041__0210,domain_a,0.9,0.8301429413498379
iwildcam__resnet18_imagenet1k_v1__d128,iwildcam__0041__0210,domain_a,1.0,0.7810050103153552
iwildcam__resnet18_imagenet1k_v1__d128,iwildcam__0041__0210,domain_b,0.0,0.8681131992612497
iwildcam__resnet18_imagenet1k_v1__d128,iwildcam__0041__0210,domain_b,0.1,0.8760673967593539
iwildcam__resnet18_imagenet1k_v1__d128,iwildcam__0041__0210,domain_b,0.2,0.8768460389619498
iwildcam__resnet18_imagenet1k_v1__d128,iwildcam__0041__0210,domain_b,0.3,0.8770265786155423
iwildcam__resnet18_imagenet1k_v1__d128,iwildcam__0041__0210,domain_b,0.4,0.8767051676628247
iwildcam__resnet18_imagenet1k_v1__d128,iwildcam__0041__0210,domain_b,0.5,0.8780536706203108
iwildcam__resnet18_imagenet1k_v1__d128,iwildcam__0041__0210,domain_b,0.6,0.8810885650503196
iwildcam__resnet18_imagenet1k_v1__d128,iwildcam__0041__0210,domain_b,0.7,0.8828768217457127
iwildcam__resnet18_imagenet1k_v1__d128,iwildcam__0041__0210,domain_b,0.8,0.8837680934533209
iwildcam__resnet18_imagenet1k_v1__d128,iwildcam__0041__0210,domain_b,0.9,0.8846593651609288
iwildcam__resnet18_imagenet1k_v1__d128,iwildcam__0041__0210,domain_b,1.0,0.8836157955938416
iwildcam__resnet18_imagenet1k_v1__d128,iwildcam__0179__0306,domain_a,0.0,0.59168304927859
iwildcam__resnet18_imagenet1k_v1__d128,iwildcam__0179__0306,domain_a,0.1,0.6777512914367925
iwildcam__resnet18_imagenet1k_v1__d128,iwildcam__0179__0306,domain_a,0.2,0.7593234700231754
iwildcam__resnet18_imagenet1k_v1__d128,iwildcam__0179__0306,domain_a,0.3,0.775378956942393
iwildcam__resnet18_imagenet1k_v1__d128,iwildcam__0179__0306,domain_a,0.4,0.7670347050631378
iwildcam__resnet18_imagenet1k_v1__d128,iwildcam__0179__0306,domain_a,0.5,0.7361991113319745
iwildcam__resnet18_imagenet1k_v1__d128,iwildcam__0179__0306,domain_a,0.6,0.7254057116936381
iwildcam__resnet18_imagenet1k_v1__d128,iwildcam__0179__0306,domain_a,0.7,0.7034237262399404
iwildcam__resnet18_imagenet1k_v1__d128,iwildcam__0179__0306,domain_a,0.8,0.681994665921253
iwildcam__resnet18_imagenet1k_v1__d128,iwildcam__0179__0306,domain_a,0.9,0.669700229835871
iwildcam__resnet18_imagenet1k_v1__d128,iwildcam__0179__0306,domain_a,1.0,0.6252535518346225
iwildcam__resnet18_imagenet1k_v1__d128,iwildcam__0179__0306,domain_b,0.0,0.8414604391774138
iwildcam__resnet18_imagenet1k_v1__d128,iwildcam__0179__0306,domain_b,0.1,0.8126350644823981
iwildcam__resnet18_imagenet1k_v1__d128,iwildcam__0179__0306,domain_b,0.2,0.8017253398396653
iwildcam__resnet18_imagenet1k_v1__d128,iwildcam__0179__0306,domain_b,0.3,0.8066922272568839
iwildcam__resnet18_imagenet1k_v1__d128,iwildcam__0179__0306,domain_b,0.4,0.8093238062042524
iwildcam__resnet18_imagenet1k_v1__d128,iwildcam__0179__0306,domain_b,0.5,0.8119553851516208
iwildcam__resnet18_imagenet1k_v1__d128,iwildcam__0179__0306,domain_b,0.6,0.8145869640989892
iwildcam__resnet18_imagenet1k_v1__d128,iwildcam__0179__0306,domain_b,0.7,0.8145869640989892
iwildcam__resnet18_imagenet1k_v1__d128,iwildcam__0179__0306,domain_b,0.8,0.8172185430463577
iwildcam__resnet18_imagenet1k_v1__d128,iwildcam__0179__0306,domain_b,0.9,0.8231613802718718
iwildcam__resnet18_imagenet1k_v1__d128,iwildcam__0179__0306,domain_b,1.0,0.8412809986703329
iwildcam__resnet18_imagenet1k_v1__d128,iwildcam__0191__0306,domain_a,0.0,0.8422200346014215
iwildcam__resnet18_imagenet1k_v1__d128,iwildcam__0191__0306,domain_a,0.1,0.8807771607954089
iwildcam__resnet18_imagenet1k_v1__d128,iwildcam__0191__0306,domain_a,0.2,0.9080476105567346
iwildcam__resnet18_imagenet1k_v1__d128,iwildcam__0191__0306,domain_a,0.3,0.9150692866021334
iwildcam__resnet18_imagenet1k_v1__d128,iwildcam__0191__0306,domain_a,0.4,0.9081834359662827
iwildcam__resnet18_imagenet1k_v1__d128,iwildcam__0191__0306,domain_a,0.5,0.9049962983357144
iwildcam__resnet18_imagenet1k_v1__d128,iwildcam__0191__0306,domain_a,0.6,0.9157344812910506
iwildcam__resnet18_imagenet1k_v1__d128,iwildcam__0191__0306,domain_a,0.7,0.9113827519393213
iwildcam__resnet18_imagenet1k_v1__d128,iwildcam__0191__0306,domain_a,0.8,0.9045291325857019
iwildcam__resnet18_imagenet1k_v1__d128,iwildcam__0191__0306,domain_a,0.9,0.9005164223229918
iwildcam__resnet18_imagenet1k_v1__d128,iwildcam__0191__0306,domain_a,1.0,0.9068018598584292
iwildcam__resnet18_imagenet1k_v1__d128,iwildcam__0191__0306,domain_b,0.0,0.8414604391774138
iwildcam__resnet18_imagenet1k_v1__d128,iwildcam__0191__0306,domain_b,0.1,0.8126350644823981
iwildcam__resnet18_imagenet1k_v1__d128,iwildcam__0191__0306,domain_b,0.2,0.8017253398396653
iwildcam__resnet18_imagenet1k_v1__d128,iwildcam__0191__0306,domain_b,0.3,0.8066922272568839
iwildcam__resnet18_imagenet1k_v1__d128,iwildcam__0191__0306,domain_b,0.4,0.8093238062042524
iwildcam__resnet18_imagenet1k_v1__d128,iwildcam__0191__0306,domain_b,0.5,0.8119553851516208
iwildcam__resnet18_imagenet1k_v1__d128,iwildcam__0191__0306,domain_b,0.6,0.8145869640989892
iwildcam__resnet18_imagenet1k_v1__d128,iwildcam__0191__0306,domain_b,0.7,0.8145869640989892
iwildcam__resnet18_imagenet1k_v1__d128,iwildcam__0191__0306,domain_b,0.8,0.8172185430463577
iwildcam__resnet18_imagenet1k_v1__d128,iwildcam__0191__0306,domain_b,0.9,0.8231613802718718
iwildcam__resnet18_imagenet1k_v1__d128,iwildcam__0191__0306,domain_b,1.0,0.8412809986703329
iwildcam__resnet18_imagenet1k_v1__d128,iwildcam__0115__0299,domain_a,0.0,0.7237779415377057
iwildcam__resnet18_imagenet1k_v1__d128,iwildcam__0115__0299,domain_a,0.1,0.7660484729386718
iwildcam__resnet18_imagenet1k_v1__d128,iwildcam__0115__0299,domain_a,0.2,0.7515557193154834
iwildcam__resnet18_imagenet1k_v1__d128,iwildcam__0115__0299,domain_a,0.3,0.7104929173831164
iwildcam__resnet18_imagenet1k_v1__d128,iwildcam__0115__0299,domain_a,0.4,0.704843199868992
iwildcam__resnet18_imagenet1k_v1__d128,iwildcam__0115__0299,domain_a,0.5,0.7161426348972406
iwildcam__resnet18_imagenet1k_v1__d128,iwildcam__0115__0299,domain_a,0.6,0.704843199868992
iwildcam__resnet18_imagenet1k_v1__d128,iwildcam__0115__0299,domain_a,0.7,0.6770654220912142
iwildcam__resnet18_imagenet1k_v1__d128,iwildcam__0115__0299,domain_a,0.8,0.6549373618275608
iwildcam__resnet18_imagenet1k_v1__d128,iwildcam__0115__0299,domain_a,0.9,0.6549373618275608
iwildcam__resnet18_imagenet1k_v1__d128,iwildcam__0115__0299,domain_a,1.0,0.6605870793416851
iwildcam__resnet18_imagenet1k_v1__d128,iwildcam__0115__0299,domain_b,0.0,0.8233766233766234
iwildcam__resnet18_imagenet1k_v1__d128,iwildcam__0115__0299,domain_b,0.1,0.854040404040404
iwildcam__resnet18_imagenet1k_v1__d128,iwildcam__0115__0299,domain_b,0.2,0.8616161616161616
iwildcam__resnet18_imagenet1k_v1__d128,iwildcam__0115__0299,domain_b,0.3,0.8691919191919192
iwildcam__resnet18_imagenet1k_v1__d128,iwildcam__0115__0299,domain_b,0.4,0.8691919191919192
iwildcam__resnet18_imagenet1k_v1__d128,iwildcam__0115__0299,domain_b,0.5,0.8580808080808081
iwildcam__resnet18_imagenet1k_v1__d128,iwildcam__0115__0299,domain_b,0.6,0.8501443001443002
iwildcam__resnet18_imagenet1k_v1__d128,iwildcam__0115__0299,domain_b,0.7,0.8501443001443002
iwildcam__resnet18_imagenet1k_v1__d128,iwildcam__0115__0299,domain_b,0.8,0.8577200577200577
iwildcam__resnet18_imagenet1k_v1__d128,iwildcam__0115__0299,domain_b,0.9,0.8577200577200577
iwildcam__resnet18_imagenet1k_v1__d128,iwildcam__0115__0299,domain_b,1.0,0.8862914862914865
iwildcam__resnet18_imagenet1k_v1__d128,iwildcam__0150__0157,domain_a,0.0,0.7809523809523808
iwildcam__resnet18_imagenet1k_v1__d128,iwildcam__0150__0157,domain_a,0.1,0.7809523809523808
iwildcam__resnet18_imagenet1k_v1__d128,iwildcam__0150__0157,domain_a,0.2,0.7809523809523808
iwildcam__resnet18_imagenet1k_v1__d128,iwildcam__0150__0157,domain_a,0.3,0.7904761904761904
iwildcam__resnet18_imagenet1k_v1__d128,iwildcam__0150__0157,domain_a,0.4,0.7904761904761904
iwildcam__resnet18_imagenet1k_v1__d128,iwildcam__0150__0157,domain_a,0.5,0.7904761904761904
iwildcam__resnet18_imagenet1k_v1__d128,iwildcam__0150__0157,domain_a,0.6,0.7904761904761904
iwildcam__resnet18_imagenet1k_v1__d128,iwildcam__0150__0157,domain_a,0.7,0.7904761904761904
iwildcam__resnet18_imagenet1k_v1__d128,iwildcam__0150__0157,domain_a,0.8,0.8238095238095239
iwildcam__resnet18_imagenet1k_v1__d128,iwildcam__0150__0157,domain_a,0.9,0.8047619047619047
iwildcam__resnet18_imagenet1k_v1__d128,iwildcam__0150__0157,domain_a,1.0,0.6333333333333333
iwildcam__resnet18_imagenet1k_v1__d128,iwildcam__0150__0157,domain_b,0.0,0.935224412107816
iwildcam__resnet18_imagenet1k_v1__d128,iwildcam__0150__0157,domain_b,0.1,0.935224412107816
iwildcam__resnet18_imagenet1k_v1__d128,iwildcam__0150__0157,domain_b,0.2,0.9314790937557561
iwildcam__resnet18_imagenet1k_v1__d128,iwildcam__0150__0157,domain_b,0.3,0.9314790937557561
iwildcam__resnet18_imagenet1k_v1__d128,iwildcam__0150__0157,domain_b,0.4,0.938969730459876
iwildcam__resnet18_imagenet1k_v1__d128,iwildcam__0150__0157,domain_b,0.5,0.9409958862896789
iwildcam__resnet18_imagenet1k_v1__d128,iwildcam__0150__0157,domain_b,0.6,0.9392767237674219
iwildcam__resnet18_imagenet1k_v1__d128,iwildcam__0150__0157,domain_b,0.7,0.9447412046417387
iwildcam__resnet18_imagenet1k_v1__d128,iwildcam__0150__0157,domain_b,0.8,0.9522318413458586
iwildcam__resnet18_imagenet1k_v1__d128,iwildcam__0150__0157,domain_b,0.9,0.9559771596979186
iwildcam__resnet18_imagenet1k_v1__d128,iwildcam__0150__0157,domain_b,1.0,0.8452363011213628
iwildcam__resnet18_imagenet1k_v1__d128,iwildcam__0157__0210,domain_a,0.0,0.935224412107816
iwildcam__resnet18_imagenet1k_v1__d128,iwildcam__0157__0210,domain_a,0.1,0.935224412107816
iwildcam__resnet18_imagenet1k_v1__d128,iwildcam__0157__0210,domain_a,0.2,0.9314790937557561
iwildcam__resnet18_imagenet1k_v1__d128,iwildcam__0157__0210,domain_a,0.3,0.9314790937557561
iwildcam__resnet18_imagenet1k_v1__d128,iwildcam__0157__0210,domain_a,0.4,0.938969730459876
iwildcam__resnet18_imagenet1k_v1__d128,iwildcam__0157__0210,domain_a,0.5,0.9409958862896789
iwildcam__resnet18_imagenet1k_v1__d128,iwildcam__0157__0210,domain_a,0.6,0.9392767237674219
iwildcam__resnet18_imagenet1k_v1__d128,iwildcam__0157__0210,domain_a,0.7,0.9447412046417387
iwildcam__resnet18_imagenet1k_v1__d128,iwildcam__0157__0210,domain_a,0.8,0.9522318413458586
iwildcam__resnet18_imagenet1k_v1__d128,iwildcam__0157__0210,domain_a,0.9,0.9559771596979186
iwildcam__resnet18_imagenet1k_v1__d128,iwildcam__0157__0210,domain_a,1.0,0.8452363011213628
iwildcam__resnet18_imagenet1k_v1__d128,iwildcam__0157__0210,domain_b,0.0,0.8681131992612497
iwildcam__resnet18_imagenet1k_v1__d128,iwildcam__0157__0210,domain_b,0.1,0.8760673967593539
iwildcam__resnet18_imagenet1k_v1__d128,iwildcam__0157__0210,domain_b,0.2,0.8768460389619498
iwildcam__resnet18_imagenet1k_v1__d128,iwildcam__0157__0210,domain_b,0.3,0.8770265786155423
iwildcam__resnet18_imagenet1k_v1__d128,iwildcam__0157__0210,domain_b,0.4,0.8767051676628247
iwildcam__resnet18_imagenet1k_v1__d128,iwildcam__0157__0210,domain_b,0.5,0.8780536706203108
iwildcam__resnet18_imagenet1k_v1__d128,iwildcam__0157__0210,domain_b,0.6,0.8810885650503196
iwildcam__resnet18_imagenet1k_v1__d128,iwildcam__0157__0210,domain_b,0.7,0.8828768217457127
iwildcam__resnet18_imagenet1k_v1__d128,iwildcam__0157__0210,domain_b,0.8,0.8837680934533209
iwildcam__resnet18_imagenet1k_v1__d128,iwildcam__0157__0210,domain_b,0.9,0.8846593651609288
iwildcam__resnet18_imagenet1k_v1__d128,iwildcam__0157__0210,domain_b,1.0,0.8836157955938416
iwildcam__resnet18_imagenet1k_v1__d128,iwildcam__0147__0208,domain_a,0.0,0.793396434666091
iwildcam__resnet18_imagenet1k_v1__d128,iwildcam__0147__0208,domain_a,0.1,0.8299623061853697
iwildcam__resnet18_imagenet1k_v1__d128,iwildcam__0147__0208,domain_a,0.2,0.8364195865287886
iwildcam__resnet18_imagenet1k_v1__d128,iwildcam__0147__0208,domain_a,0.3,0.832079808659599
iwildcam__resnet18_imagenet1k_v1__d128,iwildcam__0147__0208,domain_a,0.4,0.8391712655428439
iwildcam__resnet18_imagenet1k_v1__d128,iwildcam__0147__0208,domain_a,0.5,0.8978742704587199
iwildcam__resnet18_imagenet1k_v1__d128,iwildcam__0147__0208,domain_a,0.6,0.9033083907938304
iwildcam__resnet18_imagenet1k_v1__d128,iwildcam__0147__0208,domain_a,0.7,0.8906606497753848
iwildcam__resnet18_imagenet1k_v1__d128,iwildcam__0147__0208,domain_a,0.8,0.8818371203636202
iwildcam__resnet18_imagenet1k_v1__d128,iwildcam__0147__0208,domain_a,0.9,0.879290293282722
iwildcam__resnet18_imagenet1k_v1__d128,iwildcam__0147__0208,domain_a,1.0,0.8059063621294256
iwildcam__resnet18_imagenet1k_v1__d128,iwildcam__0147__0208,domain_b,0.0,0.6752811743640961
iwildcam__resnet18_imagenet1k_v1__d128,iwildcam__0147__0208,domain_b,0.1,0.7676786694379213
iwildcam__resnet18_imagenet1k_v1__d128,iwildcam__0147__0208,domain_b,0.2,0.7747541411360345
iwildcam__resnet18_imagenet1k_v1__d128,iwildcam__0147__0208,domain_b,0.3,0.7837411486310183
iwildcam__resnet18_imagenet1k_v1__d128,iwildcam__0147__0208,domain_b,0.4,0.8125918877821866
iwildcam__resnet18_imagenet1k_v1__d128,iwildcam__0147__0208,domain_b,0.5,0.8414426269333549
iwildcam__resnet18_imagenet1k_v1__d128,iwildcam__0147__0208,domain_b,0.6,0.832477438569025
iwildcam__resnet18_imagenet1k_v1__d128,iwildcam__0147__0208,domain_b,0.7,0.8356963226891967
iwildcam__resnet18_imagenet1k_v1__d128,iwildcam__0147__0208,domain_b,0.8,0.833147083434556
iwildcam__resnet18_imagenet1k_v1__d128,iwildcam__0147__0208,domain_b,0.9,0.8385118903015089
iwildcam__resnet18_imagenet1k_v1__d128,iwildcam__0147__0208,domain_b,1.0,0.8316708055533062
iwildcam__resnet18_imagenet1k_v1__d128,iwildcam__0047__0157,domain_a,0.0,0.8851095993953136
iwildcam__resnet18_imagenet1k_v1__d128,iwildcam__0047__0157,domain_a,0.1,0.8885109599395314
iwildcam__resnet18_imagenet1k_v1__d128,iwildcam__0047__0157,domain_a,0.2,0.9076593600403124
iwildcam__resnet18_imagenet1k_v1__d128,iwildcam__0047__0157,domain_a,0.3,0.9302091206853111
iwildcam__resnet18_imagenet1k_v1__d128,iwildcam__0047__0157,domain_a,0.4,0.9302091206853111
iwildcam__resnet18_imagenet1k_v1__d128,iwildcam__0047__0157,domain_a,0.5,0.9549004787100026
iwildcam__resnet18_imagenet1k_v1__d128,iwildcam__0047__0157,domain_a,0.6,0.9549004787100026
iwildcam__resnet18_imagenet1k_v1__d128,iwildcam__0047__0157,domain_a,0.7,0.9514991181657848
iwildcam__resnet18_imagenet1k_v1__d128,iwildcam__0047__0157,domain_a,0.8,0.9425547996976569
iwildcam__resnet18_imagenet1k_v1__d128,iwildcam__0047__0157,domain_a,0.9,0.8869992441421012
iwildcam__resnet18_imagenet1k_v1__d128,iwildcam__0047__0157,domain_a,1.0,0.7737465356512976
iwildcam__resnet18_imagenet1k_v1__d128,iwildcam__0047__0157,domain_b,0.0,0.935224412107816
iwildcam__resnet18_imagenet1k_v1__d128,iwildcam__0047__0157,domain_b,0.1,0.935224412107816
iwildcam__resnet18_imagenet1k_v1__d128,iwildcam__0047__0157,domain_b,0.2,0.9314790937557561
iwildcam__resnet18_imagenet1k_v1__d128,iwildcam__0047__0157,domain_b,0.3,0.9314790937557561
iwildcam__resnet18_imagenet1k_v1__d128,iwildcam__0047__0157,domain_b,0.4,0.938969730459876
iwildcam__resnet18_imagenet1k_v1__d128,iwildcam__0047__0157,domain_b,0.5,0.9409958862896789
iwildcam__resnet18_imagenet1k_v1__d128,iwildcam__0047__0157,domain_b,0.6,0.9392767237674219
iwildcam__resnet18_imagenet1k_v1__d128,iwildcam__0047__0157,domain_b,0.7,0.9447412046417387
iwildcam__resnet18_imagenet1k_v1__d128,iwildcam__0047__0157,domain_b,0.8,0.9522318413458586
iwildcam__resnet18_imagenet1k_v1__d128,iwildcam__0047__0157,domain_b,0.9,0.9559771596979186
iwildcam__resnet18_imagenet1k_v1__d128,iwildcam__0047__0157,domain_b,1.0,0.8452363011213628
iwildcam__resnet18_imagenet1k_v1__d64,iwildcam__0081__0268,domain_a,0.0,0.9420755170755171
iwildcam__resnet18_imagenet1k_v1__d64,iwildcam__0081__0268,domain_a,0.1,0.9420755170755171
iwildcam__resnet18_imagenet1k_v1__d64,iwildcam__0081__0268,domain_a,0.2,0.9506132756132756
iwildcam__resnet18_imagenet1k_v1__d64,iwildcam__0081__0268,domain_a,0.3,0.9531986531986533
iwildcam__resnet18_imagenet1k_v1__d64,iwildcam__0081__0268,domain_a,0.4,0.9531986531986533
iwildcam__resnet18_imagenet1k_v1__d64,iwildcam__0081__0268,domain_a,0.5,0.9531986531986533
iwildcam__resnet18_imagenet1k_v1__d64,iwildcam__0081__0268,domain_a,0.6,0.9531986531986533
iwildcam__resnet18_imagenet1k_v1__d64,iwildcam__0081__0268,domain_a,0.7,0.9472462722462721
iwildcam__resnet18_imagenet1k_v1__d64,iwildcam__0081__0268,domain_a,0.8,0.9472462722462721
iwildcam__resnet18_imagenet1k_v1__d64,iwildcam__0081__0268,domain_a,0.9,0.9531986531986533
iwildcam__resnet18_imagenet1k_v1__d64,iwildcam__0081__0268,domain_a,1.0,0.9105459355459354
iwildcam__resnet18_imagenet1k_v1__d64,iwildcam__0081__0268,domain_b,0.0,0.8659041141018934
iwildcam__resnet18_imagenet1k_v1__d64,iwildcam__0081__0268,domain_b,0.1,0.8659041141018934
iwildcam__resnet18_imagenet1k_v1__d64,iwildcam__0081__0268,domain_b,0.2,0.8591889037459062
iwildcam__resnet18_imagenet1k_v1__d64,iwildcam__0081__0268,domain_b,0.3,0.861184911729938
iwildcam__resnet18_imagenet1k_v1__d64,iwildcam__0081__0268,domain_b,0.4,0.8631809197139702
iwildcam__resnet18_imagenet1k_v1__d64,iwildcam__0081__0268,domain_b,0.5,0.8631809197139702
iwildcam__resnet18_imagenet1k_v1__d64,iwildcam__0081__0268,domain_b,0.6,0.8631809197139702
iwildcam__resnet18_imagenet1k_v1__d64,iwildcam__0081__0268,domain_b,0.7,0.865176927698002
iwildcam__resnet18_imagenet1k_v1__d64,iwildcam__0081__0268,domain_b,0.8,0.865176927698002
iwildcam__resnet18_imagenet1k_v1__d64,iwildcam__0081__0268,domain_b,0.9,0.867172935682034
iwildcam__resnet18_imagenet1k_v1__d64,iwildcam__0081__0268,domain_b,1.0,0.8525022769993993
iwildcam__resnet18_imagenet1k_v1__d64,iwildcam__0041__0210,domain_a,0.0,0.9026967285587976
iwildcam__resnet18_imagenet1k_v1__d64,iwildcam__0041__0210,domain_a,0.1,0.910024314765694
iwildcam__resnet18_imagenet1k_v1__d64,iwildcam__0041__0210,domain_a,0.2,0.910024314765694
iwildcam__resnet18_imagenet1k_v1__d64,iwildcam__0041__0210,domain_a,0.3,0.910024314765694
iwildcam__resnet18_imagenet1k_v1__d64,iwildcam__0041__0210,domain_a,0.4,0.9141909814323608
iwildcam__resnet18_imagenet1k_v1__d64,iwildcam__0041__0210,domain_a,0.5,0.8838748894783378
iwildcam__resnet18_imagenet1k_v1__d64,iwildcam__0041__0210,domain_a,0.6,0.8922082228116711
iwildcam__resnet18_imagenet1k_v1__d64,iwildcam__0041__0210,domain_a,0.7,0.9047082228116712
iwildcam__resnet18_imagenet1k_v1__d64,iwildcam__0041__0210,domain_a,0.8,0.8931071323312704
iwildcam__resnet18_imagenet1k_v1__d64,iwildcam__0041__0210,domain_a,0.9,0.8543508694370763
iwildcam__resnet18_imagenet1k_v1__d64,iwildcam__0041__0210,domain_a,1.0,0.8249336870026526
iwildcam__resnet18_imagenet1k_v1__d64,iwildcam__0041__0210,domain_b,0.0,0.861750565849399
iwildcam__resnet18_imagenet1k_v1__d64,iwildcam__0041__0210,domain_b,0.1,0.8674253203279418
iwildcam__resnet18_imagenet1k_v1__d64,iwildcam__0041__0210,domain_b,0.2,0.868627238706126
iwildcam__resnet18_imagenet1k_v1__d64,iwildcam__0041__0210,domain_b,0.3,0.8687233906488193
iwildcam__resnet18_imagenet1k_v1__d64,iwildcam__0041__0210,domain_b,0.4,0.8696429041505406
iwildcam__resnet18_imagenet1k_v1__d64,iwildcam__0041__0210,domain_b,0.5,0.8691409535442305
iwildcam__resnet18_imagenet1k_v1__d64,iwildcam__0041__0210,domain_b,0.6,0.8698573988784232
iwildcam__resnet18_imagenet1k_v1__d64,iwildcam__0041__0210,domain_b,0.7,0.871493357714337
iwildcam__resnet18_imagenet1k_v1__d64,iwildcam__0041__0210,domain_b,0.8,0.8729205351025451
iwildcam__resnet18_imagenet1k_v1__d64,iwildcam__0041__0210,domain_b,0.9,0.8733098562038432
iwildcam__resnet18_imagenet1k_v1__d64,iwildcam__0041__0210,domain_b,1.0,0.8737277567706948
iwildcam__resnet18_imagenet1k_v1__d64,iwildcam__0115__0299,domain_a,0.0,0.6529517727012201
iwildcam__resnet18_imagenet1k_v1__d64,iwildcam__0115__0299,domain_a,0.1,0.6674445263244083
iwildcam__resnet18_imagenet1k_v1__d64,iwildcam__0115__0299,domain_a,0.2,0.6674445263244083
iwildcam__resnet18_imagenet1k_v1__d64,iwildcam__0115__0299,domain_a,0.3,0.6529517727012201
iwildcam__resnet18_imagenet1k_v1__d64,iwildcam__0115__0299,domain_a,0.4,0.6529517727012201
iwildcam__resnet18_imagenet1k_v1__d64,iwildcam__0115__0299,domain_a,0.5,0.6605870793416851
iwildcam__resnet18_imagenet1k_v1__d64,iwildcam__0115__0299,domain_a,0.6,0.6605870793416851
iwildcam__resnet18_imagenet1k_v1__d64,iwildcam__0115__0299,domain_a,0.7,0.6605870793416851
iwildcam__resnet18_imagenet1k_v1__d64,iwildcam__0115__0299,domain_a,0.8,0.6549373618275608
iwildcam__resnet18_imagenet1k_v1__d64,iwildcam__0115__0299,domain_a,0.9,0.6605870793416851
iwildcam__resnet18_imagenet1k_v1__d64,iwildcam__0115__0299,domain_a,1.0,0.6328093015639072
iwildcam__resnet18_imagenet1k_v1__d64,iwildcam__0115__0299,domain_b,0.0,0.7652236652236653
iwildcam__resnet18_imagenet1k_v1__d64,iwildcam__0115__0299,domain_b,0.1,0.7736652236652236
iwildcam__resnet18_imagenet1k_v1__d64,iwildcam__0115__0299,domain_b,0.2,0.7999278499278498
iwildcam__resnet18_imagenet1k_v1__d64,iwildcam__0115__0299,domain_b,0.3,0.8078643578643577
iwildcam__resnet18_imagenet1k_v1__d64,iwildcam__0115__0299,domain_b,0.4,0.7932178932178932
iwildcam__resnet18_imagenet1k_v1__d64,iwildcam__0115__0299,domain_b,0.5,0.811904761904762
iwildcam__resnet18_imagenet1k_v1__d64,iwildcam__0115__0299,domain_b,0.6,0.8154401154401155
iwildcam__resnet18_imagenet1k_v1__d64,iwildcam__0115__0299,domain_b,0.7,0.8043290043290042
iwildcam__resnet18_imagenet1k_v1__d64,iwildcam__0115__0299,domain_b,0.8,0.7891774891774892
iwildcam__resnet18_imagenet1k_v1__d64,iwildcam__0115__0299,domain_b,0.9,0.7888167388167387
iwildcam__resnet18_imagenet1k_v1__d64,iwildcam__0115__0299,domain_b,1.0,0.8464646464646465
iwildcam__resnet18_imagenet1k_v1__d64,iwildcam__0150__0157,domain_a,0.0,0.7666666666666666
iwildcam__resnet18_imagenet1k_v1__d64,iwildcam__0150__0157,domain_a,0.1,0.7761904761904762
iwildcam__resnet18_imagenet1k_v1__d64,iwildcam__0150__0157,domain_a,0.2,0.7761904761904762
iwildcam__resnet18_imagenet1k_v1__d64,iwildcam__0150__0157,domain_a,0.3,0.7761904761904762
iwildcam__resnet18_imagenet1k_v1__d64,iwildcam__0150__0157,domain_a,0.4,0.7428571428571429
iwildcam__resnet18_imagenet1k_v1__d64,iwildcam__0150__0157,domain_a,0.5,0.7333333333333334
iwildcam__resnet18_imagenet1k_v1__d64,iwildcam__0150__0157,domain_a,0.6,0.7238095238095238
iwildcam__resnet18_imagenet1k_v1__d64,iwildcam__0150__0157,domain_a,0.7,0.7142857142857143
iwildcam__resnet18_imagenet1k_v1__d64,iwildcam__0150__0157,domain_a,0.8,0.6952380952380951
iwildcam__resnet18_imagenet1k_v1__d64,iwildcam__0150__0157,domain_a,0.9,0.6952380952380951
iwildcam__resnet18_imagenet1k_v1__d64,iwildcam__0150__0157,domain_a,1.0,0.5904761904761905
iwildcam__resnet18_imagenet1k_v1__d64,iwildcam__0150__0157,domain_b,0.0,0.884782620829775
iwildcam__resnet18_imagenet1k_v1__d64,iwildcam__0150__0157,domain_b,0.1,0.9150856511328053
iwildcam__resnet18_imagenet1k_v1__d64,iwildcam__0150__0157,domain_b,0.2,0.8810373024777151
iwildcam__resnet18_imagenet1k_v1__d64,iwildcam__0150__0157,domain_b,0.3,0.8735466657735952
iwildcam__resnet18_imagenet1k_v1__d64,iwildcam__0150__0157,domain_b,0.4,0.8810373024777151
iwildcam__resnet18_imagenet1k_v1__d64,iwildcam__0150__0157,domain_b,0.5,0.8885279391818348
iwildcam__resnet18_imagenet1k_v1__d64,iwildcam__0150__0157,domain_b,0.6,0.8657155455829244
iwildcam__resnet18_imagenet1k_v1__d64,iwildcam__0150__0157,domain_b,0.7,0.8694608639349845
iwildcam__resnet18_imagenet1k_v1__d64,iwildcam__0150__0157,domain_b,0.8,0.8694608639349845
iwildcam__resnet18_imagenet1k_v1__d64,iwildcam__0150__0157,domain_b,0.9,0.7751134479813796
iwildcam__resnet18_imagenet1k_v1__d64,iwildcam__0150__0157,domain_b,1.0,0.7110690623308048
iwildcam__resnet18_imagenet1k_v1__d64,iwildcam__0179__0306,domain_a,0.0,0.5666290125416611
iwildcam__resnet18_imagenet1k_v1__d64,iwildcam__0179__0306,domain_a,0.1,0.633569093402169
iwildcam__resnet18_imagenet1k_v1__d64,iwildcam__0179__0306,domain_a,0.2,0.6568146680838729
iwildcam__resnet18_imagenet1k_v1__d64,iwildcam__0179__0306,domain_a,0.3,0.680062303772928
iwildcam__resnet18_imagenet1k_v1__d64,iwildcam__0179__0306,domain_a,0.4,0.7194308993124097
iwildcam__resnet18_imagenet1k_v1__d64,iwildcam__0179__0306,domain_a,0.5,0.6960860128346117
iwildcam__resnet18_imagenet1k_v1__d64,iwildcam__0179__0306,domain_a,0.6,0.6825837305805178
iwildcam__resnet18_imagenet1k_v1__d64,iwildcam__0179__0306,domain_a,0.7,0.6744019627691964
iwildcam__resnet18_imagenet1k_v1__d64,iwildcam__0179__0306,domain_a,0.8,0.6585913522815638
iwildcam__resnet18_imagenet1k_v1__d64,iwildcam__0179__0306,domain_a,0.9,0.6148989071101111
iwildcam__resnet18_imagenet1k_v1__d64,iwildcam__0179__0306,domain_a,1.0,0.5926476965798397
iwildcam__resnet18_imagenet1k_v1__d64,iwildcam__0179__0306,domain_b,0.0,0.7618695377147799
iwildcam__resnet18_imagenet1k_v1__d64,iwildcam__0179__0306,domain_b,0.1,0.7761508720292268
iwildcam__resnet18_imagenet1k_v1__d64,iwildcam__0179__0306,domain_b,0.2,0.7778065011682997
iwildcam__resnet18_imagenet1k_v1__d64,iwildcam__0179__0306,domain_b,0.3,0.7794621303073725
iwildcam__resnet18_imagenet1k_v1__d64,iwildcam__0179__0306,domain_b,0.4,0.79373830086622
iwildcam__resnet18_imagenet1k_v1__d64,iwildcam__0179__0306,domain_b,0.5,0.7920826717271472
iwildcam__resnet18_imagenet1k_v1__d64,iwildcam__0179__0306,domain_b,0.6,0.7977292384751431
iwildcam__resnet18_imagenet1k_v1__d64,iwildcam__0179__0306,domain_b,0.7,0.8017201760840659
iwildcam__resnet18_imagenet1k_v1__d64,iwildcam__0179__0306,domain_b,0.8,0.8050314343622116
iwildcam__resnet18_imagenet1k_v1__d64,iwildcam__0179__0306,domain_b,0.9,0.8093186424486529
iwildcam__resnet18_imagenet1k_v1__d64,iwildcam__0179__0306,domain_b,1.0,0.8378157959283787
iwildcam__resnet18_imagenet1k_v1__d64,iwildcam__0041__0157,domain_a,0.0,0.9026967285587976
iwildcam__resnet18_imagenet1k_v1__d64,iwildcam__0041__0157,domain_a,0.1,0.910024314765694
iwildcam__resnet18_imagenet1k_v1__d64,iwildcam__0041__0157,domain_a,0.2,0.910024314765694
iwildcam__resnet18_imagenet1k_v1__d64,iwildcam__0041__0157,domain_a,0.3,0.910024314765694
iwildcam__resnet18_imagenet1k_v1__d64,iwildcam__0041__0157,domain_a,0.4,0.9141909814323608
iwildcam__resnet18_imagenet1k_v1__d64,iwildcam__0041__0157,domain_a,0.5,0.8838748894783378
iwildcam__resnet18_imagenet1k_v1__d64,iwildcam__0041__0157,domain_a,0.6,0.8922082228116711
iwildcam__resnet18_imagenet1k_v1__d64,iwildcam__0041__0157,domain_a,0.7,0.9047082228116712
iwildcam__resnet18_imagenet1k_v1__d64,iwildcam__0041__0157,domain_a,0.8,0.8931071323312704
iwildcam__resnet18_imagenet1k_v1__d64,iwildcam__0041__0157,domain_a,0.9,0.8543508694370763
iwildcam__resnet18_imagenet1k_v1__d64,iwildcam__0041__0157,domain_a,1.0,0.8249336870026526
iwildcam__resnet18_imagenet1k_v1__d64,iwildcam__0041__0157,domain_b,0.0,0.884782620829775
iwildcam__resnet18_imagenet1k_v1__d64,iwildcam__0041__0157,domain_b,0.1,0.9150856511328053
iwildcam__resnet18_imagenet1k_v1__d64,iwildcam__0041__0157,domain_b,0.2,0.8810373024777151
iwildcam__resnet18_imagenet1k_v1__d64,iwildcam__0041__0157,domain_b,0.3,0.8735466657735952
iwildcam__resnet18_imagenet1k_v1__d64,iwildcam__0041__0157,domain_b,0.4,0.8810373024777151
iwildcam__resnet18_imagenet1k_v1__d64,iwildcam__0041__0157,domain_b,0.5,0.8885279391818348
iwildcam__resnet18_imagenet1k_v1__d64,iwildcam__0041__0157,domain_b,0.6,0.8657155455829244
iwildcam__resnet18_imagenet1k_v1__d64,iwildcam__0041__0157,domain_b,0.7,0.8694608639349845
iwildcam__resnet18_imagenet1k_v1__d64,iwildcam__0041__0157,domain_b,0.8,0.8694608639349845
iwildcam__resnet18_imagenet1k_v1__d64,iwildcam__0041__0157,domain_b,0.9,0.7751134479813796
iwildcam__resnet18_imagenet1k_v1__d64,iwildcam__0041__0157,domain_b,1.0,0.7110690623308048
iwildcam__resnet18_imagenet1k_v1__d64,iwildcam__0191__0208,domain_a,0.0,0.5294037044037044
iwildcam__resnet18_imagenet1k_v1__d64,iwildcam__0191__0208,domain_a,0.1,0.6157673407673407
iwildcam__resnet18_imagenet1k_v1__d64,iwildcam__0191__0208,domain_a,0.2,0.6124960624960625
iwildcam__resnet18_imagenet1k_v1__d64,iwildcam__0191__0208,domain_a,0.3,0.8061472311472312
iwildcam__resnet18_imagenet1k_v1__d64,iwildcam__0191__0208,domain_a,0.4,0.7891450891450891
iwildcam__resnet18_imagenet1k_v1__d64,iwildcam__0191__0208,domain_a,0.5,0.7691945441945442
iwildcam__resnet18_imagenet1k_v1__d64,iwildcam__0191__0208,domain_a,0.6,0.6836058086058087
iwildcam__resnet18_imagenet1k_v1__d64,iwildcam__0191__0208,domain_a,0.7,0.6715019215019216
iwildcam__resnet18_imagenet1k_v1__d64,iwildcam__0191__0208,domain_a,0.8,0.6687944937944938
iwildcam__resnet18_imagenet1k_v1__d64,iwildcam__0191__0208,domain_a,0.9,0.6856375606375607
iwildcam__resnet18_imagenet1k_v1__d64,iwildcam__0191__0208,domain_a,1.0,0.7348280098280099
iwildcam__resnet18_imagenet1k_v1__d64,iwildcam__0191__0208,domain_b,0.0,0.9059168083785462
iwildcam__resnet18_imagenet1k_v1__d64,iwildcam__0191__0208,domain_b,0.1,0.9199260398952682
iwildcam__resnet18_imagenet1k_v1__d64,iwildcam__0191__0208,domain_b,0.2,0.9216400788187977
iwildcam__resnet18_imagenet1k_v1__d64,iwildcam__0191__0208,domain_b,0.3,0.9216400788187977
iwildcam__resnet18_imagenet1k_v1__d64,iwildcam__0191__0208,domain_b,0.4,0.9187788484897563
iwildcam__resnet18_imagenet1k_v1__d64,iwildcam__0191__0208,domain_b,0.5,0.920209463654277
iwildcam__resnet18_imagenet1k_v1__d64,iwildcam__0191__0208,domain_b,0.6,0.9216400788187977
iwildcam__resnet18_imagenet1k_v1__d64,iwildcam__0191__0208,domain_b,0.7,0.9276459632358897
iwildcam__resnet18_imagenet1k_v1__d64,iwildcam__0191__0208,domain_b,0.8,0.9213566550597889
iwildcam__resnet18_imagenet1k_v1__d64,iwildcam__0191__0208,domain_b,0.9,0.926795691958863
iwildcam__resnet18_imagenet1k_v1__d64,iwildcam__0191__0208,domain_b,1.0,0.9165114584176856
iwildcam__resnet18_imagenet1k_v1__d64,iwildcam__0157__0210,domain_a,0.0,0.884782620829775
iwildcam__resnet18_imagenet1k_v1__d64,iwildcam__0157__0210,domain_a,0.1,0.9150856511328053
iwildcam__resnet18_imagenet1k_v1__d64,iwildcam__0157__0210,domain_a,0.2,0.8810373024777151
iwildcam__resnet18_imagenet1k_v1__d64,iwildcam__0157__0210,domain_a,0.3,0.8735466657735952
iwildcam__resnet18_imagenet1k_v1__d64,iwildcam__0157__0210,domain_a,0.4,0.8810373024777151
iwildcam__resnet18_imagenet1k_v1__d64,iwildcam__0157__0210,domain_a,0.5,0.8885279391818348
iwildcam__resnet18_imagenet1k_v1__d64,iwildcam__0157__0210,domain_a,0.6,0.8657155455829244
iwildcam__resnet18_imagenet1k_v1__d64,iwildcam__0157__0210,domain_a,0.7,0.8694608639349845
iwildcam__resnet18_imagenet1k_v1__d64,iwildcam__0157__0210,domain_a,0.8,0.8694608639349845
iwildcam__resnet18_imagenet1k_v1__d64,iwildcam__0157__0210,domain_a,0.9,0.7751134479813796
iwildcam__resnet18_imagenet1k_v1__d64,iwildcam__0157__0210,domain_a,1.0,0.7110690623308048
iwildcam__resnet18_imagenet1k_v1__d64,iwildcam__0157__0210,domain_b,0.0,0.861750565849399
iwildcam__resnet18_imagenet1k_v1__d64,iwildcam__0157__0210,domain_b,0.1,0.8674253203279418
iwildcam__resnet18_imagenet1k_v1__d64,iwildcam__0157__0210,domain_b,0.2,0.868627238706126
iwildcam__resnet18_imagenet1k_v1__d64,iwildcam__0157__0210,domain_b,0.3,0.8687233906488193
iwildcam__resnet18_imagenet1k_v1__d64,iwildcam__0157__0210,domain_b,0.4,0.8696429041505406
iwildcam__resnet18_imagenet1k_v1__d64,iwildcam__0157__0210,domain_b,0.5,0.8691409535442305
iwildcam__resnet18_imagenet1k_v1__d64,iwildcam__0157__0210,domain_b,0.6,0.8698573988784232
iwildcam__resnet18_imagenet1k_v1__d64,iwildcam__0157__0210,domain_b,0.7,0.871493357714337
iwildcam__resnet18_imagenet1k_v1__d64,iwildcam__0157__0210,domain_b,0.8,0.8729205351025451
iwildcam__resnet18_imagenet1k_v1__d64,iwildcam__0157__0210,domain_b,0.9,0.8733098562038432
iwildcam__resnet18_imagenet1k_v1__d64,iwildcam__0157__0210,domain_b,1.0,0.8737277567706948
iwildcam__resnet18_imagenet1k_v1__d64,iwildcam__0191__0306,domain_a,0.0,0.7871507130175014
iwildcam__resnet18_imagenet1k_v1__d64,iwildcam__0191__0306,domain_a,0.1,0.8220267698369887
iwildcam__resnet18_imagenet1k_v1__d64,iwildcam__0191__0306,domain_a,0.2,0.835005599056694
iwildcam__resnet18_imagenet1k_v1__d64,iwildcam__0191__0306,domain_a,0.3,0.8400369604749167
iwildcam__resnet18_imagenet1k_v1__d64,iwildcam__0191__0306,domain_a,0.4,0.8610517946740575
iwildcam__resnet18_imagenet1k_v1__d64,iwildcam__0191__0306,domain_a,0.5,0.8812149369174915
iwildcam__resnet18_imagenet1k_v1__d64,iwildcam__0191__0306,domain_a,0.6,0.8943897503660279
iwildcam__resnet18_imagenet1k_v1__d64,iwildcam__0191__0306,domain_a,0.7,0.8891431671997365
iwildcam__resnet18_imagenet1k_v1__d64,iwildcam__0191__0306,domain_a,0.8,0.8781920030551418
iwildcam__resnet18_imagenet1k_v1__d64,iwildcam__0191__0306,domain_a,0.9,0.8698395915092996
iwildcam__resnet18_imagenet1k_v1__d64,iwildcam__0191__0306,domain_a,1.0,0.8722527940593634
iwildcam__resnet18_imagenet1k_v1__d64,iwildcam__0191__0306,domain_b,0.0,0.7618695377147799
iwildcam__resnet18_imagenet1k_v1__d64,iwildcam__0191__0306,domain_b,0.1,0.7761508720292268
iwildcam__resnet18_imagenet1k_v1__d64,iwildcam__0191__0306,domain_b,0.2,0.7778065011682997
iwildcam__resnet18_imagenet1k_v1__d64,iwildcam__0191__0306,domain_b,0.3,0.7794621303073725
iwildcam__resnet18_imagenet1k_v1__d64,iwildcam__0191__0306,domain_b,0.4,0.79373830086622
iwildcam__resnet18_imagenet1k_v1__d64,iwildcam__0191__0306,domain_b,0.5,0.7920826717271472
iwildcam__resnet18_imagenet1k_v1__d64,iwildcam__0191__0306,domain_b,0.6,0.7977292384751431
iwildcam__resnet18_imagenet1k_v1__d64,iwildcam__0191__0306,domain_b,0.7,0.8017201760840659
iwildcam__resnet18_imagenet1k_v1__d64,iwildcam__0191__0306,domain_b,0.8,0.8050314343622116
iwildcam__resnet18_imagenet1k_v1__d64,iwildcam__0191__0306,domain_b,0.9,0.8093186424486529
iwildcam__resnet18_imagenet1k_v1__d64,iwildcam__0191__0306,domain_b,1.0,0.8378157959283787
iwildcam__resnet18_imagenet1k_v1__d64,iwildcam__0147__0208,domain_a,0.0,0.7824165889439623
iwildcam__resnet18_imagenet1k_v1__d64,iwildcam__0147__0208,domain_a,0.1,0.8078885456418945
iwildcam__resnet18_imagenet1k_v1__d64,iwildcam__0147__0208,domain_a,0.2,0.8204110988021879
iwildcam__resnet18_imagenet1k_v1__d64,iwildcam__0147__0208,domain_a,0.3,0.8192320216184514
iwildcam__resnet18_imagenet1k_v1__d64,iwildcam__0147__0208,domain_a,0.4,0.8212632824368409
iwildcam__resnet18_imagenet1k_v1__d64,iwildcam__0147__0208,domain_a,0.5,0.8215105017289059
iwildcam__resnet18_imagenet1k_v1__d64,iwildcam__0147__0208,domain_a,0.6,0.818552321295478
iwildcam__resnet18_imagenet1k_v1__d64,iwildcam__0147__0208,domain_a,0.7,0.8141816919248486
iwildcam__resnet18_imagenet1k_v1__d64,iwildcam__0147__0208,domain_a,0.8,0.8111567378457303
iwildcam__resnet18_imagenet1k_v1__d64,iwildcam__0147__0208,domain_a,0.9,0.7886088212893687
iwildcam__resnet18_imagenet1k_v1__d64,iwildcam__0147__0208,domain_a,1.0,0.7337868028884337
iwildcam__resnet18_imagenet1k_v1__d64,iwildcam__0147__0208,domain_b,0.0,0.7224174697006506
iwildcam__resnet18_imagenet1k_v1__d64,iwildcam__0147__0208,domain_b,0.1,0.7279730252562061
iwildcam__resnet18_imagenet1k_v1__d64,iwildcam__0147__0208,domain_b,0.2,0.7846015421851522
iwildcam__resnet18_imagenet1k_v1__d64,iwildcam__0147__0208,domain_b,0.3,0.7801189480029872
iwildcam__resnet18_imagenet1k_v1__d64,iwildcam__0147__0208,domain_b,0.4,0.7801189480029872
iwildcam__resnet18_imagenet1k_v1__d64,iwildcam__0147__0208,domain_b,0.5,0.8277604574369495
iwildcam__resnet18_imagenet1k_v1__d64,iwildcam__0147__0208,domain_b,0.6,0.8343889743658957
iwildcam__resnet18_imagenet1k_v1__d64,iwildcam__0147__0208,domain_b,0.7,0.8365348971126767
iwildcam__resnet18_imagenet1k_v1__d64,iwildcam__0147__0208,domain_b,0.8,0.8376078584860673
iwildcam__resnet18_imagenet1k_v1__d64,iwildcam__0147__0208,domain_b,0.9,0.832700128665389
iwildcam__resnet18_imagenet1k_v1__d64,iwildcam__0147__0208,domain_b,1.0,0.815161371591042
iwildcam__vit_b_16_imagenet1k_v1__d128,iwildcam__0191__0306,domain_a,0.0,0.8180825438124709
iwildcam__vit_b_16_imagenet1k_v1__d128,iwildcam__0191__0306,domain_a,0.1,0.8463253221921105
iwildcam__vit_b_16_imagenet1k_v1__d128,iwildcam__0191__0306,domain_a,0.2,0.8675613127255464
iwildcam__vit_b_16_imagenet1k_v1__d128,iwildcam__0191__0306,domain_a,0.3,0.8848254958200215
iwildcam__vit_b_16_imagenet1k_v1__d128,iwildcam__0191__0306,domain_a,0.4,0.8738623036068293
iwildcam__vit_b_16_imagenet1k_v1__d128,iwildcam__0191__0306,domain_a,0.5,0.8652557075002331
iwildcam__vit_b_16_imagenet1k_v1__d128,iwildcam__0191__0306,domain_a,0.6,0.8643130690575946
iwildcam__vit_b_16_imagenet1k_v1__d128,iwildcam__0191__0306,domain_a,0.7,0.8616174538619795
iwildcam__vit_b_16_imagenet1k_v1__d128,iwildcam__0191__0306,domain_a,0.8,0.8632251367196624
iwildcam__vit_b_16_imagenet1k_v1__d128,iwildcam__0191__0306,domain_a,0.9,0.8702272562217818
iwildcam__vit_b_16_imagenet1k_v1__d128,iwildcam__0191__0306,domain_a,1.0,0.8842202641016509
iwildcam__vit_b_16_imagenet1k_v1__d128,iwildcam__0191__0306,domain_b,0.0,0.7746311142093644
iwildcam__vit_b_16_imagenet1k_v1__d128,iwildcam__0191__0306,domain_b,0.1,0.782822121528988
iwildcam__vit_b_16_imagenet1k_v1__d128,iwildcam__0191__0306,domain_b,0.2,0.7797519460903916
iwildcam__vit_b_16_imagenet1k_v1__d128,iwildcam__0191__0306,domain_b,0.3,0.7744887881956547
iwildcam__vit_b_16_imagenet1k_v1__d128,iwildcam__0191__0306,domain_b,0.4,0.7954426629487625
iwildcam__vit_b_16_imagenet1k_v1__d128,iwildcam__0191__0306,domain_b,0.5,0.7954426629487625
iwildcam__vit_b_16_imagenet1k_v1__d128,iwildcam__0191__0306,domain_b,0.6,0.7861834036895033
iwildcam__vit_b_16_imagenet1k_v1__d128,iwildcam__0191__0306,domain_b,0.7,0.7904706117759447
iwildcam__vit_b_16_imagenet1k_v1__d128,iwildcam__0191__0306,domain_b,0.8,0.7818961956030621
iwildcam__vit_b_16_imagenet1k_v1__d128,iwildcam__0191__0306,domain_b,0.9,0.7852074538812078
iwildcam__vit_b_16_imagenet1k_v1__d128,iwildcam__0191__0306,domain_b,1.0,0.7308650581567975
iwildcam__vit_b_16_imagenet1k_v1__d128,iwildcam__0179__0306,domain_a,0.0,0.6175497460072057
iwildcam__vit_b_16_imagenet1k_v1__d128,iwildcam__0179__0306,domain_a,0.1,0.7093357497925572
iwildcam__vit_b_16_imagenet1k_v1__d128,iwildcam__0179__0306,domain_a,0.2,0.7314244762548946
iwildcam__vit_b_16_imagenet1k_v1__d128,iwildcam__0179__0306,domain_a,0.3,0.7265548910484412
iwildcam__vit_b_16_imagenet1k_v1__d128,iwildcam__0179__0306,domain_a,0.4,0.7117433898221897
iwildcam__vit_b_16_imagenet1k_v1__d128,iwildcam__0179__0306,domain_a,0.5,0.7063745615326686
iwildcam__vit_b_16_imagenet1k_v1__d128,iwildcam__0179__0306,domain_a,0.6,0.6962965710972765
iwildcam__vit_b_16_imagenet1k_v1__d128,iwildcam__0179__0306,domain_a,0.7,0.6832989001314442
iwildcam__vit_b_16_imagenet1k_v1__d128,iwildcam__0179__0306,domain_a,0.8,0.6723551907476684
iwildcam__vit_b_16_imagenet1k_v1__d128,iwildcam__0179__0306,domain_a,0.9,0.6584918008334522
iwildcam__vit_b_16_imagenet1k_v1__d128,iwildcam__0179__0306,domain_a,1.0,0.6252049983358564
iwildcam__vit_b_16_imagenet1k_v1__d128,iwildcam__0179__0306,domain_b,0.0,0.7746311142093644
iwildcam__vit_b_16_imagenet1k_v1__d128,iwildcam__0179__0306,domain_b,0.1,0.782822121528988
iwildcam__vit_b_16_imagenet1k_v1__d128,iwildcam__0179__0306,domain_b,0.2,0.7797519460903916
iwildcam__vit_b_16_imagenet1k_v1__d128,iwildcam__0179__0306,domain_b,0.3,0.7744887881956547
iwildcam__vit_b_16_imagenet1k_v1__d128,iwildcam__0179__0306,domain_b,0.4,0.7954426629487625
iwildcam__vit_b_16_imagenet1k_v1__d128,iwildcam__0179__0306,domain_b,0.5,0.7954426629487625
iwildcam__vit_b_16_imagenet1k_v1__d128,iwildcam__0179__0306,domain_b,0.6,0.7861834036895033
iwildcam__vit_b_16_imagenet1k_v1__d128,iwildcam__0179__0306,domain_b,0.7,0.7904706117759447
iwildcam__vit_b_16_imagenet1k_v1__d128,iwildcam__0179__0306,domain_b,0.8,0.7818961956030621
iwildcam__vit_b_16_imagenet1k_v1__d128,iwildcam__0179__0306,domain_b,0.9,0.7852074538812078
iwildcam__vit_b_16_imagenet1k_v1__d128,iwildcam__0179__0306,domain_b,1.0,0.7308650581567975
iwildcam__vit_b_16_imagenet1k_v1__d128,iwildcam__0147__0208,domain_a,0.0,0.7691795027919082
iwildcam__vit_b_16_imagenet1k_v1__d128,iwildcam__0147__0208,domain_a,0.1,0.8076844980878177
iwildcam__vit_b_16_imagenet1k_v1__d128,iwildcam__0147__0208,domain_a,0.2,0.8118632983207823
iwildcam__vit_b_16_imagenet1k_v1__d128,iwildcam__0147__0208,domain_a,0.3,0.8140164582069066
iwildcam__vit_b_16_imagenet1k_v1__d128,iwildcam__0147__0208,domain_a,0.4,0.8103759810370177
iwildcam__vit_b_16_imagenet1k_v1__d128,iwildcam__0147__0208,domain_a,0.5,0.8085333929320534
iwildcam__vit_b_16_imagenet1k_v1__d128,iwildcam__0147__0208,domain_a,0.6,0.7956580329978699
iwildcam__vit_b_16_imagenet1k_v1__d128,iwildcam__0147__0208,domain_a,0.7,0.7820507390105526
iwildcam__vit_b_16_imagenet1k_v1__d128,iwildcam__0147__0208,domain_a,0.8,0.7657437350069848
iwildcam__vit_b_16_imagenet1k_v1__d128,iwildcam__0147__0208,domain_a,0.9,0.7503913456956556
iwildcam__vit_b_16_imagenet1k_v1__d128,iwildcam__0147__0208,domain_a,1.0,0.7351900574672852
iwildcam__vit_b_16_imagenet1k_v1__d128,iwildcam__0147__0208,domain_b,0.0,0.6947067881596993
iwildcam__vit_b_16_imagenet1k_v1__d128,iwildcam__0147__0208,domain_b,0.1,0.7924934799681742
iwildcam__vit_b_16_imagenet1k_v1__d128,iwildcam__0147__0208,domain_b,0.2,0.8024642442611509
iwildcam__vit_b_16_imagenet1k_v1__d128,iwildcam__0147__0208,domain_b,0.3,0.8023525778708385
iwildcam__vit_b_16_imagenet1k_v1__d128,iwildcam__0147__0208,domain_b,0.4,0.8117865401349893
iwildcam__vit_b_16_imagenet1k_v1__d128,iwildcam__0147__0208,domain_b,0.5,0.8128595015083799
iwildcam__vit_b_16_imagenet1k_v1__d128,iwildcam__0147__0208,domain_b,0.6,0.8073039459528244
iwildcam__vit_b_16_imagenet1k_v1__d128,iwildcam__0147__0208,domain_b,0.7,0.7914309300798085
iwildcam__vit_b_16_imagenet1k_v1__d128,iwildcam__0147__0208,domain_b,0.8,0.7690179591689835
iwildcam__vit_b_16_imagenet1k_v1__d128,iwildcam__0147__0208,domain_b,0.9,0.7534916393204514
iwildcam__vit_b_16_imagenet1k_v1__d128,iwildcam__0147__0208,domain_b,1.0,0.6853044138269663
iwildcam__vit_b_16_imagenet1k_v1__d128,iwildcam__0208__0283,domain_a,0.0,0.8550989407053623
iwildcam__vit_b_16_imagenet1k_v1__d128,iwildcam__0208__0283,domain_a,0.1,0.8947801950193804
iwildcam__vit_b_16_imagenet1k_v1__d128,iwildcam__0208__0283,domain_a,0.2,0.9403522932678088
iwildcam__vit_b_16_imagenet1k_v1__d128,iwildcam__0208__0283,domain_a,0.3,0.9417754431729322
iwildcam__vit_b_16_imagenet1k_v1__d128,iwildcam__0208__0283,domain_a,0.4,0.9340515030556806
iwildcam__vit_b_16_imagenet1k_v1__d128,iwildcam__0208__0283,domain_a,0.5,0.9207860099729134
iwildcam__vit_b_16_imagenet1k_v1__d128,iwildcam__0208__0283,domain_a,0.6,0.8743023424543742
iwildcam__vit_b_16_imagenet1k_v1__d128,iwildcam__0208__0283,domain_a,0.7,0.8703965072132381
iwildcam__vit_b_16_imagenet1k_v1__d128,iwildcam__0208__0283,domain_a,0.8,0.8639945606935882
iwildcam__vit_b_16_imagenet1k_v1__d128,iwildcam__0208__0283,domain_a,0.9,0.8472976156713925
iwildcam__vit_b_16_imagenet1k_v1__d128,iwildcam__0208__0283,domain_a,1.0,0.8072530017617183
iwildcam__vit_b_16_imagenet1k_v1__d128,iwildcam__0208__0283,domain_b,0.0,0.8317000580720093
iwildcam__vit_b_16_imagenet1k_v1__d128,iwildcam__0208__0283,domain_b,0.1,0.8486685782036392
iwildcam__vit_b_16_imagenet1k_v1__d128,iwildcam__0208__0283,domain_b,0.2,0.8497229481223384
iwildcam__vit_b_16_imagenet1k_v1__d128,iwildcam__0208__0283,domain_b,0.3,0.8471187814556718
iwildcam__vit_b_16_imagenet1k_v1__d128,iwildcam__0208__0283,domain_b,0.4,0.8431505274874177
iwildcam__vit_b_16_imagenet1k_v1__d128,iwildcam__0208__0283,domain_b,0.5,0.8391822735191637
iwildcam__vit_b_16_imagenet1k_v1__d128,iwildcam__0208__0283,domain_b,0.6,0.8300262533875339
iwildcam__vit_b_16_imagenet1k_v1__d128,iwildcam__0208__0283,domain_b,0.7,0.818121491482772
iwildcam__vit_b_16_imagenet1k_v1__d128,iwildcam__0208__0283,domain_b,0.8,0.80621672957801
iwildcam__vit_b_16_imagenet1k_v1__d128,iwildcam__0208__0283,domain_b,0.9,0.7798030391018196
iwildcam__vit_b_16_imagenet1k_v1__d128,iwildcam__0208__0283,domain_b,1.0,0.7573576025938831
iwildcam__vit_b_16_imagenet1k_v1__d128,iwildcam__0115__0299,domain_a,0.0,0.6601162695488414
iwildcam__vit_b_16_imagenet1k_v1__d128,iwildcam__0115__0299,domain_a,0.1,0.6878940473266192
iwildcam__vit_b_16_imagenet1k_v1__d128,iwildcam__0115__0299,domain_a,0.2,0.6734012937034307
iwildcam__vit_b_16_imagenet1k_v1__d128,iwildcam__0115__0299,domain_a,0.3,0.7011790714812086
iwildcam__vit_b_16_imagenet1k_v1__d128,iwildcam__0115__0299,domain_a,0.4,0.6734012937034307
iwildcam__vit_b_16_imagenet1k_v1__d128,iwildcam__0115__0299,domain_a,0.5,0.6878940473266192
iwildcam__vit_b_16_imagenet1k_v1__d128,iwildcam__0115__0299,domain_a,0.6,0.6878940473266192
iwildcam__vit_b_16_imagenet1k_v1__d128,iwildcam__0115__0299,domain_a,0.7,0.6991934823548678
iwildcam__vit_b_16_imagenet1k_v1__d128,iwildcam__0115__0299,domain_a,0.8,0.7249856710063046
iwildcam__vit_b_16_imagenet1k_v1__d128,iwildcam__0115__0299,domain_a,0.9,0.7439204126750184
iwildcam__vit_b_16_imagenet1k_v1__d128,iwildcam__0115__0299,domain_a,1.0,0.7217923524113649
iwildcam__vit_b_16_imagenet1k_v1__d128,iwildcam__0115__0299,domain_b,0.0,0.8051948051948052
iwildcam__vit_b_16_imagenet1k_v1__d128,iwildcam__0115__0299,domain_b,0.1,0.8163059163059163
iwildcam__vit_b_16_imagenet1k_v1__d128,iwildcam__0115__0299,domain_b,0.2,0.8127705627705627
iwildcam__vit_b_16_imagenet1k_v1__d128,iwildcam__0115__0299,domain_b,0.3,0.8238816738816738
iwildcam__vit_b_16_imagenet1k_v1__d128,iwildcam__0115__0299,domain_b,0.4,0.8238816738816738
iwildcam__vit_b_16_imagenet1k_v1__d128,iwildcam__0115__0299,domain_b,0.5,0.7940836940836941
iwildcam__vit_b_16_imagenet1k_v1__d128,iwildcam__0115__0299,domain_b,0.6,0.7976190476190476
iwildcam__vit_b_16_imagenet1k_v1__d128,iwildcam__0115__0299,domain_b,0.7,0.8087301587301586
iwildcam__vit_b_16_imagenet1k_v1__d128,iwildcam__0115__0299,domain_b,0.8,0.8163059163059163
iwildcam__vit_b_16_imagenet1k_v1__d128,iwildcam__0115__0299,domain_b,0.9,0.8194805194805195
iwildcam__vit_b_16_imagenet1k_v1__d128,iwildcam__0115__0299,domain_b,1.0,0.807142857142857
iwildcam__vit_b_16_imagenet1k_v1__d128,iwildcam__0208__0306,domain_a,0.0,0.8741510412256978
iwildcam__vit_b_16_imagenet1k_v1__d128,iwildcam__0208__0306,domain_a,0.1,0.9162443993267898
iwildcam__vit_b_16_imagenet1k_v1__d128,iwildcam__0208__0306,domain_a,0.2,0.9296211197745681
iwildcam__vit_b_16_imagenet1k_v1__d128,iwildcam__0208__0306,domain_a,0.3,0.93294926814592
iwildcam__vit_b_16_imagenet1k_v1__d128,iwildcam__0208__0306,domain_a,0.4,0.9346633070694496
iwildcam__vit_b_16_imagenet1k_v1__d128,iwildcam__0208__0306,domain_a,0.5,0.930702647629154
iwildcam__vit_b_16_imagenet1k_v1__d128,iwildcam__0208__0306,domain_a,0.6,0.9300701365602103
iwildcam__vit_b_16_imagenet1k_v1__d128,iwildcam__0208__0306,domain_a,0.7,0.9171424328980741
iwildcam__vit_b_16_imagenet1k_v1__d128,iwildcam__0208__0306,domain_a,0.8,0.9079739931362637
iwildcam__vit_b_16_imagenet1k_v1__d128,iwildcam__0208__0306,domain_a,0.9,0.8969259214242906
iwildcam__vit_b_16_imagenet1k_v1__d128,iwildcam__0208__0306,domain_a,1.0,0.8799376288461516
iwildcam__vit_b_16_imagenet1k_v1__d128,iwildcam__0208__0306,domain_b,0.0,0.9040083652840711
iwildcam__vit_b_16_imagenet1k_v1__d128,iwildcam__0208__0306,domain_b,0.1,0.9088184036249564
iwildcam__vit_b_16_imagenet1k_v1__d128,iwildcam__0208__0306,domain_b,0.2,0.8770070872545602
iwildcam__vit_b_16_imagenet1k_v1__d128,iwildcam__0208__0306,domain_b,0.3,0.8602532822121529
iwildcam__vit_b_16_imagenet1k_v1__d128,iwildcam__0208__0306,domain_b,0.4,0.841803183455327
iwildcam__vit_b_16_imagenet1k_v1__d128,iwildcam__0208__0306,domain_b,0.5,0.8360869060067387
iwildcam__vit_b_16_imagenet1k_v1__d128,iwildcam__0208__0306,domain_b,0.6,0.8290693621470896
iwildcam__vit_b_16_imagenet1k_v1__d128,iwildcam__0208__0306,domain_b,0.7,0.8017156577979163
iwildcam__vit_b_16_imagenet1k_v1__d128,iwildcam__0208__0306,domain_b,0.8,0.7876805700786181
iwildcam__vit_b_16_imagenet1k_v1__d128,iwildcam__0208__0306,domain_b,0.9,0.7876805700786181
iwildcam__vit_b_16_imagenet1k_v1__d128,iwildcam__0208__0306,domain_b,1.0,0.8022268696022617
iwildcam__vit_b_16_imagenet1k_v1__d128,iwildcam__0022__0208,domain_a,0.0,0.9479603547209181
iwildcam__vit_b_16_imagenet1k_v1__d128,iwildcam__0022__0208,domain_a,0.1,0.9757407407407407
iwildcam__vit_b_16_imagenet1k_v1__d128,iwildcam__0022__0208,domain_a,0.2,0.9757407407407407
iwildcam__vit_b_16_imagenet1k_v1__d128,iwildcam__0022__0208,domain_a,0.3,0.9732407407407407
iwildcam__vit_b_16_imagenet1k_v1__d128,iwildcam__0022__0208,domain_a,0.4,0.9732407407407407
iwildcam__vit_b_16_imagenet1k_v1__d128,iwildcam__0022__0208,domain_a,0.5,0.9697196139801774
iwildcam__vit_b_16_imagenet1k_v1__d128,iwildcam__0022__0208,domain_a,0.6,0.9622196139801773
iwildcam__vit_b_16_imagenet1k_v1__d128,iwildcam__0022__0208,domain_a,0.7,0.9572196139801773
iwildcam__vit_b_16_imagenet1k_v1__d128,iwildcam__0022__0208,domain_a,0.8,0.946198487219614
iwildcam__vit_b_16_imagenet1k_v1__d128,iwildcam__0022__0208,domain_a,0.9,0.916092853416797
iwildcam__vit_b_16_imagenet1k_v1__d128,iwildcam__0022__0208,domain_a,1.0,0.8420800730307773
iwildcam__vit_b_16_imagenet1k_v1__d128,iwildcam__0022__0208,domain_b,0.0,0.8387898494760047
iwildcam__vit_b_16_imagenet1k_v1__d128,iwildcam__0022__0208,domain_b,0.1,0.8754529017937059
iwildcam__vit_b_16_imagenet1k_v1__d128,iwildcam__0022__0208,domain_b,0.2,0.8698973462381503
iwildcam__vit_b_16_imagenet1k_v1__d128,iwildcam__0022__0208,domain_b,0.3,0.861144725693077
iwildcam__vit_b_16_imagenet1k_v1__d128,iwildcam__0022__0208,domain_b,0.4,0.857176471724823
iwildcam__vit_b_16_imagenet1k_v1__d128,iwildcam__0022__0208,domain_b,0.5,0.849239963788315
iwildcam__vit_b_16_imagenet1k_v1__d128,iwildcam__0022__0208,domain_b,0.6,0.8389449652857693
iwildcam__vit_b_16_imagenet1k_v1__d128,iwildcam__0022__0208,domain_b,0.7,0.7913259176667218
iwildcam__vit_b_16_imagenet1k_v1__d128,iwildcam__0022__0208,domain_b,0.8,0.7834118715451285
iwildcam__vit_b_16_imagenet1k_v1__d128,iwildcam__0022__0208,domain_b,0.9,0.7625699924928381
iwildcam__vit_b_16_imagenet1k_v1__d128,iwildcam__0022__0208,domain_b,1.0,0.6599820816945159
iwildcam__vit_b_16_imagenet1k_v1__d128,iwildcam__0279__0306,domain_a,0.0,0.8214285714285715
iwildcam__vit_b_16_imagenet1k_v1__d128,iwildcam__0279__0306,domain_a,0.1,0.847907647907648
iwildcam__vit_b_16_imagenet1k_v1__d128,iwildcam__0279__0306,domain_a,0.2,0.847907647907648
iwildcam__vit_b_16_imagenet1k_v1__d128,iwildcam__0279__0306,domain_a,0.3,0.847907647907648
iwildcam__vit_b_16_imagenet1k_v1__d128,iwildcam__0279__0306,domain_a,0.4,0.8608946608946608
iwildcam__vit_b_16_imagenet1k_v1__d128,iwildcam__0279__0306,domain_a,0.5,0.8695526695526695
iwildcam__vit_b_16_imagenet1k_v1__d128,iwildcam__0279__0306,domain_a,0.6,0.8723304473304473
iwildcam__vit_b_16_imagenet1k_v1__d128,iwildcam__0279__0306,domain_a,0.7,0.8723304473304473
iwildcam__vit_b_16_imagenet1k_v1__d128,iwildcam__0279__0306,domain_a,0.8,0.8723304473304473
iwildcam__vit_b_16_imagenet1k_v1__d128,iwildcam__0279__0306,domain_a,0.9,0.8766594516594516
iwildcam__vit_b_16_imagenet1k_v1__d128,iwildcam__0279__0306,domain_a,1.0,0.8766594516594516
iwildcam__vit_b_16_imagenet1k_v1__d128,iwildcam__0279__0306,domain_b,0.0,0.7253127299484916
iwildcam__vit_b_16_imagenet1k_v1__d128,iwildcam__0279__0306,domain_b,0.1,0.7297277409860191
iwildcam__vit_b_16_imagenet1k_v1__d128,iwildcam__0279__0306,domain_b,0.2,0.7652685798381161
iwildcam__vit_b_16_imagenet1k_v1__d128,iwildcam__0279__0306,domain_b,0.3,0.7674760853568801
iwildcam__vit_b_16_imagenet1k_v1__d128,iwildcam__0279__0306,domain_b,0.4,0.7696835908756438
iwildcam__vit_b_16_imagenet1k_v1__d128,iwildcam__0279__0306,domain_b,0.5,0.7919058130978661
iwildcam__vit_b_16_imagenet1k_v1__d128,iwildcam__0279__0306,domain_b,0.6,0.805224429727741
iwildcam__vit_b_16_imagenet1k_v1__d128,iwildcam__0279__0306,domain_b,0.7,0.8007358351729214
iwildcam__vit_b_16_imagenet1k_v1__d128,iwildcam__0279__0306,domain_b,0.8,0.8007358351729214
iwildcam__vit_b_16_imagenet1k_v1__d128,iwildcam__0279__0306,domain_b,0.9,0.7950126727168669
iwildcam__vit_b_16_imagenet1k_v1__d128,iwildcam__0279__0306,domain_b,1.0,0.7349685226064917
iwildcam__vit_b_16_imagenet1k_v1__d128,iwildcam__0047__0216,domain_a,0.0,0.902668759811617
iwildcam__vit_b_16_imagenet1k_v1__d128,iwildcam__0047__0216,domain_a,0.1,0.902668759811617
iwildcam__vit_b_16_imagenet1k_v1__d128,iwildcam__0047__0216,domain_a,0.2,0.8736263736263736
iwildcam__vit_b_16_imagenet1k_v1__d128,iwildcam__0047__0216,domain_a,0.3,0.8547880690737834
iwildcam__vit_b_16_imagenet1k_v1__d128,iwildcam__0047__0216,domain_a,0.4,0.8291470434327577
iwildcam__vit_b_16_imagenet1k_v1__d128,iwildcam__0047__0216,domain_a,0.5,0.8291470434327577
iwildcam__vit_b_16_imagenet1k_v1__d128,iwildcam__0047__0216,domain_a,0.6,0.8069073783359498
iwildcam__vit_b_16_imagenet1k_v1__d128,iwildcam__0047__0216,domain_a,0.7,0.7846677132391418
iwildcam__vit_b_16_imagenet1k_v1__d128,iwildcam__0047__0216,domain_a,0.8,0.7846677132391418
iwildcam__vit_b_16_imagenet1k_v1__d128,iwildcam__0047__0216,domain_a,0.9,0.7590266875981161
iwildcam__vit_b_16_imagenet1k_v1__d128,iwildcam__0047__0216,domain_a,1.0,0.7590266875981161
iwildcam__vit_b_16_imagenet1k_v1__d128,iwildcam__0047__0216,domain_b,0.0,0.8413715913715913
iwildcam__vit_b_16_imagenet1k_v1__d128,iwildcam__0047__0216,domain_b,0.1,0.8413715913715913
iwildcam__vit_b_16_imagenet1k_v1__d128,iwildcam__0047__0216,domain_b,0.2,0.8493080993080993
iwildcam__vit_b_16_imagenet1k_v1__d128,iwildcam__0047__0216,domain_b,0.3,0.8621286121286121
iwildcam__vit_b_16_imagenet1k_v1__d128,iwildcam__0047__0216,domain_b,0.4,0.8685388685388685
iwildcam__vit_b_16_imagenet1k_v1__d128,iwildcam__0047__0216,domain_b,0.5,0.8764753764753767
iwildcam__vit_b_16_imagenet1k_v1__d128,iwildcam__0047__0216,domain_b,0.6,0.8394383394383395
iwildcam__vit_b_16_imagenet1k_v1__d128,iwildcam__0047__0216,domain_b,0.7,0.8458485958485958
iwildcam__vit_b_16_imagenet1k_v1__d128,iwildcam__0047__0216,domain_b,0.8,0.8088115588115589
iwildcam__vit_b_16_imagenet1k_v1__d128,iwildcam__0047__0216,domain_b,0.9,0.8088115588115589
iwildcam__vit_b_16_imagenet1k_v1__d128,iwildcam__0047__0216,domain_b,1.0,0.7940577940577941
iwildcam__vit_b_16_imagenet1k_v1__d128,iwildcam__0004__0306,domain_a,0.0,0.6943262411347518
iwildcam__vit_b_16_imagenet1k_v1__d128,iwildcam__0004__0306,domain_a,0.1,0.8699763593380615
iwildcam__vit_b_16_imagenet1k_v1__d128,iwildcam__0004__0306,domain_a,0.2,0.8750985027580772
iwildcam__vit_b_16_imagenet1k_v1__d128,iwildcam__0004__0306,domain_a,0.3,0.8754925137903862
iwildcam__vit_b_16_imagenet1k_v1__d128,iwildcam__0004__0306,domain_a,0.4,0.8857368006304176
iwildcam__vit_b_16_imagenet1k_v1__d128,iwildcam__0004__0306,domain_a,0.5,0.8790386130811663
iwildcam__vit_b_16_imagenet1k_v1__d128,iwildcam__0004__0306,domain_a,0.6,0.8522458628841608
iwildcam__vit_b_16_imagenet1k_v1__d128,iwildcam__0004__0306,domain_a,0.7,0.8408195429472025
iwildcam__vit_b_16_imagenet1k_v1__d128,iwildcam__0004__0306,domain_a,0.8,0.843183609141056
iwildcam__vit_b_16_imagenet1k_v1__d128,iwildcam__0004__0306,domain_a,0.9,0.8486997635933807
iwildcam__vit_b_16_imagenet1k_v1__d128,iwildcam__0004__0306,domain_a,1.0,0.8233254531126871
iwildcam__vit_b_16_imagenet1k_v1__d128,iwildcam__0004__0306,domain_b,0.0,0.7977623725735729
iwildcam__vit_b_16_imagenet1k_v1__d128,iwildcam__0004__0306,domain_b,0.1,0.8215406064830951
iwildcam__vit_b_16_imagenet1k_v1__d128,iwildcam__0004__0306,domain_b,0.2,0.8377831997211572
iwildcam__vit_b_16_imagenet1k_v1__d128,iwildcam__0004__0306,domain_b,0.3,0.8342744277913327
iwildcam__vit_b_16_imagenet1k_v1__d128,iwildcam__0004__0306,domain_b,0.4,0.8237481120018589
iwildcam__vit_b_16_imagenet1k_v1__d128,iwildcam__0004__0306,domain_b,0.5,0.8171187104381016
iwildcam__vit_b_16_imagenet1k_v1__d128,iwildcam__0004__0306,domain_b,0.6,0.8171187104381016
iwildcam__vit_b_16_imagenet1k_v1__d128,iwildcam__0004__0306,domain_b,0.7,0.812703699400574
iwildcam__vit_b_16_imagenet1k_v1__d128,iwildcam__0004__0306,domain_b,0.8,0.8149112049193378
iwildcam__vit_b_16_imagenet1k_v1__d128,iwildcam__0004__0306,domain_b,0.9,0.8158174440270408
iwildcam__vit_b_16_imagenet1k_v1__d128,iwildcam__0004__0306,domain_b,1.0,0.8189311886535077
iwildcam__vit_b_16_imagenet1k_v1__d64,iwildcam__0191__0306,domain_a,0.0,0.7770602954453318
iwildcam__vit_b_16_imagenet1k_v1__d64,iwildcam__0191__0306,domain_a,0.1,0.7870486179336544
iwildcam__vit_b_16_imagenet1k_v1__d64,iwildcam__0191__0306,domain_a,0.2,0.8032909436194108
iwildcam__vit_b_16_imagenet1k_v1__d64,iwildcam__0191__0306,domain_a,0.3,0.8060948028101314
iwildcam__vit_b_16_imagenet1k_v1__d64,iwildcam__0191__0306,domain_a,0.4,0.8056582744538948
iwildcam__vit_b_16_imagenet1k_v1__d64,iwildcam__0191__0306,domain_a,0.5,0.8184515536249113
iwildcam__vit_b_16_imagenet1k_v1__d64,iwildcam__0191__0306,domain_a,0.6,0.8118287093652057
iwildcam__vit_b_16_imagenet1k_v1__d64,iwildcam__0191__0306,domain_a,0.7,0.8118287093652057
iwildcam__vit_b_16_imagenet1k_v1__d64,iwildcam__0191__0306,domain_a,0.8,0.8203578491443455
iwildcam__vit_b_16_imagenet1k_v1__d64,iwildcam__0191__0306,domain_a,0.9,0.8318569918934883
iwildcam__vit_b_16_imagenet1k_v1__d64,iwildcam__0191__0306,domain_a,1.0,0.8395193371926949
iwildcam__vit_b_16_imagenet1k_v1__d64,iwildcam__0191__0306,domain_b,0.0,0.6487797400049057
iwildcam__vit_b_16_imagenet1k_v1__d64,iwildcam__0191__0306,domain_b,0.1,0.722561416418161
iwildcam__vit_b_16_imagenet1k_v1__d64,iwildcam__0191__0306,domain_b,0.2,0.7851319339555658
iwildcam__vit_b_16_imagenet1k_v1__d64,iwildcam__0191__0306,domain_b,0.3,0.7841559841472703
iwildcam__vit_b_16_imagenet1k_v1__d64,iwildcam__0191__0306,domain_b,0.4,0.7719188515807547
iwildcam__vit_b_16_imagenet1k_v1__d64,iwildcam__0191__0306,domain_b,0.5,0.7554445348101675
iwildcam__vit_b_16_imagenet1k_v1__d64,iwildcam__0191__0306,domain_b,0.6,0.756803893471722
iwildcam__vit_b_16_imagenet1k_v1__d64,iwildcam__0191__0306,domain_b,0.7,0.7584595226107949
iwildcam__vit_b_16_imagenet1k_v1__d64,iwildcam__0191__0306,domain_b,0.8,0.777560254573151
iwildcam__vit_b_16_imagenet1k_v1__d64,iwildcam__0191__0306,domain_b,0.9,0.7663978286407703
iwildcam__vit_b_16_imagenet1k_v1__d64,iwildcam__0191__0306,domain_b,1.0,0.7649280947032777
iwildcam__vit_b_16_imagenet1k_v1__d64,iwildcam__0147__0208,domain_a,0.0,0.7177891284603575
iwildcam__vit_b_16_imagenet1k_v1__d64,iwildcam__0147__0208,domain_a,0.1,0.7924980246893467
iwildcam__vit_b_16_imagenet1k_v1__d64,iwildcam__0147__0208,domain_a,0.2,0.8073624104491897
iwildcam__vit_b_16_imagenet1k_v1__d64,iwildcam__0147__0208,domain_a,0.3,0.8211501500828815
iwildcam__vit_b_16_imagenet1k_v1__d64,iwildcam__0147__0208,domain_a,0.4,0.8203345707873955
iwildcam__vit_b_16_imagenet1k_v1__d64,iwildcam__0147__0208,domain_a,0.5,0.8219218448994221
iwildcam__vit_b_16_imagenet1k_v1__d64,iwildcam__0147__0208,domain_a,0.6,0.8098074886674187
iwildcam__vit_b_16_imagenet1k_v1__d64,iwildcam__0147__0208,domain_a,0.7,0.7901121650626601
iwildcam__vit_b_16_imagenet1k_v1__d64,iwildcam__0147__0208,domain_a,0.8,0.770053343569651
iwildcam__vit_b_16_imagenet1k_v1__d64,iwildcam__0147__0208,domain_a,0.9,0.7600368894355498
iwildcam__vit_b_16_imagenet1k_v1__d64,iwildcam__0147__0208,domain_a,1.0,0.7356699663178987
iwildcam__vit_b_16_imagenet1k_v1__d64,iwildcam__0147__0208,domain_b,0.0,0.6518606994718421
iwildcam__vit_b_16_imagenet1k_v1__d64,iwildcam__0147__0208,domain_b,0.1,0.7266090564495294
iwildcam__vit_b_16_imagenet1k_v1__d64,iwildcam__0147__0208,domain_b,0.2,0.7365580016118521
iwildcam__vit_b_16_imagenet1k_v1__d64,iwildcam__0147__0208,domain_b,0.3,0.7405262555801061
iwildcam__vit_b_16_imagenet1k_v1__d64,iwildcam__0147__0208,domain_b,0.4,0.7371166227713317
iwildcam__vit_b_16_imagenet1k_v1__d64,iwildcam__0147__0208,domain_b,0.5,0.7334726030126467
iwildcam__vit_b_16_imagenet1k_v1__d64,iwildcam__0147__0208,domain_b,0.6,0.7390281585682023
iwildcam__vit_b_16_imagenet1k_v1__d64,iwildcam__0147__0208,domain_b,0.7,0.7702373882854084
iwildcam__vit_b_16_imagenet1k_v1__d64,iwildcam__0147__0208,domain_b,0.8,0.7678788977193707
iwildcam__vit_b_16_imagenet1k_v1__d64,iwildcam__0147__0208,domain_b,0.9,0.7234793769047555
iwildcam__vit_b_16_imagenet1k_v1__d64,iwildcam__0147__0208,domain_b,1.0,0.6921018603138613
iwildcam__vit_b_16_imagenet1k_v1__d64,iwildcam__0179__0306,domain_a,0.0,0.6060122268542164
iwildcam__vit_b_16_imagenet1k_v1__d64,iwildcam__0179__0306,domain_a,0.1,0.6702535384141095
iwildcam__vit_b_16_imagenet1k_v1__d64,iwildcam__0179__0306,domain_a,0.2,0.700026850612052
iwildcam__vit_b_16_imagenet1k_v1__d64,iwildcam__0179__0306,domain_a,0.3,0.724433395527825
iwildcam__vit_b_16_imagenet1k_v1__d64,iwildcam__0179__0306,domain_a,0.4,0.7045925091297832
iwildcam__vit_b_16_imagenet1k_v1__d64,iwildcam__0179__0306,domain_a,0.5,0.6949485284982676
iwildcam__vit_b_16_imagenet1k_v1__d64,iwildcam__0179__0306,domain_a,0.6,0.6692490609475342
iwildcam__vit_b_16_imagenet1k_v1__d64,iwildcam__0179__0306,domain_a,0.7,0.6520272355890532
iwildcam__vit_b_16_imagenet1k_v1__d64,iwildcam__0179__0306,domain_a,0.8,0.6312892358283217
iwildcam__vit_b_16_imagenet1k_v1__d64,iwildcam__0179__0306,domain_a,0.9,0.6226177151538298
iwildcam__vit_b_16_imagenet1k_v1__d64,iwildcam__0179__0306,domain_a,1.0,0.6207917105709163
iwildcam__vit_b_16_imagenet1k_v1__d64,iwildcam__0179__0306,domain_b,0.0,0.6487797400049057
iwildcam__vit_b_16_imagenet1k_v1__d64,iwildcam__0179__0306,domain_b,0.1,0.722561416418161
iwildcam__vit_b_16_imagenet1k_v1__d64,iwildcam__0179__0306,domain_b,0.2,0.7851319339555658
iwildcam__vit_b_16_imagenet1k_v1__d64,iwildcam__0179__0306,domain_b,0.3,0.7841559841472703
iwildcam__vit_b_16_imagenet1k_v1__d64,iwildcam__0179__0306,domain_b,0.4,0.7719188515807547
iwildcam__vit_b_16_imagenet1k_v1__d64,iwildcam__0179__0306,domain_b,0.5,0.7554445348101675
iwildcam__vit_b_16_imagenet1k_v1__d64,iwildcam__0179__0306,domain_b,0.6,0.756803893471722
iwildcam__vit_b_16_imagenet1k_v1__d64,iwildcam__0179__0306,domain_b,0.7,0.7584595226107949
iwildcam__vit_b_16_imagenet1k_v1__d64,iwildcam__0179__0306,domain_b,0.8,0.777560254573151
iwildcam__vit_b_16_imagenet1k_v1__d64,iwildcam__0179__0306,domain_b,0.9,0.7663978286407703
iwildcam__vit_b_16_imagenet1k_v1__d64,iwildcam__0179__0306,domain_b,1.0,0.7649280947032777
iwildcam__vit_b_16_imagenet1k_v1__d64,iwildcam__0115__0299,domain_a,0.0,0.7362851060345533
iwildcam__vit_b_16_imagenet1k_v1__d64,iwildcam__0115__0299,domain_a,0.1,0.7306353885204291
iwildcam__vit_b_16_imagenet1k_v1__d64,iwildcam__0115__0299,domain_a,0.2,0.7028576107426513
iwildcam__vit_b_16_imagenet1k_v1__d64,iwildcam__0115__0299,domain_a,0.3,0.7028576107426513
iwildcam__vit_b_16_imagenet1k_v1__d64,iwildcam__0115__0299,domain_a,0.4,0.6972078932285269
iwildcam__vit_b_16_imagenet1k_v1__d64,iwildcam__0115__0299,domain_a,0.5,0.6972078932285269
iwildcam__vit_b_16_imagenet1k_v1__d64,iwildcam__0115__0299,domain_a,0.6,0.6915581757144027
iwildcam__vit_b_16_imagenet1k_v1__d64,iwildcam__0115__0299,domain_a,0.7,0.6827151396053385
iwildcam__vit_b_16_imagenet1k_v1__d64,iwildcam__0115__0299,domain_a,0.8,0.6549373618275608
iwildcam__vit_b_16_imagenet1k_v1__d64,iwildcam__0115__0299,domain_a,0.9,0.6549373618275608
iwildcam__vit_b_16_imagenet1k_v1__d64,iwildcam__0115__0299,domain_a,1.0,0.6328093015639072
iwildcam__vit_b_16_imagenet1k_v1__d64,iwildcam__0115__0299,domain_b,0.0,0.7375180375180376
iwildcam__vit_b_16_imagenet1k_v1__d64,iwildcam__0115__0299,domain_b,0.1,0.7824675324675324
iwildcam__vit_b_16_imagenet1k_v1__d64,iwildcam__0115__0299,domain_b,0.2,0.7634199134199134
iwildcam__vit_b_16_imagenet1k_v1__d64,iwildcam__0115__0299,domain_b,0.3,0.7634199134199134
iwildcam__vit_b_16_imagenet1k_v1__d64,iwildcam__0115__0299,domain_b,0.4,0.770995670995671
iwildcam__vit_b_16_imagenet1k_v1__d64,iwildcam__0115__0299,domain_b,0.5,0.7598845598845599
iwildcam__vit_b_16_imagenet1k_v1__d64,iwildcam__0115__0299,domain_b,0.6,0.7598845598845599
iwildcam__vit_b_16_imagenet1k_v1__d64,iwildcam__0115__0299,domain_b,0.7,0.7674603174603174
iwildcam__vit_b_16_imagenet1k_v1__d64,iwildcam__0115__0299,domain_b,0.8,0.7332611832611833
iwildcam__vit_b_16_imagenet1k_v1__d64,iwildcam__0115__0299,domain_b,0.9,0.7443722943722945
iwildcam__vit_b_16_imagenet1k_v1__d64,iwildcam__0115__0299,domain_b,1.0,0.7435064935064934
iwildcam__vit_b_16_imagenet1k_v1__d64,iwildcam__0208__0306,domain_a,0.0,0.8708512173033803
iwildcam__vit_b_16_imagenet1k_v1__d64,iwildcam__0208__0306,domain_a,0.1,0.8864745582679247
iwildcam__vit_b_16_imagenet1k_v1__d64,iwildcam__0208__0306,domain_a,0.2,0.9048934660105843
iwildcam__vit_b_16_imagenet1k_v1__d64,iwildcam__0208__0306,domain_a,0.3,0.9075891033129926
iwildcam__vit_b_16_imagenet1k_v1__d64,iwildcam__0208__0306,domain_a,0.4,0.9121643725655635
iwildcam__vit_b_16_imagenet1k_v1__d64,iwildcam__0208__0306,domain_a,0.5,0.9044444492249423
iwildcam__vit_b_16_imagenet1k_v1__d64,iwildcam__0208__0306,domain_a,0.6,0.9019323062058356
iwildcam__vit_b_16_imagenet1k_v1__d64,iwildcam__0208__0306,domain_a,0.7,0.8979895480222081
iwildcam__vit_b_16_imagenet1k_v1__d64,iwildcam__0208__0306,domain_a,0.8,0.8945614701751491
iwildcam__vit_b_16_imagenet1k_v1__d64,iwildcam__0208__0306,domain_a,0.9,0.8868415468345278
iwildcam__vit_b_16_imagenet1k_v1__d64,iwildcam__0208__0306,domain_a,1.0,0.8748954415512702
iwildcam__vit_b_16_imagenet1k_v1__d64,iwildcam__0208__0306,domain_b,0.0,0.772111846946284
iwildcam__vit_b_16_imagenet1k_v1__d64,iwildcam__0208__0306,domain_b,0.1,0.7964679911699779
iwildcam__vit_b_16_imagenet1k_v1__d64,iwildcam__0208__0306,domain_b,0.2,0.7986754966887418
iwildcam__vit_b_16_imagenet1k_v1__d64,iwildcam__0208__0306,domain_b,0.3,0.8056930405483907
iwildcam__vit_b_16_imagenet1k_v1__d64,iwildcam__0208__0306,domain_b,0.4,0.8180318345532706
iwildcam__vit_b_16_imagenet1k_v1__d64,iwildcam__0208__0306,domain_b,0.5,0.8113357344796871
iwildcam__vit_b_16_imagenet1k_v1__d64,iwildcam__0208__0306,domain_b,0.6,0.8069207234421595
iwildcam__vit_b_16_imagenet1k_v1__d64,iwildcam__0208__0306,domain_b,0.7,0.8069207234421595
iwildcam__vit_b_16_imagenet1k_v1__d64,iwildcam__0208__0306,domain_b,0.8,0.8113357344796871
iwildcam__vit_b_16_imagenet1k_v1__d64,iwildcam__0208__0306,domain_b,0.9,0.814449479106154
iwildcam__vit_b_16_imagenet1k_v1__d64,iwildcam__0208__0306,domain_b,1.0,0.8156771619999227
iwildcam__vit_b_16_imagenet1k_v1__d64,iwildcam__0208__0283,domain_a,0.0,0.8481190167665446
iwildcam__vit_b_16_imagenet1k_v1__d64,iwildcam__0208__0283,domain_a,0.1,0.8765831029810259
iwildcam__vit_b_16_imagenet1k_v1__d64,iwildcam__0208__0283,domain_a,0.2,0.8914702451614113
iwildcam__vit_b_16_imagenet1k_v1__d64,iwildcam__0208__0283,domain_a,0.3,0.8968616490347886
iwildcam__vit_b_16_imagenet1k_v1__d64,iwildcam__0208__0283,domain_a,0.4,0.9063455016463948
iwildcam__vit_b_16_imagenet1k_v1__d64,iwildcam__0208__0283,domain_a,0.5,0.9052725402730043
iwildcam__vit_b_16_imagenet1k_v1__d64,iwildcam__0208__0283,domain_a,0.6,0.8981970685748911
iwildcam__vit_b_16_imagenet1k_v1__d64,iwildcam__0208__0283,domain_a,0.7,0.8896619825667004
iwildcam__vit_b_16_imagenet1k_v1__d64,iwildcam__0208__0283,domain_a,0.8,0.8852068169170761
iwildcam__vit_b_16_imagenet1k_v1__d64,iwildcam__0208__0283,domain_a,0.9,0.8532488600360485
iwildcam__vit_b_16_imagenet1k_v1__d64,iwildcam__0208__0283,domain_a,1.0,0.8109334859253574
iwildcam__vit_b_16_imagenet1k_v1__d64,iwildcam__0208__0283,domain_b,0.0,0.8076219512195122
iwildcam__vit_b_16_imagenet1k_v1__d64,iwildcam__0208__0283,domain_b,0.1,0.8285381581494387
iwildcam__vit_b_16_imagenet1k_v1__d64,iwildcam__0208__0283,domain_b,0.2,0.8168814121176926
iwildcam__vit_b_16_imagenet1k_v1__d64,iwildcam__0208__0283,domain_b,0.3,0.8234332655826558
iwildcam__vit_b_16_imagenet1k_v1__d64,iwildcam__0208__0283,domain_b,0.4,0.8220691782810685
iwildcam__vit_b_16_imagenet1k_v1__d64,iwildcam__0208__0283,domain_b,0.5,0.8220691782810685
iwildcam__vit_b_16_imagenet1k_v1__d64,iwildcam__0208__0283,domain_b,0.6,0.8208496660859466
iwildcam__vit_b_16_imagenet1k_v1__d64,iwildcam__0208__0283,domain_b,0.7,0.8168814121176926
iwildcam__vit_b_16_imagenet1k_v1__d64,iwildcam__0208__0283,domain_b,0.8,0.8141532375145181
iwildcam__vit_b_16_imagenet1k_v1__d64,iwildcam__0208__0283,domain_b,0.9,0.7956760549748354
iwildcam__vit_b_16_imagenet1k_v1__d64,iwildcam__0208__0283,domain_b,1.0,0.7837712930700735
iwildcam__vit_b_16_imagenet1k_v1__d64,iwildcam__0208__0219,domain_a,0.0,0.6518606994718421
iwildcam__vit_b_16_imagenet1k_v1__d64,iwildcam__0208__0219,domain_a,0.1,0.7266090564495294
iwildcam__vit_b_16_imagenet1k_v1__d64,iwildcam__0208__0219,domain_a,0.2,0.7365580016118521
iwildcam__vit_b_16_imagenet1k_v1__d64,iwildcam__0208__0219,domain_a,0.3,0.7405262555801061
iwildcam__vit_b_16_imagenet1k_v1__d64,iwildcam__0208__0219,domain_a,0.4,0.7371166227713317
iwildcam__vit_b_16_imagenet1k_v1__d64,iwildcam__0208__0219,domain_a,0.5,0.7334726030126467
iwildcam__vit_b_16_imagenet1k_v1__d64,iwildcam__0208__0219,domain_a,0.6,0.7390281585682023
iwildcam__vit_b_16_imagenet1k_v1__d64,iwildcam__0208__0219,domain_a,0.7,0.7702373882854084
iwildcam__vit_b_16_imagenet1k_v1__d64,iwildcam__0208__0219,domain_a,0.8,0.7678788977193707
iwildcam__vit_b_16_imagenet1k_v1__d64,iwildcam__0208__0219,domain_a,0.9,0.7234793769047555
iwildcam__vit_b_16_imagenet1k_v1__d64,iwildcam__0208__0219,domain_a,1.0,0.6921018603138613
iwildcam__vit_b_16_imagenet1k_v1__d64,iwildcam__0208__0219,domain_b,0.0,0.7518837327709073
iwildcam__vit_b_16_imagenet1k_v1__d64,iwildcam__0208__0219,domain_b,0.1,0.7725726811574255
iwildcam__vit_b_16_imagenet1k_v1__d64,iwildcam__0208__0219,domain_b,0.2,0.7799490278606447
iwildcam__vit_b_16_imagenet1k_v1__d64,iwildcam__0208__0219,domain_b,0.3,0.7879370756694096
iwildcam__vit_b_16_imagenet1k_v1__d64,iwildcam__0208__0219,domain_b,0.4,0.79874093419031
iwildcam__vit_b_16_imagenet1k_v1__d64,iwildcam__0208__0219,domain_b,0.5,0.8039330916056646
iwildcam__vit_b_16_imagenet1k_v1__d64,iwildcam__0208__0219,domain_b,0.6,0.8015215160429636
iwildcam__vit_b_16_imagenet1k_v1__d64,iwildcam__0208__0219,domain_b,0.7,0.8011195867825136
iwildcam__vit_b_16_imagenet1k_v1__d64,iwildcam__0208__0219,domain_b,0.8,0.8123253745638641
iwildcam__vit_b_16_imagenet1k_v1__d64,iwildcam__0208__0219,domain_b,0.9,0.8073253745638641
iwildcam__vit_b_16_imagenet1k_v1__d64,iwildcam__0208__0219,domain_b,1.0,0.7969563682739114
iwildcam__vit_b_16_imagenet1k_v1__d64,iwildcam__0279__0306,domain_a,0.0,0.7273448773448773
iwildcam__vit_b_16_imagenet1k_v1__d64,iwildcam__0279__0306,domain_a,0.1,0.7479437229437229
iwildcam__vit_b_16_imagenet1k_v1__d64,iwildcam__0279__0306,domain_a,0.2,0.7479437229437229
iwildcam__vit_b_16_imagenet1k_v1__d64,iwildcam__0279__0306,domain_a,0.3,0.7609307359307359
iwildcam__vit_b_16_imagenet1k_v1__d64,iwildcam__0279__0306,domain_a,0.4,0.770815295815296
iwildcam__vit_b_16_imagenet1k_v1__d64,iwildcam__0279__0306,domain_a,0.5,0.7924603174603174
iwildcam__vit_b_16_imagenet1k_v1__d64,iwildcam__0279__0306,domain_a,0.6,0.8082251082251082
iwildcam__vit_b_16_imagenet1k_v1__d64,iwildcam__0279__0306,domain_a,0.7,0.8082251082251082
iwildcam__vit_b_16_imagenet1k_v1__d64,iwildcam__0279__0306,domain_a,0.8,0.8125541125541126
iwildcam__vit_b_16_imagenet1k_v1__d64,iwildcam__0279__0306,domain_a,0.9,0.8168831168831169
iwildcam__vit_b_16_imagenet1k_v1__d64,iwildcam__0279__0306,domain_a,1.0,0.8270923520923521
iwildcam__vit_b_16_imagenet1k_v1__d64,iwildcam__0279__0306,domain_b,0.0,0.6641075954541739
iwildcam__vit_b_16_imagenet1k_v1__d64,iwildcam__0279__0306,domain_b,0.1,0.6840487286403402
iwildcam__vit_b_16_imagenet1k_v1__d64,iwildcam__0279__0306,domain_b,0.2,0.7995748507889789
iwildcam__vit_b_16_imagenet1k_v1__d64,iwildcam__0279__0306,domain_b,0.3,0.8017823563077426
iwildcam__vit_b_16_imagenet1k_v1__d64,iwildcam__0279__0306,domain_b,0.4,0.8017823563077426
iwildcam__vit_b_16_imagenet1k_v1__d64,iwildcam__0279__0306,domain_b,0.5,0.8185430463576159
iwildcam__vit_b_16_imagenet1k_v1__d64,iwildcam__0279__0306,domain_b,0.6,0.8096394407652685
iwildcam__vit_b_16_imagenet1k_v1__d64,iwildcam__0279__0306,domain_b,0.7,0.8118469462840324
iwildcam__vit_b_16_imagenet1k_v1__d64,iwildcam__0279__0306,domain_b,0.8,0.8140544518027961
iwildcam__vit_b_16_imagenet1k_v1__d64,iwildcam__0279__0306,domain_b,0.9,0.8184694628403237
iwildcam__vit_b_16_imagenet1k_v1__d64,iwildcam__0279__0306,domain_b,1.0,0.8183958793230316
iwildcam__vit_b_16_imagenet1k_v1__d64,iwildcam__0022__0208,domain_a,0.0,0.9045548600243436
iwildcam__vit_b_16_imagenet1k_v1__d64,iwildcam__0022__0208,domain_a,0.1,0.9433537645626848
iwildcam__vit_b_16_imagenet1k_v1__d64,iwildcam__0022__0208,domain_a,0.2,0.9433537645626848
iwildcam__vit_b_16_imagenet1k_v1__d64,iwildcam__0022__0208,domain_a,0.3,0.9468748913232482
iwildcam__vit_b_16_imagenet1k_v1__d64,iwildcam__0022__0208,domain_a,0.4,0.953917144844375
iwildcam__vit_b_16_imagenet1k_v1__d64,iwildcam__0022__0208,domain_a,0.5,0.9509104213759926
iwildcam__vit_b_16_imagenet1k_v1__d64,iwildcam__0022__0208,domain_a,0.6,0.9429036979076103
iwildcam__vit_b_16_imagenet1k_v1__d64,iwildcam__0022__0208,domain_a,0.7,0.9401207036457427
iwildcam__vit_b_16_imagenet1k_v1__d64,iwildcam__0022__0208,domain_a,0.8,0.9326207036457427
iwildcam__vit_b_16_imagenet1k_v1__d64,iwildcam__0022__0208,domain_a,0.9,0.9110361966034892
iwildcam__vit_b_16_imagenet1k_v1__d64,iwildcam__0022__0208,domain_a,1.0,0.852254825247783
iwildcam__vit_b_16_imagenet1k_v1__d64,iwildcam__0022__0208,domain_b,0.0,0.7112526446975626
iwildcam__vit_b_16_imagenet1k_v1__d64,iwildcam__0022__0208,domain_b,0.1,0.7728156772954667
iwildcam__vit_b_16_imagenet1k_v1__d64,iwildcam__0022__0208,domain_b,0.2,0.8137887128882797
iwildcam__vit_b_16_imagenet1k_v1__d64,iwildcam__0022__0208,domain_b,0.3,0.8182313501582414
iwildcam__vit_b_16_imagenet1k_v1__d64,iwildcam__0022__0208,domain_b,0.4,0.8410606096770216
iwildcam__vit_b_16_imagenet1k_v1__d64,iwildcam__0022__0208,domain_b,0.5,0.8510588025025388
iwildcam__vit_b_16_imagenet1k_v1__d64,iwildcam__0022__0208,domain_b,0.6,0.8431447563809455
iwildcam__vit_b_16_imagenet1k_v1__d64,iwildcam__0022__0208,domain_b,0.7,0.8344595212806162
iwildcam__vit_b_16_imagenet1k_v1__d64,iwildcam__0022__0208,domain_b,0.8,0.818608967222515
iwildcam__vit_b_16_imagenet1k_v1__d64,iwildcam__0022__0208,domain_b,0.9,0.7670441274501278
iwildcam__vit_b_16_imagenet1k_v1__d64,iwildcam__0022__0208,domain_b,1.0,0.67601924924971
iwildcam__vit_b_16_imagenet1k_v1__d64,iwildcam__0047__0216,domain_a,0.0,0.9060701203558347
iwildcam__vit_b_16_imagenet1k_v1__d64,iwildcam__0047__0216,domain_a,0.1,0.957352171637886
iwildcam__vit_b_16_imagenet1k_v1__d64,iwildcam__0047__0216,domain_a,0.2,0.957352171637886
iwildcam__vit_b_16_imagenet1k_v1__d64,iwildcam__0047__0216,domain_a,0.3,0.957352171637886
iwildcam__vit_b_16_imagenet1k_v1__d64,iwildcam__0047__0216,domain_a,0.4,0.935112506541078
iwildcam__vit_b_16_imagenet1k_v1__d64,iwildcam__0047__0216,domain_a,0.5,0.935112506541078
iwildcam__vit_b_16_imagenet1k_v1__d64,iwildcam__0047__0216,domain_a,0.6,0.8838304552590266
iwildcam__vit_b_16_imagenet1k_v1__d64,iwildcam__0047__0216,domain_a,0.7,0.8325484039769754
iwildcam__vit_b_16_imagenet1k_v1__d64,iwildcam__0047__0216,domain_a,0.8,0.8236040855088474
iwildcam__vit_b_16_imagenet1k_v1__d64,iwildcam__0047__0216,domain_a,0.9,0.7979630598678217
iwildcam__vit_b_16_imagenet1k_v1__d64,iwildcam__0047__0216,domain_a,1.0,0.7599763552144504
iwildcam__vit_b_16_imagenet1k_v1__d64,iwildcam__0047__0216,domain_b,0.0,0.8145095645095646
iwildcam__vit_b_16_imagenet1k_v1__d64,iwildcam__0047__0216,domain_b,0.1,0.8145095645095646
iwildcam__vit_b_16_imagenet1k_v1__d64,iwildcam__0047__0216,domain_b,0.2,0.8224460724460725
iwildcam__vit_b_16_imagenet1k_v1__d64,iwildcam__0047__0216,domain_b,0.3,0.8288563288563289
iwildcam__vit_b_16_imagenet1k_v1__d64,iwildcam__0047__0216,domain_b,0.4,0.8511396011396012
iwildcam__vit_b_16_imagenet1k_v1__d64,iwildcam__0047__0216,domain_b,0.5,0.8654863654863655
iwildcam__vit_b_16_imagenet1k_v1__d64,iwildcam__0047__0216,domain_b,0.6,0.8654863654863655
iwildcam__vit_b_16_imagenet1k_v1__d64,iwildcam__0047__0216,domain_b,0.7,0.8654863654863655
iwildcam__vit_b_16_imagenet1k_v1__d64,iwildcam__0047__0216,domain_b,0.8,0.8654863654863655
iwildcam__vit_b_16_imagenet1k_v1__d64,iwildcam__0047__0216,domain_b,0.9,0.8443223443223443
iwildcam__vit_b_16_imagenet1k_v1__d64,iwildcam__0047__0216,domain_b,1.0,0.8167480667480668
rxrx1__resnet18_imagenet1k_v1__d128,rxrx1__0001__0002,domain_a,0.0,0.20149739583333334
rxrx1__resnet18_imagenet1k_v1__d128,rxrx1__0001__0002,domain_a,0.1,0.1987008759469697
rxrx1__resnet18_imagenet1k_v1__d128,rxrx1__0001__0002,domain_a,0.2,0.19387724905303028
rxrx1__resnet18_imagenet1k_v1__d128,rxrx1__0001__0002,domain_a,0.3,0.18616832386363635
rxrx1__resnet18_imagenet1k_v1__d128,rxrx1__0001__0002,domain_a,0.4,0.18024976325757575
rxrx1__resnet18_imagenet1k_v1__d128,rxrx1__0001__0002,domain_a,0.5,0.1730291193181818
rxrx1__resnet18_imagenet1k_v1__d128,rxrx1__0001__0002,domain_a,0.6,0.16444720643939392
rxrx1__resnet18_imagenet1k_v1__d128,rxrx1__0001__0002,domain_a,0.7,0.15293560606060608
rxrx1__resnet18_imagenet1k_v1__d128,rxrx1__0001__0002,domain_a,0.8,0.13359670928030304
rxrx1__resnet18_imagenet1k_v1__d128,rxrx1__0001__0002,domain_a,0.9,0.11339962121212122
rxrx1__resnet18_imagenet1k_v1__d128,rxrx1__0001__0002,domain_a,1.0,0.05524976325757576
rxrx1__resnet18_imagenet1k_v1__d128,rxrx1__0001__0002,domain_b,0.0,0.07877604166666666
rxrx1__resnet18_imagenet1k_v1__d128,rxrx1__0001__0002,domain_b,0.1,0.06673177083333333
rxrx1__resnet18_imagenet1k_v1__d128,rxrx1__0001__0002,domain_b,0.2,0.0615234375
rxrx1__resnet18_imagenet1k_v1__d128,rxrx1__0001__0002,domain_b,0.3,0.06282552083333333
rxrx1__resnet18_imagenet1k_v1__d128,rxrx1__0001__0002,domain_b,0.4,0.060546875
rxrx1__resnet18_imagenet1k_v1__d128,rxrx1__0001__0002,domain_b,0.5,0.06282552083333333
rxrx1__resnet18_imagenet1k_v1__d128,rxrx1__0001__0002,domain_b,0.6,0.06184895833333333
rxrx1__resnet18_imagenet1k_v1__d128,rxrx1__0001__0002,domain_b,0.7,0.0615234375
rxrx1__resnet18_imagenet1k_v1__d128,rxrx1__0001__0002,domain_b,0.8,0.05989583333333333
rxrx1__resnet18_imagenet1k_v1__d128,rxrx1__0001__0002,domain_b,0.9,0.0517578125
rxrx1__resnet18_imagenet1k_v1__d128,rxrx1__0001__0002,domain_b,1.0,0.025716145833333336
rxrx1__resnet18_imagenet1k_v1__d128,rxrx1__0001__0003,domain_a,0.0,0.16286199763593381
rxrx1__resnet18_imagenet1k_v1__d128,rxrx1__0001__0003,domain_a,0.1,0.15286204380910162
rxrx1__resnet18_imagenet1k_v1__d128,rxrx1__0001__0003,domain_a,0.2,0.1476885833683277
rxrx1__resnet18_imagenet1k_v1__d128,rxrx1__0001__0003,domain_a,0.3,0.1454425625233296
rxrx1__resnet18_imagenet1k_v1__d128,rxrx1__0001__0003,domain_a,0.4,0.13293917244074283
rxrx1__resnet18_imagenet1k_v1__d128,rxrx1__0001__0003,domain_a,0.5,0.1283510784107876
rxrx1__resnet18_imagenet1k_v1__d128,rxrx1__0001__0003,domain_a,0.6,0.11800476507092197
rxrx1__resnet18_imagenet1k_v1__d128,rxrx1__0001__0003,domain_a,0.7,0.10913653988972877
rxrx1__resnet18_imagenet1k_v1__d128,rxrx1__0001__0003,domain_a,0.8,0.08934337867052383
rxrx1__resnet18_imagenet1k_v1__d128,rxrx1__0001__0003,domain_a,0.9,0.06831666481973996
rxrx1__resnet18_imagenet1k_v1__d128,rxrx1__0001__0003,domain_a,1.0,0.04235616572181784
rxrx1__resnet18_imagenet1k_v1__d128,rxrx1__0001__0003,domain_b,0.0,0.048828125
rxrx1__resnet18_imagenet1k_v1__d128,rxrx1__0001__0003,domain_b,0.1,0.04248046875
rxrx1__resnet18_imagenet1k_v1__d128,rxrx1__0001__0003,domain_b,0.2,0.0458984375
rxrx1__resnet18_imagenet1k_v1__d128,rxrx1__0001__0003,domain_b,0.3,0.04833984375
rxrx1__resnet18_imagenet1k_v1__d128,rxrx1__0001__0003,domain_b,0.4,0.0478515625
rxrx1__resnet18_imagenet1k_v1__d128,rxrx1__0001__0003,domain_b,0.5,0.04638671875
rxrx1__resnet18_imagenet1k_v1__d128,rxrx1__0001__0003,domain_b,0.6,0.048828125
rxrx1__resnet18_imagenet1k_v1__d128,rxrx1__0001__0003,domain_b,0.7,0.0517578125
rxrx1__resnet18_imagenet1k_v1__d128,rxrx1__0001__0003,domain_b,0.8,0.05224609375
rxrx1__resnet18_imagenet1k_v1__d128,rxrx1__0001__0003,domain_b,0.9,0.04052734375
rxrx1__resnet18_imagenet1k_v1__d128,rxrx1__0001__0003,domain_b,1.0,0.046875
rxrx1__resnet18_imagenet1k_v1__d64,rxrx1__0001__0002,domain_a,0.0,0.18227687026515152
rxrx1__resnet18_imagenet1k_v1__d64,rxrx1__0001__0002,domain_a,0.1,0.17859256628787878
rxrx1__resnet18_imagenet1k_v1__d64,rxrx1__0001__0002,domain_a,0.2,0.17311789772727273
rxrx1__resnet18_imagenet1k_v1__d64,rxrx1__0001__0002,domain_a,0.3,0.1676284327651515
rxrx1__resnet18_imagenet1k_v1__d64,rxrx1__0001__0002,domain_a,0.4,0.16057054924242425
rxrx1__resnet18_imagenet1k_v1__d64,rxrx1__0001__0002,domain_a,0.5,0.15080492424242425
rxrx1__resnet18_imagenet1k_v1__d64,rxrx1__0001__0002,domain_a,0.6,0.14043264678030304
rxrx1__resnet18_imagenet1k_v1__d64,rxrx1__0001__0002,domain_a,0.7,0.13787286931818182
rxrx1__resnet18_imagenet1k_v1__d64,rxrx1__0001__0002,domain_a,0.8,0.12387547348484848
rxrx1__resnet18_imagenet1k_v1__d64,rxrx1__0001__0002,domain_a,0.9,0.10390033143939394
rxrx1__resnet18_imagenet1k_v1__d64,rxrx1__0001__0002,domain_a,1.0,0.06611032196969698
rxrx1__resnet18_imagenet1k_v1__d64,rxrx1__0001__0002,domain_b,0.0,0.06640625
rxrx1__resnet18_imagenet1k_v1__d64,rxrx1__0001__0002,domain_b,0.1,0.06510416666666666
rxrx1__resnet18_imagenet1k_v1__d64,rxrx1__0001__0002,domain_b,0.2,0.0654296875
rxrx1__resnet18_imagenet1k_v1__d64,rxrx1__0001__0002,domain_b,0.3,0.06380208333333333
rxrx1__resnet18_imagenet1k_v1__d64,rxrx1__0001__0002,domain_b,0.4,0.054361979166666664
rxrx1__resnet18_imagenet1k_v1__d64,rxrx1__0001__0002,domain_b,0.5,0.0546875
rxrx1__resnet18_imagenet1k_v1__d64,rxrx1__0001__0002,domain_b,0.6,0.05208333333333333
rxrx1__resnet18_imagenet1k_v1__d64,rxrx1__0001__0002,domain_b,0.7,0.04915364583333333
rxrx1__resnet18_imagenet1k_v1__d64,rxrx1__0001__0002,domain_b,0.8,0.04329427083333333
rxrx1__resnet18_imagenet1k_v1__d64,rxrx1__0001__0002,domain_b,0.9,0.03515625
rxrx1__resnet18_imagenet1k_v1__d64,rxrx1__0001__0002,domain_b,1.0,0.027018229166666664
rxrx1__resnet18_imagenet1k_v1__d64,rxrx1__0001__0003,domain_a,0.0,0.12870393861982082
rxrx1__resnet18_imagenet1k_v1__d64,rxrx1__0001__0003,domain_a,0.1,0.12435898277108996
rxrx1__resnet18_imagenet1k_v1__d64,rxrx1__0001__0003,domain_a,0.2,0.12172219111608809
rxrx1__resnet18_imagenet1k_v1__d64,rxrx1__0001__0003,domain_a,0.3,0.11605127554591266
rxrx1__resnet18_imagenet1k_v1__d64,rxrx1__0001__0003,domain_a,0.4,0.10696239122573721
rxrx1__resnet18_imagenet1k_v1__d64,rxrx1__0001__0003,domain_a,0.5,0.1042497176146261
rxrx1__resnet18_imagenet1k_v1__d64,rxrx1__0001__0003,domain_a,0.6,0.0972014442966903
rxrx1__resnet18_imagenet1k_v1__d64,rxrx1__0001__0003,domain_a,0.7,0.09625404379743685
rxrx1__resnet18_imagenet1k_v1__d64,rxrx1__0001__0003,domain_a,0.8,0.07869548163960433
rxrx1__resnet18_imagenet1k_v1__d64,rxrx1__0001__0003,domain_a,0.9,0.06258402301465099
rxrx1__resnet18_imagenet1k_v1__d64,rxrx1__0001__0003,domain_a,1.0,0.04491695391237402
rxrx1__resnet18_imagenet1k_v1__d64,rxrx1__0001__0003,domain_b,0.0,0.0478515625
rxrx1__resnet18_imagenet1k_v1__d64,rxrx1__0001__0003,domain_b,0.1,0.04833984375
rxrx1__resnet18_imagenet1k_v1__d64,rxrx1__0001__0003,domain_b,0.2,0.04833984375
rxrx1__resnet18_imagenet1k_v1__d64,rxrx1__0001__0003,domain_b,0.3,0.05029296875
rxrx1__resnet18_imagenet1k_v1__d64,rxrx1__0001__0003,domain_b,0.4,0.05029296875
rxrx1__resnet18_imagenet1k_v1__d64,rxrx1__0001__0003,domain_b,0.5,0.05126953125
rxrx1__resnet18_imagenet1k_v1__d64,rxrx1__0001__0003,domain_b,0.6,0.0517578125
rxrx1__resnet18_imagenet1k_v1__d64,rxrx1__0001__0003,domain_b,0.7,0.0546875
rxrx1__resnet18_imagenet1k_v1__d64,rxrx1__0001__0003,domain_b,0.8,0.05615234375
rxrx1__resnet18_imagenet1k_v1__d64,rxrx1__0001__0003,domain_b,0.9,0.05322265625
rxrx1__resnet18_imagenet1k_v1__d64,rxrx1__0001__0003,domain_b,1.0,0.0390625
rxrx1__vit_b_16_imagenet1k_v1__d128,rxrx1__0001__0002,domain_a,0.0,0.16851621685606058
rxrx1__vit_b_16_imagenet1k_v1__d128,rxrx1__0001__0002,domain_a,0.1,0.17970229640151517
rxrx1__vit_b_16_imagenet1k_v1__d128,rxrx1__0001__0002,domain_a,0.2,0.1697739109848485
rxrx1__vit_b_16_imagenet1k_v1__d128,rxrx1__0001__0002,domain_a,0.3,0.1594608191287879
rxrx1__vit_b_16_imagenet1k_v1__d128,rxrx1__0001__0002,domain_a,0.4,0.15598366477272727
rxrx1__vit_b_16_imagenet1k_v1__d128,rxrx1__0001__0002,domain_a,0.5,0.1459369081439394
rxrx1__vit_b_16_imagenet1k_v1__d128,rxrx1__0001__0002,domain_a,0.6,0.14658794981060608
rxrx1__vit_b_16_imagenet1k_v1__d128,rxrx1__0001__0002,domain_a,0.7,0.1400183475378788
rxrx1__vit_b_16_imagenet1k_v1__d128,rxrx1__0001__0002,domain_a,0.8,0.1362600615530303
rxrx1__vit_b_16_imagenet1k_v1__d128,rxrx1__0001__0002,domain_a,0.9,0.11521957859848483
rxrx1__vit_b_16_imagenet1k_v1__d128,rxrx1__0001__0002,domain_a,1.0,0.07683771306818182
rxrx1__vit_b_16_imagenet1k_v1__d128,rxrx1__0001__0002,domain_b,0.0,0.05989583333333333
rxrx1__vit_b_16_imagenet1k_v1__d128,rxrx1__0001__0002,domain_b,0.1,0.05631510416666667
rxrx1__vit_b_16_imagenet1k_v1__d128,rxrx1__0001__0002,domain_b,0.2,0.05078125
rxrx1__vit_b_16_imagenet1k_v1__d128,rxrx1__0001__0002,domain_b,0.3,0.052408854166666664
rxrx1__vit_b_16_imagenet1k_v1__d128,rxrx1__0001__0002,domain_b,0.4,0.05110677083333333
rxrx1__vit_b_16_imagenet1k_v1__d128,rxrx1__0001__0002,domain_b,0.5,0.050455729166666664
rxrx1__vit_b_16_imagenet1k_v1__d128,rxrx1__0001__0002,domain_b,0.6,0.05110677083333333
rxrx1__vit_b_16_imagenet1k_v1__d128,rxrx1__0001__0002,domain_b,0.7,0.05078125
rxrx1__vit_b_16_imagenet1k_v1__d128,rxrx1__0001__0002,domain_b,0.8,0.05110677083333333
rxrx1__vit_b_16_imagenet1k_v1__d128,rxrx1__0001__0002,domain_b,0.9,0.04427083333333333
rxrx1__vit_b_16_imagenet1k_v1__d128,rxrx1__0001__0002,domain_b,1.0,0.034830729166666664
rxrx1__vit_b_16_imagenet1k_v1__d128,rxrx1__0001__0003,domain_a,0.0,0.14633504125451038
rxrx1__vit_b_16_imagenet1k_v1__d128,rxrx1__0001__0003,domain_a,0.1,0.14657143572306208
rxrx1__vit_b_16_imagenet1k_v1__d128,rxrx1__0001__0003,domain_a,0.2,0.1467478658275787
rxrx1__vit_b_16_imagenet1k_v1__d128,rxrx1__0001__0003,domain_a,0.3,0.13540949767481647
rxrx1__vit_b_16_imagenet1k_v1__d128,rxrx1__0001__0003,domain_a,0.4,0.13282756703371904
rxrx1__vit_b_16_imagenet1k_v1__d128,rxrx1__0001__0003,domain_a,0.5,0.12789171614486128
rxrx1__vit_b_16_imagenet1k_v1__d128,rxrx1__0001__0003,domain_a,0.6,0.12028316788758242
rxrx1__vit_b_16_imagenet1k_v1__d128,rxrx1__0001__0003,domain_a,0.7,0.10861539063472066
rxrx1__vit_b_16_imagenet1k_v1__d128,rxrx1__0001__0003,domain_a,0.8,0.0952930951186699
rxrx1__vit_b_16_imagenet1k_v1__d128,rxrx1__0001__0003,domain_a,0.9,0.07668415414644768
rxrx1__vit_b_16_imagenet1k_v1__d128,rxrx1__0001__0003,domain_a,1.0,0.053007586494494205
rxrx1__vit_b_16_imagenet1k_v1__d128,rxrx1__0001__0003,domain_b,0.0,0.02978515625
rxrx1__vit_b_16_imagenet1k_v1__d128,rxrx1__0001__0003,domain_b,0.1,0.03466796875
rxrx1__vit_b_16_imagenet1k_v1__d128,rxrx1__0001__0003,domain_b,0.2,0.03515625
rxrx1__vit_b_16_imagenet1k_v1__d128,rxrx1__0001__0003,domain_b,0.3,0.03271484375
rxrx1__vit_b_16_imagenet1k_v1__d128,rxrx1__0001__0003,domain_b,0.4,0.03515625
rxrx1__vit_b_16_imagenet1k_v1__d128,rxrx1__0001__0003,domain_b,0.5,0.0361328125
rxrx1__vit_b_16_imagenet1k_v1__d128,rxrx1__0001__0003,domain_b,0.6,0.03466796875
rxrx1__vit_b_16_imagenet1k_v1__d128,rxrx1__0001__0003,domain_b,0.7,0.0361328125
rxrx1__vit_b_16_imagenet1k_v1__d128,rxrx1__0001__0003,domain_b,0.8,0.03564453125
rxrx1__vit_b_16_imagenet1k_v1__d128,rxrx1__0001__0003,domain_b,0.9,0.03955078125
rxrx1__vit_b_16_imagenet1k_v1__d128,rxrx1__0001__0003,domain_b,1.0,0.03564453125
rxrx1__vit_b_16_imagenet1k_v1__d64,rxrx1__0001__0002,domain_a,0.0,0.1371478456439394
rxrx1__vit_b_16_imagenet1k_v1__d64,rxrx1__0001__0002,domain_a,0.1,0.15206261837121213
rxrx1__vit_b_16_imagenet1k_v1__d64,rxrx1__0001__0002,domain_a,0.2,0.14538944128787878
rxrx1__vit_b_16_imagenet1k_v1__d64,rxrx1__0001__0002,domain_a,0.3,0.14121685606060608
rxrx1__vit_b_16_imagenet1k_v1__d64,rxrx1__0001__0002,domain_a,0.4,0.13486919981060605
rxrx1__vit_b_16_imagenet1k_v1__d64,rxrx1__0001__0002,domain_a,0.5,0.12770774147727273
rxrx1__vit_b_16_imagenet1k_v1__d64,rxrx1__0001__0002,domain_a,0.6,0.11989524147727272
rxrx1__vit_b_16_imagenet1k_v1__d64,rxrx1__0001__0002,domain_a,0.7,0.11729107481060606
rxrx1__vit_b_16_imagenet1k_v1__d64,rxrx1__0001__0002,domain_a,0.8,0.11088423295454546
rxrx1__vit_b_16_imagenet1k_v1__d64,rxrx1__0001__0002,domain_a,0.9,0.10876834753787878
rxrx1__vit_b_16_imagenet1k_v1__d64,rxrx1__0001__0002,domain_a,1.0,0.09090909090909091
rxrx1__vit_b_16_imagenet1k_v1__d64,rxrx1__0001__0002,domain_b,0.0,0.04915364583333333
rxrx1__vit_b_16_imagenet1k_v1__d64,rxrx1__0001__0002,domain_b,0.1,0.0517578125
rxrx1__vit_b_16_imagenet1k_v1__d64,rxrx1__0001__0002,domain_b,0.2,0.048828125
rxrx1__vit_b_16_imagenet1k_v1__d64,rxrx1__0001__0002,domain_b,0.3,0.04361979166666667
rxrx1__vit_b_16_imagenet1k_v1__d64,rxrx1__0001__0002,domain_b,0.4,0.04296875
rxrx1__vit_b_16_imagenet1k_v1__d64,rxrx1__0001__0002,domain_b,0.5,0.04296875
rxrx1__vit_b_16_imagenet1k_v1__d64,rxrx1__0001__0002,domain_b,0.6,0.044921875
rxrx1__vit_b_16_imagenet1k_v1__d64,rxrx1__0001__0002,domain_b,0.7,0.04231770833333333
rxrx1__vit_b_16_imagenet1k_v1__d64,rxrx1__0001__0002,domain_b,0.8,0.03938802083333333
rxrx1__vit_b_16_imagenet1k_v1__d64,rxrx1__0001__0002,domain_b,0.9,0.035807291666666664
rxrx1__vit_b_16_imagenet1k_v1__d64,rxrx1__0001__0002,domain_b,1.0,0.03287760416666667
rxrx1__vit_b_16_imagenet1k_v1__d64,rxrx1__0001__0003,domain_a,0.0,0.13111369194817718
rxrx1__vit_b_16_imagenet1k_v1__d64,rxrx1__0001__0003,domain_a,0.1,0.13353675043937416
rxrx1__vit_b_16_imagenet1k_v1__d64,rxrx1__0001__0003,domain_a,0.2,0.13003925448317158
rxrx1__vit_b_16_imagenet1k_v1__d64,rxrx1__0001__0003,domain_a,0.3,0.12202626572803907
rxrx1__vit_b_16_imagenet1k_v1__d64,rxrx1__0001__0003,domain_a,0.4,0.11660887730185393
rxrx1__vit_b_16_imagenet1k_v1__d64,rxrx1__0001__0003,domain_a,0.5,0.11091572570610923
rxrx1__vit_b_16_imagenet1k_v1__d64,rxrx1__0001__0003,domain_a,0.6,0.10435798154239766
rxrx1__vit_b_16_imagenet1k_v1__d64,rxrx1__0001__0003,domain_a,0.7,0.09821263667257683
rxrx1__vit_b_16_imagenet1k_v1__d64,rxrx1__0001__0003,domain_a,0.8,0.0908816742099042
rxrx1__vit_b_16_imagenet1k_v1__d64,rxrx1__0001__0003,domain_a,0.9,0.08038116679109121
rxrx1__vit_b_16_imagenet1k_v1__d64,rxrx1__0001__0003,domain_a,1.0,0.061451990598170955
rxrx1__vit_b_16_imagenet1k_v1__d64,rxrx1__0001__0003,domain_b,0.0,0.03759765625
rxrx1__vit_b_16_imagenet1k_v1__d64,rxrx1__0001__0003,domain_b,0.1,0.03662109375
rxrx1__vit_b_16_imagenet1k_v1__d64,rxrx1__0001__0003,domain_b,0.2,0.03759765625
rxrx1__vit_b_16_imagenet1k_v1__d64,rxrx1__0001__0003,domain_b,0.3,0.03955078125
rxrx1__vit_b_16_imagenet1k_v1__d64,rxrx1__0001__0003,domain_b,0.4,0.03955078125
rxrx1__vit_b_16_imagenet1k_v1__d64,rxrx1__0001__0003,domain_b,0.5,0.0380859375
rxrx1__vit_b_16_imagenet1k_v1__d64,rxrx1__0001__0003,domain_b,0.6,0.0390625
rxrx1__vit_b_16_imagenet1k_v1__d64,rxrx1__0001__0003,domain_b,0.7,0.03759765625
rxrx1__vit_b_16_imagenet1k_v1__d64,rxrx1__0001__0003,domain_b,0.8,0.03662109375
rxrx1__vit_b_16_imagenet1k_v1__d64,rxrx1__0001__0003,domain_b,0.9,0.041015625
rxrx1__vit_b_16_imagenet1k_v1__d64,rxrx1__0001__0003,domain_b,1.0,0.03662109375
