replicate_id,T_HET
0,7.676059361896459e-05
1,7.193224306441095e-05
2,8.50832196490081e-05
3,0.00024620785921462867
4,0.00019819372145787493
5,8.486142385018031e-05
6,0.00011406998089588037
7,0.0001206424223976627
8,6.2972984851886e-05
9,9.389185363856008e-05
10,0.00019055716452244455
11,0.00012008031283582177
12,6.55422104598503e-05
13,0.00021694683799231975
14,0.00021226321535567624
15,5.913366496782646e-05
16,6.317640621033043e-05
17,0.00023626817289388777
18,7.716083318914353e-05
19,9.193244661676905e-05
20,6.58777816452206e-05
21,0.00011306801486647811
22,8.349366853655409e-05
23,8.109226068554096e-05
24,3.3392671269001086e-05
25,0.00016487661659058035
26,0.0001403168423253056
27,5.19520530712579e-05
28,0.0003471551778609697
29,3.741934791516651e-05
30,0.00014204750445208516
31,0.00010711724785183451
32,0.0001521873694254155
33,6.018083459295059e-05
34,0.000206677961556286
35,0.00016623530876375324
36,0.0001797518689575432
37,7.139587388919109e-05
38,8.307472927088658e-05
39,0.0001690175969343191
40,8.88212187739016e-05
41,0.0001925059152419967
42,0.00013954225920925257
43,0.0003270113239570106
44,0.0001226746648107688
45,3.5832524145107706e-05
46,3.9305060282264515e-05
47,6.84638388790995e-05
48,8.876529198177767e-05
49,0.00022724733086563527
50,0.0001409735387446159
51,4.214847795755196e-05
52,0.00016820623690062846
53,2.9056615890869315e-05
54,8.814496490593093e-05
55,0.00019030968837822372
56,7.380288659167216e-05
57,8.66027337871998e-05
58,3.733106201951699e-05
59,0.00011192237061909378
60,0.0001300836696892243
61,0.00010321497425085491
62,0.0001277747345981303
63,8.932277870690134e-05
64,9.381191923387612e-05
65,0.00015399659014163765
66,0.00014682988949605313
67,0.0001574604529308758
68,5.947324029318154e-05
69,0.00015019633506503023
70,0.000146665509094251
71,0.0001018696155053856
72,0.0002556123062685761
73,0.00018041392503646158
74,0.00013598585365464462
75,9.774768916677158e-05
76,0.0002491006422845852
77,0.00012249504063557794
78,0.00018730711609419535
79,8.997589748070929e-05
80,4.9712058372826444e-05
81,4.8109095944462075e-05
82,0.00016896717848517213
83,7.56127862901526e-05
84,3.969064719346693e-05
85,0.00012154489306094802
86,0.00017877344916730162
87,7.57442228042108e-05
88,0.00019425905890170828
89,0.00014787098232691185
90,0.00011387799048200232
91,6.340724468196447e-05
92,6.975911558167614e-05
93,0.00010568288855546904
94,5.054538562425248e-05
95,0.00011827913995635703
96,9.05821170136035e-05
97,0.00010162727405076554
98,5.142614784242121e-05
99,8.545616024144872e-05
100,4.2467953556952114e-05
101,8.751220432408352e-05
102,0.00019851050443990228
103,0.00032313226995685847
104,3.349510194983361e-05
105,5.6836777545708255e-05
106,0.00027204605447925354
107,0.00011812816801244841
108,0.00011042096457442371
109,0.0001217830324777261
110,5.10362740833255e-05
111,7.872769957339479e-05
112,2.8339961966919642e-05
113,0.00020111344050937233
114,0.00013816345191559212
115,4.29685369652255e-05
116,7.40171947733863e-05
117,6.516753631287651e-05
118,6.55165326764024e-05
119,9.953236477905966e-05
120,0.00017065012060169026
121,9.109074966828596e-05
122,0.00011607128953645068
123,6.643605983357773e-05
124,0.00011679044655886145
125,8.607554095544304e-05
126,4.4873314876166376e-05
127,0.00023872991928065745
128,0.00018168126720019372
129,5.419627014109994e-05
130,0.00016025132587150088
131,0.00023059997058226124
132,0.00019518352063521675
133,0.00011286970505512982
134,0.00013056743507431539
135,6.014702601006976e-05
136,0.0001390554518009131
137,9.466767202961138e-05
138,0.00022855231198015105
139,0.00014434126963464426
140,4.15569140667145e-05
141,0.00015716370428156743
142,0.00010902663178107354
143,4.42637746175526e-05
144,0.00022042854229506817
145,0.00014334103840899756
146,0.00015416130345542327
147,6.457747120775302e-05
148,8.378000284573905e-05
149,0.00014393788106058025
150,0.0001096540521724724
151,0.00013283335020648678
152,0.00019830015225724855
153,7.64208405500809e-05
154,2.641466316581212e-05
155,0.00010147861832739226
156,0.00013972206552652315
157,0.0002038598979847158
158,0.00012354660217283795
159,0.0001485082253769344
160,5.3330343127561e-05
161,6.212775365321077e-05
162,5.4407615478610964e-05
163,7.173808340113059e-05
164,5.8376191323802116e-05
165,0.00010242474697834853
166,4.3095623374490306e-05
167,5.757835830664157e-05
168,9.220059574525436e-05
169,6.337349287991202e-05
170,0.00011634575004214875
171,4.573400926912454e-05
172,0.0002701219557005839
173,0.0001519013094817115
174,0.00022200586194892649
175,0.00017003596695681133
176,0.00015952708620116274
177,0.00013811090446978853
178,6.992869734702561e-05
179,7.709189152510665e-05
180,0.00010038042533484984
181,0.00014319427946339361
182,8.085429194682946e-05
183,8.080130916223286e-05
184,7.925731825243496e-05
185,0.00016616950822762023
186,9.54225572495173e-05
187,0.0002943161515805198
188,3.619883999908768e-05
189,0.00011233775961366775
190,0.0003143747987662714
191,0.00018980180154098378
192,5.354092460514722e-05
193,4.2695358818782294e-05
194,3.305484907357321e-05
195,8.892190570820433e-05
196,0.0001617038213173135
197,0.00010594864494698961
198,0.00014976612742506268
199,0.00025800639054163465
200,8.760806766491121e-05
201,0.0001200471982193959
202,0.00011958025667930458
203,0.00011825208965584342
204,0.0002027961920406932
205,0.00012507818333583136
206,8.117997002912459e-05
207,4.066077609243034e-05
208,5.9081202306727386e-05
209,0.00014920036945695927
210,5.790033955116748e-05
211,0.00016390506759413352
212,8.384123340257775e-05
213,7.514926056186877e-05
214,8.368635389728238e-05
215,0.00015437452032061858
216,0.00022187203179962418
217,5.1375974100675015e-05
218,0.00017135114288173187
219,0.00018244407824573626
220,7.330415384097104e-05
221,3.410822888183431e-05
222,0.00016596912245852373
223,6.951577621484629e-05
224,0.0001755216368467636
225,8.448628400425034e-05
226,0.00015822844453145196
227,7.035382309919436e-05
228,0.00020423368651561257
229,6.10779828251289e-05
230,4.754179552059765e-05
231,9.673290491484672e-05
232,6.103658499318032e-05
233,5.271638000388521e-05
234,0.00013355360929343142
235,0.00010465102641783626
236,0.00010033184842893727
237,8.056395507655365e-05
238,0.00013175286542404312
239,5.696687996664533e-05
240,1.997926377875456e-05
241,0.00011753229325999013
242,7.743457339802869e-05
243,7.163206965992161e-05
244,0.00016709427339313645
245,0.000118452851177639
246,9.750668751167044e-05
247,0.00012659168924967972
248,0.0001355145211548843
249,8.356811983977399e-05
250,0.00011950542802886763
251,0.00015324201464663142
252,0.00017861916783398969
253,4.722612565219892e-05
254,6.443450596079868e-05
255,8.400766084154508e-05
256,0.0002339498845760998
257,0.00015036131423236117
258,4.127885476050919e-05
259,0.00011256378412752994
260,6.508832427931966e-05
261,7.124927314307585e-05
262,5.872005270966479e-05
263,7.680302360618469e-05
264,8.976063532261286e-05
265,5.432430947887703e-05
266,8.092937244919887e-05
267,0.00014139620326618894
268,7.369106441199615e-05
269,0.00015051469002758976
270,4.971520854272032e-05
271,0.00010202396366365516
272,0.00017203407822646678
273,0.0001223327643628275
274,6.804499360767998e-05
275,0.00023708602313535294
276,0.00017504369224666334
277,2.5375425727038797e-05
278,3.245657606538512e-05
279,7.748318150182978e-05
280,0.0002075108884862135
281,0.00015861580805336464
282,7.706621623986375e-05
283,8.879212773103397e-05
284,6.243325759432282e-05
285,6.107777443398717e-05
286,9.450934644876682e-05
287,0.00015963569844055852
288,7.160329283179715e-05
289,0.00020643463657010844
290,0.0001108821357065461
291,4.1926119709502434e-05
292,0.00015323813670399406
293,0.00011421415088550022
294,9.493307262128024e-05
295,2.1742273781507207e-05
296,0.00017706108540316054
297,0.00013467489475283806
298,0.00010201073890893781
299,7.400255765467855e-05
300,9.941876888100075e-05
301,5.123715238035161e-05
302,4.55089398327186e-05
303,0.00019041211515505058
304,0.00015802427761271053
305,8.444535429291843e-05
306,0.0001343518297837014
307,9.175200160763874e-05
308,0.0001619099474905564
309,9.838351175406646e-05
310,0.00013255442826660106
311,9.350102626822284e-05
312,9.806874805410546e-05
313,8.38081237015036e-05
314,0.00010424320932342197
315,2.5262116490634406e-05
316,4.498840299671111e-05
317,8.735840896830882e-05
318,5.898811880639792e-05
319,7.565392273649182e-05
320,6.27352117647338e-05
321,0.0001170904888117248
322,4.677843142070173e-05
323,0.00012965876375721546
324,0.0001194856766856208
325,8.73232204406732e-05
326,0.00031764816936594067
327,0.0001798350017086105
328,0.00011924820590051335
329,6.186050838455656e-05
330,3.888080420105078e-05
331,9.809914090543303e-05
332,0.00012658148045574177
333,0.00016535248238458718
334,0.00011547802934873294
335,0.00011704299996557964
336,6.194299301320972e-05
337,0.0002398977606417213
338,0.00013500623019491775
339,0.00012244989031416468
340,0.00012450212484865962
341,0.00017984595636103906
342,0.00011726219953449889
343,8.323492182015092e-05
344,0.00011281105609794686
345,0.00010348408965929944
346,0.000334652109660371
347,8.772661348014291e-05
348,0.00015213339862341858
349,0.00014267984486591043
350,0.00014794095998441168
351,5.82162104880767e-05
352,0.00011833659369598404
353,8.719328634216561e-05
354,0.00017082890923051608
355,0.00025204507181214196
356,0.00013477044905259961
357,8.701002979258365e-05
358,6.641067383682771e-05
359,0.00015106577833574246
360,0.00012953796930020926
361,5.3174911841858e-05
362,0.0001118266553422364
363,9.699128990353144e-05
364,0.00011994131141542036
365,5.7609141584052754e-05
366,6.564991817761918e-05
367,5.630170127395504e-05
368,7.131187864808172e-05
369,0.00017371496629634667
370,4.286642371201002e-05
371,0.00018175922911107558
372,6.379406745155663e-05
373,0.00010313047875612524
374,9.981942398247156e-05
375,0.00013058888847144946
376,9.747984632950571e-05
377,6.833304915387955e-05
378,0.00015934510088217322
379,0.00010406818832592227
380,0.00011237433386114297
381,0.00010948853831310037
382,4.603112403172869e-05
383,0.00011141763619070933
384,8.024952995082367e-05
385,0.00012498779957665184
386,0.00010669522616542152
387,0.00011482761122929595
388,5.037438675526334e-05
389,0.00022761398296955817
390,5.293284608843968e-05
391,0.00010490247500811851
392,0.00010248913935171622
393,7.488030769137181e-05
394,0.00013094649583929877
395,5.3677070167808814e-05
396,6.68450785557889e-05
397,8.772435486046526e-05
398,0.0001250691528037834
399,0.0001722742231732463
400,0.00014858690744821607
401,0.00012349638427297727
402,7.334253497118491e-05
403,0.00011433868255528135
404,7.816908552566533e-05
405,4.850691512690541e-05
406,0.00010755209767846904
407,9.304411320508596e-05
408,6.41566548277399e-05
409,0.00013859051191091504
410,0.00011067626889807276
411,0.00012051016240486284
412,0.00010716515724028772
413,0.00014137299460781393
414,9.06419663640446e-05
415,0.0001384690024026014
416,8.144134457889288e-05
417,5.832229014057193e-05
418,0.0001791894308320686
419,0.00013204980756685025
420,0.00015532938096042114
421,4.371927582532058e-05
422,4.2844474846368184e-05
423,9.619230873902704e-05
424,0.00018050718284270303
425,6.0927602712981724e-05
426,0.00021682455738359396
427,0.00021074011788787327
428,7.047841623690582e-05
429,8.990526149602861e-05
430,0.0002735373406341839
431,0.00013955364221523943
432,6.24782202312901e-05
433,0.00014928138848960298
434,8.898974018911102e-05
435,6.442766471156458e-05
436,5.927758608594633e-05
437,0.0001093634126630258
438,6.707214276099943e-05
439,7.659757179227391e-05
440,0.0001365829787779971
441,8.749821556285364e-05
442,2.5106258353692203e-05
443,0.00011690498746991884
444,0.00011562793709670336
445,0.0002707604304194299
446,7.701648438894152e-05
447,0.0002441728723693093
448,0.00012253158343689767
449,5.249675601237149e-05
450,7.349632606991253e-05
451,0.00013347414131547765
452,7.898018208819927e-05
453,7.015832287116714e-05
454,7.66741175037253e-05
455,7.745978529723659e-05
456,3.9272679114226666e-05
457,6.159721341427682e-05
458,7.511257152742561e-05
459,7.817252584373716e-05
460,9.197315757182012e-05
461,6.802688376815449e-05
462,0.00017329646722130866
463,0.00014462444825269496
464,8.021530718162445e-05
465,4.788212030168765e-05
466,0.00011735945595672185
467,5.4082707637561024e-05
468,7.644524806373561e-05
469,0.00021758693502220143
470,7.453613307631758e-05
471,0.00021816546744723834
472,9.118184054511195e-05
473,9.057512976575257e-05
474,8.726966141582026e-05
475,0.00020276251991633472
476,9.862100110503122e-05
477,6.22478425312246e-05
478,8.770377423758528e-05
479,6.65056775329901e-05
480,2.7698861205353194e-05
481,0.00018040461688457034
482,7.999108623414511e-05
483,0.00011178843568785403
484,5.423666793320701e-05
485,0.00020401165066667794
486,0.00013319604091752138
487,9.253106436392866e-05
488,7.003047572527064e-05
489,4.598268176122097e-05
490,0.00010099399290904184
491,6.340375465327888e-05
492,3.546665330051882e-05
493,1.977825208508175e-05
494,8.965489501315948e-05
495,1.9707958822851376e-05
496,0.00026154487500152366
497,7.50854654079905e-05
498,0.00010576468644796722
499,0.00015722798861448755
500,6.960602455664296e-05
501,3.898744640410277e-05
502,4.949029806956605e-05
503,0.00014309214170852604
504,7.114039761304973e-05
505,0.00010613573929133759
506,5.886084768104298e-05
507,0.00016556109712213626
508,0.00013490297753639236
509,0.00016846624306311313
510,0.00012924548714056676
511,0.0001665439178793883
512,0.00023902716579569334
513,0.00010266694360894815
514,9.405173446749122e-05
515,0.00012755304639571
516,6.69762222531577e-05
517,0.00018885225012592354
518,0.0002503628099414787
519,0.0002522673616055729
520,0.00010554937798479144
521,0.00012446740231367533
522,0.00030951613710840365
523,0.0001727996660660947
524,0.00010077603711075429
525,0.00023862439544479447
526,9.632725657084304e-05
527,0.00015208902915201611
528,7.340436936231586e-05
529,0.00020447669305469996
530,7.016792604961047e-05
531,0.00010497509484270562
532,0.00018272954087271518
533,0.0001379465581144329
534,0.00011544122332000287
535,0.00010473784451272312
536,9.37363536011537e-05
537,0.00010953100062028565
538,0.0001394372615298675
539,0.0001620047088112603
540,9.381937509145531e-05
541,4.098318154281904e-05
542,9.685406110815156e-05
543,0.00014729104607591736
544,8.19958198218017e-05
545,5.9111682970048534e-05
546,8.678806338434958e-05
547,5.1435934490291624e-05
548,0.0001153799934450026
549,4.368815871252453e-05
550,4.662926013248868e-05
551,7.479246096680268e-05
552,7.193608173680315e-05
553,0.00014821962861603168
554,8.350115890175888e-05
555,0.00012439536501881193
556,0.00015828705891922498
557,5.861366874951807e-05
558,7.749498973995143e-05
559,8.445195229722497e-05
560,0.0002081906892256871
561,5.810977827239548e-05
562,4.585433836816912e-05
563,0.00011765813850810468
564,6.647692815050447e-05
565,0.00019471534846868325
566,8.150639807898543e-05
567,0.00010466134624371211
568,0.00010167048803375389
569,7.031750130212069e-05
570,9.6924368013009e-05
571,0.000123003883364613
572,4.2394109710685985e-05
573,0.00010961723959427695
574,8.619880207883289e-05
575,3.54112424080208e-05
576,6.503054252374037e-05
577,0.00014210880518826809
578,4.65372438913256e-05
579,8.744980979917299e-05
580,9.052951806813742e-05
581,0.00022534742442967875
582,0.00011527187427948521
583,0.00010017026200416726
584,0.00015460243110383896
585,1.660334644508682e-05
586,4.9766932798404644e-05
587,4.7495650763012154e-05
588,4.575798411252927e-05
589,0.00012044300513358336
590,0.00013068103684807305
591,0.0001598522114802398
592,0.00015082187714855714
593,8.518140786729194e-05
594,8.553379937968763e-05
595,7.92696325615699e-05
596,0.00013357006961220344
597,5.810284350415519e-05
598,4.990929908146289e-05
599,8.424160862825043e-05
600,0.00010360280365450495
601,8.471517777891357e-05
602,8.848117818007922e-05
603,6.536122517313151e-05
604,6.15164977191082e-05
605,0.00014762273323585255
606,4.499820980236789e-05
607,6.244311771504932e-05
608,0.00018877133835145223
609,5.9618735096465866e-05
610,7.747925883071723e-05
611,1.1803072649437134e-05
612,0.00012263259583142246
613,5.990048144282515e-05
614,7.827567972881154e-05
615,0.0001484927892985649
616,0.0001354745904609975
617,0.00013698203722971346
618,7.564791499379818e-05
619,6.95152653349116e-05
620,0.0002261381333549134
621,4.843048827750142e-05
622,0.00017021445845629647
623,8.350344602100996e-05
624,4.629371190178289e-05
625,7.368276249536964e-05
626,0.00011176617642557055
627,8.346789808464508e-05
628,9.906063427024412e-05
629,0.00010087676119506888
630,0.0001753104953335927
631,0.00011065447713805713
632,6.078408120900425e-05
633,8.743391591697379e-05
634,0.00017041138173196546
635,0.00011347608475447554
636,2.8733353064851373e-05
637,0.00020797281496958198
638,4.0371658466281815e-05
639,6.97940556776387e-05
640,0.00014810135245229758
641,7.523241786204759e-05
642,0.0001457823392457535
643,6.743889563669639e-05
644,0.000196164484928712
645,8.928366012215344e-05
646,0.00020525054060793984
647,0.0001007296571272196
648,0.00026989870594448193
649,0.00010127359466760905
650,4.078272376678114e-05
651,0.00012404140656681234
652,0.00015759236129128613
653,7.987756204023564e-05
654,0.00016353893663252934
655,5.971024800300879e-05
656,0.000157270399010116
657,8.884870168309763e-05
658,0.00012822476279518785
659,7.824712776910111e-05
660,0.00010457353461524712
661,9.588632262150922e-05
662,5.1015138890181533e-05
663,4.5003004762006235e-05
664,6.0371273429313556e-05
665,0.00010722995279996329
666,6.4960648370167e-05
667,8.919612786377623e-05
668,0.0001983069339499408
669,0.00010449137886112406
670,7.493427688096238e-05
671,0.00016056245693343022
672,0.0001867276710428744
673,6.545377076451382e-05
674,5.584501831212511e-05
675,7.357398367908626e-05
676,8.015551841533768e-05
677,0.00022124919210064496
678,0.0001364497055358161
679,0.00017205788975819297
680,8.13202252149939e-05
681,0.0002941489638147433
682,6.598988309407362e-05
683,0.00019133172653746142
684,8.012998902357218e-05
685,0.00010303416760444029
686,0.00018038942840339605
687,0.0001178287690082991
688,0.00011464422858299996
689,8.955329849801828e-05
690,0.00011955137197606926
691,6.194824707483764e-05
692,6.822740988825964e-05
693,0.00020068339939145614
694,0.000131686963927326
695,0.00013106693816950575
696,4.6008730599006644e-05
697,6.193676377799099e-05
698,0.00010962464895710815
699,5.822357219952871e-05
700,0.0001802227353523804
701,0.0001188051820835688
702,7.055580629214936e-05
703,6.594320353822369e-05
704,9.702234584650754e-05
705,0.00012793260770459482
706,0.00020252777840559907
707,8.653533127127934e-05
708,6.0244778130979005e-05
709,0.00015379187569115513
710,0.00010348933216355543
711,5.508098426176056e-05
712,6.768569502475948e-05
713,5.922273590355826e-05
714,0.0003897333061035765
715,0.0001099892750510023
716,9.48415018059748e-05
717,9.861764307616728e-05
718,5.378033548186955e-05
719,8.438967393359847e-05
720,9.489302582620368e-05
721,0.00010499427015122666
722,0.00011935108169435942
723,6.361138673717416e-05
724,0.0001116911520635343
725,0.00014001565163246254
726,0.00013425865302520683
727,0.00010696673568813436
728,0.00011336927416900216
729,5.9884154987427905e-05
730,0.00015373915878014267
731,8.277751133608663e-05
732,0.00020759030428853391
733,0.00015572770443958602
734,3.625574795468689e-05
735,9.359518972692905e-05
736,0.00012387605092894222
737,8.020265326389971e-05
738,0.0002257509453471722
739,8.575993337643451e-05
740,0.00030881655038174236
741,0.00013898207895682792
742,0.0001550261448226598
743,3.284303842952596e-05
744,0.00014073022747642636
745,0.00010298599298059124
746,9.336645782251224e-05
747,4.1995603658671796e-05
748,7.925361807966343e-05
749,9.457589740452913e-05
750,3.562062194276008e-05
751,7.594370581253994e-05
752,6.102089410230403e-05
753,6.081962799341729e-05
754,0.00010400743751413902
755,4.9626495471652966e-05
756,1.3025527641770055e-05
757,0.0001183106734836315
758,8.908335701181616e-05
759,8.180705069691854e-05
760,0.0001088461293778727
761,8.617663892641926e-05
762,4.8213492584118e-05
763,0.00015011837170007412
764,7.302134812057735e-05
765,8.276065872762983e-05
766,0.000318152411523101
767,9.29642499674692e-05
768,6.144262150056724e-05
769,9.993215818757952e-05
770,0.00010647735607969708
771,8.04143436782399e-05
772,0.00014386426623904248
773,7.372730974418135e-05
774,3.32476344007738e-05
775,6.15227823812081e-05
776,0.00018156339307788267
777,0.00018439037473025582
778,4.715852020432687e-05
779,0.00011204612073307201
780,2.7254028197805195e-05
781,0.00011558955250772961
782,7.823126072353882e-05
783,0.00012352363236146335
784,0.00013191137133074533
785,0.00015814275323556033
786,0.00011872720994850623
787,0.00013433800592380947
788,0.00012809393693249515
789,0.00031803141809600566
790,0.00010652119294133914
791,0.000146052598503114
792,0.00016909679981983738
793,5.5583744104451e-05
794,6.393486038828509e-05
795,0.00011810513017903473
796,0.00010831316771065952
797,0.00014376645436822466
798,0.0001113186767247454
799,5.7266958641501505e-05
800,6.028937133653517e-05
801,0.00013047519561248198
802,0.00021341657404458348
803,0.00015844996033367392
804,8.281410422575521e-05
805,8.589630830470847e-05
806,3.166148285091517e-05
807,0.00014324499432773804
808,0.000123088505120128
809,5.67657159233585e-05
810,0.00013970032898317206
811,8.674867620867097e-05
812,6.231959563521658e-05
813,0.00010004432655212321
814,0.00017625389845104207
815,4.7643732392938415e-05
816,5.1532711677158395e-05
817,2.8657504614126794e-05
818,7.848436605468223e-05
819,4.292885794254507e-05
820,0.0001476234582900564
821,9.501610587523584e-05
822,7.490040642566904e-05
823,9.893949879547871e-05
824,0.00017325633741648987
825,3.1126652592375985e-05
826,9.535952591284628e-05
827,7.259757106980944e-05
828,0.00014178020949770267
829,8.284530614120171e-05
830,0.00011471290247800332
831,4.1780980215832645e-05
832,5.854586807038737e-05
833,9.628665788468136e-05
834,0.0002757410778476226
835,0.0001172406451730412
836,4.247123923226979e-05
837,3.9270441196864214e-05
838,0.00013947775566332786
839,0.0001337617415859221
840,4.305701960410213e-05
841,0.00010877308053583348
842,8.970393529428774e-05
843,5.506310054614484e-05
844,9.491111803112338e-05
845,8.580622706500955e-05
846,7.703259493108874e-05
847,0.00017650783988218437
848,6.790915075113552e-05
849,5.7341285040855027e-05
850,0.00010517717256074641
851,9.167098081948255e-05
852,0.0001653992027784289
853,0.00013231363710020962
854,6.863450480159306e-05
855,8.478550247692981e-05
856,0.0001751625077281294
857,0.00011554834454530483
858,3.2365011716681315e-05
859,0.00022140625005594313
860,3.874394406475304e-05
861,0.00012705176155754875
862,0.00015840668326192806
863,0.00012994324826871387
864,6.442641168808111e-05
865,9.531349003516522e-05
866,5.2553846305384154e-05
867,0.00012479443989882387
868,6.108561891944746e-05
869,0.0001323128086523378
870,3.8405391121833227e-05
871,5.935561462618228e-05
872,5.549847514793107e-05
873,0.00010040169362660951
874,0.00012652889165997943
875,9.720665420659916e-05
876,0.00016497930113580436
877,9.717552349393537e-05
878,0.00016026625181003666
879,0.00014166854187209224
880,8.286091226129826e-05
881,0.0002480456795407953
882,8.139927569706443e-05
883,7.873332290052328e-05
884,1.7899764921443286e-05
885,3.8566477622994645e-05
886,5.5493122099740744e-05
887,0.00011841332540002825
888,0.0001508909049601495
889,4.45093710444689e-05
890,8.573281778799063e-05
891,0.00021937884641812607
892,5.076540774867612e-05
893,9.714272258274948e-05
894,7.796967312665298e-05
895,0.00016088637408839885
896,0.00018259590832146966
897,6.977231648412589e-05
898,0.00011006019741012297
899,7.983197656008467e-05
900,0.00015729923465109978
901,9.23729648519271e-05
902,4.692063827154933e-05
903,0.00018638499654022154
904,9.406095722588076e-05
905,9.429883157153903e-05
906,0.00011576022931056053
907,2.9728750602228075e-05
908,5.323595773614097e-05
909,0.00015608718228940694
910,0.00016320194140562866
911,0.00015903467616780055
912,0.00026138158850518554
913,6.740990400439949e-05
914,0.00010264095041856749
915,0.00017846999717370857
916,7.240940314197396e-05
917,8.230467013835723e-05
918,0.00017677431170160643
919,0.00019967635222445287
920,0.00011565383397537235
921,0.00010065927420469225
922,6.494740943516118e-05
923,0.00010203835385104321
924,9.945745295054253e-05
925,0.00011917986772213944
926,0.00013464890397559936
927,6.772415103973194e-05
928,8.268245097240694e-05
929,0.00011441382114331136
930,7.747017179093968e-05
931,0.00019745215735497603
932,8.892614129204987e-05
933,7.731660684807809e-05
934,0.000203591595297723
935,0.0001012943507433075
936,4.472269486417257e-05
937,7.5129200126826e-05
938,6.737936266783335e-05
939,0.00022339078590222921
940,0.0002923015931121848
941,0.00012924260708063474
942,5.5573253336706855e-05
943,0.00011220740081351843
944,0.0002207997722619763
945,0.00012119490042913522
946,0.00011047059657201463
947,0.00012912028698906813
948,8.351315403918146e-05
949,0.0001408609740122226
950,6.854358853156036e-05
951,0.00010794814472629335
952,0.0002546206441155779
953,0.00017345176184125282
954,0.00013756298098040241
955,3.42939530431438e-05
956,6.464238983259894e-05
957,0.00019669202628321396
958,0.00010514146450439567
959,0.00014331592291829716
960,0.00012634033875805957
961,3.667619602325393e-05
962,0.0001361055246454432
963,0.00015924240240848187
964,0.00011927743095074494
965,6.838296007136652e-05
966,0.00014364206598118032
967,0.00012616078716615975
968,5.398235128155845e-05
969,0.0001505317867966567
970,0.0001107421161264985
971,0.00010919654190731404
972,5.9076132072046945e-05
973,0.00013727048364425227
974,0.00011064895092272328
975,0.0001655903156003293
976,8.534249077010057e-05
977,0.00010387120671432291
978,0.0001521944647352606
979,0.00010377249788498345
980,0.0001253268131465785
981,0.00011815770330495602
982,0.0001242323163326298
983,7.5825423423266e-05
984,0.0001209971555297594
985,0.0001929122159690282
986,7.818448259475316e-05
987,9.729635336312541e-05
988,0.00012201663325237509
989,0.00013713385041193274
990,3.509817250886553e-05
991,0.00014784381716235253
992,4.73303427434799e-05
993,5.2496895583980884e-05
994,3.236438206083967e-05
995,9.218667752807306e-05
996,0.00019328714060644553
997,8.051834088628027e-05
998,0.0001850430277624479
999,0.00011182828481815073
1000,0.00016393893658926993
1001,0.00013166753426292085
1002,0.00012965426752596432
1003,6.253237125605395e-05
1004,0.0002164994096806769
1005,7.209640821139411e-05
1006,0.00016873439256961698
1007,7.55073909687172e-05
1008,0.0001843258800245354
1009,6.347804221346824e-05
1010,5.0729377861217645e-05
1011,0.00014356345494749453
1012,0.0001635174145847113
1013,0.0001421162243572162
1014,0.00019864631992278238
1015,0.0001701697424499593
1016,6.197286243185322e-05
1017,0.00029730662121274097
1018,0.00010471250898899141
1019,0.00020511184251433893
1020,0.00012849630158541286
1021,0.00014883245310112544
1022,0.0001238907468260333
1023,0.00014482608650304678
1024,5.978126486406924e-05
1025,6.461587840628203e-05
1026,0.0001691518137792871
1027,0.0003227706583509115
1028,0.00010384861077599057
1029,4.6641121421627984e-05
1030,6.0519810790109437e-05
1031,0.00010733307515842374
1032,8.592470119910323e-05
1033,0.0001032895908458933
1034,9.301107234915196e-05
1035,0.00012057319343631558
1036,0.0002174599742718455
1037,0.00010336423840834453
1038,0.00015669392819503324
1039,0.00010365006511604928
1040,0.00018598474137512775
1041,0.0002977734144958624
1042,6.31925018487276e-05
1043,0.00010399377556283785
1044,0.00010750581022903372
1045,4.279429108916944e-05
1046,7.69221612325846e-05
1047,5.5586785540300714e-05
1048,8.756246491681242e-05
1049,0.0001012015356324497
1050,8.323578406243081e-05
1051,5.286658614475184e-05
1052,6.641760487531418e-05
1053,0.00011651858798005215
1054,0.00010251151824261548
1055,1.750291897175009e-05
1056,2.1095937624821535e-05
1057,0.0001414626818977353
1058,5.5439053273465624e-05
1059,9.852611815463823e-05
1060,0.00018028305414096143
1061,0.00019661769323811002
1062,0.00017320183991993438
1063,4.387817457221532e-05
1064,3.746020346681874e-05
1065,0.00016240815148766457
1066,8.859170055988027e-05
1067,0.00010886938499418667
1068,9.530017732792631e-05
1069,0.00010004858518530187
1070,6.117270235979698e-05
1071,8.478562225751965e-05
1072,0.00017125205050466335
1073,6.795708150296681e-05
1074,0.00018131881779777573
1075,0.00016849711219022733
1076,0.00015726850359961807
1077,0.00010415007721411967
1078,7.12071481390131e-05
1079,4.3617240866213225e-05
1080,6.657566768468737e-05
1081,8.934650767637546e-05
1082,6.504139738392252e-05
1083,6.611849028543891e-05
1084,3.146443017970916e-05
1085,5.015866905896302e-05
1086,7.997208685673301e-05
1087,8.185170484537029e-05
1088,5.5190387263875283e-05
1089,0.00012271759664419954
1090,8.095959240449561e-05
1091,5.894436546188577e-05
1092,7.589988439665716e-05
1093,6.447691658928656e-05
1094,7.612356365887404e-05
1095,0.00014415137178792073
1096,7.401045165049042e-05
1097,0.00015454453261308369
1098,0.00011021681491779625
1099,0.00016159352528076013
1100,9.389861677171767e-05
1101,0.00010420027014490467
1102,4.538663439918514e-05
1103,0.00016706272080393555
1104,2.5720367279706164e-05
1105,5.0562968278958906e-05
1106,0.000195963681515924
1107,5.595559150290238e-05
1108,5.789504823079866e-05
1109,7.224284557086141e-05
1110,0.0002268528871250644
1111,0.00019362471144439207
1112,4.138757843647596e-05
1113,5.13015192722206e-05
1114,6.588765439883631e-05
1115,9.836516097999259e-05
1116,8.807355833118197e-05
1117,0.00012256009955949855
1118,0.00011043107329767354
1119,0.00011662389659206352
1120,9.74288441836043e-05
1121,9.879650893901731e-05
1122,5.881195361257979e-05
1123,7.852593099704169e-05
1124,0.0001721836631644139
1125,0.00014253204777088605
1126,6.083999463035405e-05
1127,4.69180661148187e-05
1128,0.00011936085105418204
1129,0.00011404321193746947
1130,0.0002539578031963914
1131,0.00011439849105756188
1132,8.312508721833877e-05
1133,0.00014771757461276133
1134,0.0001690249987650513
1135,9.990143353686756e-05
1136,0.00013987437482860623
1137,5.2008110821171475e-05
1138,7.544287683072122e-05
1139,5.4603471080687004e-05
1140,5.779049649588822e-05
1141,0.00021139798153063313
1142,5.8093980397166446e-05
1143,0.0001777816932481125
1144,0.00012857661664939023
1145,8.498587573694557e-05
1146,8.403767038033781e-05
1147,8.331419594789393e-05
1148,0.00011587548871839983
1149,7.48343870591752e-05
1150,8.973703387511697e-05
1151,7.694928087112377e-05
1152,0.00016169623546282363
1153,0.0001114329329374384
1154,8.960842517550376e-05
1155,0.0005467016869805789
1156,7.243973880329014e-05
1157,9.955472146598623e-05
1158,0.0001296338280945252
1159,9.337722837128179e-05
1160,0.00021024392382354835
1161,0.00015094088947202779
1162,0.00014133536945342735
1163,0.0001316394647875922
1164,7.91725571337272e-05
1165,0.00011095292564327594
1166,6.978604640185865e-05
1167,0.0002600394727313943
1168,0.00013377618376309884
1169,0.00015326187257257138
1170,0.0001347665100071955
1171,9.098367931378077e-05
1172,7.260734429332095e-05
1173,8.746427735226309e-05
1174,0.00015098010616215792
1175,0.0001518317969505112
1176,0.00013520259517376312
1177,0.00019480290667912124
1178,5.5895718499838875e-05
1179,0.00016983126099424524
1180,9.739655098344695e-05
1181,0.00013890507305399798
1182,0.00015989463513849223
1183,3.524946455034674e-05
1184,6.863260775903932e-05
1185,0.00011460184385329904
1186,0.00010126764715600365
1187,7.313674660178853e-05
1188,3.4940949528643905e-05
1189,4.494916435485863e-05
1190,0.0001815816161962853
1191,7.131992832936756e-05
1192,4.771022958784132e-05
1193,0.00017231857755646793
1194,0.00012472644511015774
1195,6.016663132857807e-05
1196,0.00012193071367798632
1197,0.00025832135774251887
1198,0.00014910623753826055
1199,0.00015981586005167205
1200,0.00012716067723125997
1201,5.194318686473911e-05
1202,0.00014392278228437985
1203,1.6851503298666122e-05
1204,0.00010624339727777279
1205,6.711668734968453e-05
1206,7.536074392172607e-05
1207,0.00012448471624584002
1208,0.00014594282903851571
1209,8.148623870268526e-05
1210,0.00031854701313429793
1211,3.0161761515432897e-05
1212,8.373786355296118e-05
1213,0.00010686945630654218
1214,9.614344142032532e-05
1215,0.0001083856596932012
1216,4.9063879185961664e-05
1217,8.05153586884153e-05
1218,8.196399732595064e-05
1219,0.00011719258345962846
1220,0.00017436495456114637
1221,4.715861008535336e-05
1222,0.00011127421437584049
1223,0.00027418679048957814
1224,7.048688941557735e-05
1225,0.00017351779889678695
1226,0.00011029294122834888
1227,0.00010076418587005971
1228,8.664791999290163e-05
1229,0.00013468235888190036
1230,0.00011839333512279478
1231,0.00010738885399674388
1232,4.004992281420231e-05
1233,9.626149683797592e-05
1234,0.00028564877568982384
1235,0.00013641356954355462
1236,8.922787098210312e-05
1237,0.00015693229438548185
1238,7.860488315751173e-05
1239,4.402776779281862e-05
1240,8.41618636473645e-05
1241,7.616601669368662e-05
1242,8.2342488941751e-05
1243,9.656152474085022e-05
1244,9.054893031259104e-05
1245,0.00012933061872821692
1246,5.1932640247861e-05
1247,3.334437497176467e-05
1248,7.612601240598704e-05
1249,0.00010504504011998678
1250,0.00011318048930674834
1251,0.00010282114363573334
1252,1.8228671484450216e-05
1253,0.00016898100128837613
1254,6.13445094215341e-05
1255,7.465980074694066e-05
1256,0.0001104259841139276
1257,0.00019905961849078194
1258,0.00011597330907172018
1259,5.010408516850012e-05
1260,0.00013714948427547073
1261,5.374268072069962e-05
1262,0.00013910009732571603
1263,9.723536005630938e-05
1264,0.00021955065507434153
1265,0.00011935337612351274
1266,0.00011232420584167669
1267,0.00012015419236443169
1268,6.35523722334395e-05
1269,6.614168199287769e-05
1270,0.00015271195982873362
1271,9.338690320514097e-05
1272,0.00010890185046311183
1273,7.333517471974502e-05
1274,3.409527999617195e-05
1275,8.451266938682184e-05
1276,0.00014397202504439573
1277,0.0004362107018811648
1278,9.783858503115036e-05
1279,8.143013219971443e-05
1280,0.0002508105927183189
1281,0.00012700487939432275
1282,0.00010211869280646012
1283,0.00017182926634104592
1284,0.00012622805863539953
1285,9.298451649750426e-05
1286,0.0001544883865398139
1287,0.0001065589771704778
1288,0.00011157343088173223
1289,0.00024729182126380996
1290,0.00012227217516409857
1291,9.040845243147411e-05
1292,5.376157530693814e-05
1293,0.0001209935131651258
1294,9.72846808637104e-05
1295,0.0001196627125157918
1296,4.973363704552914e-05
1297,7.600894107040768e-05
1298,0.0002157210455553079
1299,8.416221682573679e-05
1300,4.1965116418139e-05
1301,6.073795868033251e-05
1302,6.305016991234271e-05
1303,8.6723423148475e-05
1304,6.964093786363654e-05
1305,6.306967413237484e-05
1306,5.06891504404089e-05
1307,8.529738268886455e-05
1308,0.0001179502110799241
1309,0.00023280215892642283
1310,0.0002334268680329634
1311,7.963967407775325e-05
1312,0.00014620320113276392
1313,0.0001580037511324896
1314,0.00013054715473429296
1315,0.00015908034162663917
1316,7.347911598293961e-05
1317,3.824890982304175e-05
1318,0.00012414315725756397
1319,5.6370852001027886e-05
1320,7.855272519857696e-05
1321,5.62983841458915e-05
1322,9.437630324400743e-05
1323,8.498870647784071e-05
1324,9.721262631354041e-05
1325,0.000133991907607356
1326,0.00012576647745287834
1327,6.498183123205048e-05
1328,6.447965943447152e-05
1329,0.00017098589137461164
1330,3.8995369350022065e-05
1331,0.00017495696778941676
1332,0.00010533998989842238
1333,0.00015668659369271048
1334,8.407810837039135e-05
1335,7.448925222734782e-05
1336,0.00015130371597742268
1337,8.069536718648238e-05
1338,9.221498849600827e-05
1339,8.408981481458888e-05
1340,0.00012318017187767623
1341,0.00011388254255135239
1342,0.00033616256419344217
1343,8.196154531417858e-05
1344,5.2425589740998413e-05
1345,9.259437618517578e-05
1346,0.00010734096813276117
1347,9.901149464009308e-05
1348,0.00017010589003388642
1349,6.644910910949775e-05
1350,6.071303789039432e-05
1351,0.00012548175282562125
1352,3.6230195404896566e-05
1353,4.9084225453542296e-05
1354,4.4744264068651064e-05
1355,0.00013347576433358422
1356,0.00011406277848070241
1357,0.0003442078842250093
1358,0.00010201637410991604
1359,0.00010642148020946104
1360,9.41482349294622e-05
1361,9.587665893094877e-05
1362,0.00016929096300257574
1363,9.234382718927092e-05
1364,0.00017294565382910523
1365,0.00010908904047412806
1366,0.00022696210584258913
1367,9.527467187691967e-05
1368,7.076639915796764e-05
1369,0.00012075853077567904
1370,0.00013724785024216206
1371,5.790137625445117e-05
1372,0.00018467200893659556
1373,3.421785252627104e-05
1374,0.00010087971245129367
1375,2.1083528524684184e-05
1376,0.00012468339104118373
1377,8.859777554619467e-05
1378,8.355806092214167e-05
1379,4.2822114810096154e-05
1380,5.614809817818879e-05
1381,5.5063615992641645e-05
1382,5.7499678576665114e-05
1383,0.00023939113890473774
1384,5.370335734629443e-05
1385,8.011728118104694e-05
1386,8.36760524420663e-05
1387,0.00014024563442217503
1388,0.00012499984949163062
1389,0.00017810200072929317
1390,5.570972513408853e-05
1391,7.474225721748083e-05
1392,8.620919030968805e-05
1393,8.326705128285196e-05
1394,0.0001288468857393161
1395,0.0001179893361915877
1396,5.6301805935406914e-05
1397,3.882358152790388e-05
1398,3.09543423290229e-05
1399,0.00017346709208407432
1400,0.0001716654734509816
1401,0.00013774808906179045
1402,0.00014909750364474006
1403,0.00020990061750359403
1404,0.0001513272603398544
1405,6.44319480184712e-05
1406,0.00011029408691418703
1407,8.038234369704266e-05
1408,7.107461434146193e-05
1409,0.00010330471127878111
1410,9.40037628653236e-05
1411,0.00015307431642190046
1412,0.00015379242093683043
1413,9.082082826630689e-05
1414,6.694725625575775e-05
1415,0.0002037209795401749
1416,0.00019946285874960644
1417,9.850116194867466e-05
1418,0.00013622143739159794
1419,0.00013449233311444176
1420,6.656677313174265e-05
1421,8.676065663813177e-05
1422,0.00019217456662576807
1423,0.0001308492461333995
1424,0.00012598440200543365
1425,5.804593343148048e-05
1426,8.454062099582939e-05
1427,6.202534738917217e-05
1428,0.00017318997070493933
1429,7.943250275752926e-05
1430,0.00011390565052546871
1431,4.974410665401108e-05
1432,7.253481508682587e-05
1433,0.00026823979105567363
1434,7.333781454234382e-05
1435,0.00013413507253767282
1436,0.00011839946688028494
1437,6.844405153803438e-05
1438,5.658716426347507e-05
1439,6.608941816541627e-05
1440,0.00023566699186988442
1441,9.502964195953035e-05
1442,0.00010117885069128537
1443,2.763372852376317e-05
1444,9.507716819394293e-05
1445,4.800948354562445e-05
1446,0.00011897339590424247
1447,0.00010640587343769058
1448,0.00017834192948166415
1449,0.00012728126665334107
1450,0.00011720495751755171
1451,0.00011494804229331911
1452,9.072192514364884e-05
1453,9.92008735988073e-05
1454,0.0001647245646945533
1455,0.0005858205731069967
1456,8.038706884498378e-05
1457,0.0002272474314843413
1458,4.8542449159930654e-05
1459,0.00019455413648545165
1460,5.3757633600913815e-05
1461,0.00013622593982699673
1462,6.592787947699348e-05
1463,9.348068751155872e-05
1464,9.667553993775715e-05
1465,0.0001755616379898622
1466,0.00017765713705487581
1467,0.0001335140357071076
1468,4.035537218853413e-05
1469,8.52558544452572e-05
1470,6.969796605792129e-05
1471,0.00010470309012392908
1472,0.00012970273399350734
1473,7.956475054250049e-05
1474,0.00010398631708722925
1475,0.00016136482829709348
1476,8.746701389660862e-05
1477,0.00011575982061319805
1478,0.00015764686320474905
1479,9.742947356755372e-05
1480,0.00016317234201140095
1481,6.719903440832999e-05
1482,0.00016138593017567355
1483,4.947645323900113e-05
1484,0.00013011287601833891
1485,0.0001007470231087968
1486,9.620395266736078e-05
1487,2.3702448314496906e-05
1488,4.311894595098275e-05
1489,5.5244083419232e-05
1490,9.968387380195782e-05
1491,0.0001413047194184989
1492,5.249654338443532e-05
1493,6.650335095265768e-05
1494,5.542638752130906e-05
1495,0.00013965552380158406
1496,9.282265633109813e-05
1497,5.589411032096927e-05
1498,5.156072386029541e-05
1499,7.277159112840225e-05
1500,5.139480498046803e-05
1501,6.129768801693016e-05
1502,0.00033616550513953895
1503,0.0001527996526252365
1504,0.00010391808838186551
1505,6.706584909237582e-05
1506,9.966772598671566e-05
1507,0.00010543210757290995
1508,1.6834408747348473e-05
1509,5.296745391435671e-05
1510,0.00015260121291875688
1511,0.00017313236632166934
1512,0.00011831313873281964
1513,0.00011695791493313965
1514,9.86871398165436e-05
1515,7.798112984587289e-05
1516,0.00018388734756881825
1517,3.4252799605606205e-05
1518,0.00012596064333405554
1519,8.870901973373648e-05
1520,0.00013255111194615554
1521,0.00012356390424366335
1522,0.0001443441199122749
1523,0.00013025006428516204
1524,9.103350571813207e-05
1525,2.4625214028507013e-05
1526,0.0001341443844071419
1527,0.00010044429212221124
1528,0.00011443509230897651
1529,2.9704894844863297e-05
1530,9.679152511824645e-05
1531,9.7201879361309e-05
1532,0.0001987162952216593
1533,0.00037404772360467164
1534,0.00023270312362977358
1535,0.00014614544248688218
1536,4.680706953221243e-05
1537,0.00014336626425735268
1538,5.641297479874765e-05
1539,8.479845610978739e-05
1540,5.375764475488598e-05
1541,0.00011978402134042544
1542,5.858412887133882e-05
1543,6.223494765880817e-05
1544,4.099048087334954e-05
1545,0.00010090674718415764
1546,0.00011801708123034547
1547,4.951373739627906e-05
1548,0.00013020968146766038
1549,9.061575496826564e-05
1550,0.000103607161310068
1551,0.0001372375941589975
1552,7.537909489366641e-05
1553,0.00016529603805883256
1554,0.00012272739832128862
1555,0.0001247658190375064
1556,7.971237909040819e-05
1557,0.00014686027611282213
1558,0.00010911439394955851
1559,0.0001422537454805123
1560,8.003492373043322e-05
1561,4.380289060223706e-05
1562,3.482198172491551e-05
1563,0.00010931396516012165
1564,0.00010839407433525902
1565,4.5393977832373073e-05
1566,8.294045878242648e-05
1567,0.00020707840644635964
1568,4.317371901458236e-05
1569,2.1737655970885458e-05
1570,3.0461505728244325e-05
1571,0.00011029979952484387
1572,8.235741812763681e-05
1573,0.0001355093758417486
1574,0.00013408672975615414
1575,0.0001689959787956187
1576,9.222673239777647e-05
1577,2.1656158549268682e-05
1578,0.00011171486972045048
1579,0.000186137755149107
1580,7.959738776736774e-05
1581,0.00010245797725460731
1582,9.430566714238765e-05
1583,0.0001982487893937645
1584,0.0001060270294752963
1585,6.060014789495581e-05
1586,0.0001087133375504739
1587,0.00012791708922223508
1588,0.0001656588874171027
1589,9.280531455410286e-05
1590,4.359180648353418e-05
1591,6.854892463179632e-05
1592,0.00012946318450940137
1593,7.791355639570906e-05
1594,8.011254535816639e-05
1595,0.00013611716014827978
1596,8.825223694446395e-05
1597,0.00012409439027666965
1598,0.00011643567969261224
1599,7.341409204948298e-05
1600,5.9522355881111707e-05
1601,0.00018660888531977466
1602,0.0001804312683434924
1603,0.00011946573337077971
1604,5.0574050968504733e-05
1605,5.231844750968111e-05
1606,0.00010032410178640405
1607,0.00015437944934191007
1608,0.00013201113629183965
1609,0.00017131548617865146
1610,6.533208014701343e-05
1611,0.00019993297410176442
1612,0.00035117136308994424
1613,3.5617407802885646e-05
1614,0.00010740180239806583
1615,0.00010228327754237008
1616,0.000142358001369611
1617,0.00010663764033879265
1618,0.00010603680552368249
1619,8.261492459061976e-05
1620,7.41775740299927e-05
1621,9.915196786848912e-05
1622,2.8966781328347236e-05
1623,8.771192546943123e-05
1624,8.979170048735465e-05
1625,0.00016550042712043574
1626,4.7837885247570624e-05
1627,8.749785896813335e-05
1628,0.00011427034105762511
1629,5.4541693008586076e-05
1630,0.0001514213842145406
1631,6.515419118219095e-05
1632,7.316860937059724e-05
1633,0.00016369493249522007
1634,6.620414712650457e-05
1635,7.566105732370512e-05
1636,0.00014934880695544018
1637,0.00016170150394814424
1638,8.960228313543979e-05
1639,0.00022796505497728136
1640,7.316131222293624e-05
1641,7.540293723920266e-05
1642,0.00010126057375405053
1643,7.341013505230668e-05
1644,0.000137957009847462
1645,4.4266195476265145e-05
1646,0.00016168014018934295
1647,4.3790830006193474e-05
1648,0.0001614181793651396
1649,7.013566211418357e-05
1650,0.00011033115462954776
1651,6.500373354743638e-05
1652,6.400587792752748e-05
1653,2.862321415065597e-05
1654,0.00010076252045228627
1655,0.00017939346540373123
1656,6.353241035669069e-05
1657,0.00013050695708499954
1658,0.0001053786123931964
1659,5.380163196513025e-05
1660,3.801707783138699e-05
1661,0.00013637387513407335
1662,7.3918242892816e-05
1663,0.00023057762625094467
1664,0.00012145558510180825
1665,0.00018827755954216796
1666,7.112023642769263e-05
1667,7.288915702010109e-05
1668,6.165777804113931e-05
1669,7.339541845128042e-05
1670,0.00014515742931392619
1671,0.00010378805850208207
1672,8.239429890737476e-05
1673,0.00010205117117384208
1674,8.16221476669437e-05
1675,0.00016931392340570881
1676,6.560385891474307e-05
1677,6.862759402477016e-05
1678,0.0001748135695915141
1679,0.0001871790291787532
1680,5.9665675226022155e-05
1681,0.00010621193744010459
1682,7.291330174529232e-05
1683,0.00010086131641981358
1684,8.29715466008658e-05
1685,4.43469923501597e-05
1686,8.096340024530683e-05
1687,6.733497300742308e-05
1688,0.00012759634190156116
1689,2.499379566608627e-05
1690,0.00010634546525331936
1691,2.837884734882738e-05
1692,0.0001196475634890195
1693,6.27095464373986e-05
1694,0.00014426498407458513
1695,0.00013523791007397543
1696,4.388279283654114e-05
1697,0.0001425155521610102
1698,4.8033137855351137e-05
1699,0.00014059111183444266
1700,0.00013305539336316654
1701,5.914080424181554e-05
1702,9.814162240063119e-05
1703,0.00011849634723703345
1704,8.328358647406572e-05
1705,8.651261380612682e-05
1706,0.00010301294146709631
1707,7.476022581007009e-05
1708,7.445984733389623e-05
1709,0.00010264166385295566
1710,2.7051016731278085e-05
1711,9.400717184999647e-05
1712,0.00023377832514726878
1713,8.258850786888498e-05
1714,0.00016021889245182097
1715,0.0001709348589250642
1716,0.00026061958335309404
1717,0.00011905331082007074
1718,0.0002483594766366818
1719,8.427927204886203e-05
1720,8.929576545821697e-05
1721,0.00030925341992017004
1722,0.00010794691001272621
1723,6.432787518713406e-05
1724,0.00012678059932244053
1725,8.889760013384515e-05
1726,5.022213206810978e-05
1727,0.00033761292410966525
1728,9.292340783587907e-05
1729,0.00011523741029057392
1730,6.827027561560882e-05
1731,0.00011207792622838459
1732,0.00012818267253658517
1733,0.00023069506820302073
1734,0.0001323894919179982
1735,0.0002480651068579431
1736,0.00016020400620683786
1737,0.0001094387592306896
1738,0.00015023616798084399
1739,0.00012373833315216032
1740,0.00014069982932972449
1741,8.019249013373901e-05
1742,4.1254085459634156e-05
1743,0.00010799123663735814
1744,0.00016633507181295336
1745,3.4513574701401465e-05
1746,6.49347878125634e-05
1747,0.00021893293043421716
1748,7.067250924792728e-05
1749,6.748934774861126e-05
1750,8.679410116040999e-05
1751,7.668483510004138e-05
1752,0.00011102711957473976
1753,0.00012259488339148655
1754,9.270311459474939e-05
1755,0.00013734645550390003
1756,0.00013108426967667054
1757,0.00016378644379621003
1758,0.00012643501087093283
1759,0.00025616888475341043
1760,0.00010800278037516176
1761,0.00012400245901916207
1762,5.1508149528243874e-05
1763,0.0001071340350149982
1764,0.00012141555722490524
1765,6.119231056519051e-05
1766,0.00017484817791255339
1767,7.414164725546276e-05
1768,9.787522879039114e-05
1769,0.0001621626524734726
1770,0.00011964046085716977
1771,0.00017782159247534015
1772,0.00014115110334534628
1773,0.00013477010088835506
1774,0.00012325790480427842
1775,8.458581266673526e-05
1776,0.00023667270925106226
1777,3.4655252055021846e-05
1778,5.76409943377225e-05
1779,8.071009264878062e-05
1780,4.763200064884132e-05
1781,8.969286003853748e-05
1782,5.653913936141697e-05
1783,0.00010160033118812672
1784,8.898065726524133e-05
1785,0.000111886760147136
1786,6.81894645580953e-05
1787,5.02636664921279e-05
1788,9.503754727697942e-05
1789,0.00016426557995174383
1790,5.752832420982046e-05
1791,8.798608297003963e-05
1792,0.00020010137584240134
1793,9.130380682215674e-05
1794,0.00015667925565855762
1795,4.664498982134209e-05
1796,0.0001386856407694734
1797,0.00023791868726821447
1798,0.00018933077659688357
1799,6.210095009884398e-05
1800,6.871648956862973e-05
1801,2.3423948348559278e-05
1802,0.00011279989103279966
1803,0.00020326070754307096
1804,7.943116060655238e-05
1805,8.8368279613388e-05
1806,0.00020697126268558189
1807,0.00015382887605038892
1808,0.0002550952962429979
1809,0.00017589266638043163
1810,0.00011259560711642671
1811,7.489104577416007e-05
1812,8.07865457473729e-05
1813,9.259624688852174e-05
1814,0.00019212417715916468
1815,8.896217092581382e-05
1816,0.0001863433893824479
1817,9.041819578254408e-05
1818,5.4930611292770774e-05
1819,0.0001495101363584461
1820,5.94683948959169e-05
1821,7.014494171002006e-05
1822,6.762198639849875e-05
1823,7.586050633795976e-05
1824,4.2583237091667644e-05
1825,8.137407918309896e-05
1826,0.00012705467950450484
1827,0.00013533715948733444
1828,0.0001447827460295262
1829,8.970784164806784e-05
1830,0.00014709742353202968
1831,6.109335732564671e-05
1832,0.0001055407919252727
1833,0.00010362182222221691
1834,0.00010552104009383976
1835,0.0001280056092979376
1836,0.00017008340183013754
1837,9.223100504781754e-05
1838,0.00020762837505377543
1839,9.391427793365708e-05
1840,3.117152709852415e-05
1841,0.0001310471625888786
1842,0.00017762266714383413
1843,0.00010762962817311481
1844,6.252748391069745e-05
1845,0.00015461912689612123
1846,0.00012096784748831893
1847,0.00014535846076132883
1848,0.0001679709183106809
1849,8.01605365998269e-05
1850,9.420512033566242e-05
1851,9.952029698093353e-05
1852,7.494420495097888e-05
1853,5.892690957844318e-05
1854,6.636643295736273e-05
1855,7.978056744585913e-05
1856,6.127803130805946e-05
1857,7.008565872643559e-05
1858,0.00013812600314203535
1859,5.9690356821186076e-05
1860,0.00010353375064691068
1861,5.955576346111424e-05
1862,0.00022809632444572146
1863,0.00016232701008101104
1864,0.0001151301698672271
1865,7.581362906984647e-05
1866,5.264132742527064e-05
1867,6.028851336772446e-05
1868,4.5893224184463754e-05
1869,9.132487964396618e-05
1870,0.00013160803493217796
1871,5.451388713253991e-05
1872,0.00010844809906258371
1873,0.00014595801880466118
1874,0.00012220291061881375
1875,6.4740965118188e-05
1876,0.00012422155166314227
1877,0.0002131715966786681
1878,1.9985530177720576e-05
1879,0.00014802743517824537
1880,0.00015998745793402726
1881,0.00014722647465364996
1882,0.00014066632011118212
1883,0.00021075495305816132
1884,7.5743059728195e-05
1885,0.00011807518870891653
1886,0.00012753040439064903
1887,0.00011766308236353525
1888,0.00010340701142728724
1889,0.00010030790117144126
1890,0.00016277899248181836
1891,0.00012311532437035688
1892,9.820483205590177e-05
1893,5.839878762281494e-05
1894,0.00014203817399185284
1895,8.232224189041692e-05
1896,0.00015645864425814217
1897,7.81883021869379e-05
1898,0.00010521922731918405
1899,0.00033363192777506324
1900,5.6321573804525574e-05
1901,0.00015409783025385754
1902,0.00011701330359831864
1903,0.00019118671166977659
1904,3.3033515563720703e-05
1905,6.061152837744711e-05
1906,0.0001953930116951139
1907,0.00010441282252379184
1908,4.3718506001165424e-05
1909,9.141307603648536e-05
1910,0.00013932078785247484
1911,0.00014914714899275146
1912,7.248388993083756e-05
1913,0.0001648511881743579
1914,0.0001335165304972141
1915,7.035455911523497e-05
1916,0.00010166133966649506
1917,9.524786618259115e-05
1918,8.619332003627459e-05
1919,0.0002495184970998367
1920,0.00017702545486071255
1921,8.611496196066586e-05
1922,0.0001698373455291415
1923,0.00016802632875332062
1924,5.782198582896355e-05
1925,5.534506494489653e-05
1926,0.00010745386098190662
1927,9.655211581122074e-05
1928,0.000143345227691474
1929,0.00011827145454881125
1930,0.00012283110268473767
1931,0.00010145223315637825
1932,0.00014156972080111316
1933,7.964539260287926e-05
1934,9.333418860517073e-05
1935,0.00011341171584707908
1936,6.589840115672391e-05
1937,0.0001020866727469606
1938,0.00015372772086595822
1939,0.0001290533180446671
1940,7.602773967892873e-05
1941,9.278927533676071e-05
1942,0.00017063720737665522
1943,3.740113913984507e-05
1944,0.00027287343279937926
1945,0.0001023684034830558
1946,8.601582397776535e-05
1947,0.0001362852052755918
1948,1.7153168100678996e-05
1949,0.00010743703257540342
1950,0.00014146732641267086
1951,5.359847952542735e-05
1952,4.0591887602857355e-05
1953,0.00018584314465921092
1954,6.182108118497585e-05
1955,7.027640866676643e-05
1956,0.00011774483521441562
1957,0.0001412723160283669
1958,0.00023626131269493788
1959,0.00014547018919355736
1960,0.00012382421254522678
1961,5.156593683256332e-05
1962,5.4720470599910485e-05
1963,0.00011880548642882151
1964,0.0001017369389881452
1965,0.00011641789145304197
1966,8.517666540682384e-05
1967,0.00020747901993840422
1968,0.0001305184126253574
1969,0.0001034593852254853
1970,8.382048099003133e-05
1971,0.00011273669801779477
1972,7.037255847775915e-05
1973,5.0767667824822695e-05
1974,6.149327665865039e-05
1975,0.00011442815666874941
1976,0.00010579790985680168
1977,0.00011331211832395647
1978,7.357407044990199e-05
1979,0.00015533237580479283
1980,5.470946918021569e-05
1981,8.239115957939847e-05
1982,0.0001058503944446682
1983,7.413262469831376e-05
1984,0.00021251600212612227
1985,3.197159462601032e-05
1986,0.00016479846512259134
1987,0.0001370699825867111
1988,0.00010271015858209651
1989,6.412833600478509e-05
1990,9.726301385944601e-05
1991,4.871203426458702e-05
1992,0.00016126247244615426
1993,0.00021424323336231932
1994,0.00015613259898639094
1995,5.156544567332566e-05
1996,8.627265318459715e-05
1997,5.524751973879879e-05
1998,2.8232297080031748e-05
1999,0.00010802288883424496
2000,0.00010520358671171554
2001,4.452605484507318e-05
2002,7.712026792949258e-05
2003,0.00018093735718210507
2004,5.456703673519954e-05
2005,0.00023763707104654057
2006,0.0001072652461844031
2007,3.3102466975002215e-05
2008,7.285570168885103e-05
2009,6.74974290081535e-05
2010,2.97724370455734e-05
2011,0.0001269341876441465
2012,0.0001243831266313226
2013,8.869962112911139e-05
2014,0.0002087923165971427
2015,3.3771867996425006e-05
2016,4.7447002687726426e-05
2017,0.00015839996609045718
2018,7.5730829346744e-05
2019,0.00012285130696735938
2020,0.00010449857623391378
2021,4.821235501794919e-05
2022,4.3135271388984744e-05
2023,8.21563043443762e-05
2024,0.00011572103048957096
2025,9.596250078110167e-05
2026,0.0001652236891345963
2027,0.00015996381679901997
2028,4.43261945628395e-05
2029,9.435673840220057e-05
2030,9.54077877740981e-05
2031,8.216363557824438e-05
2032,4.514160160608275e-05
2033,0.00016206631815585598
2034,6.654752414278168e-05
2035,0.00014587330985955273
2036,0.0001371310149261581
2037,0.00014404171855683672
2038,2.646454153599853e-05
2039,8.616527288718877e-05
2040,0.0001525652360233669
2041,0.0001849743971607459
2042,7.7378925794152e-05
2043,0.00010029319095364234
2044,0.00011854700583401791
2045,8.962974448422197e-05
2046,4.478234675718611e-05
2047,8.207941111899999e-05
2048,3.6159733085380984e-05
2049,0.00014431497062341423
2050,0.0001269779931705037
2051,0.00014528128049436865
2052,9.021503593733608e-05
2053,0.00018412231533355993
2054,4.194876741422344e-05
2055,9.413787688842363e-05
2056,0.00018483627816782863
2057,0.0001718718032783941
2058,0.00014589114588709937
2059,5.897912919020059e-05
2060,0.00010907326229365734
2061,0.00022146420753438548
2062,7.092569110622031e-05
2063,0.00010954785413313705
2064,4.4453037901727285e-05
2065,9.557072947418843e-05
2066,0.0002304408005618254
2067,0.00011644561213189304
2068,0.00011554782416094218
2069,8.436352369058485e-05
2070,8.184430347311056e-05
2071,0.00014070136346082336
2072,0.0002443658695000875
2073,0.00015783173473958326
2074,8.49358793669259e-05
2075,9.555604743448725e-05
2076,8.429991447083102e-05
2077,4.627366209744577e-05
2078,0.00015074671907122964
2079,7.968816052107163e-05
2080,0.0001101033115436427
2081,0.00012017407738604083
2082,0.00010183759375279665
2083,0.00010394578640700512
2084,0.0001591295876115347
2085,7.738597432922049e-05
2086,7.031167137719915e-05
2087,7.381779109718994e-05
2088,0.00012066654275714692
2089,9.029240464855914e-05
2090,6.094316416223614e-05
2091,9.601278567270588e-05
2092,0.00012372469344824771
2093,0.00017644987499031535
2094,8.849341283980217e-05
2095,0.00015738197146806344
2096,0.00019503358127943548
2097,8.199853012315015e-05
2098,8.700320224367568e-05
2099,4.711884410146736e-05
2100,5.571328738535603e-05
2101,0.00012794504803473734
2102,0.00017309408217890896
2103,0.00010997592206294643
2104,0.00010875636954119009
2105,0.00016948200346211497
2106,5.4412062390517815e-05
2107,9.845669623877813e-05
2108,0.00030693023074603287
2109,7.101504334381741e-05
2110,0.0001141571615304639
2111,5.223896076280158e-05
2112,8.86058056265081e-05
2113,0.00011771741572613349
2114,0.00020626183693936854
2115,0.00017325051038862295
2116,0.0002298625316954285
2117,0.00010605322346258705
2118,0.0002606944060306285
2119,7.601626472522243e-05
2120,0.0001243074725281778
2121,0.00010689038124659124
2122,9.248693188032365e-05
2123,6.959063232186872e-05
2124,0.00020717367799942475
2125,7.821797023345621e-05
2126,6.50746728776369e-05
2127,0.00031109445719944203
2128,0.00023115820097710095
2129,6.086598701030742e-05
2130,0.00010081295643452031
2131,6.670072831618824e-05
2132,8.117615895217638e-05
2133,0.00017341714314314882
2134,7.509482355788676e-05
2135,0.00011913863400657445
2136,5.4821888878417746e-05
2137,0.00010662316407117331
2138,0.00013928341279427432
2139,7.761183101938789e-05
2140,0.0002031122171729878
2141,0.00013743751917500764
2142,3.071066708566054e-05
2143,5.5822284422220295e-05
2144,0.00017713240312115564
2145,0.0001816085953838545
2146,6.506134168009738e-05
2147,0.00011231479409939202
2148,0.00018931653487222044
2149,9.300092921792344e-05
2150,9.464068443129333e-05
2151,8.253128087808614e-05
2152,4.166023270689477e-05
2153,0.00013767855930563744
2154,0.00010175831415435886
2155,0.00012959472581205414
2156,0.00013145084631101356
2157,7.239887395950536e-05
2158,4.0889497187829015e-05
2159,0.000247253435051564
2160,8.986966313102746e-05
2161,0.0001484436061606918
2162,9.560886993057188e-05
2163,0.0001848461828941156
2164,0.00015723391362450147
2165,4.8747765131342635e-05
2166,0.00010188774562719724
2167,0.00012257913081547767
2168,0.00010490480001484044
2169,0.00020091989802390576
2170,0.00022399635156331496
2171,9.355113505205594e-05
2172,0.0001976343008498413
2173,3.820023398996829e-05
2174,8.097773181543135e-05
2175,7.28437359801139e-05
2176,0.00011741275508013522
2177,0.00013887637423655387
2178,0.00023937798407620424
2179,0.00012627570816724928
2180,0.00015167836005572686
2181,6.596510248607122e-05
2182,0.00023899941336153748
2183,0.00011220047470738667
2184,8.94722350012586e-05
2185,3.894159248701638e-05
2186,1.6252731447680876e-05
2187,0.000196428138157229
2188,0.00011136166017717248
2189,6.687015769510353e-05
2190,6.469473852887074e-05
2191,0.00014791480661913864
2192,0.00013763580585495226
2193,5.813895030082882e-05
2194,0.00020091296026366974
2195,4.567385085590553e-05
2196,0.00011046511735480397
2197,0.00017941448108072512
2198,7.307007718403526e-05
2199,4.973862365582538e-05
2200,0.00015060259786237268
2201,0.00014487964007329276
2202,8.159729686152984e-05
2203,8.04961951062562e-05
2204,0.00025510249541052505
2205,8.597857439042857e-05
2206,0.00021384200678027196
2207,0.00026415576051023906
2208,1.2327241013105e-05
2209,6.10993140606516e-05
2210,0.00016192759472036662
2211,2.985040330872766e-05
2212,0.00017573589399859433
2213,5.802368706287553e-05
2214,4.975139825231763e-05
2215,0.00014205842377208925
2216,0.0001339234632250955
2217,0.00022303629024176307
2218,0.00013134364229407314
2219,0.00014962601784303503
2220,0.00010795330113134371
2221,5.442211455750036e-05
2222,0.00017943961572865468
2223,8.858345616803751e-05
2224,9.396592463263882e-05
2225,0.00014773844683378364
2226,0.00026425626601913417
2227,0.00010831495116950287
2228,3.923846534329565e-05
2229,6.382957478563497e-05
2230,8.531488460351665e-05
2231,0.0001393190709226922
2232,0.0002401585516353756
2233,7.078992125291044e-05
2234,0.00014616181420838928
2235,0.0002361965789155392
2236,7.949181131314858e-05
2237,0.00012250480534467057
2238,0.00013322506649978468
2239,6.29710887868419e-05
2240,0.00011573768931010209
2241,0.00012275539890342597
2242,0.0001414834389525332
2243,6.402997859284747e-05
2244,0.00018118497459112135
2245,6.092156154341895e-05
2246,0.00013920191379776015
2247,6.532836319973362e-05
2248,0.00010037878027676871
2249,0.00011988357832840276
2250,6.621250217809754e-05
2251,0.00011941414743576355
2252,0.0002713913037409849
2253,9.865593807133759e-05
2254,0.00014267838293474737
2255,5.592318430902308e-05
2256,0.000153084527683739
2257,9.444258903950699e-05
2258,6.721246069142746e-05
2259,0.00015372419624696174
2260,0.0001577989850536691
2261,8.607997225409452e-05
2262,0.000147707806710317
2263,4.4965105001650015e-05
2264,2.4270760163075176e-05
2265,6.733348943937862e-05
2266,0.00010844251507422602
2267,0.00014876471425404416
2268,0.00019417532946591778
2269,0.00029975942845594447
2270,9.733492337581117e-05
2271,9.946658342982856e-05
2272,0.00014691490253866755
2273,0.0001430488632403761
2274,0.00011835901866651756
2275,3.5733473882386265e-05
2276,3.8411003060847036e-05
2277,4.888305080704982e-05
2278,5.354265120983774e-05
2279,0.0001816665572644158
2280,0.0002485141935209042
2281,0.00011098096612627352
2282,5.3910304989246434e-05
2283,0.00010303937834793699
2284,7.542605658811299e-05
2285,0.00023513095693145024
2286,0.000177066323440628
2287,0.00016707663791778448
2288,0.00015180571689737632
2289,0.00025957619214068354
2290,3.618675506413946e-05
2291,7.331209419503222e-05
2292,0.0001253564179728258
2293,6.507248035702903e-05
2294,0.00020439722163486713
2295,0.00023685879412265885
2296,0.00027747929101956616
2297,0.00015768246178692575
2298,7.91964372428554e-05
2299,0.00023728386462799715
2300,7.892521938988657e-05
2301,1.77323041370157e-05
2302,0.00011446794770445968
2303,9.810565061437297e-05
2304,6.206557517906866e-05
2305,0.00020570852715436574
2306,0.0001130050591335165
2307,9.011915153574306e-05
2308,5.0216724239767464e-05
2309,0.00010195827229104472
2310,0.00010042216978688432
2311,0.000144709194744586
2312,2.5896928891301426e-05
2313,8.444452616553954e-05
2314,0.00011632391760009579
2315,5.595559469477248e-05
2316,0.00013301983611074082
2317,6.72658161878889e-05
2318,0.0002316043119149985
2319,6.682855164079015e-05
2320,9.583864251901128e-05
2321,3.230654997648337e-05
2322,8.010825496230486e-05
2323,0.00016005556647813936
2324,0.0001486014763531177
2325,0.00017198157933080884
2326,0.00014027164838599542
2327,0.00012045180883099813
2328,9.624568731874747e-05
2329,9.373699932184825e-05
2330,0.00016606860186640774
2331,9.910322547734699e-05
2332,6.973544786256628e-05
2333,0.00017375361629141839
2334,6.047266450043417e-05
2335,9.002323646672417e-05
2336,0.00018900361807107536
2337,6.743215727408663e-05
2338,0.000135705764890704
2339,0.00016775222873502825
2340,0.00019968776783176593
2341,5.7653442464725095e-05
2342,0.00010772216815295133
2343,0.0001792347860383522
2344,0.00020145834690519766
2345,0.00011839406178013102
2346,6.877272949124412e-05
2347,9.809245449505461e-05
2348,8.152799198079512e-05
2349,0.00017321273952930328
2350,0.00011382368486238476
2351,0.00020851701825536266
2352,0.00011955654588244671
2353,8.491688541112437e-05
2354,0.0002651294793637833
2355,6.575727462765743e-05
2356,7.224199011895144e-05
2357,0.0001711495851490547
2358,3.834612270236788e-05
2359,0.00011185411724861512
2360,0.00018908922146905604
2361,0.0001373564950096265
2362,9.705805834891572e-05
2363,9.847359372418203e-05
2364,0.00012244829009583366
2365,6.143895030431795e-05
2366,7.620459912325686e-05
2367,7.267145565724927e-05
2368,0.00023747823283267152
2369,0.00013639629178283037
2370,5.934400328310421e-05
2371,0.0001114238349672023
2372,0.00010701577844209067
2373,6.558619176729477e-05
2374,3.852601226526124e-05
2375,0.00016582479189228484
2376,0.00014351227609053665
2377,0.00018672347821772616
2378,9.21550681223228e-05
2379,6.97224803894324e-05
2380,0.00010457203656773085
2381,4.265796207962207e-05
2382,7.139215638069749e-05
2383,0.00015145788754059413
2384,8.134125734000839e-05
2385,0.0001675827130450067
2386,7.79791416655113e-05
2387,0.00017090597864658644
2388,5.9121700872825324e-05
2389,0.00013261342278487022
2390,3.76899825657949e-05
2391,0.00013051197898864719
2392,6.567947855368735e-05
2393,0.00011956132526293429
2394,0.00011046710924569669
2395,0.0002094547367905053
2396,6.174225959826155e-05
2397,0.00010753233943487139
2398,5.587529709772371e-05
2399,9.415626318433846e-05
2400,7.565893668509865e-05
2401,8.957102100239865e-05
2402,5.6156097169600175e-05
2403,0.000166825759697872
2404,0.00020258128321410114
2405,0.00016175165226122308
2406,5.8303560707521667e-05
2407,7.529067328924046e-05
2408,0.00021120311315580537
2409,9.874786350576228e-05
2410,0.0001169602868013866
2411,5.027944707447894e-05
2412,9.00229726871635e-05
2413,7.855729620694982e-05
2414,8.58198539842965e-05
2415,9.997593723086097e-05
2416,7.979859132873747e-05
2417,6.451412886943453e-05
2418,9.890782611907038e-05
2419,0.00012722870825795194
2420,0.00019665404384875106
2421,6.157049552903799e-05
2422,0.00017324936874279874
2423,0.00010158833464511968
2424,0.00017443083766689697
2425,0.00016936906579940255
2426,0.00013284455995834121
2427,0.00015137663694583188
2428,0.00013724940600879626
2429,0.00011239957858530311
2430,9.95066803710466e-05
2431,4.118923008727468e-05
2432,9.234020455489586e-05
2433,0.00017280462147021417
2434,5.3537860408670146e-05
2435,4.964408014086004e-05
2436,9.297235576501771e-05
2437,0.00021194347129365636
2438,0.00013931070407693214
2439,6.257918014752423e-05
2440,8.150475487715583e-05
2441,0.00013479546822151597
2442,0.00011767901159786908
2443,0.00012447808395051906
2444,7.766026786447357e-05
2445,5.421663898807351e-05
2446,9.053341546802828e-05
2447,7.75233910365067e-05
2448,0.0001237850035244646
2449,8.893097410006586e-05
2450,5.814397403111816e-05
2451,0.00010057705619417568
2452,0.00010958106669032738
2453,9.976269647307737e-05
2454,0.00013755393468411152
2455,7.068574812339633e-05
2456,9.148879483243875e-05
2457,0.00020433826127468573
2458,0.00010882622806222625
2459,0.00014097037462905182
2460,0.00013423290865016008
2461,0.00014456640523420486
2462,4.519217403217711e-05
2463,0.00018759931590073454
2464,0.00010198674982725107
2465,0.00016189738772431098
2466,0.00012158120531893483
2467,5.061985595984697e-05
2468,4.2263467118936114e-05
2469,4.210458603195084e-05
2470,7.420149310141737e-05
2471,0.00010609713116567242
2472,0.00012362413508074807
2473,9.894632422527002e-05
2474,9.65353334904551e-05
2475,0.000126657567985671
2476,1.796520856383649e-05
2477,0.0002569501176676073
2478,0.000125590178434067
2479,9.674357412522638e-05
2480,5.9664188136180154e-05
2481,6.350513766224717e-05
2482,3.0096000572199217e-05
2483,5.457099772383332e-05
2484,5.9327703169975294e-05
2485,7.209377790882112e-05
2486,0.00014230793232911532
2487,4.0238603951246656e-05
2488,0.00021700883840668154
2489,0.00029720601157873526
2490,0.0001846712797241951
2491,0.00014294428348634458
2492,0.00011725616936874374
2493,0.00013800309889163
2494,0.00010516150402187746
2495,9.780217947907919e-05
2496,9.51851459851321e-05
2497,0.0001453862436927712
2498,5.549187457774969e-05
2499,5.888750967210614e-05
2500,7.340887837929318e-05
2501,0.00010855105683887468
2502,0.00016063642202800474
2503,0.0002375325325106127
2504,2.9028950424803096e-05
2505,0.0002654351481948647
2506,4.4944221588602524e-05
2507,0.00010415910684209507
2508,9.201481152505132e-05
2509,8.962973146505784e-05
2510,5.8674815392940126e-05
2511,1.7373233700011408e-05
2512,0.00018912578396095857
2513,5.1015331108388204e-05
2514,0.00011991157926418215
2515,6.114439914940539e-05
2516,0.00020979982821948845
2517,3.3792631925444295e-05
2518,0.00023185254139641804
2519,0.00010674013139260005
2520,9.489128648977564e-05
2521,8.281119644886761e-05
2522,4.4794119689584475e-05
2523,9.563406031614871e-05
2524,0.0001258099296151202
2525,0.00012152658485928949
2526,0.00022691456652886653
2527,6.0130611088924975e-05
2528,7.494901505405687e-05
2529,0.00012180914428220906
2530,0.00010569652568573047
2531,0.00013127046363683737
2532,5.7192194960494225e-05
2533,0.0001484024898021932
2534,4.182000526649615e-05
2535,6.146678500682214e-05
2536,0.00014770219940418055
2537,6.621996286185876e-05
2538,4.7086365024539223e-05
2539,0.00014145520881951983
2540,9.912936329390884e-05
2541,0.00011266305818582499
2542,5.9893545854116794e-05
2543,0.00015927413279682957
2544,0.00010115851863577449
2545,0.00012463943401159835
2546,0.0001270217344560538
2547,4.854202721940739e-05
2548,8.905298876355245e-05
2549,8.562634669898755e-05
2550,0.00017678851106450174
2551,0.00019904787890015913
2552,0.0001110032158460365
2553,0.00010903460989671881
2554,1.9251891759450398e-05
2555,0.0002978427000045129
2556,0.00013050268021419802
2557,0.00013912182183195787
2558,7.441367132701326e-05
2559,7.847115606241356e-05
2560,0.00011130224276948549
2561,0.00015821739607325326
2562,9.002829999534646e-05
2563,6.101624788926896e-05
2564,8.037540225229303e-05
2565,4.874900959062786e-05
2566,0.0001585311427275407
2567,0.00018390231204091947
2568,0.00014387699533908595
2569,0.0001831128096236298
2570,9.469898861233263e-05
2571,0.0001027064928199862
2572,6.790436243719666e-05
2573,1.779154309984875e-05
2574,7.472177485963238e-05
2575,9.359765979443344e-05
2576,6.855893629748054e-05
2577,1.6671898886753866e-05
2578,0.00010755547281833553
2579,0.0001175903861740091
2580,4.1360685435191546e-05
2581,0.00017469543852149228
2582,5.192465513849829e-05
2583,7.790791234095066e-05
2584,9.91131189182766e-05
2585,6.103325669573253e-05
2586,8.51903521086082e-05
2587,0.00019593831711963285
2588,0.0001052150757014492
2589,0.0001155357359423745
2590,0.0001392748752342627
2591,6.037638341497799e-05
2592,7.440212587567885e-05
2593,8.540797369648643e-05
2594,0.00015448824711540452
2595,0.00022992337211590877
2596,8.058934348535105e-05
2597,0.00010523547092820392
2598,0.00011641193101801884
2599,0.00011985563337472231
2600,0.0001066639178311588
2601,0.00010955674377615791
2602,0.000228105322033055
2603,0.00011941922320134241
2604,0.00023818476945635446
2605,9.394540523012182e-05
2606,7.692480997210333e-05
2607,4.1045150064466933e-05
2608,8.213409924878388e-05
2609,0.00023499028860904722
2610,0.00010488564984454751
2611,5.6495059696973656e-05
2612,9.933862808583928e-05
2613,8.609072488935507e-05
2614,0.00014587891274505917
2615,0.00014892018272284174
2616,5.86207578927982e-05
2617,0.00016245643055339603
2618,0.00019946681061089747
2619,8.721842797660033e-05
2620,0.00018820856521630552
2621,5.483785026993763e-05
2622,0.00011668586375824544
2623,0.00028985005858118263
2624,0.00010174177988232937
2625,0.0001441801744062178
2626,0.00013093573866769956
2627,7.43874751880486e-05
2628,0.0001547802988622626
2629,0.00011240717369773531
2630,0.00015399120615586858
2631,4.105478104083016e-05
2632,0.00014450420761448143
2633,3.22774425475601e-05
2634,5.65099990785506e-05
2635,0.00011788270833587965
2636,7.503213281342048e-05
2637,5.8755327385905877e-05
2638,0.00014510262895210056
2639,0.00016108427447921253
2640,0.00016668007209374463
2641,0.0001539840412102171
2642,0.00011011496400100407
2643,0.00013503860491229233
2644,0.00010454412320293296
2645,0.00019877278195972058
2646,0.00019476252825396996
2647,0.00024957431452089313
2648,0.000132193917413813
2649,0.0001630038444891754
2650,0.00015748516637220352
2651,0.0001256414363345953
2652,7.065095463337994e-05
2653,0.00012853293531758306
2654,0.00010697284485944332
2655,9.823856254666042e-05
2656,6.905811642228846e-05
2657,8.180892022413551e-05
2658,9.077612647119791e-05
2659,6.845480682474965e-05
2660,0.0001254823889356053
2661,0.00024066906487392854
2662,0.00014233320779453434
2663,5.3375432656983e-05
2664,9.150279430298238e-05
2665,5.1255587590983326e-05
2666,0.00013278458717709077
2667,2.9911554178179826e-05
2668,2.4758376339409244e-05
2669,4.99126251435707e-05
2670,9.908528140304692e-05
2671,0.00026735464930529484
2672,5.062583287928898e-05
2673,0.00024114214981092968
2674,0.00015262201623669812
2675,0.00013932494272972889
2676,0.00014115772206760204
2677,0.0001182581456900589
2678,0.00011369621077967796
2679,0.000258782979445251
2680,4.389206733390685e-05
2681,9.621350667508934e-05
2682,8.348249806157023e-05
2683,6.130419537372285e-05
2684,0.0001057457035736313
2685,9.005507850533677e-05
2686,3.3500734788744174e-05
2687,9.255353151135392e-05
2688,0.00012311624584232015
2689,0.00010754589708812655
2690,4.313627846648504e-05
2691,2.7276182060808894e-05
2692,0.00010835155165674056
2693,9.952331516909632e-05
2694,2.862856446558022e-05
2695,5.9310966637114516e-05
2696,9.142313705039384e-05
2697,3.296982386870959e-05
2698,0.00018763615146504524
2699,0.0003530446705443112
2700,0.00020991634638880201
2701,7.608629081938655e-05
2702,7.646971291907473e-05
2703,7.743203113020398e-05
2704,0.00010340154995137422
2705,0.00010226135512993905
2706,6.914203641199687e-05
2707,8.130695205694445e-05
2708,7.956116297489703e-05
2709,0.00017740782178375983
2710,0.0001945856686214071
2711,0.00014630025801052351
2712,0.00010162637208403938
2713,0.00021010712788402614
2714,7.540369118700171e-05
2715,0.00015022483254266083
2716,8.119416625487649e-05
2717,6.0200398125517674e-05
2718,0.0001349838163076182
2719,4.514392313504167e-05
2720,7.817000252477399e-05
2721,6.235099777558765e-05
2722,7.635243904577992e-05
2723,7.144359874658354e-05
2724,9.676434135360188e-05
2725,0.00010201392978998006
2726,0.00015595694682432766
2727,0.0001250693487687526
2728,0.00013453317783506568
2729,0.0001886199033417067
2730,0.00021584243866389966
2731,6.586593261729664e-05
2732,0.00011676937821605217
2733,3.0297958279881335e-05
2734,7.521126028278572e-05
2735,0.0001447366318606692
2736,8.73432509412297e-05
2737,0.00013208266754706222
2738,0.00014941906637665027
2739,9.958226112454565e-05
2740,9.066461787902926e-05
2741,7.764583123343852e-05
2742,4.729567979653135e-05
2743,0.00013847938059636332
2744,0.00015669090656854646
2745,6.72807040926393e-05
2746,0.00027110130225800334
2747,0.00014155792115100785
2748,4.527155994633049e-05
2749,6.493723205350409e-05
2750,7.2913860846275e-05
2751,5.6733883964062966e-05
2752,0.00010273275395251513
2753,2.6691195703525162e-05
2754,0.00023899363077583917
2755,4.252140798674568e-05
2756,0.0001817273179401019
2757,7.00848449335412e-05
2758,5.866446705184201e-05
2759,0.00011123952039153493
2760,0.00010713979125057906
2761,7.271060996264905e-05
2762,0.00012616941462348992
2763,3.4454903145039324e-05
2764,5.983295115606937e-05
2765,0.00026112782387833404
2766,0.00011961003650595573
2767,4.512242005482773e-05
2768,0.00015082286862237889
2769,9.104937984400074e-05
2770,3.18429783482242e-05
2771,8.945118131787472e-05
2772,3.170157222495922e-05
2773,0.00021146329339010353
2774,0.00012144070398513884
2775,0.0001702881683301886
2776,0.00012435547553463195
2777,8.442101794116882e-05
2778,7.575970261832344e-05
2779,0.00011192452080652412
2780,9.590806817626661e-05
2781,6.105948416745969e-05
2782,0.00022738210843961955
2783,7.445346637983399e-05
2784,9.292484510155043e-05
2785,0.00012061223366783897
2786,0.00010096050132554161
2787,0.00010653025919110296
2788,0.00012135195213724601
2789,5.4345109542877125e-05
2790,3.236883958285562e-05
2791,0.0001940313109358128
2792,0.0001820524590176107
2793,4.256740806302546e-05
2794,7.807009060669886e-05
2795,8.325758620858148e-05
2796,0.0003097113372416494
2797,2.7870491911519292e-05
2798,6.08204076419252e-05
2799,0.00014241828825196012
2800,0.0002532719789616509
2801,0.00021556695131358803
2802,0.0001748150436843498
2803,9.463631960479726e-05
2804,7.029876758902726e-05
2805,0.0001743908897934919
2806,9.934867877268092e-05
2807,0.0001544052849525844
2808,8.121720157402695e-05
2809,6.2608838704561906e-06
2810,8.348281473780024e-05
2811,0.00021559560147529488
2812,0.00014712454733566336
2813,0.00012221381733799327
2814,9.891701842800473e-05
2815,0.0001488309406452012
2816,8.83441970449107e-05
2817,9.370649121803515e-05
2818,4.604137587877457e-05
2819,3.9200389268700686e-05
2820,5.816867354913295e-05
2821,4.8753831840804374e-05
2822,0.00016128035777254572
2823,0.0001605892804498977
2824,0.00011767476246097666
2825,0.00017480556236898134
2826,0.00011418930946907285
2827,0.00010194714183830223
2828,7.563550680585575e-05
2829,0.00013183818943121364
2830,8.739033957435183e-05
2831,5.777093686881353e-05
2832,3.7631457749846965e-05
2833,0.0001302371626056041
2834,0.00010782109314943559
2835,0.00011030981391779311
2836,9.805821204803506e-05
2837,0.0001541109821228403
2838,5.2082287989933815e-05
2839,7.199060776682707e-05
2840,0.00010263024623945261
2841,0.00013443204699234077
2842,9.727303832825286e-05
2843,8.212761820908219e-05
2844,5.841799690328112e-05
2845,0.00011359350971031522
2846,0.00012867159783954153
2847,0.00014761818256239575
2848,6.946739021434798e-05
2849,2.936488022532912e-05
2850,4.9489054614176334e-05
2851,0.0001210692683082826
2852,7.552139124251012e-05
2853,0.00012681407037141068
2854,3.5253851864732985e-05
2855,0.00010843704631278987
2856,2.0291031137470016e-05
2857,5.333760752059157e-05
2858,6.041718668825838e-05
2859,5.190441312759126e-05
2860,5.866326148104777e-05
2861,0.00010918803310596313
2862,8.057623043096936e-05
2863,7.295954200635714e-05
2864,7.419712951858338e-05
2865,7.533254765058425e-05
2866,0.00015856261955407
2867,6.104915588896232e-05
2868,5.1788848152141875e-05
2869,4.485527063560391e-05
2870,0.00011474263268159771
2871,5.571448452435186e-05
2872,0.00010825223287581113
2873,0.00027690451348216116
2874,0.000118504310614397
2875,8.854480370761462e-05
2876,3.1801074641784984e-05
2877,0.00017109171536794444
2878,0.0001193192634799377
2879,0.00013634049670871814
2880,0.0001600501600419118
2881,4.403607786745894e-05
2882,0.00015831866089204187
2883,0.00010906392402621598
2884,9.368338241578367e-05
2885,0.00029926055139588124
2886,8.527464564998469e-05
2887,0.00025945787039745836
2888,0.0001049533486918375
2889,6.795118827804179e-05
2890,0.00017066259846247757
2891,0.00018336016420464048
2892,0.00016571004057718477
2893,0.00015133157864954196
2894,4.003517531327924e-05
2895,8.973769014517041e-05
2896,0.00010839284470116649
2897,0.00012643142276166366
2898,0.0002489906905335731
2899,6.273255671358091e-05
2900,0.00010821140629812528
2901,8.641208256886811e-05
2902,0.00011381262012230866
2903,7.247644273971523e-05
2904,9.04963321860013e-05
2905,0.00026144523756414686
2906,5.6582901391278846e-05
2907,0.00017652046132695436
2908,7.471143603380449e-05
2909,0.0001443592552303409
2910,6.030219264746678e-05
2911,0.00018720988676446067
2912,9.578589212923163e-05
2913,0.00015529126482244788
2914,9.80208266972376e-05
2915,0.00023229757189978847
2916,6.0691372078320376e-05
2917,2.5139066809699477e-05
2918,0.00021544307493297576
2919,0.00010922521758445466
2920,0.0001908550315988198
2921,0.00010165020962792464
2922,3.282864595580457e-05
2923,4.953719420048383e-05
2924,0.0003154157632970551
2925,0.00021530294528222295
2926,0.00025475825279748504
2927,0.00010696056431832024
2928,0.00010909094128187458
2929,0.0001234511950051274
2930,0.00010579512567279248
2931,8.536862433673239e-05
2932,0.0001926425836345617
2933,0.0001746377936528662
2934,2.1640376993950014e-05
2935,9.588856953172762e-05
2936,8.69502502319186e-05
2937,9.39319055491266e-05
2938,3.7075211671990984e-05
2939,7.95171163998645e-05
2940,6.2020847350487e-05
2941,6.880280432234451e-05
2942,0.00016641036368298594
2943,5.850223286891479e-05
2944,0.00010669310538669621
2945,8.506656650770719e-05
2946,5.601303298719979e-05
2947,5.3993402735003003e-05
2948,0.00011389317918285824
2949,3.733340580988601e-05
2950,2.8478591573881065e-05
2951,8.200519058104889e-05
2952,7.430055017259253e-05
2953,5.9907305359216314e-05
2954,0.00015484782795171302
2955,1.810445674294438e-05
2956,7.245684042434954e-05
2957,7.289495194171107e-05
2958,0.00020969348501041077
2959,5.194160222891036e-05
2960,6.623981274617695e-05
2961,0.0001179081466019381
2962,0.00022112745862954813
2963,7.803288470577172e-05
2964,8.613840606242989e-05
2965,0.0001053483291764198
2966,0.00010061866370892294
2967,0.000143318111681543
2968,7.489409618175934e-05
2969,0.00010227406160941806
2970,0.00014414465239435926
2971,0.00013856514505712514
2972,9.148976343493919e-05
2973,0.00012111114883594915
2974,9.089282995554426e-05
2975,8.602472686071921e-05
2976,7.463315081686787e-05
2977,7.189113795031241e-05
2978,9.734105444201557e-05
2979,8.962417939915666e-05
2980,2.7492125485462862e-05
2981,5.113175792653275e-05
2982,9.793052626683494e-05
2983,6.54493251184196e-05
2984,0.00020591225181018386
2985,0.00018198681183312801
2986,0.0001105221060254933
2987,7.118137452326353e-05
2988,0.00012572466229986522
2989,4.575764283016664e-05
2990,4.852980405285977e-05
2991,6.319430629869472e-05
2992,7.932015672272626e-05
2993,0.0001406671055216904
2994,6.195039695194537e-05
2995,5.8861380731116994e-05
2996,0.00014225760620835155
2997,3.232268093980498e-05
2998,6.804958916623624e-05
2999,0.00014362067832641897
3000,2.864508828623774e-05
3001,0.0001921877044548117
3002,9.939337464422836e-05
3003,0.00011048996468340014
3004,0.00012190799512871458
3005,9.603530571147169e-05
3006,0.0001948918401752983
3007,8.587805707719828e-05
3008,3.4488906827367936e-05
3009,0.00013237022097854705
3010,6.646142708469492e-05
3011,6.967798041601033e-05
3012,0.00011945413233528131
3013,6.33180012643793e-05
3014,0.00018392340268246743
3015,0.0001337206496857161
3016,0.00015642808955518384
3017,0.00016247399547310098
3018,1.7867674225792462e-05
3019,6.417440368209518e-05
3020,9.713056957689899e-05
3021,8.295020651008999e-05
3022,5.6284929831766506e-05
3023,6.932076441937149e-05
3024,0.000224932583013173
3025,0.00010258116343104683
3026,6.237994637696904e-05
3027,0.00012203842445613713
3028,9.782626774983551e-05
3029,5.282850732881666e-05
3030,0.00013762990126021062
3031,0.00010252636501654658
3032,0.00015283433780261796
3033,8.95104620678522e-05
3034,6.520194673989449e-05
3035,7.475971535784941e-05
3036,0.00010507880073930471
3037,0.00015459186651899548
3038,5.5653174001139124e-05
3039,0.0001545318504545958
3040,9.196006467003734e-05
3041,0.0001491839168318374
3042,0.00011596099784811877
3043,0.0002231244632267629
3044,8.109566077901395e-05
3045,6.712257554134521e-05
3046,0.00013959031940379615
3047,8.731166229834554e-05
3048,0.00014978235601546567
3049,8.15115619320419e-05
3050,0.00013544112127316236
3051,0.00010990811619686347
3052,7.882917739876496e-05
3053,7.869884668388091e-05
3054,0.0001230335515261367
3055,8.636340949169209e-05
3056,9.073663156455137e-05
3057,5.0684795979277355e-05
3058,5.5248478600629644e-05
3059,8.326342273337648e-05
3060,8.045293939077268e-05
3061,8.224396740524336e-05
3062,0.0002556571211721975
3063,0.0003618349014154268
3064,5.790051248736233e-05
3065,9.068401697489484e-05
3066,0.00012775076049188544
3067,3.449739377996706e-05
3068,0.00010821904039390595
3069,0.00010542027967363174
3070,7.521813510505919e-05
3071,0.00012885579608620925
3072,9.654037099747834e-05
3073,3.7815421383557106e-05
3074,1.703314280596464e-05
3075,0.00015690377743075563
3076,0.00013470700116233495
3077,9.086733236296543e-05
3078,4.5469856060324686e-05
3079,0.00020659831430475603
3080,8.549817132799481e-05
3081,8.160312686114885e-05
3082,0.000167064791655113
3083,0.000196228647166206
3084,0.00023051011548677679
3085,0.00013655599593873405
3086,3.5334305195217633e-05
3087,7.037562949111347e-05
3088,0.0001699206515119504
3089,8.466326319204875e-05
3090,4.5527795884095214e-05
3091,0.00014377280567521027
3092,0.0001572404294514535
3093,0.00012829979262632329
3094,0.00011236412964762351
3095,9.537969168021513e-05
3096,7.816608652679262e-05
3097,0.0001259720469079749
3098,7.709551234308165e-05
3099,0.0001536442598566119
3100,3.747910944434698e-05
3101,6.209045541334122e-05
3102,0.00017272159970257889
3103,6.690310434525549e-05
3104,6.391965112416593e-05
3105,0.00011006537848847726
3106,0.0001763404272336729
3107,0.00010440434242213913
3108,5.08881785502993e-05
3109,4.050144342232518e-05
3110,8.818325328799583e-05
3111,0.00012793349096307263
3112,0.00014282753210211475
3113,0.00016178464425101096
3114,3.8636284117762446e-05
3115,0.00011526448306316433
3116,8.798842521119846e-05
3117,9.607832600473055e-05
3118,0.00011633546219339727
3119,0.00012495445495525802
3120,0.00011476489574503231
3121,8.02189326229492e-05
3122,5.79637867775276e-05
3123,0.00014854919506096184
3124,0.00014426656888844172
3125,6.224417596144116e-05
3126,9.939209617846131e-05
3127,0.0002284794841869787
3128,0.00014771751455159177
3129,0.00014572658934267323
3130,0.0001701702282331818
3131,5.743082166061247e-05
3132,0.0001766282917402002
3133,8.792303779983071e-05
3134,5.823023726946612e-05
3135,4.741388049912586e-05
3136,0.00010168862380069862
3137,5.23970451888127e-05
3138,5.579215947985492e-05
3139,4.073950786517401e-05
3140,0.00010305237077558869
3141,0.00013881756472622022
3142,4.6408534976103246e-05
3143,0.00018780638906737063
3144,5.249199440006684e-05
3145,3.636077046953094e-05
3146,0.00011024836593823576
3147,3.0753792981320265e-05
3148,0.00012820760448095737
3149,3.666350490992645e-05
3150,0.0001567517500729792
3151,0.0002083926637370737
3152,5.080954039366869e-05
3153,4.9899879381728316e-05
3154,0.0001272930727197843
3155,7.855265525153617e-05
3156,0.00023720123211515555
3157,0.00017042836239116615
3158,0.00011743591204643049
3159,9.764833291869254e-05
3160,0.00018680696417614016
3161,0.00013074780072505897
3162,0.00022998064242704571
3163,8.416597758472552e-05
3164,0.00014826318882064238
3165,9.285191356012086e-05
3166,0.00021058251633874749
3167,7.089347511359305e-05
3168,9.80562179645755e-05
3169,0.00011557051170806473
3170,1.6885443619617676e-05
3171,0.00019474144860562667
3172,0.00011780679235051126
3173,3.7714855044142326e-05
3174,9.71112570904443e-05
3175,9.608534088194742e-05
3176,0.0002042277751180566
3177,0.00011698796267807911
3178,3.754204463604029e-05
3179,0.0001624139432731405
3180,0.0002795880752728157
3181,8.479833320843027e-05
3182,7.210867786073825e-05
3183,8.500842060548456e-05
3184,0.00010975865333547912
3185,8.181219490743911e-05
3186,0.00012662722153490317
3187,9.3072389314805e-05
3188,0.0001052324955882706
3189,3.5077200011028386e-05
3190,0.0001685375390637605
3191,6.912547394737454e-05
3192,0.00014266198859593318
3193,6.003509682934009e-05
3194,2.1976105362051523e-05
3195,0.0001363678612964162
3196,0.00010596797966480286
3197,0.0001009275395774346
3198,2.083767628580406e-05
3199,9.197840289975522e-05
3200,0.00016534086035909954
3201,7.329440225654282e-05
3202,7.181671814185626e-05
3203,5.327695444625258e-05
3204,0.00019545741886533525
3205,6.347970377113902e-05
3206,0.00011711410909698357
3207,0.00015762773871439987
3208,5.251940181384469e-05
3209,4.101867204346413e-05
3210,0.00020544565493516348
3211,0.00015439528198794202
3212,8.519334320018359e-05
3213,3.736299049834852e-05
3214,8.373744265888496e-05
3215,4.921002969533825e-05
3216,2.9973053361722114e-05
3217,0.00023877575950992047
3218,6.374182163200375e-05
3219,0.00012770559666135402
3220,7.489547871989026e-05
3221,4.481443821994077e-05
3222,4.586991923632388e-05
3223,0.00018992425994737692
3224,0.00015423970197855688
3225,0.00011660097148863683
3226,0.0002748140653689197
3227,0.00014632592553772948
3228,6.408534865630456e-05
3229,7.725354853308742e-05
3230,0.0002234444551244635
3231,7.929108384141948e-05
3232,0.0001138968028076801
3233,0.0001466679600931427
3234,6.466814020396477e-05
3235,8.68669000118979e-05
3236,5.2868060106641015e-05
3237,3.7991840722997685e-05
3238,8.174069708937575e-05
3239,6.336417321647042e-05
3240,5.535806668684305e-05
3241,0.0002366466183731387
3242,7.974906065874047e-05
3243,0.0001716883969706682
3244,0.00010750956736574717
3245,0.00019748198044002593
3246,0.0001380096184320639
3247,3.958444133658018e-05
3248,0.00036912438702927167
3249,4.092949329336792e-05
3250,0.0002161090420830316
3251,5.747418816415204e-05
3252,0.00012010487633155326
3253,0.00013128481419301857
3254,0.0001151507128743034
3255,8.997038168389446e-05
3256,0.00020212549862173482
3257,5.862747942641508e-05
3258,0.00016959533363467095
3259,5.0139542374525536e-05
3260,0.00016564335557545427
3261,5.503312375322635e-05
3262,4.9166162301542035e-05
3263,0.00013835060587310215
3264,1.4106548615126621e-05
3265,9.977624112084305e-05
3266,0.00011790544543616911
3267,6.601220814360419e-05
3268,6.463647995101374e-05
3269,0.0001267196634999091
3270,6.102845737213524e-05
3271,4.708025334327226e-05
3272,0.00019800271493740948
3273,0.0001948403373321318
3274,3.055582557831264e-05
3275,0.00016520626109826707
3276,0.00010187901586307029
3277,0.0002112020961144665
3278,0.00012294876496567317
3279,8.293140813605503e-05
3280,6.211213458779629e-05
3281,0.00016378828977959517
3282,0.00015675883612589699
3283,0.0001022793588920323
3284,0.00011747230518961729
3285,4.364112810081769e-05
3286,0.00012987662739610535
3287,9.218688942727964e-05
3288,0.00013015120650771366
3289,0.0001591125216029512
3290,0.00021287045932521836
3291,5.7676241151669036e-05
3292,0.00013503651269837282
3293,0.0001360805287659637
3294,5.7700514490837574e-05
3295,0.00010445617679429804
3296,7.857852219260108e-05
3297,6.641907665414413e-05
3298,6.239806544405463e-05
3299,0.00010212692531107856
3300,0.00011488951954353478
3301,9.324243699275734e-05
3302,8.140273441557434e-05
3303,9.498696356700943e-05
3304,0.00010198947882030963
3305,9.374412153784476e-05
3306,0.00017483516746631819
3307,4.6082606346445814e-05
3308,7.377952136713707e-05
3309,0.00017639020966673708
3310,7.066591118349373e-05
3311,0.00018981131635280437
3312,0.00011435744447264772
3313,0.00018168863701472623
3314,7.653564437461825e-05
3315,8.824455105487197e-05
3316,0.00014762486912340897
3317,0.0001756389457827306
3318,4.515993886411311e-05
3319,0.00017542768341372717
3320,8.292994703559883e-05
3321,0.000157249587911999
3322,5.675048454591954e-05
3323,0.00012178923992066081
3324,6.95495730070844e-05
3325,8.572377338160272e-05
3326,0.00012469918257028772
3327,7.252669138826582e-05
3328,0.00010194237736903533
3329,0.0001294588502175738
3330,0.00016661566130998532
3331,0.00011185337548277141
3332,5.408707546417915e-05
3333,0.00016252693343314946
3334,4.550511182105727e-05
3335,7.116279827123807e-05
3336,0.0001663062639660762
3337,0.00022246476982919807
3338,9.29152798815676e-05
3339,7.942207300986905e-05
3340,6.47766044153295e-05
3341,7.680050741204482e-05
3342,4.725692468821162e-05
3343,0.00011233544291280817
3344,0.00012523695762446064
3345,5.186618583679699e-05
3346,8.120923182514017e-05
3347,6.604620396767784e-05
3348,9.040565565763014e-05
3349,0.0001267999568092503
3350,0.00015395764365083535
3351,0.00015124646865474504
3352,0.00010752396981186919
3353,6.462619173023476e-05
3354,8.90260895804564e-05
3355,0.00015866804166003585
3356,9.346096773144254e-05
3357,0.00021217793370942892
3358,2.143706371579076e-05
3359,0.00010211465721360418
3360,0.00031685669437332947
3361,5.8160171939123196e-05
3362,5.363528576210199e-05
3363,0.00017560747658646407
3364,0.00014862553621558872
3365,0.00013968062215142732
3366,0.0001041678106300921
3367,0.00013064228403294635
3368,0.00011332259194578003
3369,7.304579497529037e-05
3370,4.74675607790283e-05
3371,9.135753191673478e-05
3372,4.070243381802222e-05
3373,6.738087225411268e-05
3374,0.00015020858591420887
3375,4.66336659451229e-05
3376,0.00010746994815009499
3377,0.00010898024193197406
3378,0.00012025055080079038
3379,4.791171178827621e-05
3380,9.356723037573388e-05
3381,0.0001706112512700964
3382,9.234735413715764e-05
3383,6.951926601361971e-05
3384,0.00010543313875961471
3385,8.145646425702748e-05
3386,6.798969772173922e-05
3387,0.00019660151540783682
3388,0.00010482442782935712
3389,0.000157114238887069
3390,0.0002038060868908467
3391,8.479443804098592e-05
3392,0.00011781005516312789
3393,6.424620485634869e-05
3394,6.0147392307867065e-05
3395,0.00017318170218569095
3396,0.0001320887637733744
3397,5.820609377242262e-05
3398,0.00019076461683881994
3399,4.747035035333275e-05
3400,7.897542186829612e-05
3401,4.541840796625739e-05
3402,0.00014785823021113995
3403,6.0565183785146566e-05
3404,0.00011938783099130563
3405,5.476131973165304e-05
3406,0.00014986759849685004
3407,8.861366062707278e-05
3408,0.0001240391487875867
3409,8.166968767484326e-05
3410,0.00016889765422450177
3411,8.76777343404294e-05
3412,6.19232069213614e-05
3413,7.919571885173023e-05
3414,8.068583212416492e-05
3415,0.0002763786639339196
3416,8.344738880303404e-05
3417,0.00012740571433132316
3418,7.105454263415786e-05
3419,0.00013298545223762348
3420,0.0001851038310044634
3421,8.743898321204504e-05
3422,6.012343290229266e-05
3423,0.00013323255484056862
3424,5.039820808952765e-05
3425,0.00010310364011970096
3426,2.565456308248072e-05
3427,0.00017021936333614542
3428,8.167491063463034e-05
3429,0.00011938592211418718
3430,0.00010561227530737949
3431,0.0001927126230838392
3432,6.022467715711078e-05
3433,0.00028490094113930856
3434,4.673184792054712e-05
3435,0.0002057945856259566
3436,6.372783758333663e-05
3437,3.005329450626836e-05
3438,0.00012335365123056547
3439,6.674025808784263e-05
3440,0.00014614512186464604
3441,4.099397483342108e-05
3442,8.88801625787946e-05
3443,6.186084388213516e-05
3444,0.00011564794191900446
3445,4.486259720584262e-05
3446,8.583069126262755e-05
3447,0.00035809132998163647
3448,7.052151398946412e-05
3449,0.0001286019191651375
3450,9.624683330111646e-05
3451,8.96458028667458e-05
3452,0.00015590243380192168
3453,0.00014345264628397823
3454,4.198588146698676e-05
3455,0.00010277588290748615
3456,0.00010013456376052374
3457,0.0001302276734113294
3458,0.00010835958213166565
3459,3.572115034711402e-05
3460,9.331230767950082e-05
3461,6.033417245705813e-05
3462,8.039293395691295e-05
3463,0.00012333899018006068
3464,0.0001665817140839039
3465,0.0004833394310299826
3466,6.468008922470947e-05
3467,0.00014449873707032772
3468,0.0001597366305531027
3469,5.9081745023825055e-05
3470,0.0001257075421620062
3471,0.00016044577120383316
3472,0.0002689913157984923
3473,4.4053181617599344e-05
3474,6.534600950713631e-05
3475,0.0001903256909658129
3476,2.458950916070718e-05
3477,5.790767130637872e-05
3478,0.0002285116855119462
3479,5.6156000384191426e-05
3480,6.332053719096325e-05
3481,6.285971718111695e-05
3482,7.6302518070199e-05
3483,6.584323931105405e-05
3484,0.00010340669336238245
3485,0.0001901427171402125
3486,8.907523044226994e-05
3487,0.00011034259556997538
3488,0.00016091823917259858
3489,7.095959437047234e-05
3490,0.00016646283941525527
3491,7.567979985565037e-05
3492,6.954785016227794e-05
3493,0.00011675354261063765
3494,0.00011326552715315867
3495,3.920568330743566e-05
3496,0.00011347995680683376
3497,2.789179959252963e-05
3498,9.064594642369954e-05
3499,7.200496755015695e-05
3500,0.00020282181603283554
3501,0.00015984059819562773
3502,9.500593433259127e-05
3503,0.00010237585725641403
3504,7.056894529994591e-05
3505,0.00019559678306147577
3506,0.00018000040633546493
3507,2.9703526223221173e-05
3508,8.434862797293137e-05
3509,5.7165956884687554e-05
3510,0.0001411692904654111
3511,0.0002204533204822585
3512,0.00014459046052545845
3513,0.00019593010847311274
3514,9.751218581105481e-05
3515,0.00017946109464786394
3516,0.00011797597052273701
3517,6.47235199550375e-05
3518,3.654311765344191e-05
3519,0.0002267525573638793
3520,0.00012687029140936288
3521,8.713429971171145e-05
3522,0.00011905457957807132
3523,5.6210651296747794e-05
3524,5.95028276791136e-05
3525,0.00012237312043914951
3526,5.638120007853697e-05
3527,8.251196990193719e-05
3528,3.9159867444804276e-05
3529,4.9148521815469575e-05
3530,0.0002292511064935249
3531,0.00014350932008712572
3532,5.970040373755957e-05
3533,7.377934178675049e-05
3534,6.739336186424679e-05
3535,0.00012956100821873175
3536,0.00010311231639709953
3537,8.020208172220176e-05
3538,5.887754488032339e-05
3539,9.591668130757528e-05
3540,0.00016710272338436646
3541,8.510755086166729e-05
3542,4.685168263874321e-05
3543,0.00011389005253717216
3544,9.023037165242834e-05
3545,0.00028663151146113687
3546,0.0001358275652473795
3547,8.32127175434484e-05
3548,8.9283178514689e-05
3549,9.387893903182838e-05
3550,1.571174891767277e-05
3551,0.0001288935801626289
3552,9.844324325883798e-05
3553,0.0003629676239201058
3554,8.753043688483886e-05
3555,5.512801921049554e-05
3556,0.0001939214358232992
3557,0.00019316927802471263
3558,0.00010662025363613082
3559,0.00012275139935876821
3560,0.00011246451174252542
3561,0.00013072714518381725
3562,0.00013775381390741567
3563,0.0001521357697714236
3564,0.00011509232548328154
3565,0.0001797599072198447
3566,0.00018691795070944914
3567,9.737281147227761e-05
3568,6.073675611540282e-05
3569,0.00011368619088781355
3570,8.053853578005766e-05
3571,0.00037824017862570484
3572,8.171549109670768e-05
3573,0.0001311385212199184
3574,3.626824615109112e-05
3575,3.7060641822888233e-05
3576,8.083150848248558e-05
3577,7.098721976136419e-05
3578,0.0004022863216961173
3579,0.00010985106969278568
3580,5.1778997924902765e-05
3581,5.5147464087950414e-05
3582,3.554808755373116e-05
3583,0.0001196818324166483
3584,5.933067520423165e-05
3585,7.9674510147034e-05
3586,7.916604965240649e-05
3587,0.0001044169642040282
3588,5.730566163920361e-05
3589,0.00017954358908160581
3590,4.49335388254037e-05
3591,0.00016153254122936258
3592,0.00028695819659391674
3593,6.666315327433423e-05
3594,0.00011853134583179227
3595,0.000108865888942426
3596,0.00012555460186403325
3597,6.99378345695892e-05
3598,9.657436966479938e-05
3599,1.7450932479374133e-05
3600,5.733429065047893e-05
3601,7.814773117337445e-05
3602,9.785540413580443e-05
3603,7.829690804990714e-05
3604,0.00010809490239603379
3605,0.0001106167469474426
3606,0.00011350671984371234
3607,4.0309429018681674e-05
3608,0.00011641938450972324
3609,8.810068948659542e-05
3610,0.0002768472435190041
3611,9.00158613497242e-05
3612,9.09165459609562e-05
3613,0.00010095938543621266
3614,0.0002805291670449551
3615,6.514686993420138e-05
3616,0.00010865735975742352
3617,9.67734204676749e-05
3618,0.00018222771404225645
3619,0.0001027713868183524
3620,9.421934759895945e-05
3621,6.173317002831954e-05
3622,0.00013554533199246327
3623,0.00021151603312827212
3624,6.0978372339719534e-05
3625,7.112326432398389e-05
3626,0.00011347521341258218
3627,6.041142309400909e-05
3628,3.5516839812778717e-05
3629,0.00010837472288738517
3630,8.510464849014695e-05
3631,0.0001517077492019807
3632,9.722879661867513e-05
3633,4.5514826331478806e-05
3634,0.0001262532225582054
3635,0.00014482158362166448
3636,8.768850405878252e-05
3637,0.00011592237291549662
3638,0.00019361664585465431
3639,7.536053741064238e-05
3640,0.00018954169487327678
3641,0.00012304207778943014
3642,8.3725273395321e-05
3643,0.00013421729993021332
3644,0.00020938654160784643
3645,0.00017323557712537507
3646,9.557585951889787e-05
3647,4.8108700006371255e-05
3648,0.00012388372891851532
3649,0.0001249819725671053
3650,0.0001444707978190375
3651,5.717177835074408e-05
3652,0.00010604639479692514
3653,0.00018438823278173465
3654,3.53525206185122e-05
3655,0.00015942896544582575
3656,5.625616543517963e-05
3657,6.034008831714008e-05
3658,0.00013754472653170984
3659,3.340741413312559e-05
3660,0.00010590145152424932
3661,7.480331466782127e-05
3662,8.180420826522865e-05
3663,0.00010322008625717388
3664,8.162122098817907e-05
3665,6.554437441372857e-05
3666,7.192918225486298e-05
3667,8.00754420371748e-05
3668,5.502120963429287e-05
3669,0.00012129669878317958
3670,0.00011585482303087379
3671,2.8510315629705006e-05
3672,0.0001786373700522821
3673,7.687852370886201e-05
3674,7.838966965461896e-05
3675,3.411175136382691e-05
3676,6.464868848741502e-05
3677,0.0001465749609744322
3678,6.688949857659002e-05
3679,0.0001523099511705586
3680,8.312892589240796e-05
3681,0.00010426606556562152
3682,0.00015353315437455662
3683,0.0001351054411840302
3684,0.00016121895098241836
3685,6.236915937572518e-05
3686,0.00010983577482156301
3687,9.470897336520409e-05
3688,3.9074146836160614e-05
3689,8.488621578311613e-05
3690,0.00010188830508526992
3691,3.633229095466418e-05
3692,0.0001393002025308882
3693,0.00030734362502187975
3694,0.0001267442757019263
3695,0.00011938122047171219
3696,7.078379073805278e-05
3697,0.00011220964354086647
3698,6.39928736844488e-05
3699,8.349127698321725e-05
3700,5.9806065665112063e-05
3701,2.7236008091225316e-05
3702,8.766887828478785e-05
3703,0.00014784289334728045
3704,9.553428155315953e-05
3705,0.00013238124941051822
3706,8.86411368046537e-05
3707,0.00015231919092320993
3708,0.00019288589276094105
3709,5.34419603219201e-05
3710,0.00019953199427427047
3711,6.994446210895141e-05
3712,0.00012111835832773264
3713,0.00022982218806650524
3714,0.00018386841826231672
3715,0.0001307449906099176
3716,9.423069764190252e-05
3717,0.00010540681736375895
3718,9.320269350975512e-05
3719,6.155347772235261e-05
3720,7.328636700980935e-05
3721,0.0001873618653472539
3722,7.953617060545541e-05
3723,0.0001859619241698127
3724,7.541147502640859e-05
3725,4.330791111589558e-05
3726,0.00013496754934453565
3727,7.07967971736396e-05
3728,0.0001111453517607152
3729,0.00010382456444178861
3730,6.25018953041511e-05
3731,0.0001418015616009721
3732,0.00011746552566282333
3733,5.0962847912422354e-05
3734,3.093948975778844e-05
3735,7.621258763703061e-05
3736,9.706285028059187e-05
3737,4.836481154444865e-05
3738,8.993982051059932e-05
3739,0.00021834055055897412
3740,8.784362517269706e-05
3741,0.00011460133355421862
3742,0.00015636985784247997
3743,7.206325400600809e-05
3744,9.692444159381758e-05
3745,6.478767516542491e-05
3746,9.737498120738331e-05
3747,0.0001472033352932746
3748,0.00017801587676581485
3749,6.126188683341802e-05
3750,0.00012481769001438468
3751,0.00012321681399963988
3752,6.718656507530747e-05
3753,6.665870697516642e-05
3754,0.0001433588636332997
3755,4.791437648194591e-05
3756,4.619691676931929e-05
3757,0.00013673240403582558
3758,0.00013033676030053723
3759,0.000145926588311521
3760,0.0001649126485746179
3761,0.00019876286513899214
3762,0.00016155969625496043
3763,7.576571401908828e-05
3764,0.0001247313058080962
3765,4.30680842736305e-05
3766,0.00014446659972977148
3767,7.406315335865157e-05
3768,4.474480433991607e-05
3769,0.00012810072442523909
3770,0.0002448537641526309
3771,8.696638916228881e-05
3772,0.00013120007201242143
3773,0.00016399240089941922
3774,0.0002467999125845855
3775,9.014239960659307e-05
3776,0.00012210081829570768
3777,0.00014319857727249338
3778,5.4171401190054024e-05
3779,0.00017426934157081886
3780,7.872595244699899e-05
3781,6.488921313069377e-05
3782,5.414804206662328e-05
3783,0.00011256084817189794
3784,8.44970112967681e-05
3785,0.00011061542945633307
3786,4.9878143823746646e-05
3787,0.0001256990824921251
3788,0.00012236112165563725
3789,3.917820553982325e-05
3790,8.78407542066105e-05
3791,3.3236565196310054e-05
3792,0.00010207984006554884
3793,0.00013454735605538044
3794,0.00023061429422957362
3795,5.474698717791772e-05
3796,6.351896847836586e-05
3797,0.00016838174909891766
3798,6.30985663507703e-05
3799,9.339099201112145e-05
3800,0.00011140299203607106
3801,6.267196762698606e-05
3802,0.0001339448328030999
3803,4.215068359260853e-05
3804,3.171821425160239e-05
3805,0.00010448094864105623
3806,0.0001154242139496834
3807,8.833649507256336e-05
3808,0.00023999665901896703
3809,0.0001734001143024008
3810,0.00014861706283865467
3811,6.348548802990474e-05
3812,0.0002267047463064043
3813,8.002983537352e-05
3814,0.00010841729577342287
3815,5.4933098240454614e-05
3816,0.00010888505417254052
3817,5.445784942619003e-05
3818,7.996862793188476e-05
3819,5.6411917650860395e-05
3820,0.00011678692459985705
3821,0.00011975586097903298
3822,5.516104575260368e-05
3823,4.013862208903678e-05
3824,7.445269908862369e-05
3825,0.00020805537431580764
3826,0.0001407315403292263
3827,0.00013449953810601943
3828,6.492594467069457e-05
3829,0.0002637810662011551
3830,6.482640232666274e-05
3831,2.698069480264839e-05
3832,0.00012117332581128756
3833,5.718323135257912e-05
3834,0.0001055590231111412
3835,0.00011038487930948413
3836,0.0001865475958033045
3837,6.22443728208346e-05
3838,0.0001351242543725487
3839,0.00013245963579755927
3840,0.00011430967809529993
3841,2.9852843886880315e-05
3842,0.0001590624785146359
3843,5.4031571760473614e-05
3844,0.0002330762330307211
3845,0.00015364092049072778
3846,0.00020160348601086227
3847,4.278633711193179e-05
3848,0.0001470189464557919
3849,7.320261370595001e-05
3850,7.809128603663873e-05
3851,5.891442690632828e-05
3852,0.00020754131246490337
3853,0.0001939849931098754
3854,9.838125926451407e-05
3855,0.00012726902485199346
3856,8.658257971679968e-05
3857,0.00017031676729511557
3858,0.00011249937942715875
3859,6.917225270613741e-05
3860,0.00011789506211339618
3861,8.680293237775684e-05
3862,0.00010580336705117765
3863,0.0001977575053807598
3864,0.00010603418036208522
3865,0.0004005027234737311
3866,4.5217708018573346e-05
3867,0.00010599888321822875
3868,0.00021406912370273705
3869,6.93228628267975e-05
3870,0.00012233989824071877
3871,0.00011699760359418154
3872,0.0001547345691813952
3873,8.660395552128915e-05
3874,0.00014747965258198257
3875,0.00011174216640914867
3876,0.00011019576691362115
3877,0.0002017561152020296
3878,0.00010796733201883115
3879,8.732216274265136e-05
3880,5.0709573582833104e-05
3881,4.584049369550242e-05
3882,0.0001593923761731545
3883,5.277527895683197e-05
3884,0.00012384677000695833
3885,0.00013709746108365455
3886,7.987733371504622e-05
3887,0.00015670349945385364
3888,8.182817760639947e-05
3889,0.00011620728242067942
3890,7.324120990212461e-05
3891,0.00012371104947322132
3892,0.00011367715308147451
3893,7.896615812837086e-05
3894,6.136390604560976e-05
3895,0.00010307878963177035
3896,0.00010015875888312168
3897,9.910413503173629e-05
3898,0.0001573912040589454
3899,9.772324543085394e-05
3900,0.00014172361744676785
3901,5.290523119394284e-05
3902,0.0001233671905652845
3903,5.420504768772116e-05
3904,0.00014299795339895528
3905,4.219187377605944e-05
3906,9.540587237500675e-05
3907,8.774888513016397e-05
3908,5.537765271914548e-05
3909,4.219537233925934e-05
3910,9.910279108411213e-05
3911,5.178653180571088e-05
3912,0.00016665279056240646
3913,0.00018807419056529793
3914,0.00016320072063046698
3915,9.497236201412641e-05
3916,0.000138791349679388
3917,0.00025021793132637177
3918,0.00010608595320278393
3919,7.53910964106576e-05
3920,2.112595136637115e-05
3921,0.0001382933025731196
3922,0.0001134471021025374
3923,3.825035383755678e-05
3924,3.387618702161132e-05
3925,0.00012315892376899414
3926,0.00021294521306620438
3927,0.00016116201099078826
3928,0.0001251589265821134
3929,0.0002376321478626644
3930,0.0002833609406800953
3931,4.4943121837600006e-05
3932,5.780664500500745e-05
3933,0.00018186744972363284
3934,7.47882374709617e-05
3935,0.00010999875771031894
3936,0.00010164583120448453
3937,0.00017828614589332676
3938,4.8385659487274766e-05
3939,0.00013132385697984487
3940,3.9620080243741587e-05
3941,8.375069212162686e-05
3942,3.0795947964982085e-05
3943,0.0001283731395468427
3944,0.00013370749325044212
3945,3.2529887465825125e-05
3946,6.002826781067612e-05
3947,4.392876655707708e-05
3948,0.00010879119914833119
3949,7.599577395259694e-05
3950,0.00029247379721621445
3951,8.371411163751185e-05
3952,9.014362785748336e-05
3953,6.943899471312557e-05
3954,1.836202092562759e-05
3955,9.072644419798795e-05
3956,9.050022083229451e-05
3957,0.00013259816052191043
3958,0.00018269328119950408
3959,2.6601553900059003e-05
3960,4.3387448336926933e-05
3961,0.00011571971924079673
3962,9.6025925848786e-05
3963,4.501276196399507e-05
3964,0.0002165182065784729
3965,7.973077571173632e-05
3966,4.191384900146873e-05
3967,3.613071450485404e-05
3968,0.0001814824229667289
3969,6.537373758588474e-05
3970,6.108330700963332e-05
3971,3.826370973850363e-05
3972,9.265678158592226e-05
3973,0.00012929864409676385
3974,0.00011349830864560428
3975,5.0241052470447565e-05
3976,0.0001863127978046559
3977,9.953638224493844e-05
3978,0.0001518395217881945
3979,0.00020938993520678114
3980,0.00026869073034785026
3981,0.00013785191418215246
3982,0.00013604620059263947
3983,5.715914589087699e-05
3984,7.896652164232923e-05
3985,0.00018584165626878892
3986,5.8933892970117676e-05
3987,0.00014907105076018801
3988,7.615896838269468e-05
3989,6.244499374532561e-05
3990,0.00010068781032338624
3991,0.00011911222784985627
3992,0.00013404412971778975
3993,9.363336983417742e-05
3994,0.00013057954311770264
3995,0.00014832626113133571
3996,3.8707757623924934e-05
3997,7.489158886038734e-05
3998,0.00011870943528437758
3999,0.00019219364525223842
4000,2.107389857660369e-05
4001,0.00010487339873635155
4002,0.00013646647554663995
4003,0.00014821509700938042
4004,0.00015804132562361736
4005,0.00011726887186379428
4006,4.600420103659624e-05
4007,6.515441202431631e-05
4008,9.669285193983098e-05
4009,0.00012381169563178957
4010,6.78466803580476e-05
4011,0.00011441198268901969
4012,0.00011965866334435844
4013,0.00011747889160491608
4014,0.00010807225345813242
4015,0.00011069809688960801
4016,4.79991623847769e-05
4017,0.00015189535026463997
4018,7.530588464008254e-05
4019,0.00013629656689676287
4020,0.0002491071606585671
4021,0.00025066093592215487
4022,0.00011023501919015725
4023,5.567614128994726e-05
4024,0.00018932622397855044
4025,0.00010490624492920784
4026,0.00012743091879481282
4027,9.416162194679111e-05
4028,0.0001724652174525408
4029,7.558194370250277e-05
4030,0.00013276708354479448
4031,0.00011079012594731797
4032,5.6371960874851826e-05
4033,9.33721198321538e-05
4034,9.040720127314568e-05
4035,6.44897437772874e-05
4036,0.0001008846367842977
4037,0.000142742301158557
4038,0.00011777257057772256
4039,0.00015301272608389185
4040,9.688915439872068e-05
4041,0.00017612700710644487
4042,6.341320294252571e-05
4043,6.671402194593297e-05
4044,0.00010981233742039565
4045,0.0002587716139519825
4046,0.00010580983634900844
4047,4.984152298352999e-05
4048,8.385118790501004e-05
4049,8.904682479810277e-05
4050,0.00014502284058056126
4051,6.286592172856334e-05
4052,8.412310811513872e-05
4053,7.568186539692019e-05
4054,0.0001521628904191225
4055,9.16373745912282e-05
4056,0.00017376974299845448
4057,0.00013808769883202874
4058,0.00012189233419370972
4059,0.0001675615581709443
4060,0.0002641418956843948
4061,8.596654421781137e-05
4062,8.900846041565588e-05
4063,4.6324765961976956e-05
4064,0.0001448377132787241
4065,5.810296381767025e-05
4066,0.00011989655457525129
4067,0.00010801521044917725
4068,0.000157580699874197
4069,6.932936327978031e-05
4070,8.571619342058282e-05
4071,0.00015945785299852853
4072,0.0001272893920534103
4073,0.0002729682651225454
4074,3.893413458685716e-05
4075,0.00013301961011994714
4076,9.283254304604105e-05
4077,9.92187393215799e-05
4078,6.224631959957653e-05
4079,6.935134051361345e-05
4080,0.00012407206030786499
4081,0.00011654566831865811
4082,1.972693258554986e-05
4083,0.00015937844462881435
4084,0.0001238524824941406
4085,9.248522932196976e-05
4086,2.450392602614346e-05
4087,8.394141844530946e-05
4088,0.00012898495788327979
4089,0.00030108500053440594
4090,0.00016041665623288127
4091,7.059149232540218e-05
4092,0.00014174651570092033
4093,4.567383834161823e-05
4094,3.4483874909779135e-05
4095,6.261486511325755e-05
4096,9.262220291219307e-05
4097,3.4578491561323045e-05
4098,6.741736989818186e-05
4099,0.00018927342733681714
4100,9.000621823122924e-05
4101,6.859442274942373e-05
4102,0.00020284492854880473
4103,7.970072553926816e-05
4104,0.00023648324719073626
4105,0.00011627009489056724
4106,0.0001555172035223726
4107,0.00018939090395160807
4108,9.4641860225529e-05
4109,8.177127007497237e-05
4110,5.296988175395971e-05
4111,4.0267699820608865e-05
4112,9.139766307363412e-05
4113,8.933837120086576e-05
4114,0.00011064446467126947
4115,0.00016693679667573104
4116,6.934478912766026e-05
4117,0.00019438192001629842
4118,5.165740960312084e-05
4119,8.585899937057172e-05
4120,0.00047569926937825896
4121,0.0002765319629045179
4122,0.00022982569670545246
4123,0.00010626111617727104
4124,0.00015443759507017572
4125,0.00015163346131482272
4126,0.00021027941308240263
4127,0.00017902887910057748
4128,0.00010685420622090125
4129,7.626369720483409e-05
4130,6.531060517097244e-05
4131,0.00013559165042293506
4132,0.00018409972966279095
4133,0.000186915142552839
4134,7.127849340951437e-05
4135,0.00012225678902675556
4136,6.259838344422033e-05
4137,4.3238653884713656e-05
4138,0.0001067957746533554
4139,8.911130067722239e-05
4140,7.596518930436784e-05
4141,0.00014734752947900872
4142,0.000180735208935894
4143,4.852167830981989e-05
4144,6.105990079586882e-05
4145,3.84920149004636e-05
4146,8.565026335590214e-05
4147,6.950913843010237e-05
4148,4.670902800740533e-05
4149,0.00020485123737569298
4150,0.00010938089623960336
4151,0.00014247938030428442
4152,8.323861284147239e-05
4153,0.00010395833605934623
4154,0.00012883633495039293
4155,6.9638377538375e-05
4156,7.015369319730601e-05
4157,0.00014953367326553643
4158,3.581016005912071e-05
4159,0.00021076366417968465
4160,6.4634817747692e-05
4161,0.00024078173467782975
4162,5.9549273759390816e-05
4163,0.0001341871407296557
4164,7.18335173008498e-05
4165,0.00015507986453211435
4166,0.00016074115405889693
4167,4.2628589013454885e-05
4168,5.3063182685303656e-05
4169,4.9331895187476907e-05
4170,5.192165161301001e-05
4171,0.00015125991998318837
4172,9.023995228123476e-05
4173,0.00015063265908771525
4174,0.00010240282024847981
4175,8.850770690310907e-05
4176,0.0002249664934694877
4177,0.00022858796480103224
4178,2.6080891066913514e-05
4179,0.00015557841276317433
4180,5.8253523809761367e-05
4181,7.010913659313981e-05
4182,5.863057990469907e-05
4183,3.200532728370655e-05
4184,8.301941590460141e-05
4185,0.00010216178817118076
4186,0.00011550215881802089
4187,0.0001868816628755102
4188,6.590457413932499e-05
4189,3.248738044903946e-05
4190,7.235467294192001e-05
4191,0.00016256857259604217
4192,0.00011198410006739077
4193,0.0001775460345733664
4194,0.00010121106671119042
4195,5.805027037368553e-05
4196,3.707549228015187e-05
4197,4.6010080094690105e-05
4198,7.252990714001664e-05
4199,3.456859435082557e-05
4200,5.417916109968127e-05
4201,0.00012373656240227313
4202,0.00010864079777426599
4203,5.6657843420853527e-05
4204,3.5567829721664124e-05
4205,9.81030075784526e-05
4206,4.776181820865459e-05
4207,3.797937018348787e-05
4208,9.142893639709198e-05
4209,2.9295489221649214e-05
4210,0.00013054224541124573
4211,3.871798331668201e-05
4212,7.278983396279612e-05
4213,0.0001276400992676741
4214,7.283158284294141e-05
4215,8.363283226000993e-05
4216,9.417224898245628e-05
4217,4.728802306418674e-05
4218,8.996068776096797e-05
4219,4.977921223382928e-05
4220,4.727343332511232e-05
4221,0.00020939002763154863
4222,4.086128105397333e-05
4223,9.490113955596958e-05
4224,0.0002234806787625167
4225,2.6983327778127827e-05
4226,0.00015708153792328523
4227,9.766286363061666e-05
4228,5.4904690244329766e-05
4229,6.473503730273329e-05
4230,0.0001521208926926172
4231,6.230828790400378e-05
4232,0.00010089892923228005
4233,0.00012796300360890905
4234,0.00024244843160782105
4235,0.00010464530458871932
4236,0.00013279239083633515
4237,8.371649066414925e-05
4238,6.035117052496639e-05
4239,7.558105176522158e-05
4240,6.960546320379129e-05
4241,6.72686754417471e-05
4242,6.84100659329099e-05
4243,0.00019767251059795788
4244,8.579058302063922e-05
4245,4.640039440053931e-05
4246,0.00027974421798264226
4247,3.717684237005659e-05
4248,8.961081996184882e-05
4249,5.5426846316263544e-05
4250,3.321776020008861e-05
4251,6.768539876551068e-05
4252,5.668949549280073e-05
4253,5.0712945973653494e-05
4254,2.7384322310322008e-05
4255,8.023611886909655e-05
4256,9.258856577539934e-05
4257,2.5164834280750534e-05
4258,0.00013874367565182462
4259,0.00014350743370815494
4260,0.00015757364995329834
4261,5.755328560560166e-05
4262,0.00021115069954948064
4263,0.0002226642788558316
4264,0.00010635615186934303
4265,2.2386323741430343e-05
4266,8.253161074550585e-05
4267,0.0001211583092963792
4268,3.83853642519705e-05
4269,6.021939846124408e-05
4270,0.00011591731803297542
4271,0.0003608960145898168
4272,4.8763763518947225e-05
4273,0.00035083853471225924
4274,0.0001151737803950576
4275,5.884189216897509e-05
4276,0.00013782199429560483
4277,4.191743976323981e-05
4278,7.049318084058052e-05
4279,6.655473068898329e-05
4280,5.680453247647522e-05
4281,0.00010353677579318712
4282,0.00010767340820563566
4283,8.12668576460555e-05
4284,7.411381857760242e-05
4285,0.00011392467463521086
4286,0.00023298479143903612
4287,7.009458232553208e-05
4288,0.00010027251238232555
4289,7.721969169588618e-05
4290,0.00010117626187316554
4291,0.00019795312958071723
4292,2.992365312130343e-05
4293,9.374059225979343e-05
4294,0.00012341333509706683
4295,5.175192316141437e-05
4296,0.00014056714063731277
4297,0.00020269142204827763
4298,8.008556783833205e-05
4299,9.715271311707e-05
4300,8.679930365991406e-05
4301,0.00020113358591056853
4302,9.072321971336758e-05
4303,0.00011816098408780619
4304,3.386383278554011e-05
4305,5.221136064766601e-05
4306,0.00011216488852342634
4307,0.0001432036332190384
4308,0.00019008440400888335
4309,9.114222555467157e-05
4310,6.764989450128274e-05
4311,0.000126489460381256
4312,8.061740840899975e-05
4313,0.00012626960266488816
4314,0.00017817477607685997
4315,3.730221587966479e-05
4316,0.00016520467171937862
4317,5.450251625752337e-05
4318,0.00011710553758627458
4319,8.789712629918482e-05
4320,0.000167245819837676
4321,0.00011973049606174368
4322,8.315710161950516e-05
4323,8.887588212852353e-05
4324,0.0001555093136101428
4325,9.520912590073143e-05
4326,2.5674491868820114e-05
4327,7.528701026288978e-05
4328,0.00014504853550737341
4329,6.416963014870155e-05
4330,7.673680646273147e-05
4331,5.148490501775925e-05
4332,4.367088329272687e-05
4333,9.816999205437412e-05
4334,8.094937781451153e-05
4335,5.161329354057871e-05
4336,0.00011130170256219432
4337,8.578617713079951e-05
4338,5.833273636745041e-05
4339,3.8715619963400717e-05
4340,4.298809782965542e-05
4341,4.0406860112882846e-05
4342,0.00011297596920273824
4343,0.00014154069882179172
4344,0.00012763092651708248
4345,0.00011732586446554584
4346,7.473499848044384e-05
4347,7.929728660241317e-05
4348,9.469988744391249e-05
4349,0.00010711688434156665
4350,5.725919580058098e-05
4351,0.0001323718624879861
4352,6.623295571570413e-05
4353,4.7694997537267735e-05
4354,0.00010823202773065968
4355,0.00011081782384826482
4356,0.000148353027819874
4357,0.00010900515580188981
4358,0.00026403467297784095
4359,0.000155723703056112
4360,8.422344489941043e-05
4361,4.079233465157938e-05
4362,3.480477460331833e-05
4363,0.0002182522539942681
4364,0.0001777881232734467
4365,0.00030503103603371463
4366,7.766300895939675e-05
4367,7.235192947323819e-05
4368,0.0001474624889273809
4369,0.00011662961408560214
4370,4.267613395465122e-05
4371,0.0001246335332270057
4372,5.586294682856563e-05
4373,7.738085055991558e-05
4374,7.257449844241823e-05
4375,0.00016793095625099855
4376,8.965270368034963e-05
4377,0.0001004864970854535
4378,6.111355692098727e-05
4379,6.394669156719839e-05
4380,3.6911301853193854e-05
4381,0.000132867495121535
4382,8.290383519819545e-05
4383,0.00011140794608555267
4384,0.00010426519450165911
4385,0.0001734834305536343
4386,0.00023445118415994423
4387,3.849486507523143e-05
4388,0.0001042896049606501
4389,3.8182082214519584e-05
4390,7.821612461947988e-05
4391,3.889012000566884e-05
4392,0.00022559737850460742
4393,0.00022036318095924418
4394,0.00012847804852828164
4395,0.00019409831430713118
4396,0.00011634399807124187
4397,0.00017948238303574474
4398,3.961954787028744e-05
4399,0.00019316542982734838
4400,0.00010931931632806342
4401,0.00014066990360766304
4402,0.0002527262558902766
4403,9.02460296364796e-05
4404,0.00010657505112326017
4405,0.0002334587016830608
4406,7.197605249205053e-05
4407,4.0326745704329144e-05
4408,7.053295350525424e-05
4409,0.0001015203804362936
4410,0.0001264256362340747
4411,3.9651620275562694e-05
4412,7.001476593820523e-05
4413,4.963960606390909e-05
4414,3.554867547288751e-05
4415,0.0001017903819410602
4416,0.00010184252224711482
4417,0.00010284035736087326
4418,6.301048443321351e-05
4419,0.0001529673036766616
4420,3.283224591187134e-05
4421,6.331753984161793e-05
4422,0.00018419478165432085
4423,3.908142925217395e-05
4424,0.00014050049043242872
4425,4.013037099613656e-05
4426,6.99447517652184e-05
4427,8.50491514266553e-05
4428,0.00015243154063403593
4429,0.00030888698284618966
4430,4.137271795683067e-05
4431,7.413193649904925e-05
4432,8.964235058179352e-05
4433,6.0375772322438266e-05
4434,8.241187416894956e-05
4435,6.764170929197703e-05
4436,0.0001803045794392004
4437,2.4573740710545088e-05
4438,0.00025871208546219654
4439,0.00023746200975500417
4440,7.81381930516335e-05
4441,7.237063203712214e-05
4442,0.00011898618338570943
4443,0.0002938427814502832
4444,8.573805599297406e-05
4445,0.00010451401537137367
4446,0.00012446744098463998
4447,5.67804908479973e-05
4448,0.00015702845000833843
4449,5.5625533511597365e-05
4450,9.292785816726159e-05
4451,5.347988221155877e-05
4452,0.00019328763912378297
4453,0.0001608306016892192
4454,0.0001838751435007001
4455,0.00010700612256268821
4456,5.8762556671402094e-05
4457,0.0001021409107326228
4458,6.751366482365876e-05
4459,0.0001083334032978462
4460,2.937748911344648e-05
4461,6.970289459203442e-05
4462,0.00016379518990552796
4463,7.807136704865845e-05
4464,4.7661999003040295e-05
4465,7.282805128380148e-05
4466,0.0001239646742096201
4467,0.00010352273804200626
4468,0.00016950599108729735
4469,9.056105134937812e-05
4470,9.998555931332826e-05
4471,0.00015387106882491628
4472,4.41910684697079e-05
4473,0.00011359354303929448
4474,6.130442350899706e-05
4475,0.0001926548235535492
4476,0.00012116537272921294
4477,5.7115046538328805e-05
4478,7.416810880046427e-05
4479,0.00017441446508747988
4480,6.15393390823828e-05
4481,3.5061379810573605e-05
4482,0.00019016971643413542
4483,4.714762435930628e-05
4484,0.00016546690027684335
4485,8.3954039616216e-05
4486,7.203359324887134e-05
4487,8.028775210107764e-05
4488,0.0001955520836584776
4489,5.032866925328228e-05
4490,3.560912711958933e-05
4491,0.00011075308395059542
4492,0.00014833189078919802
4493,5.9022453345728265e-05
4494,0.00010076133957156459
4495,5.604612814327267e-05
4496,7.790138644169825e-05
4497,0.00013505678224015193
4498,0.00011858849813775247
4499,4.095941140522109e-05
4500,0.00011281005885647061
4501,0.00011856216485566979
4502,7.621185954753778e-05
4503,0.00015741713979772044
4504,5.936003925395905e-05
4505,0.00011230074277908911
4506,0.00017175951377332627
4507,0.00013837841036907022
4508,0.00013449935978892787
4509,0.00010305515691825977
4510,9.91670650969102e-05
4511,0.000137333678135646
4512,0.00014291959456548246
4513,0.00025786939003422316
4514,5.787751924543869e-05
4515,0.00010397105147384923
4516,0.00010099047122675432
4517,6.201883737487357e-05
4518,6.695905300508645e-05
4519,0.00012098442811937711
4520,7.700413182364538e-05
4521,5.0417730000566515e-05
4522,5.3860981066144504e-05
4523,2.010314302673301e-05
4524,4.546035470877746e-05
4525,0.00012583237588437512
4526,0.00010112286700247696
4527,0.0001360918345477796
4528,0.00020484807778428348
4529,0.00013107298040600915
4530,1.3344616563444917e-05
4531,4.853301311397911e-05
4532,0.0002002063570936974
4533,7.986311770376594e-05
4534,0.000141095660723003
4535,1.282808213197036e-05
4536,0.00016859692100636733
4537,0.000103292861287342
4538,0.0001272640029046684
4539,5.607097057533394e-05
4540,6.9491095170567e-05
4541,7.874416235269818e-05
4542,9.329392155319476e-05
4543,5.3948802144817955e-05
4544,0.00027317029003670563
4545,3.18152899616041e-05
4546,2.317529537638825e-05
4547,9.888367469307074e-05
4548,0.00027276344260002475
4549,5.716489328052076e-05
4550,0.00012467834391417036
4551,4.2709197329379874e-05
4552,0.00010796942983383553
4553,9.641833220435491e-05
4554,0.0001032512294071562
4555,9.61220209653044e-05
4556,4.972231648417678e-05
4557,0.0001622100326894086
4558,4.34943209972471e-05
4559,5.2649635259890105e-05
4560,0.00014410419721439367
4561,0.0001445396399762838
4562,7.704044561211144e-05
4563,5.874429819639645e-05
4564,8.591980244168115e-05
4565,2.9884242809887275e-05
4566,7.641470500541904e-05
4567,6.824076999034953e-05
4568,0.00017966769410117595
4569,9.730509773387079e-05
4570,0.00010656825415426212
4571,9.748984753518028e-05
4572,0.00018897679052268406
4573,7.158685381824031e-05
4574,0.0001270367080990307
4575,5.8568707715275895e-05
4576,7.58329841915556e-05
4577,7.71641279578069e-05
4578,0.00013920765663998585
4579,0.00012926959996076713
4580,4.952598438371964e-05
4581,9.792650049204311e-05
4582,0.00013146816879054622
4583,5.443741069680798e-05
4584,6.89621373203629e-05
4585,0.00012703787541841239
4586,6.833988814318237e-05
4587,8.16054594188494e-05
4588,0.0002929913982278237
4589,0.00010158719475542457
4590,0.00016124682361733412
4591,0.00013327510018448544
4592,7.352716319062807e-05
4593,9.807655166018764e-05
4594,7.869032436015625e-05
4595,0.00018867852816968996
4596,7.233600040639255e-05
4597,9.573989772773168e-05
4598,9.837941889022401e-05
4599,4.7305287883211656e-05
4600,0.0002434198209689097
4601,0.00010022931503697804
4602,4.3555126103283325e-05
4603,0.00012150697720184409
4604,9.961747884779679e-05
4605,7.52667176995045e-05
4606,3.236958388477125e-05
4607,7.452067315053743e-05
4608,7.475298810447543e-05
4609,5.7432252245178956e-05
4610,5.451903264255789e-05
4611,6.131057224320534e-05
4612,0.00020346725787705604
4613,4.836299866632873e-05
4614,8.295532169588901e-05
4615,7.858621781601712e-05
4616,2.968707876764858e-05
4617,9.609996952992913e-05
4618,7.453710518467191e-05
4619,0.00011878822396564777
4620,6.690904177996739e-05
4621,4.13938655007836e-05
4622,0.0001296406624526101
4623,6.612307385301672e-05
4624,8.432724246352083e-05
4625,0.0001450770830613365
4626,0.00019411566018914575
4627,0.0002358216549237319
4628,9.175516927517884e-05
4629,0.00014250546942126414
4630,8.326512059498855e-05
4631,0.0001731242123863476
4632,0.00015225327920718359
4633,4.807262859598283e-05
4634,0.0001187724699747376
4635,0.00012811995205683736
4636,9.169506940104637e-05
4637,3.863694918114141e-05
4638,0.00010048439708707588
4639,2.864039814942856e-05
4640,6.572501770317599e-05
4641,0.00015568422281557982
4642,0.000171354221168401
4643,8.902709464679913e-05
4644,5.853789863432212e-05
4645,3.790373384343246e-05
4646,1.509903193200625e-05
4647,0.00020093401078354522
4648,4.499458319582986e-05
4649,4.725337784027365e-05
4650,6.068065237527439e-05
4651,7.397966009005567e-05
4652,0.00015665524457536298
4653,8.519058884686729e-05
4654,0.00013317163098225908
4655,0.0002030755890983382
4656,6.773316392447279e-05
4657,7.297598624615356e-05
4658,0.00011072833605032043
4659,0.00016256920252461337
4660,0.0002143957712186075
4661,9.399222660539156e-05
4662,9.591362531903638e-05
4663,9.426224341071914e-05
4664,0.00013385409922704952
4665,9.405480860907425e-05
4666,9.89169944221361e-05
4667,0.0002249522566596895
4668,6.533857793810056e-05
4669,9.837287201161483e-05
4670,0.00010430206168312179
4671,0.00018279608246030084
4672,0.00017725837473241016
4673,0.00012073561716835589
4674,4.415363397730023e-05
4675,6.602613406442004e-06
4676,0.00013557256171933826
4677,8.333350263075674e-05
4678,5.7169226409108165e-05
4679,9.422835989690794e-05
4680,0.00012841194030582925
4681,0.0001243549014854283
4682,5.638517069444446e-05
4683,0.00011696413505270817
4684,6.899768503101438e-05
4685,5.8127311380924714e-05
4686,6.15357381981533e-05
4687,5.7368707060896334e-05
4688,5.1671190637342535e-05
4689,0.00012472853981661052
4690,4.821091401885499e-05
4691,0.00014090083579891292
4692,0.0001444361767284113
4693,0.0001290380245879032
4694,9.247732448410154e-05
4695,8.445692303193659e-05
4696,0.00011866716963285645
4697,0.00012112066724374697
4698,2.4886775449165128e-05
4699,5.2283277825997804e-05
4700,0.00014077798295920575
4701,5.355683442913743e-05
4702,0.00022905486851536528
4703,0.0001634201433587145
4704,0.00012038861035536313
4705,9.525209269942015e-05
4706,0.00014381875576154754
4707,0.00020270460636460875
4708,0.00011720580267868493
4709,0.0001265266457402022
4710,3.870879929177638e-05
4711,2.5444985247506663e-05
4712,3.949360796991889e-05
4713,2.4144096285190885e-05
4714,7.248310136012662e-05
4715,7.368241947947162e-05
4716,0.00013001444476308955
4717,0.00013057339040609695
4718,5.4894484996779316e-05
4719,9.589583137746739e-05
4720,7.814503844421109e-05
4721,4.505450561617711e-05
4722,8.500582839253811e-05
4723,9.832812505693978e-05
4724,0.0001470798641700523
4725,9.86242973093502e-05
4726,0.00011426863462250864
4727,0.00016687823288327955
4728,0.00011655353165237099
4729,6.11771681951526e-05
4730,7.903147326869176e-05
4731,0.00011901034351864115
4732,0.00014115476820254563
4733,3.7418660970083475e-05
4734,0.00020522925722423589
4735,0.00013674028270313978
4736,9.493495742383717e-05
4737,7.890601591089221e-05
4738,7.918492877516915e-05
4739,0.0001330971971862824
4740,0.00027391249035709186
4741,4.2106177083502145e-05
4742,0.00014791481248494105
4743,0.00013972953512819043
4744,0.00013174885498237296
4745,0.0001265648249518335
4746,7.043916955482617e-05
4747,3.857464713904658e-05
4748,0.00011172529727933753
4749,9.205302543168613e-05
4750,0.0001163402638033795
4751,3.5733756348273066e-05
4752,7.845650073433363e-05
4753,0.00010253956728156329
4754,0.00011382182303205477
4755,5.5284494920074156e-05
4756,0.0002130535427272645
4757,6.343210975277536e-05
4758,5.214134962603731e-05
4759,0.00012353522984675662
4760,0.00010096397411486885
4761,9.15511112209967e-05
4762,0.00011323461563337988
4763,0.00014411106561359397
4764,0.0001269311134306689
4765,0.00011732095161473857
4766,0.000213463104580615
4767,0.00012230451780178517
4768,2.042786596098767e-05
4769,0.0004752411612582402
4770,4.54777418679382e-05
4771,0.00014833304061379404
4772,0.0001228873471267174
4773,0.00010690985907893275
4774,0.00017556732335116486
4775,4.323355461032083e-05
4776,7.145445077455951e-05
4777,0.00010923605684563974
4778,5.433738187452812e-05
4779,4.42253761545252e-05
4780,6.38886399097839e-05
4781,9.271852014590481e-05
4782,7.763891820820586e-05
4783,3.144513363466443e-05
4784,0.00011529226348344877
4785,0.00010068058559932743
4786,7.694349152386677e-05
4787,0.0002168442993907594
4788,0.00013877095901940325
4789,0.00017366494044051693
4790,9.190415146592468e-05
4791,0.00011827734843865172
4792,0.00011654712851636798
4793,8.39093311355594e-05
4794,8.75618453204599e-05
4795,6.307135915503787e-05
4796,0.00013515985407752123
4797,7.107938714657638e-05
4798,0.00011544527387627092
4799,8.805896038443054e-05
4800,5.640181556964504e-05
4801,0.00013553478762897342
4802,5.111881283739233e-05
4803,5.354873423155885e-05
4804,8.834255129233588e-05
4805,8.5411973886841e-05
4806,5.878353373463162e-05
4807,0.00011693626871382812
4808,0.00011939495056997499
4809,5.503232862875889e-05
4810,5.161536887572594e-05
4811,5.8524926397855614e-05
4812,0.00014156478272624295
4813,0.00012256529063218603
4814,0.00010212224192402534
4815,5.593859825794987e-05
4816,8.019555620792226e-05
4817,0.00012926494826724392
4818,0.00013340414665517495
4819,0.00015885824037820362
4820,3.7140465646736014e-05
4821,5.8978367117960445e-05
4822,8.872367356040904e-05
4823,4.334857811458311e-05
4824,9.469154632138314e-05
4825,0.00014817227710377454
4826,4.5311343920460294e-05
4827,0.00012811732033251948
4828,0.00010043035573156024
4829,3.353886839427205e-05
4830,4.619612153792667e-05
4831,0.00014788502494206282
4832,0.0001013510386635418
4833,5.1369162535032324e-05
4834,6.679670393353039e-05
4835,7.930650139634468e-05
4836,0.00011311740224912781
4837,0.00012075447672958023
4838,8.33918920601223e-05
4839,8.942821043330705e-05
4840,7.284991930676298e-05
4841,6.175005802491245e-05
4842,0.0001336441162728911
4843,0.00011680273240037243
4844,0.00022641817110969638
4845,0.00010390520651139004
4846,0.00010801566067580145
4847,3.988623992346502e-05
4848,0.00015291854399239357
4849,0.00010430383817855887
4850,0.00012150765577660579
4851,0.0001814558676184387
4852,0.00011677047787801047
4853,6.026478050896139e-05
4854,0.0002071686967373816
4855,4.1095824957775755e-05
4856,5.380628296284302e-05
4857,7.868059465528645e-05
4858,5.77005647871798e-05
4859,0.0001461425829229822
4860,4.539500052266748e-05
4861,8.796807119452418e-05
4862,0.0001068450007897479
4863,8.829105105206398e-05
4864,0.0001405624617732035
4865,0.0002274583378067729
4866,0.0001021238764129192
4867,0.00020008981757373658
4868,0.00022359858788453926
4869,0.00010771725009833764
4870,0.00019381273226463697
4871,0.00021862765222321204
4872,0.00014837541139627237
4873,4.0979113025081815e-05
4874,0.00012567720413317194
4875,8.499810448168469e-05
4876,0.00012123209119054324
4877,6.950337062405846e-05
4878,7.793408553917315e-05
4879,0.00012625881658251043
4880,0.00013930745249597518
4881,0.00014731471904207212
4882,0.00011862780575745082
4883,5.389665394189127e-05
4884,6.0176960847232685e-05
4885,6.975721688963938e-05
4886,7.825334820173212e-05
4887,0.0001932058627705587
4888,5.438127919787015e-05
4889,4.720322580769731e-05
4890,0.00017681525341874368
4891,0.00013199767001068115
4892,0.00012228342075124542
4893,6.609316761654019e-05
4894,0.00010551379233038665
4895,0.00026282224551011323
4896,0.00029942870786898627
4897,0.00018354898348956346
4898,0.0001987538823207943
4899,0.0002115897891304058
4900,0.00011020418326511961
4901,0.000265202438847313
4902,0.00027680218733429937
4903,6.12791183040513e-05
4904,6.19352432614138e-05
4905,0.00012998275873764742
4906,0.00013562162562929728
4907,8.122922607166434e-05
4908,8.730077800670423e-05
4909,0.00020102978711785104
4910,0.00011787707607665024
4911,5.905922067101819e-05
4912,6.684099580896425e-05
4913,0.00019462795274563668
4914,6.481175547311497e-05
4915,0.00013719920006463487
4916,6.855418369022389e-05
4917,6.592046198517499e-05
4918,0.0001548848850832246
4919,0.00010010828751152292
4920,4.766470885965276e-05
4921,0.00010667851323295719
4922,6.562583898817883e-05
4923,8.122672027347599e-05
4924,0.0002752417033138638
4925,5.820352625858855e-05
4926,3.05821764892073e-05
4927,8.78178229339515e-05
4928,0.00011799730190068901
4929,7.714428684281547e-05
4930,0.00014069935711646773
4931,0.0001914132935993026
4932,0.00010941015629066659
4933,5.3690474500342456e-05
4934,0.00021989426821810432
4935,0.00012993956076850745
4936,6.975485755922243e-05
4937,0.00018658783441721045
4938,0.00013486516584208918
4939,8.038981588312855e-05
4940,0.00015387801777246588
4941,7.179559159131444e-05
4942,0.00011816039834523987
4943,0.00015051724761803688
4944,5.360206129241941e-05
4945,0.00011498461425845493
4946,5.987782717392182e-05
4947,8.057931446301211e-05
4948,7.82514462954639e-05
4949,5.63320728500969e-05
4950,0.00013518398778807763
4951,0.00014112123492841274
4952,7.842127679148829e-05
4953,3.2297195206758024e-05
4954,3.284840327523395e-05
4955,0.00020464112534724892
4956,0.0001124014981552367
4957,0.00014050135564284093
4958,5.166266157840754e-05
4959,0.00022292570508291237
4960,7.805426089512353e-05
4961,0.00013639647384157936
4962,0.00010070650866331757
4963,0.00014403288276611018
4964,9.710423082636017e-05
4965,5.813075126439977e-05
4966,8.906757776085104e-05
4967,6.770181646725663e-05
4968,0.00020213345748872497
4969,0.00018859474894831468
4970,0.00012255904603089243
4971,9.021628427095712e-05
4972,4.680068272295576e-05
4973,0.000126269449190361
4974,0.00016240314729413092
4975,0.00026021954995282184
4976,0.0002023766108564484
4977,0.00010283224682955787
4978,0.00022339641573436563
4979,6.720716697334336e-05
4980,0.0001045979571497927
4981,0.0001840121140358147
4982,8.331440333207772e-05
4983,5.159865521721233e-05
4984,0.00010430776627168135
4985,8.852354259624618e-05
4986,0.00015355148441360215
4987,4.227617010732311e-05
4988,0.0004182063332904129
4989,0.00015384282722304753
4990,0.0001474212999451031
4991,0.00018027005083261325
4992,9.493838911763948e-05
4993,0.0001096232083713252
4994,5.09635454568016e-05
4995,0.00017715070182801123
4996,0.00018916686921985118
4997,0.00011164986255379688
4998,6.76817666523038e-05
4999,8.473246955751307e-05
5000,0.00011523518670089245
5001,5.018519600203129e-05
5002,0.00012445469976979148
5003,6.49067568471427e-05
5004,8.420008167135333e-05
5005,9.799365776377645e-05
5006,7.138482116963365e-05
5007,7.416529927539725e-05
5008,6.196438362591938e-05
5009,6.26514392008828e-05
5010,0.0001667158885438981
5011,6.657883230795777e-05
5012,3.411729844020079e-05
5013,0.00014250398239301648
5014,0.00011027046397141039
5015,8.265425330023497e-05
5016,0.00010953521389418062
5017,0.00017125609353750473
5018,8.84363969245016e-05
5019,0.00022648075222868438
5020,7.158748356768691e-05
5021,0.00018207721967661883
5022,0.00014984625118209403
5023,0.0001239707306475019
5024,6.965422376514265e-05
5025,7.638557492805096e-05
5026,5.887460582014134e-05
5027,5.90585049644999e-05
5028,7.978709622785625e-05
5029,0.0001597698710417425
5030,0.00010445421183768627
5031,9.405855708310026e-05
5032,8.103897994681462e-05
5033,0.00014212465950110947
5034,0.00023739425073942687
5035,7.898528138014354e-05
5036,9.921377254907431e-05
5037,0.00010884814065982782
5038,0.00014774840567551817
5039,4.9884012419150796e-05
5040,0.00026959501868361506
5041,6.27737192440738e-05
5042,0.00016651049552961688
5043,1.4441605572973983e-05
5044,5.846968558742802e-05
5045,0.00011281703203406195
5046,0.00012594654339351865
5047,9.707551337241686e-05
5048,8.637613300048644e-05
5049,0.0001161187595906251
5050,0.00017175504292075156
5051,5.5467050700839295e-05
5052,0.00010363971949123685
5053,9.77122591543115e-05
5054,0.0001418476983509453
5055,4.4257816649003494e-05
5056,8.470951624726348e-05
5057,0.00011222732406697892
5058,0.00012634427786668953
5059,0.00011291815009699167
5060,6.886611371053222e-05
5061,0.00016275172979635853
5062,9.173437287349412e-05
5063,0.00014859612250559936
5064,0.00010615379511806003
5065,0.0001430110906121871
5066,0.00013606893672475073
5067,0.00020872353838902467
5068,0.00010488397736044841
5069,0.00018863944576020622
5070,0.00020545887740351545
5071,0.0001074282104454198
5072,0.00022594197846589298
5073,0.0001192605171919521
5074,8.12366774692335e-05
5075,6.642221610243547e-05
5076,4.738905163660847e-05
5077,0.00011404948749480924
5078,9.635145874106518e-05
5079,0.00020252730978867736
5080,0.00010115392569962408
5081,6.170419022872176e-05
5082,4.434817721302519e-05
5083,0.00013790600785677586
5084,8.929463233987748e-05
5085,0.00011142406817851333
5086,0.00014906111866114826
5087,0.000169737242187028
5088,0.00017368390733320203
5089,4.4732018480265534e-05
5090,0.0001504909631887006
5091,0.00022197169616916925
5092,6.650380550592026e-05
5093,6.35621381856815e-05
5094,0.0001571526797214892
5095,7.124058401944895e-05
5096,0.00020767986652568565
5097,9.090121404813877e-05
5098,0.00011377891857623306
5099,5.653913083341923e-05
5100,0.00010949012797376368
5101,3.250477806829759e-05
5102,0.00011767723748040679
5103,6.116495129211823e-05
5104,8.69043283629064e-05
5105,9.952225330197247e-05
5106,0.0002154207587157505
5107,5.636395961123697e-05
5108,7.036908581851349e-05
5109,0.00015532499469957055
5110,0.00012631249051281513
5111,4.9864271173653156e-05
5112,0.00022740751500820687
5113,0.00021820594521669069
5114,0.00015871024698612803
5115,0.00010435818845670823
5116,0.000172253065728504
5117,0.0003686719540784365
5118,3.336654810843724e-05
5119,6.567462703529e-05
5120,0.00010294822436185648
5121,0.00015754995282650326
5122,4.67651600105808e-05
5123,7.970612311989508e-05
5124,0.00010849020492600069
5125,3.896304625819157e-05
5126,7.471297541266746e-05
5127,0.00021405695525537438
5128,0.0001831811067777872
5129,0.0002156619483760308
5130,2.796108106083939e-05
5131,0.00016253561672217008
5132,0.00025861410670715684
5133,6.9223186392131e-05
5134,3.5401986820863044e-05
5135,0.0001156328969137349
5136,0.00010207217898942106
5137,4.329645475701829e-05
5138,6.511398597132757e-05
5139,8.920239110883032e-05
5140,0.00011363048371035781
5141,6.507995517700438e-05
5142,0.00010862942275050976
5143,7.630884995003524e-05
5144,0.00012488310067162214
5145,0.00012785503386017268
5146,5.0456438268778487e-05
5147,0.00013212029816611054
5148,0.00014089563414807627
5149,0.00019086217110880947
5150,8.103079648884629e-05
5151,0.00010595865729566937
5152,7.031602980698602e-05
5153,0.00014450409319769338
5154,4.73169281268783e-05
5155,7.833829915878926e-05
5156,6.073848583467709e-05
5157,3.695389691776874e-05
5158,0.0002135360197698235
5159,4.7070357195321805e-05
5160,4.578982569229998e-05
5161,6.980970023682745e-05
5162,0.00015213003382396617
5163,0.00016188715970394407
5164,0.000209200004065801
5165,1.9867064548547613e-05
5166,4.2133873012537984e-05
5167,3.481001506238032e-05
5168,4.1457002919283955e-05
5169,0.00020929331406847497
5170,0.0001182796847415653
5171,1.9187770805366815e-05
5172,6.543981594533034e-05
5173,3.775464472024507e-05
5174,4.779998109200859e-05
5175,0.0001123868722699658
5176,0.00026260590273264044
5177,8.990583575222463e-05
5178,7.780675432534595e-05
5179,7.851786760498894e-05
5180,0.0001287547602377202
5181,5.643952564974646e-05
5182,0.00011413970140019883
5183,0.00010158811380789222
5184,8.725300801534614e-05
5185,0.00020959621731767472
5186,0.00013808539509692483
5187,7.839093985437845e-05
5188,5.413361474291813e-05
5189,6.139438294492841e-05
5190,0.00015148552144793808
5191,6.138442244597658e-05
5192,3.0576508015949633e-05
5193,5.937829546093348e-05
5194,9.280883818145625e-05
5195,8.654350155588229e-05
5196,0.00011515188670099865
5197,4.9837059477494873e-05
5198,0.0001002227983957944
5199,7.620251546605473e-05
5200,5.022211631867862e-05
5201,0.00013985908417463546
5202,9.89797945689878e-05
5203,8.583407375722074e-05
5204,0.00011689915026913293
5205,0.0001427555159994952
5206,0.00017343444563973725
5207,0.0001429123288258869
5208,0.00022420859081684834
5209,4.689558923458787e-05
5210,5.6866658147621336e-05
5211,0.0003221453927472788
5212,0.000106557324897648
5213,3.350589932028876e-05
5214,1.5475251579302428e-05
5215,4.736967832553022e-05
5216,3.984967099595116e-05
5217,0.00036637978148204353
5218,9.195094202778304e-05
5219,0.00013225514980968285
5220,5.7791476221227454e-05
5221,0.0003035750540111782
5222,7.492065464155796e-05
5223,7.126226876968058e-05
5224,0.0002057164163358842
5225,0.00016574886908774867
5226,0.0001176549772800558
5227,0.0001664337206694075
5228,0.00012155588491720186
5229,0.00019780917255829002
5230,3.660418282343039e-05
5231,0.00013200761508712938
5232,9.011639192814977e-05
5233,7.749456367588043e-05
5234,4.0473110313048406e-05
5235,0.00013433458082131393
5236,0.00025724611564547273
5237,0.00014070397739626535
5238,8.471032287585244e-05
5239,0.00011676839293791807
5240,6.593586634924356e-05
5241,0.0001009619784169961
5242,5.040674035179612e-05
5243,0.00014093048056238345
5244,9.767835725366588e-05
5245,0.00017890753981316613
5246,0.00019074994130903087
5247,5.0853774114855126e-05
5248,0.00014951551998467722
5249,0.0001207300337153975
5250,0.00011085577553104983
5251,0.00013230020852246418
5252,8.183688956061489e-05
5253,0.00012958002499175022
5254,4.7339215374279556e-05
5255,0.0001236437835279755
5256,7.628559804370206e-05
5257,0.00011179630134356392
5258,0.000184900622873405
5259,9.131627172051369e-05
5260,4.770283121189978e-05
5261,7.158474247884963e-05
5262,0.00010451488491540966
5263,0.00013639395610173788
5264,8.482670403479561e-05
5265,7.200147006366318e-05
5266,0.0001566700523514834
5267,0.00018429469727546585
5268,3.897708563918703e-05
5269,0.0001947736527145811
5270,9.514322853649849e-05
5271,3.820362572016062e-05
5272,5.1475506770915174e-05
5273,5.8439123292850736e-05
5274,7.823639546166358e-05
5275,0.00012374061191945047
5276,0.0001270673630132051
5277,0.00016415832683313195
5278,4.3858107276840086e-05
5279,0.00010838020846092913
5280,8.650881312541667e-05
5281,0.00011645541523285039
5282,0.0001267043307392677
5283,3.683795877935356e-05
5284,7.256835941590507e-05
5285,9.146233008039032e-05
5286,5.461927581861828e-05
5287,0.00013622622435769047
5288,8.364409090972204e-05
5289,7.135716557438038e-05
5290,9.896307045933846e-05
5291,0.00024779004125178054
5292,5.965243189895083e-05
5293,9.892756151775898e-05
5294,7.702088507510352e-05
5295,0.000163047859348156
5296,0.00016348474753641995
5297,5.243759974028274e-05
5298,0.00013053903815212295
5299,0.00010684506315929133
5300,9.209708496051555e-05
5301,0.0001203257055047341
5302,0.00011456503570794898
5303,6.166428658660925e-05
5304,4.402838512040447e-05
5305,0.0001807744898629402
5306,7.926629822677293e-05
5307,0.0001206779601493859
5308,0.00013159562270040098
5309,3.1614442746946675e-05
5310,0.00012429690184949518
5311,9.239516571060827e-05
5312,0.00011990748865232997
5313,0.00016293408333183345
5314,0.00013337802605001858
5315,5.880409638982707e-05
5316,7.450867576008637e-05
5317,0.00028704547118518634
5318,4.463261069744266e-05
5319,0.00020099240010887956
5320,6.851083192295448e-05
5321,0.0002846648979497596
5322,0.0002783279387576049
5323,0.00011222765068238892
5324,0.00011106994010427713
5325,5.338205302039001e-05
5326,9.500189593046427e-05
5327,8.273629207580528e-05
5328,4.4703090570681125e-05
5329,0.00011289253219299795
5330,0.00014734545457032288
5331,0.0001807647021536952
5332,9.101587842972228e-05
5333,9.095758749719521e-05
5334,1.1291342885902045e-05
5335,9.886584740964808e-05
5336,5.702313400080536e-05
5337,0.00014459443112970835
5338,0.00015061905048550142
5339,0.00014572426243602163
5340,8.754478068776725e-05
5341,0.00011972373866453051
5342,4.3684075376882806e-05
5343,0.0001313396254827833
5344,0.0002015724474805877
5345,0.00015262436533444943
5346,0.00016517118814234026
5347,0.0001235655595748562
5348,9.611166706133265e-05
5349,6.534814082463923e-05
5350,0.0003255412335272529
5351,0.00010056144834754915
5352,9.55184427717275e-05
5353,0.00021711055723341212
5354,5.340115173833879e-05
5355,0.00016585553529717357
5356,0.00022057151360036636
5357,7.12409000034228e-05
5358,7.482884254483335e-05
5359,8.119936801455659e-05
5360,8.381085152351857e-05
5361,0.00010605945808667651
5362,0.00030194879779254835
5363,0.0002740684962191529
5364,8.913474582616517e-05
5365,9.181421424079695e-05
5366,9.89215177548781e-05
5367,5.432109855248127e-05
5368,5.50979550764032e-05
5369,7.168034664670721e-05
5370,9.73197999726096e-05
5371,0.00021200024757811776
5372,0.00010665837434985153
5373,0.00019553021997779907
5374,0.00012182435463503543
5375,5.543461417689947e-05
5376,0.00016143305885381199
5377,8.797112412498404e-05
5378,4.384034387368221e-05
5379,2.9925714195592097e-05
5380,8.96114714581856e-05
5381,5.2718210452863245e-05
5382,9.787915232227201e-05
5383,8.788443005598768e-05
5384,0.0001474428604371715
5385,0.00011132684620709372
5386,0.00018744530092737875
5387,0.0001363254572136573
5388,0.00010857628818993929
5389,0.00011329805717381076
5390,0.00018670097441165888
5391,0.00010848538785622903
5392,0.00017608585297996274
5393,0.00015684857861534809
5394,5.721930232738071e-05
5395,7.935277933974393e-05
5396,3.2505422523746e-05
5397,9.149597146673639e-05
5398,8.525734969215695e-05
5399,0.00015169688790488402
5400,6.260301105158419e-05
5401,6.993164842986607e-05
5402,7.534967340618884e-05
5403,0.00014973222268930257
5404,4.679096945495402e-05
5405,0.00020553496182234722
5406,0.00017354197841945552
5407,8.346316798699954e-05
5408,0.00019809995160125776
5409,4.292799417403362e-05
5410,0.0001795803720686699
5411,9.19831187724006e-05
5412,0.0001253761085463506
5413,0.000188115137406016
5414,0.00019751059972038197
5415,0.00021801025730058154
5416,0.00013795576568980972
5417,0.00021184258595227865
5418,0.00010845253399998046
5419,8.798111101573962e-05
5420,0.00010596755596139424
5421,6.987960296482083e-05
5422,0.0001197332852669279
5423,5.318071027075672e-05
5424,3.274450481470926e-05
5425,0.0001474832467454204
5426,9.234988674318213e-05
5427,7.9223250092372e-05
5428,9.144711988582638e-05
5429,0.0001168533225022846
5430,9.956535077004158e-05
5431,0.00011485016267048875
5432,0.00013979769339819863
5433,0.00018630697256590657
5434,0.0001982218164700906
5435,0.00010077885633313171
5436,0.00010659101896055362
5437,3.6570263218542215e-05
5438,0.00011391967661346723
5439,0.00010126404538726573
5440,7.656592151696931e-05
5441,2.959728796453089e-05
5442,7.249686560040694e-05
5443,0.0001475202397840203
5444,0.00014419521446597806
5445,0.00016822116409678903
5446,0.00012175414410178827
5447,0.0001763474431129305
5448,3.4489144127049204e-05
5449,0.00011631288006698766
5450,2.2086767649079325e-05
5451,0.0001112911576324282
5452,0.00013669334053307585
5453,7.197438322024052e-05
5454,4.7284860921950276e-05
5455,5.163776821175066e-05
5456,9.391383143658801e-05
5457,0.00023787483143481873
5458,0.00010714691875080126
5459,8.756113276777376e-05
5460,9.741571352611845e-05
5461,0.00011117839843190676
5462,3.4373478795688777e-05
5463,6.416557779948795e-05
5464,6.45619067474976e-05
5465,0.00013886519048839655
5466,0.00013683894303583418
5467,0.000247194174787869
5468,0.00011221777504793813
5469,6.270153965992089e-05
5470,7.057569264114544e-05
5471,0.00010424959141254932
5472,4.618082260631674e-05
5473,8.03190483287762e-05
5474,4.618012996157532e-05
5475,4.9863313756369945e-05
5476,0.00022089094215033787
5477,0.0001368208264750965
5478,0.00015724936561664003
5479,0.00018208852290677082
5480,0.00011667354846884957
5481,0.0001277576191752538
5482,5.5927060610581124e-05
5483,0.0002625198871495298
5484,5.75492801204016e-05
5485,9.203994203097852e-05
5486,3.405456274773735e-05
5487,9.64911522164515e-05
5488,9.786176761964461e-05
5489,8.08080441458157e-05
5490,0.00014955406607958919
5491,9.778354190390976e-05
5492,3.049097886300646e-05
5493,0.000108051044914985
5494,0.0001234341969441676
5495,5.924071936781239e-05
5496,7.409734463921995e-05
5497,0.00014216615376379555
5498,0.00014449261104054946
5499,5.968921691152448e-05
5500,0.00018817926193072726
5501,4.8704017962727456e-05
5502,0.00012417695300594923
5503,0.0003600814445211189
5504,0.00013745246854893938
5505,0.00015694150387966666
5506,0.00022848294483925164
5507,0.00010902861513882285
5508,4.252418267421063e-05
5509,9.718589553219983e-05
5510,8.149169789347947e-05
5511,0.00010076208278079132
5512,0.00014471466177976144
5513,8.469452682057474e-05
5514,4.891606853015673e-05
5515,9.765499443631397e-05
5516,0.00013767985108471324
5517,9.077293167233003e-05
5518,0.00012828039054884807
5519,8.022069520123553e-05
5520,0.00010042678754271702
5521,3.7496777244129675e-05
5522,0.00019836994935748138
5523,0.0001056438189406228
5524,0.00012757846721695332
5525,0.00012959920991843272
5526,9.300431552882935e-05
5527,8.883964619978344e-05
5528,0.0002153660498021005
5529,0.00015391067453711423
5530,6.938768519972951e-05
5531,0.00015261396382365105
5532,4.5955150730263194e-05
5533,0.00010706522340436717
5534,0.0001555240235244887
5535,8.490565711910787e-05
5536,0.00014327277464505563
5537,9.991584481600584e-05
5538,7.720931033838972e-05
5539,6.254611740211381e-05
5540,8.433807280667791e-05
5541,0.0001653068820299282
5542,0.00011699225808525256
5543,2.6540876897399596e-05
5544,9.936648941228515e-05
5545,9.158404682237426e-05
5546,0.00012948729665223995
5547,0.0001442735993167922
5548,0.00011325634509687309
5549,5.362324756566262e-05
5550,8.739455052648089e-05
5551,0.00010518579496963761
5552,0.00015985099759363417
5553,0.00021039787851852488
5554,9.63619454508641e-05
5555,0.0001819005843615743
5556,0.00012770491698846527
5557,9.799482089512524e-05
5558,0.00014261779462009617
5559,0.00013669282804259104
5560,0.0001674006187464189
5561,8.633601441079044e-05
5562,6.241423835686845e-05
5563,7.92616892305352e-05
5564,0.00020640059945197772
5565,0.00012890398549946104
5566,0.00018672553901229904
5567,0.00014721027713701665
5568,0.00011313339056941973
5569,0.0001174175725936353
5570,0.00014120994880548546
5571,0.00020042294036203202
5572,0.00011986658688654421
5573,9.444031578590092e-05
5574,0.0002510515580589054
5575,5.691466455138163e-05
5576,8.778595501576348e-05
5577,4.594041811753865e-05
5578,0.00019468151108509608
5579,0.00021060737991708818
5580,9.76041248202419e-05
5581,6.424419917278676e-05
5582,8.881407944569611e-05
5583,0.00010938553256447395
5584,6.939642442329441e-05
5585,7.592008396440585e-05
5586,0.00011005416866954654
5587,6.753864703399844e-05
5588,0.000124887445113621
5589,0.00042345438983045793
5590,6.054045156018088e-05
5591,5.151906728929099e-05
5592,6.257604471801022e-05
5593,0.00012716842421764605
5594,0.0001538538792057752
5595,9.544535142004399e-05
5596,5.4571626765875965e-05
5597,0.0002650171431732522
5598,5.312171321220099e-05
5599,9.76197661948577e-05
5600,3.9087981239052834e-05
5601,0.00013355810305713751
5602,9.567039413059983e-05
5603,9.598536951117753e-05
5604,0.00011320745871770671
5605,0.00010223960413139291
5606,3.2388728852023307e-05
5607,0.00019974828587533154
5608,4.450294140479446e-05
5609,6.823280382038054e-05
5610,0.00018763877499220388
5611,0.00012036282471379771
5612,0.00017896222713471196
5613,7.757107981173344e-05
5614,0.00018283876995807869
5615,4.177389706790902e-05
5616,0.00011997273910987883
5617,0.0001875122853845922
5618,0.00019913442672875819
5619,8.110202395269584e-05
5620,0.0001758068334368807
5621,4.385105253907244e-05
5622,0.000161427574755567
5623,5.242005797094044e-05
5624,0.00016127196026137375
5625,0.00010343379980586054
5626,0.00016401056534266615
5627,0.0001250821484636589
5628,5.315168048674729e-05
5629,0.00011824708441428915
5630,0.00010526715555316946
5631,8.286459178060642e-05
5632,4.676168683578883e-05
5633,5.927135526010834e-05
5634,0.0001618309409031115
5635,6.384373395080507e-05
5636,6.624747998561617e-05
5637,0.00015176560261105195
5638,7.988299346519248e-05
5639,9.61679849383018e-05
5640,0.00011945923075998012
5641,5.490260253996539e-05
5642,0.00018308352519591042
5643,0.0001406668824122517
5644,0.0001134236939619793
5645,0.00012690410920658489
5646,0.00028588072736276693
5647,0.00016772800664846869
5648,0.00011170397069461434
5649,0.00012053269347765314
5650,7.909480016616142e-05
5651,5.3588658381885085e-05
5652,0.00010700664035336225
5653,0.0002987536208139065
5654,0.00010896730587900855
5655,8.591184431738959e-05
5656,2.8084611617009674e-05
5657,7.529244469386276e-05
5658,0.0002854807294897005
5659,0.00013367546242508516
5660,0.00010805969535559898
5661,0.0002501410225698967
5662,4.208145320946265e-05
5663,0.00012987172226805785
5664,4.417800523295902e-05
5665,5.9613094709158715e-05
5666,6.764552636901583e-05
5667,4.882529254738074e-05
5668,1.505061327643173e-05
5669,0.00019888968644218272
5670,6.468423443119304e-05
5671,8.152634277227193e-05
5672,0.00021409766796045199
5673,0.00012580431031904407
5674,5.275035587674261e-05
5675,5.680963589513718e-05
5676,0.00018033159938269467
5677,0.0001542179928729753
5678,6.17587453822174e-05
5679,0.0001332145403242869
5680,0.00014153909933240646
5681,7.491219098216829e-05
5682,0.00029336640015513996
5683,7.848920430805934e-05
5684,0.00015005931776681963
5685,0.00012682332481163335
5686,4.855816550117835e-05
5687,0.000186370891438919
5688,0.00010562508542651849
5689,4.5470724151862074e-05
5690,6.358073330154478e-05
5691,0.00013195331060425995
5692,9.213972443051611e-05
5693,0.0001356165563209424
5694,0.00012097239496180234
5695,2.884806147656609e-05
5696,5.384158835337932e-05
5697,8.966099921505162e-05
5698,4.247393023317841e-05
5699,4.383648118154823e-05
5700,5.8694602493689485e-05
5701,0.00016970449768584036
5702,0.00027549782891483953
5703,9.234337718030624e-05
5704,7.57205953193405e-05
5705,5.0591024333389915e-05
5706,6.853771869018481e-05
5707,0.0001660797626430741
5708,0.0002581712284330984
5709,8.969563341810948e-05
5710,5.439226661413215e-05
5711,6.207174544528273e-05
5712,5.5785623602167885e-05
5713,8.294366974715945e-05
5714,0.00015498214263909177
5715,0.0001759077178391642
5716,0.0001422723998374364
5717,0.00011599463258727288
5718,0.0001318767720759474
5719,9.88854658089818e-05
5720,6.670099686595505e-05
5721,0.0001775283764232349
5722,6.678548253840927e-05
5723,0.00011229887815030435
5724,8.567501707491674e-05
5725,0.00024663723792156815
5726,0.000153493223652367
5727,2.5624221048740026e-05
5728,8.013396637944862e-05
5729,4.952609644109462e-05
5730,0.00014134689741302905
5731,5.0608404829404524e-05
5732,7.280513084779251e-05
5733,7.370286719440661e-05
5734,0.00012974465903850597
5735,5.099373252017178e-05
5736,0.00015585943811083456
5737,9.001053802799507e-05
5738,8.389755077657185e-05
5739,5.062321532851873e-05
5740,0.0002374694576588044
5741,4.5246314707812355e-05
5742,9.996414401159529e-05
5743,6.291485741862095e-05
5744,0.00014076076611888925
5745,5.3807930301063e-05
5746,0.00012609192215237515
5747,3.762327328456205e-05
5748,3.6957963021425766e-05
5749,9.147288932484306e-05
5750,0.00019624851011989527
5751,0.0001886204369869787
5752,0.00015988931365850396
5753,4.1489746609280485e-05
5754,8.436362279085238e-05
5755,0.00017360512124335944
5756,5.4965995812235595e-05
5757,0.00031570210014958124
5758,0.00011660378281613289
5759,6.218277932906974e-05
5760,7.167336215765244e-05
5761,3.5869373618276594e-05
5762,9.865638209182865e-05
5763,5.583576384861974e-05
5764,0.0001700457215154377
5765,4.0450770790234686e-05
5766,0.00011422916940665315
5767,6.623763042552759e-05
5768,9.023828912134827e-05
5769,0.00010984801550608425
5770,5.467263915860199e-05
5771,8.962318573674808e-05
5772,5.798728444183614e-05
5773,0.00024280282870148417
5774,9.078279155810555e-05
5775,0.00020793372444339982
5776,0.00015669612678174345
5777,0.0001372962467209103
5778,0.00012055472474882391
5779,9.19947213340059e-05
5780,0.00018224725181446467
5781,0.0001366955896118365
5782,0.00015073460984581618
5783,0.00017628092764239195
5784,9.97102176082467e-05
5785,0.00016007257656258417
5786,0.0002160828782541517
5787,0.00012761807510067586
5788,7.976923915022056e-05
5789,0.00011725850772688535
5790,8.497734809837045e-05
5791,0.00012850645956022084
5792,0.00011225178996293942
5793,9.992847624813186e-05
5794,6.942559284419914e-05
5795,2.5290670493041537e-05
5796,0.00019209726941684808
5797,9.919924377440849e-05
5798,0.0001940229098904928
5799,0.0003516433716963507
5800,0.00017856221995514438
5801,7.472730901274743e-05
5802,0.00010708891174498683
5803,0.00011056275669618157
5804,5.033653871585101e-05
5805,0.00010366914098626856
5806,7.700315868292705e-05
5807,5.340247419437053e-05
5808,0.0002456440740807961
5809,0.00011471283013912806
5810,9.198889431206315e-05
5811,0.0001207567624749403
5812,6.264333955197034e-05
5813,0.00012790501563636218
5814,9.568317343522836e-05
5815,8.209055954792629e-05
5816,0.0001569689071000214
5817,0.0001783249459296074
5818,0.00019517552616476986
5819,0.00011444408588543558
5820,5.799728491812699e-05
5821,3.936244898357061e-05
5822,6.0251654628942826e-05
5823,0.0001424929440708193
5824,0.00018625416446072624
5825,0.00012493488724679783
5826,0.00013547048814704224
5827,0.0001348288353781835
5828,0.00016371530405575913
5829,0.00016045303508971685
5830,7.267567604657947e-05
5831,0.00024063291689532178
5832,0.0002494242986539878
5833,0.00010492275204635444
5834,0.00017378734913659313
5835,6.887956359853076e-05
5836,0.00014533116716682477
5837,0.00012231062028081552
5838,7.499456043088038e-05
5839,4.5762745793010546e-05
5840,6.355039470289026e-05
5841,5.395456868089315e-05
5842,5.256213038037342e-05
5843,8.563380160504821e-05
5844,6.0264522525781586e-05
5845,4.63963181706297e-05
5846,0.00016831725837105778
5847,7.337371519049694e-05
5848,7.617411152030753e-05
5849,7.899799733972169e-05
5850,0.00016025460752998395
5851,0.0001470047380741012
5852,0.0001169421202879459
5853,0.00014520352708902217
5854,0.00020179506931618205
5855,5.564455260102538e-05
5856,7.689765163109565e-05
5857,0.00014466883509333013
5858,0.0001742050051994704
5859,0.0001683400980648273
5860,0.00018552781149219538
5861,0.00011281745591063612
5862,6.639751419756028e-05
5863,0.00011645648881933784
5864,9.178483684790249e-05
5865,0.00010301178495498633
5866,8.13257224002863e-05
5867,3.230644844369652e-05
5868,3.4849986669549006e-05
5869,4.39963660646315e-05
5870,0.00021011332214055907
5871,0.00019429405434822375
5872,0.00012457804811521895
5873,0.00014471101115002522
5874,0.00019559461835099538
5875,6.0573135958691155e-05
5876,0.00021231378981620996
5877,8.071260693415802e-05
5878,0.00010931040441479992
5879,0.00011294561821408937
5880,8.957670836233328e-05
5881,0.00014242877141359758
5882,0.00010658928932709991
5883,0.00018372088330642384
5884,0.00010260895671747157
5885,9.579778430480756e-05
5886,0.0001167509973542202
5887,0.00011969477847118516
5888,0.00010025020255415841
5889,0.00012722720103295273
5890,7.913238166870004e-05
5891,0.00010822955252783598
5892,0.0001590600013687161
5893,9.386591618701311e-05
5894,0.0003143211803886866
5895,7.527871853447106e-05
5896,6.623985346887702e-05
5897,4.8021129853526816e-05
5898,4.201040595583244e-05
5899,3.8357093990182505e-05
5900,0.0001613472845961882
5901,1.8729493091530124e-05
5902,0.00020627917343038244
5903,0.00015174328693312356
5904,4.498145220294663e-05
5905,0.00017103258467343944
5906,0.00010015412547466255
5907,0.000188489851233214
5908,0.00013632425166115608
5909,0.0001248287654134799
5910,0.00014890200380962795
5911,0.00011640954430913307
5912,0.00017674226795031308
5913,0.0001544495825159591
5914,0.00010217453029640053
5915,0.00010210499716702244
5916,4.405970354186301e-05
5917,0.0002133157982753466
5918,0.00013877583395953676
5919,0.00010129647963864724
5920,0.00021448591886209868
5921,8.048880340413177e-05
5922,5.118069522723382e-05
5923,9.212477590037833e-05
5924,4.835754327110487e-05
5925,4.65068151145226e-05
5926,5.968313425807312e-05
5927,0.00022682184640023158
5928,0.00020340844693000052
5929,4.3330294565734475e-05
5930,7.726646444638741e-05
5931,9.766023703417596e-05
5932,4.6305939191689716e-05
5933,0.000153689556860794
5934,7.649518379471536e-05
5935,4.275851228334499e-05
5936,9.38197320398574e-05
5937,7.972295664178497e-05
5938,0.00021367102773741306
5939,6.650513706788173e-05
5940,5.56487506935536e-05
5941,0.00012595557303271055
5942,9.995571444994937e-05
5943,3.850972973290733e-05
5944,0.00015867072220892894
5945,0.00019742047603391787
5946,6.230509906848377e-05
5947,4.9534342565319065e-05
5948,6.0684611785309665e-05
5949,0.00011459042419337887
5950,9.703327615174262e-05
5951,0.0002719570791624783
5952,6.19476487306444e-05
5953,8.005741046479865e-05
5954,3.371758036884613e-05
5955,0.00021758665534409445
5956,0.00010582045035888971
5957,7.667638592165655e-05
5958,0.0002148253627305025
5959,8.910565406327696e-05
5960,8.033754958551028e-05
5961,0.000152199692127185
5962,4.226672788424818e-05
5963,4.582027058264706e-05
5964,0.00011375597423285368
5965,0.0001516702110204638
5966,0.00013127443910896432
5967,0.0002599715236395819
5968,3.691350834654711e-05
5969,6.652115666140188e-05
5970,0.00014585439036076065
5971,2.98416992413844e-05
5972,8.85566978494942e-05
5973,0.0001180094195855114
5974,0.0001287541184256743
5975,9.623278182468867e-05
5976,0.00020658773856155755
5977,0.00014257455602300926
5978,5.053927283997182e-05
5979,0.0001276755030503505
5980,0.00013317637928261783
5981,7.197747581705101e-05
5982,5.8802329151942644e-05
5983,0.00012432169844308667
5984,0.00013377318326146122
5985,3.7242166562767654e-05
5986,9.165433890931237e-05
5987,8.712652385302337e-05
5988,0.00019435314638647605
5989,0.0002159973416866082
5990,0.00010054191053749494
5991,8.917840466314207e-05
5992,6.968183019634892e-05
5993,0.0001676380215586947
5994,0.00015176382931799561
5995,4.626102726681568e-05
5996,6.103057521872018e-05
5997,0.0001655258211728337
5998,0.00010008072952629418
5999,6.061588527170417e-05
6000,9.315811881340058e-05
6001,6.640036725573064e-05
6002,0.00016775073278860945
6003,0.00011847254545310457
6004,9.494062892310719e-05
6005,8.202815063346044e-05
6006,6.175243853062319e-05
6007,7.79636587943529e-05
6008,0.00016934804291928105
6009,0.00021702874460276104
6010,7.658449522396013e-05
6011,4.413385244561663e-05
6012,3.470015020953378e-05
6013,0.00012906053863642777
6014,0.00019320404716722167
6015,0.000118501511324271
6016,0.00010662914367183987
6017,0.0001403237310880468
6018,0.0002618064849039409
6019,8.586083550437816e-05
6020,3.8628891243611e-05
6021,0.00031028731907976637
6022,0.00011988439249420182
6023,0.00019320910626687286
6024,0.00012339706200280618
6025,5.6418238486709135e-05
6026,0.00014758819778050366
6027,0.000122027670976576
6028,9.262092588711085e-05
6029,1.903784804346244e-05
6030,2.0062003253498787e-05
6031,0.00015455415773730756
6032,9.537653379061397e-05
6033,5.7401689488810875e-05
6034,0.000167949044534355
6035,4.285186044189187e-05
6036,0.00015714598740264495
6037,5.278801719222828e-05
6038,0.00037033492666797374
6039,0.00017601278456169978
6040,9.995404368432223e-05
6041,4.4243063179973734e-05
6042,8.101963331635706e-05
6043,0.00011464781159786002
6044,8.078706815179849e-05
6045,0.00018016872787698194
6046,8.418909231883512e-05
6047,0.00011354856614912163
6048,3.4877765750353295e-05
6049,5.332901320833653e-05
6050,6.166676212657917e-05
6051,0.00022906284319033023
6052,0.00014942846339262715
6053,4.763163716911012e-05
6054,0.00026730323824201253
6055,0.00012175599408080136
6056,0.0001939662885960178
6057,3.917702169997857e-05
6058,5.799678035780391e-05
6059,0.0001140027095869358
6060,0.00010136722652419278
6061,9.44192910977571e-05
6062,7.040343904972786e-05
6063,8.69167138644415e-05
6064,0.00023872828099879385
6065,5.421664059598299e-05
6066,3.644366837127476e-05
6067,5.83927285437237e-05
6068,0.00023207004692326992
6069,0.00014037776481986926
6070,8.60644904494258e-05
6071,4.333869742899323e-05
6072,6.69937306317297e-05
6073,4.155268896782919e-05
6074,2.368054738991521e-05
6075,4.149016764493977e-05
6076,0.00010769108323912545
6077,6.136825014778738e-05
6078,0.000258548304669089
6079,0.0002322340196786133
6080,5.098622819693619e-05
6081,1.1954992243472824e-05
6082,5.6998365120509746e-05
6083,0.00011663729829506724
6084,0.00010833523211833601
6085,5.4113557736720566e-05
6086,4.248170423281051e-05
6087,0.0002556447273251498
6088,8.07578003901658e-05
6089,7.216306230126131e-05
6090,0.00012449649697953073
6091,0.00011039053148444331
6092,7.586367832435727e-05
6093,0.00010313044877522488
6094,5.6581998675302414e-05
6095,0.00014082056260034248
6096,0.00019587147501520802
6097,0.00018045882839939028
6098,7.710195081681956e-05
6099,8.236843417721033e-05
6100,8.907784668627907e-05
6101,0.00010134246643014846
6102,0.00013169219122021657
6103,6.808516915896302e-05
6104,6.0561572030185384e-05
6105,0.00030173853840264323
6106,0.00010603740760287921
6107,6.74955420408971e-05
6108,0.0002842409302681956
6109,5.386403252265561e-05
6110,0.0002637499770859068
6111,7.8230339970961e-05
6112,0.00010832771635812199
6113,3.571963545479699e-05
6114,7.92454885423364e-05
6115,0.00018236730710811112
6116,3.570101402143854e-05
6117,0.00015389268160897638
6118,0.00010576250779192813
6119,5.11034887381764e-05
6120,0.00012655420991727732
6121,5.7385778632767874e-05
6122,0.00012407805201367222
6123,6.717697485193832e-05
6124,8.171385506172362e-05
6125,8.220855373292217e-05
6126,4.693265063194758e-05
6127,0.00013466440950209762
6128,7.452320065253829e-05
6129,9.978980691714591e-05
6130,0.00014066645955190812
6131,0.0001972068916049194
6132,2.7110266895643318e-05
6133,5.176734664862748e-05
6134,0.00010011375519890514
6135,4.415068808469554e-05
6136,0.00015401447749985797
6137,7.420433186946994e-05
6138,9.796902803609887e-05
6139,0.00013361882791008183
6140,0.00017497879036053129
6141,0.00011229439019063987
6142,0.00011334585970731857
6143,0.00017244030077538528
6144,0.0001049109701489549
6145,0.0001467056891123627
6146,6.425121071322731e-05
6147,0.00019099615753034703
6148,0.00013754646757246257
6149,3.776075146405823e-05
6150,0.0001615038369246817
6151,0.00020123368801806243
6152,0.00010220402980533783
6153,7.753390498654492e-05
6154,3.6871574481909776e-05
6155,7.970387521537631e-05
6156,6.283411401779827e-05
6157,0.00010065784136340566
6158,2.6175665232909434e-05
6159,0.00012956798147570735
6160,3.734836412649504e-05
6161,7.1772583154534e-05
6162,7.825352178129342e-05
6163,5.594304979403328e-05
6164,6.659143645919297e-05
6165,8.335021752982405e-05
6166,0.00016659915661319517
6167,6.574308937980641e-05
6168,0.00011985907500557661
6169,6.579794353632885e-05
6170,4.0329096078948216e-05
6171,8.27147785999472e-05
6172,8.777270179686948e-05
6173,6.980104918940009e-05
6174,4.421413607655447e-05
6175,0.00010957308592049141
6176,6.42222670365557e-05
6177,0.00013056407898846416
6178,0.00015329881585636612
6179,8.34466571228505e-05
6180,0.00016106993449490026
6181,9.026018554509652e-05
6182,9.191016474884707e-05
6183,0.00017179954714447457
6184,7.748150627718075e-05
6185,4.820531117078065e-05
6186,0.00010495098351228156
6187,0.0001671495973741757
6188,0.0002257091101469134
6189,5.6739535018217494e-05
6190,0.00014447990974754312
6191,0.0001014651532175987
6192,0.0001356577045148995
6193,9.844993701351828e-05
6194,9.387151812800454e-05
6195,9.913654996007689e-05
6196,0.0003730811754264857
6197,0.00015577288636802795
6198,0.0001670957513168277
6199,7.847184447579023e-05
6200,8.69987350774364e-05
6201,0.00012584866677554409
6202,6.464238030190735e-05
6203,0.00011184296152582404
6204,0.00029060874330191766
6205,4.019825002965927e-05
6206,9.590883582705736e-05
6207,6.0507228865834455e-05
6208,3.1977563215633205e-05
6209,0.00019496299037599494
6210,0.00012748321814817922
6211,0.00028055030258451887
6212,7.458252855521044e-05
6213,0.0001290195872086423
6214,0.0001545215944971453
6215,0.00013296984614236698
6216,0.00013266218823789825
6217,9.789784453608546e-05
6218,5.262890108614922e-05
6219,4.071128023434547e-05
6220,8.427438615067178e-05
6221,0.0001657410929990932
6222,9.415645647642388e-05
6223,6.74296795077925e-05
6224,0.000161664712667263
6225,8.831398771817647e-05
6226,5.791962261276411e-05
6227,0.00012604357740370468
6228,9.257052306775656e-05
6229,6.708206977311898e-05
6230,7.194666169440973e-05
6231,8.494369139627272e-05
6232,0.0001409722978080452
6233,5.942770363596631e-05
6234,9.794849616384435e-05
6235,0.00013113463781417296
6236,0.0001233568096969756
6237,8.258205137726525e-05
6238,3.406638177473652e-05
6239,7.006769506963952e-05
6240,0.00011237304167495189
6241,5.249789119409313e-05
6242,6.734949809443356e-05
6243,7.618260756621527e-05
6244,0.00011150658802158303
6245,0.00010804149464752066
6246,6.13340962500894e-05
6247,0.00023994606156468688
6248,0.00012730348675947758
6249,3.969722799558725e-05
6250,4.9971006732123905e-05
6251,8.533157587801436e-05
6252,9.286548348575553e-05
6253,0.00014540435723763337
6254,0.00014298064607731235
6255,7.635254357576174e-05
6256,0.0001554466777133573
6257,0.00010927603269595468
6258,0.0001002860507890831
6259,0.00022920824239441376
6260,9.544702184703927e-05
6261,8.599977404906635e-05
6262,7.554662381409634e-05
6263,0.00016166922021198073
6264,0.0002345723069344326
6265,9.086608543666362e-05
6266,0.0001917921088760014
6267,6.153620035372733e-05
6268,8.391057168271255e-05
6269,9.019617596248139e-05
6270,0.00010822094478224632
6271,6.82678185397813e-05
6272,9.681211528068956e-05
6273,8.883602060330437e-05
6274,2.55817085334405e-05
6275,8.270789395670668e-05
6276,0.00025224573125906676
6277,7.226366229924088e-05
6278,0.00011914802301777913
6279,9.223392401844346e-05
6280,5.679992244554582e-05
6281,9.223765074674969e-05
6282,9.91444915933893e-05
6283,0.0002305381348864921
6284,0.00013198160128397027
6285,9.225101672326598e-05
6286,8.068657471338939e-05
6287,5.560894151988032e-05
6288,0.00015210492853744433
6289,8.836618957385939e-05
6290,9.199304894649815e-05
6291,9.333773583538e-05
6292,0.00011094165839600355
6293,9.252252603889744e-05
6294,4.916041998703457e-05
6295,0.00015775451506178824
6296,0.00010445982197463568
6297,9.620449899357746e-05
6298,5.432526112399571e-05
6299,0.00011768361892172303
6300,7.933936682758448e-05
6301,6.459378040477262e-05
6302,4.0471710535196224e-05
6303,0.0001153785845521276
6304,5.062185816511124e-05
6305,7.877578378557095e-05
6306,0.00017121443685530908
6307,0.00018248532367329745
6308,8.326452250776443e-05
6309,0.00010749218919231747
6310,3.9580836952917884e-05
6311,2.7953137229730947e-05
6312,5.088560733714536e-05
6313,0.00015429955868647577
6314,0.00011588940020779712
6315,7.649327749998882e-05
6316,6.99508944924089e-05
6317,9.444503487057685e-05
6318,3.2102923991977385e-05
6319,0.00011896924277442694
6320,0.0002210221966954128
6321,0.00010939262206838634
6322,3.353519939668813e-05
6323,5.79563558231766e-05
6324,7.98692169084235e-05
6325,0.00014371224285273954
6326,0.00014090209821720047
6327,9.608433016023376e-05
6328,6.956874231365954e-05
6329,0.00015164011900158398
6330,4.6475227698332504e-05
6331,0.00011786861662277212
6332,0.0001498205263016427
6333,5.9158769036954986e-05
6334,0.0002379962327365615
6335,0.00021993644586410988
6336,0.0001084668317448103
6337,0.00010723534877659098
6338,8.231223678892317e-05
6339,3.362488059101333e-05
6340,0.00014159014292897305
6341,0.00012146624410716889
6342,0.0002668787339393521
6343,9.85206300118697e-05
6344,0.0001249638106845158
6345,2.9703895321211128e-05
6346,9.914044008986981e-05
6347,9.140287173850356e-05
6348,3.697177063262396e-05
6349,0.0001003534275763001
6350,0.0001079048181149037
6351,0.00015415914851611066
6352,0.000102932665513404
6353,5.7093177266257334e-05
6354,6.836034563839746e-05
6355,9.090417202358442e-05
6356,0.00014359443282276226
6357,9.28637679936532e-05
6358,0.00023314674607111493
6359,6.418744105614777e-05
6360,9.804441282128673e-05
6361,7.481514275940366e-05
6362,0.00011181031232347497
6363,8.672389369609563e-05
6364,6.913742374410526e-05
6365,7.233311125025128e-05
6366,5.222932759172567e-05
6367,4.4976379560925514e-05
6368,0.0001834021585861262
6369,6.60136739247962e-05
6370,0.0001334817627731772
6371,0.00012322290007998535
6372,9.976262206620918e-05
6373,0.00019766733545321702
6374,0.00012558031293851335
6375,0.00014346527386488372
6376,7.316474346127341e-05
6377,0.00013277470674704007
6378,0.0001084339824162552
6379,0.0001520591828883077
6380,0.00012968068664858263
6381,4.0492345702185185e-05
6382,0.00011845247713735278
6383,4.767999172609208e-05
6384,0.00018448990965030137
6385,8.025728957200539e-05
6386,0.00012701621903317368
6387,0.00019512880691991037
6388,6.510629313602089e-05
6389,5.886807291836631e-05
6390,6.798512203111638e-05
6391,0.00013060570328618547
6392,0.00010235409125182153
6393,0.00010308691448436444
6394,0.00010129951728033145
6395,9.571519696063239e-05
6396,0.00011228406592510367
6397,0.0001935714230047477
6398,4.143894238675069e-05
6399,0.00017922750923187307
6400,0.00011389184703367218
6401,7.643391203789818e-05
6402,0.00020157480829518409
6403,0.00012844576408452732
6404,8.938432090133557e-05
6405,0.00015661050212920817
6406,0.00015978629965365338
6407,0.0002879082846600811
6408,0.00011785092609688052
6409,8.008033909982058e-05
6410,0.00014982860964019725
6411,0.00018680330563590505
6412,9.485020890585988e-05
6413,5.2647201239917016e-05
6414,0.0001142295834311801
6415,8.426380967926794e-05
6416,0.00026564672660358814
6417,3.2248191159548836e-05
6418,0.00012739497186529283
6419,0.00011116395399694505
6420,0.0001171358610097037
6421,5.657638112174961e-05
6422,0.00011955619949882185
6423,7.405012884960846e-05
6424,3.461865505545401e-05
6425,7.848081263225057e-05
6426,0.00014287069681497578
6427,0.00015809653898868846
6428,5.104297590243403e-05
6429,0.00010535914493398162
6430,0.00037762293322699165
6431,7.264660292320757e-05
6432,0.00016036112720797414
6433,0.0002332872313335118
6434,0.0001341821298665379
6435,8.167327725262761e-05
6436,6.823347345960993e-05
6437,0.00011318477305273645
6438,0.00011953608340587859
6439,9.777546417410564e-05
6440,5.949217853160452e-05
6441,0.0001448253447826528
6442,6.035857927467125e-05
6443,8.85185888592952e-05
6444,7.2930212617007e-05
6445,9.176362361380045e-05
6446,0.0001623735958763664
6447,4.56372563106895e-05
6448,0.0001285374378423581
6449,0.00010722802409623031
6450,4.21999360002091e-05
6451,0.00021911349702700457
6452,0.00010284917864096845
6453,0.0001070047073144821
6454,0.00010024020720740088
6455,8.405620948528546e-05
6456,9.347859793911286e-05
6457,0.0001703654834645651
6458,0.0001084731181584301
6459,9.132204229675286e-05
6460,0.00014905832994802478
6461,0.00010924844641804169
6462,7.783024413489231e-05
6463,9.538996810765144e-05
6464,9.088473255614029e-05
6465,0.0001924749079130621
6466,0.00021111298990157706
6467,0.00013180192167203003
6468,9.639696713737548e-05
6469,5.419141475049835e-05
6470,9.02950155814649e-05
6471,6.969246537205378e-05
6472,0.00013395933799892202
6473,6.96768541511252e-05
6474,9.717160636223245e-05
6475,8.956802805497399e-05
6476,0.0001525099919053945
6477,0.00016910607305560354
6478,2.212834916348091e-05
6479,9.470199550105045e-05
6480,8.466121413346943e-05
6481,5.02156899552432e-05
6482,0.00012782334948698647
6483,6.850464030589661e-05
6484,0.00010992398624286316
6485,0.0002066834055465611
6486,0.00015389396968398052
6487,0.00010974680383244817
6488,9.439750142032214e-05
6489,9.964830031075687e-05
6490,5.818242145147567e-05
6491,0.0002330375238983127
6492,4.4782235957195e-05
6493,0.00010391052372510162
6494,0.00016442472174154469
6495,8.536642742515702e-05
6496,5.8990744981996376e-05
6497,3.7033225335424185e-05
6498,7.97952701845348e-05
6499,0.00018828848009820668
6500,7.818399070584197e-05
6501,7.054044796597398e-05
6502,0.00017692748822654243
6503,6.443353467911764e-05
6504,4.487144709279427e-05
6505,3.946403131492561e-05
6506,4.5771239335816607e-05
6507,5.031787387862892e-05
6508,3.993714057384218e-05
6509,0.00011046648760743493
6510,7.780925748176055e-05
6511,7.454887579622187e-05
6512,0.0001585524822987196
6513,0.00012765072105919625
6514,0.00014415345300186174
6515,9.084560438209933e-05
6516,0.00010441823217050141
6517,0.00011079236226801636
6518,6.852722809965255e-05
6519,0.00012412423267272782
6520,4.955300827103788e-05
6521,0.00025677618794600957
6522,0.0001787486471527473
6523,0.00012876863376062297
6524,0.00024929998771622454
6525,0.00011719795177015449
6526,0.0001502075369604025
6527,0.00013213558141046694
6528,6.861547352170941e-05
6529,0.00016236029242206525
6530,0.00012661745374609052
6531,5.058543613695964e-05
6532,7.020383575147414e-05
6533,0.00011010363298971643
6534,6.550349741466836e-05
6535,0.00011753675900484524
6536,6.583254802634165e-05
6537,4.469692318724434e-05
6538,0.00015679474016968363
6539,7.961846590090454e-05
6540,8.022018239480888e-05
6541,5.226972873745005e-05
6542,9.342394816681484e-05
6543,7.371701047391759e-05
6544,0.00010172704708556381
6545,5.833220168260421e-05
6546,9.303762325307606e-05
6547,3.674041886725813e-05
6548,0.00014410278115544486
6549,8.139072994570386e-05
6550,3.60109403905926e-05
6551,7.820900285066058e-05
6552,0.0001483052630274202
6553,6.223885429433892e-05
6554,0.0002623103426909967
6555,9.161024778948328e-05
6556,3.784020685020648e-05
6557,0.00017417016518443107
6558,9.643182903542623e-05
6559,9.631130043222385e-05
6560,8.231192572778877e-05
6561,0.0001435731484305646
6562,0.00012805330818542858
6563,0.00013460242734401228
6564,9.300784688940214e-05
6565,0.00013844120075827548
6566,0.00016655349274762057
6567,0.00014556560566388578
6568,0.0001279277715505739
6569,9.969444021653304e-05
6570,0.00010026918388650968
6571,2.9509676699766377e-05
6572,7.730565485512135e-05
6573,6.39665771537831e-05
6574,0.00015077735484195784
6575,8.821297898709635e-05
6576,6.49248448090295e-05
6577,0.00012031005336767332
6578,0.00011778636099775762
6579,4.321066521152827e-05
6580,0.00012900176512270663
6581,0.00011254368399376081
6582,0.0001512165739754395
6583,0.00012454146868948223
6584,8.509295478958822e-05
6585,7.390848405955508e-05
6586,7.471863040460577e-05
6587,9.168367841314754e-05
6588,0.00016404120336373625
6589,7.938302964746132e-05
6590,5.103326582084031e-05
6591,8.073679829438618e-05
6592,3.208147937760232e-05
6593,6.800131387846521e-05
6594,0.00012816406870271978
6595,0.00013656935427873573
6596,0.00015430691224315555
6597,7.690376887211613e-05
6598,0.0001052284547739038
6599,0.0003328238558981527
6600,9.386693660186875e-05
6601,3.275767919735475e-05
6602,0.00013119132731172282
6603,7.936764690628901e-05
6604,5.2033710120993205e-05
6605,0.00012911074711506376
6606,0.0003358280889463273
6607,0.0001296586514565648
6608,9.561244904647308e-05
6609,7.369673952772472e-05
6610,0.0001315922637252137
6611,5.194593128962773e-05
6612,0.00010858812547510936
6613,0.00017688824342315112
6614,6.074167999132602e-05
6615,0.00021916739493882197
6616,8.927480904953357e-05
6617,8.905806330320866e-05
6618,3.909712400561161e-05
6619,0.00012168779864116866
6620,0.00019758526779314054
6621,1.9979394508349033e-05
6622,0.00011022246593488894
6623,9.767447346296674e-05
6624,0.00012887919437602681
6625,8.263129196179803e-05
6626,7.110188022154341e-05
6627,1.5910747504700406e-05
6628,0.00013999127098093881
6629,0.0001465648659312596
6630,0.00013562648256603235
6631,0.00010441234882175633
6632,5.943788883943951e-05
6633,4.9739611622330676e-05
6634,4.841206477083524e-05
6635,6.960843669221085e-05
6636,8.554813664689535e-05
6637,7.81054840205351e-05
6638,8.810188949986683e-05
6639,7.348043944017984e-05
6640,6.972086948120392e-05
6641,0.00010004183012929465
6642,0.00018797362040297026
6643,0.0001162381344863909
6644,0.00013831585389945887
6645,2.5342953151775798e-05
6646,7.509197336423192e-05
6647,0.0001726633338495133
6648,0.00010678532169475032
6649,0.00024933607514162725
6650,0.00018305807040828136
6651,9.596892566780952e-05
6652,0.00014183221890110017
6653,0.00010082877864190213
6654,0.00013812052646940639
6655,9.153936893650925e-05
6656,8.612419501136287e-05
6657,5.8923243780312104e-05
6658,0.00015954298126355352
6659,0.00015190427940682706
6660,0.00010609239491988037
6661,6.72723048506111e-05
6662,0.00013342336925620658
6663,5.628524393038229e-05
6664,0.0001541138366391422
6665,4.6586546371029e-05
6666,0.00017618996429306295
6667,0.00010307853113702289
6668,8.568161389257535e-05
6669,8.869310764887766e-05
6670,4.002482752932444e-05
6671,6.338429405650572e-05
6672,0.00011608367674267918
6673,8.871076812351772e-05
6674,0.00010706719533612253
6675,8.836640445921787e-05
6676,7.544349910538051e-05
6677,4.0245296078785924e-05
6678,0.00014682439633876562
6679,5.1036638339079665e-05
6680,0.00016309184216233453
6681,2.8013048677567617e-05
6682,0.00011444080345705316
6683,0.00015199731096279467
6684,3.4091366995852635e-05
6685,3.770026398459749e-05
6686,0.00013531484743541626
6687,0.0001425961686669749
6688,7.05725061347488e-05
6689,6.317221085326544e-05
6690,8.003064911417345e-05
6691,0.00029865705260656236
6692,2.108838305239826e-05
6693,0.00011177923006558394
6694,8.142542117216014e-05
6695,0.00010143070266161957
6696,0.00013159220013580467
6697,0.00012103681364327383
6698,0.00010785276601574905
6699,0.0002729553307083245
6700,0.0001444438293018118
6701,0.00014638022327742635
6702,0.00023467570837293613
6703,5.200065383356323e-05
6704,9.485563920170234e-05
6705,0.00014348676005349864
6706,0.000145308027340989
6707,8.173536716644388e-05
6708,8.21930285037553e-05
6709,9.795992955772252e-05
6710,0.0001431260794008913
6711,0.00014727651193890197
6712,0.00014239147313924915
6713,0.00016941361478888455
6714,8.69348593712783e-05
6715,0.00015873112819165373
6716,5.1095640944618206e-05
6717,4.8104048772448386e-05
6718,0.00016402548681837122
6719,8.410381859586334e-05
6720,0.0001382011818166366
6721,3.730305054544117e-05
6722,7.465843751877332e-05
6723,0.00013153213781895543
6724,0.0001081766901082274
6725,4.1540331332686214e-05
6726,6.158160512161592e-05
6727,5.0238379999825506e-05
6728,5.751395804487783e-05
6729,2.1632122282861106e-05
6730,0.0002403286023196664
6731,4.5330618703263475e-05
6732,0.0001663675756867208
6733,6.969840628775669e-05
6734,5.106695740627462e-05
6735,6.715339130205456e-05
6736,0.0001094638758522817
6737,0.00018628311412046414
6738,0.0001160531258284576
6739,0.00016239659195594654
6740,0.00010132440097054967
6741,3.2434427541509975e-05
6742,7.419532622841408e-05
6743,4.648708351065096e-05
6744,6.805494987967903e-05
6745,6.664075598010191e-05
6746,0.00012992060594406684
6747,0.00017373431742330396
6748,5.3282850580371676e-05
6749,4.56107596479784e-05
6750,0.00010523180296636142
6751,0.00014076686201270594
6752,0.00014214013333846637
6753,0.00011200295101921786
6754,8.682955833417558e-05
6755,6.664335210799572e-05
6756,8.152798750619098e-05
6757,9.001739370971701e-05
6758,0.0001387811842486263
6759,5.9441863610758104e-05
6760,6.267241251574496e-05
6761,2.8924440413824458e-05
6762,0.00011389122620738117
6763,0.00012310736608800966
6764,9.787988311002382e-05
6765,9.778090271255274e-05
6766,0.00010710143213424136
6767,7.677949472963475e-05
6768,9.614781877243735e-05
6769,0.00010016857524325976
6770,0.00010066074200259194
6771,0.00018003446888348068
6772,0.00013772806110179655
6773,0.00014432352945753393
6774,8.086233355872926e-05
6775,3.365179986090228e-05
6776,8.031005819794498e-05
6777,0.0001203913954209666
6778,6.995514369545566e-05
6779,0.00011551669587484743
6780,8.289362689030783e-05
6781,8.124850286957444e-05
6782,9.169349396116465e-05
6783,5.339052459427883e-05
6784,6.517189405027204e-05
6785,5.476521486352078e-05
6786,5.1809530770210354e-05
6787,0.00012027506937752096
6788,0.00014212541775329298
6789,0.00011193297647019694
6790,0.00011427407025898797
6791,6.750147654348455e-05
6792,0.00015059355283670428
6793,0.00014719797167812146
6794,0.00012099896771403153
6795,6.665329785007188e-05
6796,5.058612768948287e-05
6797,0.00011381318874055643
6798,0.00018165361997622137
6799,7.584507344884564e-05
6800,0.00011364972919093185
6801,9.311464763725271e-05
6802,0.00011388813660004828
6803,5.478809813514686e-05
6804,0.0001233990369043527
6805,9.385702785350734e-05
6806,8.59599211701734e-05
6807,6.073912698443401e-05
6808,0.00011292843519951929
6809,5.949288312516786e-05
6810,0.0001461229378642666
6811,0.00011635549103792298
6812,0.0001738705024362663
6813,8.409364578154351e-05
6814,0.0001633653538748068
6815,0.0002077996300980562
6816,7.83184313704648e-05
6817,0.00014383549584953128
6818,0.00022730783108528062
6819,8.305397634028578e-05
6820,3.094209563575449e-05
6821,5.425967207659184e-05
6822,7.040549714268303e-05
6823,2.6723187299256862e-05
6824,5.448492987583458e-05
6825,0.00024524946669721626
6826,0.00014586776892515788
6827,0.00011813368312117325
6828,0.0001716466151854961
6829,3.343591310184554e-05
6830,0.000141539802635956
6831,7.197649910162865e-05
6832,0.0002062547585900687
6833,0.00013672709757175033
6834,0.00024013459238950743
6835,9.340852285298905e-05
6836,7.7704055570591e-05
6837,0.00014247482105765827
6838,4.687258356418382e-05
6839,6.791566459912824e-05
6840,0.0001813140187706063
6841,0.0001020223219530699
6842,6.735316055205223e-05
6843,0.00011027265010509511
6844,0.0002311187544889281
6845,0.0002138810086661098
6846,5.2252310309947734e-05
6847,0.0001396216578850867
6848,9.60117833481815e-05
6849,0.00012100841393188229
6850,0.0001499905212891101
6851,7.050758311120016e-05
6852,5.217368909668323e-05
6853,7.142239887593182e-05
6854,7.00330367243374e-05
6855,8.483945158586138e-05
6856,7.109163306033713e-05
6857,5.700287553726945e-05
6858,0.00013769942881835268
6859,6.470802266139338e-05
6860,6.942111987398644e-05
6861,0.0001441138446095323
6862,0.0001713690959108428
6863,0.00012941503595812468
6864,5.3504950574956945e-05
6865,0.00014138037027812398
6866,8.000847467305617e-05
6867,4.749514621394449e-05
6868,7.358378013344984e-05
6869,0.00030203212826704253
6870,5.0263315792508655e-05
6871,2.9196038310824693e-05
6872,0.00012239835247952258
6873,7.892946577830692e-05
6874,0.00014029686301632622
6875,6.436433584540086e-05
6876,0.0001142934064455054
6877,0.00016244560208018355
6878,0.00011955519798530463
6879,7.239068016067221e-05
6880,0.0001481458804920625
6881,9.65278754061111e-05
6882,3.811345956457712e-05
6883,0.00010697984364594441
6884,0.00012840152416973083
6885,4.231707349296755e-05
6886,8.643103528410833e-05
6887,8.305334563154742e-05
6888,0.00023165779659857199
6889,5.6914068874777115e-05
6890,0.00017549844663169097
6891,6.141440987386444e-05
6892,9.079359755593093e-05
6893,0.00014028758541897725
6894,4.894529418722112e-05
6895,7.820727288584281e-05
6896,0.0001532060604295609
6897,9.672437251456484e-05
6898,0.00018009469608358032
6899,0.00010137588111011312
6900,9.379457765429662e-05
6901,0.00014269255788954216
6902,0.00010816251107828225
6903,0.0002952044788286581
6904,9.082020682536722e-05
6905,0.00012316377706040607
6906,0.00011511328741103301
6907,0.0001494196120387498
6908,7.962659360152061e-05
6909,0.00019255015806286512
6910,9.112707624767388e-05
6911,0.0002363985312674736
6912,0.00015696942762999936
6913,0.00013078653649598713
6914,0.00012710484300752835
6915,0.00011810295446756915
6916,9.598166409573691e-05
6917,3.347291786937631e-05
6918,7.59439920087074e-05
6919,0.00010410155368194556
6920,3.110059783481001e-05
6921,3.948481746819073e-05
6922,7.891117879154525e-05
6923,0.00011575087267937863
6924,0.00012708107716512197
6925,1.147565931686372e-05
6926,5.671631894919413e-05
6927,8.655042498587531e-05
6928,0.0001198072234362748
6929,0.0001135474062675799
6930,0.00021888359058639534
6931,4.80851349664866e-05
6932,0.00015441417660625115
6933,9.086163374224657e-05
6934,4.0794275727918175e-05
6935,0.00012609642000883855
6936,9.841986552178096e-05
6937,8.106645494858741e-05
6938,0.00012610227423729678
6939,4.3735029075456026e-05
6940,6.147959138770583e-05
6941,0.00012685866220229247
6942,7.169508791255618e-05
6943,3.474591613321643e-05
6944,8.36883452802198e-05
6945,2.8520010597981214e-05
6946,0.0001270589327618215
6947,0.00015049400539813155
6948,9.07950349775781e-05
6949,0.00017527675818248962
6950,9.19584094202394e-05
6951,5.2188419027198935e-05
6952,9.20745276850741e-05
6953,6.521209860784415e-05
6954,7.208945475999874e-05
6955,8.366328637201913e-05
6956,0.00010559474056242161
6957,0.00016090519391600484
6958,7.973873664818902e-05
6959,0.000139874726472824
6960,0.00011627135643105923
6961,0.00015866588658042057
6962,5.310912162821267e-05
6963,6.222647534088556e-05
6964,7.030715259869913e-05
6965,0.00012168997196088227
6966,0.00012539427178683677
6967,6.662059240271378e-05
6968,0.00013050211352955544
6969,8.910260999677132e-05
6970,3.9400071557377146e-05
6971,0.00011809159149438176
6972,6.233342416432552e-05
6973,8.070052612919925e-05
6974,9.642829784551287e-05
6975,0.0001182722328465917
6976,0.00031253054265240906
6977,9.206140712045342e-05
6978,6.699312381340202e-05
6979,0.00011323934296364912
6980,0.00017949751892787819
6981,9.131943323756998e-05
6982,3.3706058137544325e-05
6983,8.267216651091084e-05
6984,0.00014357238217769757
6985,4.399196363543468e-05
6986,0.0001626179503890723
6987,2.161126016337211e-05
6988,0.00016881426359401485
6989,6.296836047441317e-05
6990,0.0003372614784453098
6991,0.00015909372706795713
6992,9.076751758882103e-05
6993,5.7780136270209695e-05
6994,0.00010665354459848554
6995,5.674708052744552e-05
6996,9.895672486289787e-05
6997,6.429107761704812e-05
6998,0.0001612758031135222
6999,5.0354108327024765e-05
7000,0.00013965294161521086
7001,0.00013144122677598698
7002,0.00010316670358388863
7003,0.00016367061014604096
7004,0.0001711822149814032
7005,8.471371931450973e-05
7006,9.444677309209697e-05
7007,7.366861677499695e-05
7008,0.00013596588174264598
7009,6.380826512831145e-05
7010,7.574316253300299e-05
7011,6.700958943386867e-05
7012,0.0002737339274415637
7013,0.00012038783696841433
7014,9.800621432651743e-05
7015,8.892743534645376e-05
7016,0.00025762908704656163
7017,0.00010190672982303811
7018,8.008500505180815e-05
7019,0.00013953049946574327
7020,0.00020056716569099404
7021,2.7744564687257702e-05
7022,5.694483156469342e-05
7023,8.829620193793702e-05
7024,0.00015082956251136879
7025,0.00016261606632934512
7026,9.819606633993435e-05
7027,5.9231397937814e-05
7028,0.00014653091521433422
7029,0.00011327704746035165
7030,6.883574474971605e-05
7031,8.046116548652242e-05
7032,0.00013892209838376664
7033,4.218323783626131e-05
7034,0.00015254034489733975
7035,2.9766701218371457e-05
7036,0.00021616333670471216
7037,7.448955928160831e-05
7038,0.00010201830216377573
7039,9.702007756638515e-05
7040,0.00012524791561120444
7041,9.849770394661805e-05
7042,0.00010402897819979876
7043,6.77494428587515e-05
7044,4.567615736498996e-05
7045,0.0001443508946045547
7046,8.64628732433295e-05
7047,0.00016675186879111934
7048,0.00010820660624959648
7049,0.00011615320536576957
7050,7.485680153590362e-05
7051,7.649223769490857e-05
7052,0.0001381428289606693
7053,4.9289492450592107e-05
7054,0.00012505338092245222
7055,7.789577858525414e-05
7056,0.00019688846581802753
7057,0.00015354981001522425
7058,0.00018767220767687724
7059,2.3355547192644063e-05
7060,5.9574614725514614e-05
7061,8.010712788639269e-05
7062,7.533024401237773e-05
7063,0.0002840908161466974
7064,7.965021943671653e-05
7065,5.4572657607557444e-05
7066,0.00011538506084832252
7067,0.00019555738656367304
7068,6.636630230232813e-05
7069,6.796940013981187e-05
7070,8.780390635290892e-05
7071,0.00029619292475441803
7072,0.00023602099578035293
7073,0.0001229608285040047
7074,4.436484643141341e-05
7075,6.72897392200003e-05
7076,4.730377764223819e-05
7077,0.0001141058509323287
7078,7.528066362548471e-05
7079,8.249652429965589e-05
7080,0.0002639187875879964
7081,0.00011299020765054662
7082,0.00014207452942028833
7083,0.00011677907184705805
7084,0.00015270557195221993
7085,8.328928706481095e-05
7086,7.578139616455788e-05
7087,0.00013212033628694935
7088,8.736025375560314e-05
7089,7.863810416713365e-05
7090,0.0001115274596971006
7091,0.00013576793996027229
7092,9.69334492709738e-05
7093,8.949375443354838e-05
7094,2.760459796404065e-05
7095,8.919425021838407e-05
7096,7.221334965511623e-05
7097,0.0001356983571459406
7098,0.00014249756373211885
7099,9.741221099138381e-05
7100,0.00015239341664485787
7101,0.00014143805115949024
7102,4.964807354997711e-05
7103,0.000294612171372563
7104,0.00014850887081669677
7105,0.00022796251851832432
7106,0.00011200910515941337
7107,0.0001348450503576016
7108,0.00024972762879810754
7109,4.204479739958588e-05
7110,0.00011060884827101862
7111,3.0039067543653946e-05
7112,0.0002379179556133592
7113,4.5350733270572494e-05
7114,0.00010448287387870713
7115,8.241291555236597e-05
7116,0.00020868722045526582
7117,6.59912697152352e-05
7118,0.00015024583870217067
7119,0.00022852231396492442
7120,0.0001924012089712992
7121,0.00010623892792458063
7122,7.649668822563468e-05
7123,0.00010456624189469666
7124,3.5914905707035e-05
7125,0.00012628751574505787
7126,0.00014109446546453036
7127,0.00013167400211916598
7128,0.00015767780320508887
7129,7.366011199866053e-05
7130,8.311078964811517e-05
7131,4.700996399444495e-05
7132,0.00014992330634442487
7133,0.00011907640452552742
7134,0.0001359005044442517
7135,7.761597271635856e-05
7136,5.3901188283147934e-05
7137,0.00010410667479349142
7138,9.441361312672243e-05
7139,3.906988297070171e-05
7140,0.00015167417293146832
7141,0.00022872130365078516
7142,0.00017227156189334087
7143,5.918238037087337e-05
7144,8.468866392514235e-05
7145,0.00019944461968353133
7146,0.0001535921898691686
7147,0.00015515081635393349
7148,4.950112713800457e-05
7149,7.149752593541106e-05
7150,0.00011401789831854148
7151,0.00014125574766537217
7152,4.985664741715734e-05
7153,5.3971476412954926e-05
7154,0.00012359155568884267
7155,8.539965346181782e-05
7156,0.00010492686104985523
7157,0.00012658942825495526
7158,8.982857442881477e-05
7159,8.052509158462494e-05
7160,8.414591749326263e-05
7161,0.00013966087570868558
7162,0.00013313650167141102
7163,5.578358075694866e-05
7164,0.00013713565003141558
7165,8.358456980066056e-05
7166,7.240668419886041e-05
7167,0.0001852998378504998
7168,6.652163324786881e-05
7169,0.00012279536732794219
7170,6.889176489953888e-05
7171,6.50260887422447e-05
7172,6.064235949634434e-05
7173,6.138297934474667e-05
7174,6.183252498083028e-05
7175,6.533446749114334e-05
7176,0.0002107337419988496
7177,0.00015825178228325452
7178,0.00022786194602224025
7179,0.00014465989750950075
7180,6.62545494601361e-05
7181,0.00011032974579160314
7182,0.0002391190052006179
7183,0.0003413632483334269
7184,9.936425454797874e-05
7185,9.183643438089252e-05
7186,2.718127617559917e-05
7187,9.192979241724899e-05
7188,0.000117920686869152
7189,0.00010663264138862588
7190,7.258763512575201e-05
7191,6.371989434250396e-05
7192,4.359117669980731e-05
7193,0.00011493114994452799
7194,0.0002542246765390093
7195,0.00018128315459741464
7196,0.00012377573845941402
7197,9.273809613607395e-05
7198,6.307495412951778e-05
7199,0.00010584785988421126
7200,5.994499838904259e-05
7201,3.271753628393035e-05
7202,0.0002492134066017761
7203,0.00010621793074265874
7204,5.7796138100082206e-05
7205,0.00016156279216110215
7206,0.00013986825866065065
7207,0.0001295966191133823
7208,0.00011924039900211161
7209,0.0001643988395379877
7210,0.00011142861308195595
7211,0.00013045945640105728
7212,9.349676360914782e-05
7213,1.622576696754187e-05
7214,0.0001681825558062592
7215,4.522097125365326e-05
7216,0.00011177438251512978
7217,6.599073728128543e-05
7218,6.346117605526066e-05
7219,9.381102596425078e-05
7220,0.00012140184403511735
7221,7.478526243148202e-05
7222,4.8279624372731986e-05
7223,5.757877207649938e-05
7224,8.823619954497179e-05
7225,0.00016092139883031693
7226,0.0001643477463507579
7227,5.217490014136114e-05
7228,4.5076735013857605e-05
7229,0.00010762623766961606
7230,8.955072095375184e-05
7231,0.0001671750234217705
7232,0.00021310903174991323
7233,0.00010343789995173101
7234,9.32932659127034e-05
7235,0.0001037726147463316
7236,4.692872812104036e-05
7237,0.00010688658286180173
7238,6.881366710376542e-05
7239,2.6884159840157496e-05
7240,7.769424130372339e-05
7241,8.421201743206084e-05
7242,9.945177292163831e-05
7243,0.00012357831620612896
7244,0.00020922234641538895
7245,6.830724283812809e-05
7246,0.00012015740287983184
7247,6.241146936757701e-05
7248,0.00016889341453604678
7249,0.00010150518945881856
7250,0.00027720288233897667
7251,5.185834332194274e-05
7252,7.82726623225658e-05
7253,9.379414020158887e-05
7254,0.0002222847144460132
7255,5.240706154907422e-05
7256,0.0001087156559612464
7257,0.00012171417527781613
7258,0.00021032494405624874
7259,0.00010778882972137726
7260,0.00010857367875533685
7261,7.878168010289001e-05
7262,7.190712376495132e-05
7263,0.00012912885411826307
7264,0.00010583606377853745
7265,0.0001202540806887865
7266,5.00091713518334e-05
7267,8.747049767190667e-05
7268,7.550569333156244e-05
7269,0.0001637077422153616
7270,6.0376169056327726e-05
7271,3.3505830049935495e-05
7272,9.282465147733615e-05
7273,0.00017121619704166849
7274,0.0001275978227203986
7275,0.00015186947072427914
7276,9.75103199807315e-05
7277,8.134548689873645e-05
7278,7.722748413479299e-05
7279,4.488012516770554e-05
7280,7.986124329486802e-05
7281,0.0001368962578715751
7282,2.9546210841252008e-05
7283,0.00010378419065468337
7284,0.0001381846612246805
7285,8.789195994311677e-05
7286,4.142588501626435e-05
7287,0.00020712744936197098
7288,0.0001812985375960008
7289,0.00015022680009764522
7290,5.282532524611691e-05
7291,0.00013346727455412996
7292,0.0001253084550084436
7293,8.541892174333446e-05
7294,6.360074088181678e-05
7295,3.900875482964198e-05
7296,0.00010634220029374294
7297,0.00015193620832122906
7298,0.00016832533063270672
7299,0.00013304466674966776
7300,9.871267475928486e-05
7301,3.0158272293692363e-05
7302,9.260835296208e-05
7303,0.0001355457337845928
7304,6.376377811282419e-05
7305,6.235839350530348e-05
7306,8.468114498067846e-05
7307,0.00012384983312267015
7308,2.2006971614574352e-05
7309,5.69766501445556e-05
7310,0.00011064328026529456
7311,5.6138318961007166e-05
7312,8.832511029143779e-05
7313,0.0001351113899680932
7314,8.397236718768242e-05
7315,8.870726825310891e-05
7316,0.00019721097572930092
7317,0.00015318765326852678
7318,0.0002187309159947088
7319,6.667273095043222e-05
7320,4.525979104861959e-05
7321,0.00016616740965983678
7322,0.00010680581567788264
7323,0.00011951979873292514
7324,8.461510246065375e-05
7325,0.0002766065218302629
7326,7.090714478702032e-05
7327,3.630238084705877e-05
7328,8.91773280387172e-05
7329,0.0001056153792768505
7330,6.040100964067001e-05
7331,0.0003884589121552975
7332,8.596298503877539e-05
7333,0.000137621442851001
7334,5.836997566372911e-05
7335,0.0001193596317109679
7336,0.00016977076653368009
7337,0.00014310364313813276
7338,0.00016780780147428366
7339,0.00011127565768586575
7340,5.028460854914864e-05
7341,4.621558712848386e-05
7342,0.0001580216119026126
7343,7.531567873669497e-05
7344,0.00014127928442110048
7345,6.613004702908357e-05
7346,9.103916162332857e-05
7347,4.5857769039058256e-05
7348,0.00026352262101138476
7349,0.00017445592055672466
7350,0.00014920836965787846
7351,0.00010307372975268244
7352,0.000112472942052118
7353,0.00019242256043411666
7354,0.00011119158810972001
7355,6.353926001638496e-05
7356,0.00018031158173268625
7357,0.0001548351038787755
7358,0.00014093482966005577
7359,5.075909704075866e-05
7360,0.00010331368696967497
7361,0.0001854728701815157
7362,0.00010934990744886457
7363,0.00014935453559900854
7364,0.00011944878136134485
7365,0.00012262424174080969
7366,0.00011314107556582989
7367,5.1722422911477055e-05
7368,0.00014088323594443206
7369,0.00010894506466216933
7370,0.0001039580239096056
7371,0.00011861614084667473
7372,2.9938039283563968e-05
7373,0.0001260633756476061
7374,7.140933481923335e-05
7375,0.0001229623458574592
7376,0.0001243835680598887
7377,8.340572382887685e-05
7378,0.00016044763018731778
7379,9.452010582359461e-05
7380,0.00012300325362718235
7381,0.00010182136540367554
7382,9.167340791664248e-05
7383,8.939361667880018e-05
7384,0.00023397393615141044
7385,0.00011201378027867659
7386,0.00023091396456577753
7387,0.00017495003399991228
7388,9.675947120951471e-05
7389,0.00021417165097922257
7390,6.691743615063375e-05
7391,0.00021002849443167
7392,0.00020784723304752726
7393,0.00027870376964757375
7394,9.086915440475142e-05
7395,8.940870134240893e-05
7396,2.861586054551295e-05
7397,4.622397630804886e-05
7398,9.117099639792414e-05
7399,0.00017375508270672292
7400,7.832120038001489e-05
7401,0.00010640059909834351
7402,2.812435534331727e-05
7403,0.00010661060217185086
7404,2.970511599231277e-05
7405,0.00016494964196135724
7406,9.117743472917139e-05
7407,0.00010072859754198139
7408,7.99747819827495e-05
7409,0.00013618821880191875
7410,4.811134077075882e-05
7411,5.769660898559998e-05
7412,0.00029466311028153474
7413,0.0001143970739658851
7414,0.00012735378824708067
7415,0.00010518407287800483
7416,0.00012273820747862893
7417,0.00012308704241379862
7418,4.0591077636429815e-05
7419,0.00015640390274328816
7420,5.908686086388465e-05
7421,8.340597404446652e-05
7422,0.00010618657656663575
7423,0.000115173496222948
7424,0.00010834347010098772
7425,0.00010298687528092981
7426,9.995473073971616e-05
7427,0.00012096704423982014
7428,8.52133605762828e-05
7429,0.00012712976941851167
7430,0.00015285144356238928
7431,0.00015391777416567175
7432,9.867963242709367e-05
7433,0.00028683232571998716
7434,7.311076472811643e-05
7435,0.00013413440375947984
7436,2.216112041413777e-05
7437,0.00014672892586717044
7438,8.225113934331016e-05
7439,0.00020511383078647695
7440,0.00011643218044045416
7441,0.0002065156950493106
7442,3.587393718129958e-05
7443,0.00021089657463095013
7444,4.0136585916748574e-05
7445,0.000191110210463377
7446,0.0001907342165258937
7447,0.0001270097809105645
7448,0.00015504371923691135
7449,0.00018041835547641562
7450,5.969010921279486e-05
7451,0.00013508966837583433
7452,5.707015676932504e-05
7453,4.112695461994535e-05
7454,0.00016021057516677961
7455,7.23000987838096e-05
7456,5.328514972819831e-05
7457,9.867823476642545e-05
7458,0.00021133730789361268
7459,0.00010438935716455288
7460,0.00021066051926063145
7461,8.210892786924412e-05
7462,7.447502540759772e-05
7463,7.045229184772164e-05
7464,4.389430804695461e-05
7465,0.0002894734522815351
7466,6.88432386535081e-05
7467,9.81876045893482e-05
7468,8.456140015399007e-05
7469,2.5084966075409424e-05
7470,6.713911495337528e-05
7471,0.0001330461772760978
7472,8.988738038550006e-05
7473,8.544857901093829e-05
7474,0.00015512376437953833
7475,0.00021306426535960254
7476,0.00011494229730028614
7477,0.00013024699944673838
7478,0.0002549220292585542
7479,6.824652359649668e-05
7480,0.0001796548542196176
7481,6.609136327938206e-05
7482,9.715970749542865e-05
7483,9.246985951254608e-05
7484,0.00022135433112208583
7485,6.46123995462106e-05
7486,4.3024321316994e-05
7487,0.0002072879508916811
7488,9.383103823843606e-05
7489,0.00011277684615072119
7490,6.250015563283396e-05
7491,0.00015551801240603293
7492,0.00016909514772473825
7493,7.320992893620336e-05
7494,9.397737238371817e-05
7495,0.00013618324033599016
7496,7.112430121915562e-05
7497,0.0002687480793835549
7498,0.00013355584028929975
7499,7.942192484839666e-05
7500,5.165914093333794e-05
7501,9.294245037740664e-05
7502,2.8968246743901123e-05
7503,0.00010548722210500721
7504,0.00017831179470606463
7505,0.00012616178051937254
7506,0.00016520756374996422
7507,0.0001186800720382082
7508,0.00010200429160148982
7509,9.074882014417473e-05
7510,8.583689264329038e-05
7511,5.524348070203328e-05
7512,0.00021836276128262556
7513,8.863783926329836e-05
7514,8.823072651520017e-05
7515,0.0001294101785217103
7516,0.00022550037802635624
7517,5.627230899072562e-05
7518,6.465239806876274e-05
7519,4.9685832899564384e-05
7520,0.00010597302867554979
7521,0.00019788405873895804
7522,4.128347755547033e-05
7523,6.611748468897577e-05
7524,7.101650288626026e-05
7525,7.588068341392448e-05
7526,8.368010811795442e-05
7527,2.508646577831564e-05
7528,0.00011855147811028686
7529,8.598356560387208e-05
7530,0.00011137653488699244
7531,5.899531358621508e-05
7532,0.00014378928026059808
7533,6.543371470475001e-05
7534,9.674100350802543e-05
7535,0.0001132938922696606
7536,0.00014078549957704845
7537,9.414016989973446e-05
7538,0.00011755281179658059
7539,0.00014248924730612668
7540,9.68027245803896e-05
7541,0.00010133143788378862
7542,0.00012911749531688448
7543,4.448684258402965e-05
7544,0.00013021112447001468
7545,0.00011298740400980587
7546,0.00014640716284404552
7547,0.00013305364811171523
7548,0.0001309830276216079
7549,0.00015422893141589056
7550,0.00011570183283935478
7551,0.00011721039549424087
7552,6.435936795077004e-05
7553,7.26975633823647e-05
7554,4.155905508883994e-05
7555,4.1827558878609906e-05
7556,9.689531055104636e-05
7557,0.00010565600988410924
7558,4.340883742918065e-05
7559,0.0001116639558315746
7560,0.00014834733062084435
7561,0.00016437528633351243
7562,0.00011734741944890345
7563,0.00013430492909636876
7564,8.981677711775218e-05
7565,2.1362535770855842e-05
7566,0.0001830513093416107
7567,0.0002577923248664168
7568,0.00010259609288167584
7569,0.00023576498006070882
7570,0.00014665906417923172
7571,0.00011014874952884752
7572,8.093498527833068e-05
7573,0.00022856342425337227
7574,0.00015033158089737704
7575,0.00016145229688195394
7576,9.627299520552357e-05
7577,9.763561452979102e-05
7578,0.0001170447780028072
7579,8.53124619953233e-05
7580,8.606112861635997e-05
7581,0.00012808395072256174
7582,8.847570083165184e-05
7583,0.00010593900409820809
7584,3.9836262391899105e-05
7585,0.00013275427578615467
7586,7.803572984588027e-05
7587,5.9401704975510425e-05
7588,7.01158180877664e-05
7589,7.211660775421178e-05
7590,0.0001236159098344959
7591,8.376130592099496e-05
7592,0.00011147143902948692
7593,3.980805757677256e-05
7594,3.613082991874854e-05
7595,0.0001185246281180001
7596,7.087493764370287e-05
7597,0.0001553461663168239
7598,4.838025402549062e-05
7599,5.9927500981921574e-05
7600,0.00014360401977919982
7601,0.00022945222334041726
7602,0.0001278866580407488
7603,0.00017930420806668604
7604,6.15077894582765e-05
7605,0.00012657713194685828
7606,0.00019033085226586246
7607,0.00010447471022184222
7608,5.417970328467119e-05
7609,6.291919738796277e-05
7610,0.0001019325587664005
7611,4.9443238958240694e-05
7612,0.00025230338803624636
7613,6.321448712904707e-05
7614,5.139167747725686e-05
7615,2.0158770425355378e-05
7616,8.66746514300642e-05
7617,5.86073423729874e-05
7618,9.895010283542718e-05
7619,3.8713602675748533e-05
7620,0.00018575492529631952
7621,9.262745002007056e-05
7622,0.00024850309003761963
7623,7.9873870576682e-05
7624,0.00010389810477193563
7625,6.501018218574064e-05
7626,0.00012047112890461393
7627,2.9498125041296854e-05
7628,0.0001360677955157071
7629,3.6813446450801554e-05
7630,8.354703231018296e-05
7631,6.460324606939646e-05
7632,9.846549795787608e-05
7633,0.00019205761784516498
7634,8.209617991696954e-05
7635,9.494636613386946e-05
7636,0.00010425813674836089
7637,8.462821921481395e-05
7638,4.9202391888446736e-05
7639,0.00012365847576833474
7640,4.63591479735557e-05
7641,0.00018996736455195506
7642,0.0001778772631150552
7643,0.0001196881503453816
7644,0.00016834463901982174
7645,0.00015457559331066192
7646,0.00014554095207641352
7647,0.0001165427046994401
7648,0.00016120143269138416
7649,0.00021767481399606695
7650,0.0001619031209006033
7651,9.540363400044749e-05
7652,0.00023037031295460475
7653,1.4618402280721024e-05
7654,8.87321703863811e-05
7655,8.325359049790934e-05
7656,2.0705712385451982e-05
7657,8.486736637888075e-05
7658,7.17945687643757e-05
7659,8.730903307011002e-05
7660,0.00015550870406209392
7661,0.00011466635175319012
7662,0.00010114642974202473
7663,0.00013486626853053828
7664,8.366912400752779e-05
7665,0.0004555916282786252
7666,6.970997870840313e-05
7667,8.179030555177537e-05
7668,4.851307329694381e-05
7669,0.00013305165199526515
7670,0.00012285487603553956
7671,3.373059687508444e-05
7672,0.00019899046233859971
7673,0.00014828012529457542
7674,7.288048185841137e-05
7675,0.0001065491683187096
7676,0.00015891216321245845
7677,7.965586015275673e-05
7678,6.064181715023708e-05
7679,0.0002268211949351968
7680,0.00015447923161655654
7681,3.7377425179394776e-05
7682,9.684361440183362e-05
7683,6.720568904688521e-05
7684,7.407876310518643e-05
7685,0.00017287983168210938
7686,0.00014874553645560548
7687,6.0271344417987795e-05
7688,7.620170830592526e-05
7689,8.430137766858002e-05
7690,0.00024133149354954911
7691,2.630322732761844e-05
7692,0.00012071027771315112
7693,7.724024730863407e-05
7694,5.129625957579247e-05
7695,9.061911726414541e-05
7696,4.4406870143524096e-05
7697,5.0427687416931236e-05
7698,9.003768092385705e-05
7699,0.00012198538584726671
7700,0.0001361683592720269
7701,0.0005076475963259046
7702,0.00015756939212372857
7703,0.00017643162096326863
7704,4.730703817465632e-05
7705,4.7274306445788906e-05
7706,6.625463568211448e-05
7707,5.904802717312368e-05
7708,7.804189312998873e-05
7709,9.697512865235839e-05
7710,0.000222819044938679
7711,0.0001094131787988179
7712,0.00013957337978091037
7713,9.02089689857781e-05
7714,5.587401187055708e-05
7715,7.357508049616224e-05
7716,0.00015639812341795907
7717,6.977445841762874e-05
7718,5.0998112817297e-05
7719,6.34484305296456e-05
7720,3.9920285194857975e-05
7721,0.00011945273140768567
7722,0.00016781253451248068
7723,5.121921495603753e-05
7724,7.007087744447703e-05
7725,0.00017245857438487393
7726,8.394461245649647e-05
7727,4.971420489404592e-05
7728,4.390467254019434e-05
7729,0.00011833337719881509
7730,0.00010283548349196973
7731,0.00015010236484811287
7732,0.00022363832645036402
7733,5.49091318929149e-05
7734,7.645313371683111e-05
7735,6.715267176941703e-05
7736,4.6452615489155677e-05
7737,0.00013548527066555623
7738,9.385508769405654e-05
7739,0.00016940954239586908
7740,0.00010590253557610708
7741,2.527603980436636e-05
7742,8.219381090917164e-05
7743,9.760686778933868e-05
7744,3.643504495633743e-05
7745,8.587898095845405e-05
7746,6.50498414700073e-05
7747,0.00014062009784787162
7748,0.00014252667307704
7749,0.00010831463912271342
7750,0.00012497422407506463
7751,0.00015893758161660042
7752,5.6716279971751935e-05
7753,0.00013241590565488007
7754,7.379507430742701e-05
7755,6.131955757316793e-05
7756,0.00012868963971848123
7757,0.00011353148453342817
7758,0.00012583045619861757
7759,0.00015108983404175973
7760,0.0001345152170642775
7761,6.642111074351949e-05
7762,0.00021778100343552412
7763,6.311481797587507e-05
7764,8.339532570053728e-05
7765,0.00011884709862640957
7766,7.617684020557654e-05
7767,7.90961195447032e-05
7768,7.122032412001052e-05
7769,0.0002225558808653258
7770,9.024599498896752e-05
7771,0.00015958005577831067
7772,0.00013781305002982252
7773,8.93289665651032e-05
7774,5.461064261484218e-05
7775,0.00020030048329136734
7776,0.00014006903740398352
7777,7.250773298757282e-05
7778,0.00028278066634145033
7779,0.00032649427899259724
7780,8.381078611411318e-05
7781,4.153536569199012e-05
7782,6.799322124722147e-05
7783,0.00013908751940190149
7784,0.0001296403043178175
7785,0.00010274415567790053
7786,0.0001207052119409474
7787,0.00011881950146141139
7788,2.9911002617604266e-05
7789,0.00020029521467875678
7790,0.00019275580805283552
7791,0.0002159361975847053
7792,2.761468176328841e-05
7793,3.156575800427724e-05
7794,0.00012268345525951707
7795,8.181369496067727e-05
7796,0.00014303276235957596
7797,0.00010728668015453298
7798,6.609826448347493e-05
7799,0.00016245396222737754
7800,0.0001829306286641203
7801,7.371812990299032e-05
7802,6.035199729863358e-05
7803,8.327704381349104e-05
7804,0.0001169498233455972
7805,0.00012039066044039339
7806,0.00011039979891726112
7807,0.00012462564634052137
7808,0.00014226440166400367
7809,8.280630257505063e-05
7810,0.00019837207021834814
7811,8.914061412838616e-05
7812,5.58832821894586e-05
7813,0.00016049161824667642
7814,3.370994815582554e-05
7815,8.985180921847163e-05
7816,7.250002127527507e-05
7817,8.802210850544456e-05
7818,0.00011972477945448
7819,0.000144711181212782
7820,0.00013028877969151109
7821,7.305590300328674e-05
7822,0.00011503435264954587
7823,9.294992366286547e-05
7824,0.00013941932140800836
7825,0.0002958612203681369
7826,5.224222251183703e-05
7827,0.00019495173023795052
7828,0.00014020665863591518
7829,0.0001701028090728138
7830,9.94070274981802e-05
7831,0.00016916114127928485
7832,8.861305271579847e-05
7833,0.00022626560495768916
7834,0.0002390986772555663
7835,5.3790895185296724e-05
7836,9.577250834753666e-05
7837,8.918206693407318e-05
7838,7.416684588412073e-05
7839,0.00011348055580026358
7840,0.00018909006579347992
7841,4.4869769239240204e-05
7842,0.0001202180724249564
7843,9.713568944474286e-05
7844,0.00011091496040171935
7845,5.247844140652985e-05
7846,0.00014240108408072535
7847,5.975494805731177e-05
7848,0.0002310708174758632
7849,0.00013585963857563256
7850,0.00012102843895933071
7851,0.00010182842185777192
7852,0.00010761282671693257
7853,0.00017246740841958102
7854,3.6800782750487284e-05
7855,0.00012256930430357393
7856,3.031058112406454e-05
7857,0.00013062142336768535
7858,6.515953778108434e-05
7859,8.913284280450499e-05
7860,0.00016588687301704114
7861,9.984882528277914e-05
7862,6.052097189892141e-05
7863,4.4277517112248295e-05
7864,7.794176878663833e-05
7865,6.386162726623352e-05
7866,6.199887309808436e-05
7867,0.00015294323367658438
7868,0.00019427762441701774
7869,7.487342656447871e-05
7870,7.547190271260521e-05
7871,0.0001000606996443671
7872,0.00010476228020108258
7873,4.700416534564179e-05
7874,0.00010541826625736628
7875,5.346737104960327e-05
7876,3.077587254213478e-05
7877,5.449526253614156e-05
7878,0.0001154340756334843
7879,0.00011738480190399763
7880,8.545624285840658e-05
7881,6.644868872406266e-05
7882,7.850136051876209e-05
7883,6.790146111431962e-05
7884,9.128640751530218e-05
7885,0.0001645969770876143
7886,0.00017351630594975796
7887,6.0278971772172085e-05
7888,8.719381181904643e-05
7889,7.182111663465016e-05
7890,0.00012860191585974877
7891,5.59618308704989e-05
7892,0.00015695378814563788
7893,0.00013998088170755728
7894,0.00017583732403691975
7895,0.00011569547694610418
7896,5.377059688923191e-05
7897,0.00011693916583698358
7898,2.698501056469972e-05
7899,0.00016309654042092765
7900,0.00013603382804731925
7901,7.773327921182401e-05
7902,1.5057978021259502e-05
7903,0.00015196532855917525
7904,0.0002487849746083024
7905,0.0003036328898690522
7906,9.92894202380427e-05
7907,4.6969309692858994e-05
7908,0.00021189479931327346
7909,0.00015563160576498097
7910,0.00023743639935061713
7911,0.00011368195836330077
7912,0.00012329131823505897
7913,7.709723944587948e-05
7914,7.317442103454305e-05
7915,0.00015896527691782318
7916,9.34575532888628e-05
7917,9.053283724600096e-05
7918,2.7774628539214317e-05
7919,0.00015239682669829314
7920,0.00014690627408236122
7921,0.00011724156248824774
7922,4.320537229845739e-05
7923,6.67767194466562e-05
7924,0.00010116687253567582
7925,0.00014319100104239133
7926,6.572673438059818e-05
7927,0.0001456097228114891
7928,0.00015377415548674563
7929,0.00010006775694972331
7930,4.716056510842895e-05
7931,0.00012973218872208684
7932,0.00026889753532259787
7933,8.906675214765448e-05
7934,5.319427512967657e-05
7935,0.00010427702678313697
7936,3.591405285578989e-05
7937,0.00028379166277585577
7938,0.0001093516012910404
7939,6.278333615633522e-05
7940,5.142653675671673e-05
7941,8.722917454532462e-05
7942,9.220913137974543e-05
7943,0.00013401744225480044
7944,0.0001494773471265313
7945,0.00013845647239212131
7946,0.00018555300878434896
7947,8.399221275212972e-05
7948,0.0002027049747069576
7949,4.0717097830074055e-05
7950,0.00020142958641838663
7951,6.659481442617535e-05
7952,0.0001091866744022179
7953,0.00018776135475650387
7954,0.00019212802187023516
7955,7.414268525205608e-05
7956,0.00012982326165845838
7957,0.00028780219843002776
7958,5.4515988616743024e-05
7959,4.355488492889809e-05
7960,7.976057847405179e-05
7961,6.42265043123271e-05
7962,0.0001457209670318607
7963,0.00011771788332943687
7964,0.00015828023072458227
7965,0.0002690092208639046
7966,0.00019151669060088423
7967,0.00014379360508312377
7968,5.42447226981192e-05
7969,3.682393029835156e-05
7970,0.00010817110746364037
7971,3.8258738678337504e-05
7972,0.00010270986005854888
7973,0.00023148420578370833
7974,6.392377587665545e-05
7975,0.00011176147290085105
7976,4.333136216480779e-05
7977,7.319373949205359e-05
7978,9.850015300996177e-05
7979,8.66497024342879e-05
7980,9.299821215192208e-05
7981,6.563592188991505e-05
7982,5.642092407426023e-05
7983,9.757567655142023e-05
7984,0.00010668097423946153
7985,0.00013054882693425517
7986,0.00016773902032706469
7987,5.285586684812179e-05
7988,0.00015914323674332226
7989,2.7286880599592583e-05
7990,0.00015334365457536585
7991,0.00020289364741522822
7992,0.00016230798198227427
7993,0.00012714056837923152
7994,6.71748364163631e-05
7995,5.312269629234554e-05
7996,0.00013683762539893628
7997,0.0001220913343069317
7998,4.5001034361996916e-05
7999,8.370936006767138e-05
8000,2.973132578461513e-05
8001,0.00011353332913024934
8002,6.070673850787097e-05
8003,0.00015753881166658833
8004,8.922457182100778e-05
8005,3.557540714170957e-05
8006,4.457343339716614e-05
8007,6.404964813959802e-05
8008,8.800669999522515e-05
8009,2.8135549448716228e-05
8010,5.0305892385494554e-05
8011,0.00012891748135600439
8012,0.0001351745899223985
8013,1.906052805062976e-05
8014,5.932296003342422e-05
8015,0.00014492917404487952
8016,9.228417086346324e-05
8017,0.00010749542460027528
8018,0.0001327402951482403
8019,0.00015481509218855064
8020,7.686752058691416e-05
8021,0.0001162146392029854
8022,0.00010596016734093733
8023,7.62861571707152e-05
8024,0.00010151053771556136
8025,0.00025969412986617693
8026,0.00015472941084220722
8027,6.66727253822323e-05
8028,8.99415159271563e-05
8029,5.5094198435529074e-05
8030,0.00013482592165606037
8031,0.00010094024767721667
8032,8.819665327942758e-05
8033,0.00015400393443834378
8034,6.870930648452771e-05
8035,0.00017809479275417546
8036,0.0001318873637834108
8037,0.00014303923768537426
8038,9.876844697140089e-05
8039,0.0001445138406146954
8040,0.00017118020231539049
8041,8.500241960241723e-05
8042,6.0380121536023414e-05
8043,0.00010655568929055599
8044,0.00022621687018316132
8045,0.00012015675161310667
8046,0.000124796925828178
8047,8.815467942407403e-05
8048,0.00026190023545315277
8049,4.316709268515788e-05
8050,0.00011889241345881485
8051,6.946623135755291e-05
8052,0.00017250400490597973
8053,0.00010240816043296394
8054,0.00016576266067933938
8055,0.00020048098680365518
8056,9.603745066873702e-05
8057,0.00010699289505958948
8058,0.0002096599131905481
8059,8.560823630225889e-05
8060,9.840892280333404e-05
8061,5.289414795762527e-05
8062,3.264044671071903e-05
8063,0.0001062477515003709
8064,6.666823738860594e-05
8065,8.995086790308289e-05
8066,7.244091918432677e-05
8067,9.867907717299404e-05
8068,7.472398952998152e-05
8069,0.0003193547921310555
8070,8.944190650217335e-05
8071,6.773363692818979e-05
8072,0.00010073021271549778
8073,6.971844097258279e-05
8074,5.352824287783631e-05
8075,5.647134074429109e-05
8076,0.0001130447282665485
8077,0.0002408836275161476
8078,0.0001309518762899145
8079,0.00010606685042250117
8080,0.00012223216700053545
8081,7.806457729014775e-05
8082,0.00012244677110469882
8083,8.938588462136683e-05
8084,0.00013893497959234182
8085,0.00018309932979432324
8086,5.0677192127282457e-05
8087,8.513478780705042e-05
8088,0.00012865114902038005
8089,7.101876020039862e-05
8090,0.00013765221869096666
8091,0.0001307507971311189
8092,8.666372182535712e-05
8093,6.688320315477419e-05
8094,8.07675414923586e-05
8095,0.00018757406702414467
8096,6.556725467731373e-05
8097,9.104022764762067e-05
8098,0.00012490795925931022
8099,4.6503536343485106e-05
8100,0.00011394405998230103
8101,0.00018816639961636466
8102,0.00011390680063048757
8103,0.00010720491152787241
8104,0.00012543428326856803
8105,0.00016220966712791055
8106,0.00011977440883648151
8107,0.00011946452365923664
8108,0.00014511263777282484
8109,7.390854371638363e-05
8110,0.00018962749357526897
8111,0.00023720063162952455
8112,6.720639346720331e-05
8113,0.00010085030473659083
8114,2.50214972584304e-05
8115,0.00022121111473243045
8116,5.3867047623807016e-05
8117,7.428841296344606e-05
8118,5.8827017634122804e-05
8119,0.00012563091039538167
8120,0.00012947919385114228
8121,0.00012286308944328727
8122,5.2850847204459585e-05
8123,7.011583429405183e-05
8124,0.0002217531186819789
8125,0.00012135935239199311
8126,5.0329613944477436e-05
8127,0.0001474539056629466
8128,4.721231681280071e-05
8129,4.217851176024655e-05
8130,3.881948348951951e-05
8131,9.392335573314445e-05
8132,0.00010314175926989253
8133,0.00020715186219895276
8134,5.913715366728463e-05
8135,9.307463407684941e-05
8136,0.00013405391217503803
8137,4.569797792199904e-05
8138,6.129442234848191e-05
8139,3.401299998259534e-05
8140,1.2085885971543656e-05
8141,0.00011377336520891744
8142,0.0001429499398479201
8143,8.644683125927148e-05
8144,0.00015297262406613858
8145,8.139641645202265e-05
8146,0.00012077384715680127
8147,0.0001565258574937504
8148,0.00010324160412242316
8149,6.980976982677529e-05
8150,0.00020765480822046998
8151,6.044624339554824e-05
8152,5.747532834558084e-05
8153,0.00017606481119373927
8154,0.0001307915973863882
8155,8.395566156296254e-05
8156,4.350009371086181e-05
8157,0.00010678699593905492
8158,5.7558672540919894e-05
8159,0.00024356018371557873
8160,0.0001019250031743957
8161,0.0001438598344630824
8162,0.00019470042023127324
8163,7.54208872887697e-05
8164,6.160330086471187e-05
8165,0.0001102576679277144
8166,0.00010465439400092965
8167,0.0001799640122626031
8168,8.067945153726592e-05
8169,0.00018626146079379807
8170,9.288863637536156e-05
8171,0.00015330765239621318
8172,0.00020379688641244302
8173,8.687938317209325e-05
8174,6.292358757106967e-05
8175,0.000109297611761041
8176,6.08098679009993e-05
8177,3.24527009935496e-05
8178,0.00018326046246557222
8179,0.00012029413285878011
8180,0.00018848236283397973
8181,0.000256171831613604
8182,7.637444025558113e-05
8183,6.763700320525787e-05
8184,0.0002873250651092405
8185,9.281459480042482e-05
8186,8.022987760376888e-05
8187,6.0437122150528933e-05
8188,0.00011066414143453567
8189,8.399320362267052e-05
8190,0.0001318856360539089
8191,0.0001626460895929664
8192,3.4883919039856924e-05
8193,0.00013018264620318033
8194,0.00011144954490286622
8195,0.00016276654317801906
8196,0.00014748038512458426
8197,4.531358984429216e-05
8198,8.25856482504847e-05
8199,0.0002064334103559895
8200,0.00013709891225762233
8201,0.00011010949559350406
8202,0.00015614784140455032
8203,0.00013709132909276627
8204,0.0001740894928215783
8205,3.963774150146311e-05
8206,0.00011445334209709667
8207,0.00013083011532094105
8208,0.0001545879084045882
8209,9.522251228337157e-05
8210,7.759774945128305e-05
8211,9.790771180737745e-05
8212,6.632996445619135e-05
8213,8.552111873569198e-05
8214,0.0001046360456095698
8215,5.854173987857801e-05
8216,5.930983981265155e-05
8217,0.00018184217629991064
8218,0.00010952776136335124
8219,0.00020485778554080064
8220,0.00014688116344910624
8221,2.6264573942015175e-05
8222,2.5169671286607785e-05
8223,0.00010493442951120467
8224,4.849025734255926e-05
8225,6.147778218353537e-05
8226,8.409676903583058e-05
8227,5.893976091105888e-05
8228,0.00021793929010772644
8229,0.00012682362343874665
8230,5.715364054712764e-05
8231,0.00010049450368409553
8232,0.00011678930568958444
8233,0.00015531806436799752
8234,6.837992822851548e-05
8235,0.00011755649804149143
8236,7.877032921489949e-05
8237,6.626441225262063e-05
8238,0.00014949157454708436
8239,5.5798861518212425e-05
8240,0.00010535665530243918
8241,0.00012500883631038292
8242,6.194749838761862e-05
8243,0.00011603361682702279
8244,0.00013846493362061166
8245,0.00011865342625766014
8246,8.053542752435664e-05
8247,6.083102140259019e-05
8248,5.244778088033366e-05
8249,6.637300477630492e-05
8250,0.0001481770265548436
8251,0.0001296644912640464
8252,8.502791128289306e-05
8253,5.2731907013886544e-05
8254,0.00016829167175979893
8255,2.7973797623182676e-05
8256,0.0001148299799611724
8257,5.458857166190176e-05
8258,0.00014915124157729745
8259,0.0001696940703078724
8260,3.837202033641655e-05
8261,0.00012117529877500795
8262,3.503174061398361e-05
8263,0.00010508095074335765
8264,7.292843390777609e-05
8265,0.00019584848760844344
8266,3.888626727406891e-05
8267,0.00013258564051299416
8268,0.00013489910381365278
8269,0.00013548251131824973
8270,5.659941887442074e-05
8271,0.00012493144155321348
8272,6.669841038504076e-05
8273,0.00014295391318668398
8274,5.421259259016943e-05
8275,9.335424399898215e-05
8276,1.9872466196749616e-05
8277,0.00013807398560023712
8278,5.5178377962912506e-05
8279,0.0001258329392352054
8280,8.262390941979259e-05
8281,0.00013328915877601388
8282,0.00012039513693968945
8283,0.00010471697229327663
8284,5.373410205700458e-05
8285,5.451090241967673e-05
8286,8.154586266720051e-05
8287,7.6845505971325e-05
8288,0.00011765414744400115
8289,0.00012068211330236008
8290,0.0001654115806772396
8291,1.4711970410152481e-05
8292,9.175242734910705e-05
8293,4.333025947669582e-05
8294,4.8634445874831253e-05
8295,4.081324481177691e-05
8296,0.00018742643787555716
8297,0.00010181461283944478
8298,4.6115950725822655e-05
8299,0.000128544426500637
8300,0.00012792164232880969
8301,0.0002164993957191736
8302,7.321800874346234e-05
8303,0.00024845741084197345
8304,0.00015142674395944176
8305,0.00010342290563963443
8306,0.0001372428762910411
8307,8.651269185822292e-05
8308,4.6133974126881495e-05
8309,9.705711937480568e-05
8310,7.395576916855677e-05
8311,6.792499800497744e-05
8312,0.000169679289358373
8313,2.284968120395461e-05
8314,0.00013766374815931697
8315,8.711026897580926e-05
8316,0.00010230514146451654
8317,4.7788553053468714e-05
8318,0.0001228090433350913
8319,0.00013263508267268416
8320,8.592942304275066e-05
8321,0.00012192022925887097
8322,9.687927435476619e-05
8323,0.00010243932527858097
8324,0.0001096645549314671
8325,7.047070697781621e-05
8326,0.0003404544485851683
8327,3.662534217022639e-05
8328,3.13971298444748e-05
8329,7.591300437699695e-05
8330,0.00013211476839825265
8331,0.00018372604326350592
8332,4.4694523111781454e-05
8333,0.00011250915646586941
8334,0.0001983356030159764
8335,7.469410578742246e-05
8336,0.00015781950744282183
8337,0.00013509382894580913
8338,0.00011916588657215688
8339,6.873957417203891e-05
8340,5.121109953876302e-05
8341,0.00012931090864065712
8342,8.649013926062563e-05
8343,0.0001112266953313916
8344,7.788873396687851e-05
8345,0.00029176669431151437
8346,5.67967207289487e-05
8347,0.00019894148707441553
8348,4.879862792615144e-05
8349,3.221644741008578e-05
8350,3.278181152370814e-05
8351,7.98282863833555e-05
8352,9.011899787679028e-05
8353,9.748279870564874e-05
8354,9.287108478161528e-05
8355,0.00019596393655507092
8356,6.795449400695292e-05
8357,0.00026823887721069624
8358,0.00012496028012895887
8359,0.00014239273363247004
8360,0.00019943761512036204
8361,0.00016046899363815175
8362,0.00013209473632404728
8363,0.0002568216092975379
8364,4.8066811229287654e-05
8365,8.829945841712325e-05
8366,5.6614831590965546e-05
8367,2.0289615001732905e-05
8368,0.00013285961034755235
8369,6.78103387288797e-05
8370,9.101321282832794e-05
8371,7.601807425030395e-05
8372,0.00015568971148890615
8373,0.00013400953683990422
8374,7.110606475288688e-05
8375,8.453799905934008e-05
8376,0.00015437292696686135
8377,0.00016439261358207146
8378,6.01519816181973e-05
8379,8.045862486303868e-05
8380,0.00010065018602293724
8381,9.42533536718932e-05
8382,0.00017809650251877386
8383,6.488245619666735e-05
8384,7.588533805425932e-05
8385,9.710235415067647e-05
8386,1.1740977484407984e-05
8387,0.00011239541306504599
8388,0.00016133527478565124
8389,0.00010303292183020424
8390,0.0001581867710714464
8391,0.0001852899249753584
8392,0.00010565713279060877
8393,7.139486143633555e-05
8394,3.7588471853953174e-05
8395,6.597320867949522e-05
8396,0.00016956544999559034
8397,0.0001325261324043625
8398,0.00010762226975798886
8399,0.00012710980170182388
8400,4.081826114958857e-05
8401,4.74738634317665e-05
8402,9.949288388395306e-05
8403,0.00018747286407990417
8404,0.00011901499122530013
8405,0.00012114924731162096
8406,9.950422491206568e-05
8407,0.00012301637379884
8408,5.529635960042628e-05
8409,4.894495607411326e-05
8410,9.842990523030092e-05
8411,9.341628350028935e-05
8412,9.889122108113247e-05
8413,8.394751581610385e-05
8414,0.00018217650795927077
8415,0.00019522003553249862
8416,9.61393334518263e-05
8417,9.353122317196185e-05
8418,0.00019983781290851618
8419,7.146667973947652e-05
8420,7.810491297253156e-05
8421,6.652300295406012e-05
8422,0.0001326311045163079
8423,0.00013786995456758938
8424,0.00011555635390726653
8425,4.7497003184387734e-05
8426,4.520917003668856e-05
8427,0.00012581256760694777
8428,6.89302226642795e-05
8429,0.00014961280478635792
8430,8.268868948454501e-05
8431,3.229406939619196e-05
8432,5.778405024320222e-05
8433,0.00014269348886776829
8434,9.272591499235062e-05
8435,5.643188215906576e-05
8436,7.618421478455927e-05
8437,4.95969002362534e-05
8438,0.00017957747489542056
8439,6.204603985518573e-05
8440,8.502685578945405e-05
8441,8.382120726739098e-05
8442,7.420220626193943e-05
8443,0.00017499479299928572
8444,9.00814104996861e-05
8445,6.139489402972889e-05
8446,0.00010570978004095856
8447,5.018066554271534e-05
8448,8.310498046082018e-05
8449,0.0001796060484745234
8450,0.00024750427222482586
8451,0.0002034276721451804
8452,0.00018032124824427805
8453,0.00010289991586516626
8454,5.402356590356688e-05
8455,2.4775760960656222e-05
8456,4.087900313082844e-05
8457,7.680058338507306e-05
8458,5.956052636893611e-05
8459,6.731022547693328e-05
8460,0.00014550869308536406
8461,7.126272183842785e-05
8462,9.920093242238184e-05
8463,0.00016513732206450708
8464,0.00011771867523805255
8465,6.574439134521593e-05
8466,0.00011939142600457872
8467,0.00021102669457809104
8468,0.00013191940885297156
8469,0.00012337377206129063
8470,0.00018234186338849645
8471,0.00016478364981967327
8472,5.31116982405142e-05
8473,9.92364127091406e-05
8474,0.00014052495368356146
8475,0.00020265082808883876
8476,0.00010953787521817013
8477,7.1383493673783e-05
8478,4.969037364121734e-05
8479,5.9258029002763306e-05
8480,0.00011565354768235594
8481,9.71828904627729e-05
8482,0.00016724976034326473
8483,4.089988709753534e-05
8484,5.65062464086709e-05
8485,8.85009298179008e-05
8486,3.370707985899032e-05
8487,5.2752902737222234e-05
8488,0.00012023540972895479
8489,4.258534146943976e-05
8490,4.6506817937539115e-05
8491,8.277381267692662e-05
8492,6.493787773794932e-05
8493,2.3081607720726337e-05
8494,0.00011247085483906535
8495,0.0001176510728143094
8496,0.00015867494389677062
8497,9.934136772879256e-05
8498,0.00011113718999677938
8499,0.00010991680018304428
8500,0.00011922820623402967
8501,0.0001002501360920199
8502,0.00020175677552481007
8503,0.0002751731697380361
8504,8.847880044857612e-05
8505,9.428637351417747e-05
8506,0.00011483655675478787
8507,9.192345508016431e-05
8508,8.146886419621691e-05
8509,4.47307018871105e-05
8510,0.00014853609529584942
8511,4.028328495369602e-05
8512,8.356385862681789e-05
8513,0.00010128687606737045
8514,0.0003260998670857197
8515,8.599573407241691e-05
8516,6.26187345834987e-05
8517,0.00011705321157105781
8518,9.889925127262058e-05
8519,0.00018571492978177806
8520,0.00010739198528244446
8521,0.00018159203131487412
8522,0.00016769398547633195
8523,8.40099146949294e-05
8524,0.00012724030030594378
8525,0.00016328771204496343
8526,7.135324998268846e-05
8527,0.00011869681182982007
8528,0.00015765474376888865
8529,0.00011798404595495394
8530,3.625808898830996e-05
8531,7.096293183379042e-05
8532,0.00015147209725082544
8533,0.0001572134872341188
8534,0.00012470086860019253
8535,9.992967402812395e-05
8536,0.00021191394172486076
8537,0.00014261458930981107
8538,0.0002269631709548984
8539,5.1498325939414416e-05
8540,0.00010314349448406144
8541,7.487858384894179e-05
8542,9.893870115179408e-05
8543,3.995830504402615e-05
8544,0.00019070625891117664
8545,3.0344439598105553e-05
8546,7.405902984433041e-05
8547,0.00014616945536422444
8548,2.9847074927520433e-05
8549,8.66716426661548e-05
8550,6.34648734154776e-05
8551,6.467309324481254e-05
8552,0.000140421687453425
8553,0.00015316012878903372
8554,3.812248650683725e-05
8555,7.966513024327847e-05
8556,3.0346499437829256e-05
8557,0.00020044811245751605
8558,7.294496343465378e-05
8559,0.0002874129677223387
8560,3.971203718537866e-05
8561,0.00017300874332518428
8562,6.643581181089543e-05
8563,0.00013115874182908192
8564,5.611801469817641e-05
8565,8.436479504255285e-05
8566,3.316558052032652e-05
8567,6.156962637712349e-05
8568,4.418427296335713e-05
8569,0.00012120119210596347
8570,5.117020581070127e-05
8571,0.00017532436715847992
8572,0.00016656818137867415
8573,0.00010860337765531948
8574,5.441299461675685e-05
8575,7.636314454144382e-05
8576,0.00012301932853205872
8577,0.00027900263159899585
8578,0.000174742492416031
8579,0.00010842916804803048
8580,6.467292975316421e-05
8581,0.0001720222230332028
8582,6.4938245222881e-05
8583,8.908510276163632e-05
8584,7.32687087223697e-05
8585,0.00012101091201277964
8586,0.0001969976156275354
8587,0.00014936498519775148
8588,0.00023941470053060772
8589,2.3066934769959475e-05
8590,4.383873923621996e-05
8591,8.538715577862237e-05
8592,0.00010390320750795378
8593,6.648421104047115e-05
8594,0.00013338014699399402
8595,0.00020393844620821054
8596,8.918962990830302e-05
8597,0.0001293641422902983
8598,0.00012597878255585657
8599,0.0001216967335728509
8600,3.337549210372764e-05
8601,0.00018583270104088786
8602,6.517112414254709e-05
8603,4.130192368734714e-05
8604,0.00010502955366921285
8605,6.743616244873458e-05
8606,6.84294398726324e-05
8607,0.00012714623854006194
8608,6.777860044043754e-05
8609,5.401742280377877e-05
8610,9.334229017063974e-05
8611,0.00024103364353863762
8612,0.00011923511975553666
8613,3.629732535896884e-05
8614,0.00015996203196814556
8615,6.421689954648e-05
8616,0.00022715701241254668
8617,6.042026170535414e-05
8618,5.9374330951360044e-05
8619,0.00013444503473471363
8620,0.0002514276275805586
8621,0.00013239381846516217
8622,0.00017347452928106192
8623,5.350194147206636e-05
8624,0.00012866699870385686
8625,7.235101052738467e-05
8626,0.000108211051405171
8627,0.00024807729546943356
8628,0.0002460218213101694
8629,7.755190860106101e-05
8630,0.00015440882762441662
8631,3.189438639699193e-05
8632,3.670995786894987e-05
8633,0.00012116843883944791
8634,6.374403749292526e-05
8635,0.0001234229546473097
8636,5.3357707089187065e-05
8637,0.00010287238865187048
8638,0.00020089380420692062
8639,8.56432705350996e-05
8640,0.00011079396590911148
8641,3.405810975184235e-05
8642,9.684127552173283e-05
8643,8.057428598783623e-05
8644,0.00033461160726485175
8645,7.704743774529063e-05
8646,1.1541436834866813e-05
8647,1.976839283027867e-05
8648,8.577359605044071e-05
8649,0.00011986737429552704
8650,5.6352917277943216e-05
8651,0.00018618071534576305
8652,0.000111308045608726
8653,4.8922483811576194e-05
8654,0.00019472962878227938
8655,8.531147737877041e-05
8656,1.7075938576872725e-05
8657,7.400719772580015e-05
8658,8.834936532220753e-05
8659,3.480300066723407e-05
8660,7.674357317654535e-05
8661,3.959606779740126e-05
8662,5.585277610338518e-05
8663,0.0001439229039453763
8664,9.770446106943151e-05
8665,0.00013446352073772272
8666,7.126715923383499e-05
8667,6.021751795276558e-05
8668,5.054998914028085e-05
8669,6.43309221845601e-05
8670,0.00018189622664737873
8671,0.0001077666886498711
8672,0.00010804525677620594
8673,3.139566272853609e-05
8674,5.608420966393014e-05
8675,0.00010805063520065165
8676,0.00014731774671529422
8677,0.00021917389478841672
8678,0.00012766773861259422
8679,6.941905772008024e-05
8680,0.00022071024747089644
8681,0.00016809286512762194
8682,3.242469228788999e-05
8683,0.00012104395794383783
8684,0.00013581934152015514
8685,0.00010954992962509329
8686,0.00011217658596974388
8687,0.00010046323934018218
8688,4.252938016969133e-05
8689,0.00014107470629153934
8690,0.000111668173557864
8691,5.168863487241448e-05
8692,0.00013456293752978605
8693,0.00014867895387007005
8694,0.000113307232677208
8695,8.741535298982205e-05
8696,6.706026221902801e-05
8697,0.00018553185647281531
8698,0.0001969434763478515
8699,7.0292251875006e-05
8700,5.542632871669611e-05
8701,0.0001334966769601317
8702,7.71475383364228e-05
8703,0.00023351265596654612
8704,0.00015764050471283255
8705,0.00013834012812171103
8706,0.00014590017017622066
8707,7.43430589529147e-05
8708,8.17909108178034e-05
8709,7.047638368443835e-05
8710,7.628645752835316e-05
8711,0.00018041920962410613
8712,0.00014962437559770656
8713,0.00012180629279118628
8714,8.829394679949224e-05
8715,0.0003576590653917589
8716,0.0002737197055387695
8717,7.216675192713395e-05
8718,2.7654272220154655e-05
8719,3.7619682907789413e-05
8720,0.00013342482001366598
8721,7.39581061550042e-05
8722,8.74665784038368e-05
8723,0.00011642605063732849
8724,0.0001922453581331509
8725,0.00011989033124176596
8726,7.472184683117802e-05
8727,0.00012891686950432734
8728,4.644953793218259e-05
8729,0.00015129144628071704
8730,7.65574423381417e-05
8731,0.00011356759797370163
8732,0.0001578013691150964
8733,3.962579682052342e-05
8734,9.204377852563206e-05
8735,0.0001241618910946076
8736,9.570621269546306e-05
8737,0.00011002714120602353
8738,5.210350021801218e-05
8739,8.992931357798516e-05
8740,8.710641825363667e-05
8741,0.00011614478618275726
8742,0.0001399521603301411
8743,6.677044856398236e-05
8744,7.04740352355161e-05
8745,7.616758365978775e-05
8746,0.00011525897012024324
8747,0.00010621131227610618
8748,0.0002189978769471037
8749,0.0001627420340588855
8750,0.0001325342788171969
8751,3.2069712411765343e-05
8752,7.221185003250286e-05
8753,7.2605401576933e-05
8754,7.134027990879125e-05
8755,0.00021344548822681113
8756,5.161021768851888e-05
8757,0.0001293030958001001
8758,6.420985361711679e-05
8759,9.414419810857266e-05
8760,5.9926806032778766e-05
8761,0.00012484426914875958
8762,9.128511113215959e-05
8763,8.716709824509274e-05
8764,0.00022972002961099588
8765,8.430759774962338e-05
8766,4.4746567668126334e-05
8767,0.00013210120861258744
8768,0.0001598009960011859
8769,7.466061788552715e-05
8770,6.007231797409574e-05
8771,4.825089305201696e-05
8772,0.00012162291936574297
8773,8.533677633012971e-05
8774,7.146796485302914e-05
8775,8.54617880872672e-05
8776,0.00011850783944271511
8777,7.842432032134872e-05
8778,6.400323509410344e-05
8779,0.0001288318607463581
8780,3.998241256392463e-05
8781,7.929042941237875e-05
8782,7.16070476465242e-05
8783,0.00012521471034414596
8784,0.0001169431699764931
8785,0.0002132025541429516
8786,7.548861896340186e-05
8787,0.0001089310217846011
8788,0.00010867356359362836
8789,0.00010838237728443375
8790,0.0001353199802611342
8791,0.00010879966520497631
8792,4.2763820749401436e-05
8793,0.00014635559180457437
8794,0.0002751869390350074
8795,0.000142939382198142
8796,5.0224546123941994e-05
8797,6.123071165334542e-05
8798,5.177992364542336e-05
8799,6.468119453605702e-05
8800,3.350666954032418e-05
8801,4.677049828299699e-05
8802,8.102121646353404e-05
8803,0.00019047059583786487
8804,8.224905162736513e-05
8805,6.865737218724008e-05
8806,0.0001484168264431463
8807,0.00012597077930415294
8808,3.471866061270526e-05
8809,9.202770092931926e-05
8810,0.00020941217622544197
8811,0.0001111854772814772
8812,5.702117487415755e-05
8813,0.0001680183508893951
8814,8.387846694940965e-05
8815,9.83640313583449e-05
8816,0.00011301897971301962
8817,3.633907354664854e-05
8818,6.666912740210615e-05
8819,0.0001379219954695563
8820,0.00029969110480399517
8821,5.508910687297349e-05
8822,6.447438202524083e-05
8823,0.00010045942205747821
8824,7.101661323773228e-05
8825,8.147719633875428e-05
8826,4.121078764237327e-05
8827,0.00010498931978135157
8828,0.0002108993799760285
8829,9.150612758364202e-05
8830,0.0001190578863072297
8831,3.3628049777088956e-05
8832,5.1314351773639627e-05
8833,8.51258737320027e-05
8834,9.691003936492052e-05
8835,0.00019429863665173966
8836,0.00016904060310533487
8837,9.179292105001312e-05
8838,0.00011250601694140047
8839,6.937703690505357e-05
8840,0.00010818520705323878
8841,6.908686730129743e-05
8842,0.0002315098522666886
8843,0.00012189529697836644
8844,0.0002019889592702738
8845,0.00020637576481362548
8846,8.715100729414228e-05
8847,8.031599093970889e-05
8848,0.0001650647703896043
8849,9.433096834427446e-05
8850,4.244154297516376e-05
8851,6.250593540340047e-05
8852,0.00016381640139916302
8853,4.1640709506264e-05
8854,0.00011920773310500762
8855,0.00014748047556647996
8856,0.00015345591936789717
8857,8.112805745425887e-05
8858,9.107515803935586e-05
8859,6.271392697730272e-05
8860,0.00018556968161304106
8861,0.00016787535024433603
8862,0.00010118499363965623
8863,0.00015570541748749278
8864,3.0460114054664384e-05
8865,0.00011007249748150552
8866,4.2357674031392666e-05
8867,0.00015842588711581756
8868,5.2589927046259346e-05
8869,0.00013855805679014767
8870,0.00015528226427603592
8871,7.355212263959248e-05
8872,0.0001312981421434767
8873,0.00015674000736445631
8874,6.052344087053279e-05
8875,0.0001172619520599539
8876,0.0001621392552542773
8877,7.937208460999074e-05
8878,3.5745711235566784e-05
8879,0.0002338529363119424
8880,9.752544438395994e-05
8881,0.00010522985521837765
8882,0.0002452888357223061
8883,8.798031830718022e-05
8884,8.563133044553073e-05
8885,0.0001124679432094235
8886,0.000169596002996747
8887,6.931140220389336e-05
8888,0.00012403238668431464
8889,6.755824889641949e-05
8890,4.2731343592146754e-05
8891,4.2671219969281815e-05
8892,0.00021970002740013438
8893,1.5730563588799947e-05
8894,0.00010693563405652712
8895,0.00023147363745429776
8896,8.105092443926176e-05
8897,9.054830504939545e-05
8898,0.00011260907118100595
8899,8.675944574121411e-05
8900,9.685478670237842e-05
8901,5.145845967154541e-05
8902,6.621348531380253e-05
8903,6.345376208430638e-05
8904,0.00015997410748828917
8905,4.118229219572881e-05
8906,6.616004728133701e-05
8907,7.60336509336632e-05
8908,0.00010123049748217509
8909,7.373649544026612e-05
8910,4.230375921502322e-05
8911,0.00012841406395023105
8912,0.00012648112223337732
8913,9.782491032083089e-05
8914,0.00016462987881536768
8915,2.8586634502089738e-05
8916,0.0001386573788437826
8917,0.00013004242008766363
8918,0.0001358777902757512
8919,0.00022811048011251562
8920,4.3389189504802476e-05
8921,7.548079720370504e-05
8922,7.97036364770242e-05
8923,7.501814299004167e-05
8924,8.11136742455569e-05
8925,7.280310128373006e-05
8926,0.00017317516258235477
8927,0.00010606568853596478
8928,0.00014888035929347526
8929,0.0002428344956705386
8930,5.727820986022099e-05
8931,0.00013222141950679537
8932,0.00020770314895939462
8933,3.9357408055862404e-05
8934,6.906203254165956e-05
8935,0.00011669885800294865
8936,0.00018218019391299031
8937,0.00011708781700353629
8938,4.226037367003858e-05
8939,6.304407303206981e-05
8940,7.77118190568511e-05
8941,0.00011498384213658016
8942,9.634271793526506e-05
8943,0.00016076684144894761
8944,0.00012070948257949133
8945,0.00015479467027827162
8946,0.00011005815742676395
8947,0.0001599838452774482
8948,9.220964864698871e-05
8949,0.00017395579003676078
8950,0.0001785839602005491
8951,0.000148291587716221
8952,3.3431877319862366e-05
8953,0.00010322648064451695
8954,0.00014310330117018913
8955,8.632091365535382e-05
8956,0.00011796259204978322
8957,8.623529490825146e-05
8958,0.00023270222914223082
8959,0.00016837540134062898
8960,0.00010486889492712953
8961,0.00019569270282157795
8962,5.79122814760396e-05
8963,6.694551913968719e-05
8964,0.00018834769932402092
8965,0.00010533533616981924
8966,0.0001182174097193079
8967,0.00017609090060217292
8968,9.546506000834448e-05
8969,5.918676414762023e-05
8970,5.255664191112046e-05
8971,0.00013377504131576799
8972,8.611222662151831e-05
8973,5.974017032323656e-05
8974,0.00014720296371724094
8975,0.00015412801650706493
8976,0.00010153696226960606
8977,0.00013697379258808902
8978,5.422728599728251e-05
8979,7.30916879367256e-05
8980,3.2379237056755644e-05
8981,0.00018393279840346364
8982,9.039734673072482e-05
8983,0.00019711149968726848
8984,0.0001528649629012713
8985,0.00011795048437474732
8986,0.00014019433072254322
8987,0.00024148678431215487
8988,4.7880401367704144e-05
8989,3.9841483646369996e-05
8990,5.9299066020283766e-05
8991,6.194866237524569e-05
8992,8.108996502438519e-05
8993,0.00012637996047166661
8994,0.00018318066930767235
8995,0.00021083902914925204
8996,7.640298235090063e-05
8997,0.000197490217172353
8998,5.851471639920889e-05
8999,3.5040707994836596e-05
9000,7.820792616631018e-05
9001,0.00010065096179806379
9002,0.00010731855306223199
9003,0.00017979088415681746
9004,0.000159476986143402
9005,0.00014768441169830804
9006,0.00019064538833429422
9007,9.40794360927371e-05
9008,6.43534110842139e-05
9009,8.780295224137806e-05
9010,6.055310164985255e-05
9011,6.92374692391727e-05
9012,0.00011297042825732982
9013,0.00012449723455129136
9014,6.644309262154085e-05
9015,0.00012283414556636283
9016,0.00012927308445692112
9017,0.00017987601724236754
9018,0.00015440612403398287
9019,6.96087849829107e-05
9020,0.00018214927678584754
9021,0.0002076441455608161
9022,4.2792580159117897e-05
9023,0.00012944912782843774
9024,7.478155533368396e-05
9025,9.545721341846665e-05
9026,0.0001053052836484135
9027,0.00011468152598507306
9028,7.539293211916424e-05
9029,8.195584487669019e-05
9030,9.353743755894902e-05
9031,0.00010292316776651695
9032,6.071920215416987e-05
9033,4.060580735093902e-05
9034,0.00020299134467693787
9035,9.476824950336873e-05
9036,0.00011349358120425204
9037,0.00012324602381697403
9038,0.00016385811166247285
9039,6.306256386999067e-05
9040,0.00015722063619414252
9041,0.00016974746235484434
9042,9.345292073668737e-05
9043,2.7642582095493738e-05
9044,6.705654508348887e-05
9045,7.189869425824156e-05
9046,8.808026020233817e-05
9047,5.0086980655162335e-05
9048,0.0001774440049661125
9049,5.200413761961721e-05
9050,5.595002950039341e-05
9051,0.00016068800729854255
9052,0.00014599916612010615
9053,0.00015720760610236228
9054,8.370304933722697e-05
9055,1.9803203383888148e-05
9056,0.00019710187796164865
9057,0.00014278177213880203
9058,7.169094314279704e-05
9059,8.018366581565522e-05
9060,0.00019884661652069924
9061,0.00011178415609142035
9062,3.1382703234000355e-05
9063,0.0001354543355359012
9064,0.00013398478734140922
9065,7.164999890341558e-05
9066,5.984219346626266e-05
9067,0.00019540988592871267
9068,0.000107057531515626
9069,7.230020745778813e-05
9070,0.00015653120732899486
9071,7.346099030003206e-05
9072,0.00014599769989078295
9073,0.00023774713119946304
9074,0.00023050143907990092
9075,4.874521198084021e-05
9076,0.00033336852613781215
9077,6.467616601039218e-05
9078,0.0002290561161141494
9079,6.668774672064501e-05
9080,0.00011548468044053704
9081,6.798897653630482e-05
9082,0.00018161671200019316
9083,5.476598880946546e-05
9084,0.00013132330276992708
9085,0.0001230619791431861
9086,7.661554840786988e-05
9087,0.00011870386385321864
9088,0.00013549846188709686
9089,6.804550738432359e-05
9090,6.403137818981983e-05
9091,0.00022779367418009484
9092,6.4868654662491e-05
9093,0.0002550280330391486
9094,8.82210374473545e-05
9095,9.649141034574249e-05
9096,0.00023385950500969256
9097,9.552571207900515e-05
9098,0.000238578396226508
9099,3.2837583882566656e-05
9100,7.549847389207982e-05
9101,6.812077305482688e-05
9102,0.00014580171086897012
9103,0.00013658066638066524
9104,6.496818929374361e-05
9105,7.951625530929149e-05
9106,6.615343730587329e-05
9107,0.0001098494568384373
9108,0.0001250530988182748
9109,9.706174637509176e-05
9110,0.0001433382862050458
9111,7.88046668245531e-05
9112,0.00015884884100412383
9113,0.00010345154157884378
9114,2.1107783199712827e-05
9115,7.362570296378033e-05
9116,8.814179800134951e-05
9117,5.8130445341818484e-05
9118,0.0001139238834790781
9119,6.805497763135812e-05
9120,0.00011864282317182993
9121,8.755344464417946e-05
9122,0.00010346148946619307
9123,0.00015339915353562345
9124,0.0002517016936481067
9125,0.00013975548513188964
9126,7.092928170903366e-05
9127,0.00012336756195962146
9128,0.00013544535970074547
9129,3.576487237732903e-05
9130,0.00022517184180462246
9131,5.8020924408971215e-05
9132,0.0001402164216784188
9133,0.00013256670970205491
9134,6.744925704857422e-05
9135,7.428333426969072e-05
9136,0.00022446936238914962
9137,7.995725390774642e-05
9138,0.0001014877655918898
9139,0.00011716418030370322
9140,0.0001235143056125515
9141,5.898642776884543e-05
9142,7.030116426224317e-05
9143,4.403276363577736e-05
9144,0.00014775951228975165
9145,9.276142223924483e-05
9146,7.186423137563807e-05
9147,7.22745684950729e-05
9148,9.918959107933618e-05
9149,0.0001864817091552311
9150,0.00013543100529146473
9151,0.00015522583564551426
9152,0.0002088186081805775
9153,7.038862841684321e-05
9154,5.989065746059885e-05
9155,7.480765910685607e-05
9156,0.00010066009849847704
9157,6.401485241101489e-05
9158,2.571230719528151e-05
9159,0.00012443265845705015
9160,5.2602277165565613e-05
9161,0.00012488132738985408
9162,0.00014755205613665195
9163,0.0001896078757189744
9164,4.926347935044505e-05
9165,8.564490684111335e-05
9166,5.9851244053675855e-05
9167,0.00019879668166211456
9168,4.653311415859407e-05
9169,0.0001685085937350546
9170,0.00016987412829293745
9171,3.742827258113919e-05
9172,0.00020897216949514907
9173,0.00014541903725201962
9174,0.00014742482431971487
9175,9.037313520269864e-05
9176,0.00013394401847275505
9177,5.0114689301179335e-05
9178,3.854059388705264e-05
9179,0.00013377144311333975
9180,8.927580485026527e-05
9181,3.714930109836626e-05
9182,0.00020124190446896913
9183,8.387920567773803e-05
9184,6.61289856371476e-05
9185,5.0806461974083026e-05
9186,0.00013563569229337364
9187,0.00010515837036253267
9188,4.888348725968855e-05
9189,9.900939952807692e-05
9190,0.00011335566138394388
9191,6.61657706981033e-05
9192,9.7076784571861e-05
9193,8.059614620703864e-05
9194,9.317713182057074e-05
9195,8.176497659836427e-05
9196,7.625633026371192e-05
9197,0.000164625009658219
9198,5.886972949582763e-05
9199,9.362560400928681e-05
9200,0.00017058340682561806
9201,4.291894669605474e-05
9202,5.296679955759014e-05
9203,8.514045658501799e-05
9204,9.011405373696614e-05
9205,9.691607214456894e-05
9206,0.00032439528518894516
9207,0.0001015219378853173
9208,6.571455196765745e-05
9209,0.00023974175256596998
9210,0.00016750571382798333
9211,9.91543659957049e-05
9212,0.0002388368648444297
9213,0.0001917283324273341
9214,0.00012710492864379102
9215,0.0001219289496863001
9216,0.00013773987258331426
9217,0.00015637675817031847
9218,0.00012693593006836478
9219,8.196621548720636e-05
9220,4.979557151769168e-05
9221,0.0001082578432379363
9222,0.00012489468741275846
9223,7.014841370098355e-05
9224,6.903288478955121e-05
9225,0.0001551957808846973
9226,0.00016083860663431335
9227,0.00012837292972083675
9228,0.0001385220856118714
9229,0.00010267013046792184
9230,0.00014751499632940725
9231,0.00015528915523843175
9232,0.00015466062605912244
9233,6.553541527493406e-05
9234,0.00011271296443375409
9235,0.00011325326840526676
9236,8.93321993619872e-05
9237,0.00022138098812399574
9238,0.00015976689985930818
9239,0.00010082126410732206
9240,0.00022297537787752106
9241,0.0001220714934366272
9242,0.00023058372704694508
9243,5.405390470458652e-05
9244,0.00022203826740871348
9245,0.00012675206379468923
9246,2.3692652401242122e-05
9247,0.00010702254403716519
9248,8.827592203391517e-05
9249,4.31617392357691e-05
9250,0.00013514712318000435
9251,0.0001869386307541109
9252,8.361933472034557e-05
9253,4.2570572190324893e-05
9254,7.879441610252917e-05
9255,0.00010200344715333363
9256,0.00013752372328616327
9257,8.917781654827704e-05
9258,0.0002351824013687369
9259,7.299479894024873e-05
9260,0.00012692259323524404
9261,5.2165826013094044e-05
9262,0.0001441324336607199
9263,3.846253050216622e-05
9264,0.00010903378616880364
9265,7.892110533606904e-05
9266,0.00010866638116401386
9267,9.350263724477508e-05
9268,9.865885941849032e-05
9269,0.00017956576290809406
9270,0.00010979250152142223
9271,0.00015250551310450866
9272,0.00014666893785609614
9273,0.00010490693222388563
9274,5.238531394839528e-05
9275,0.00010248701916584497
9276,9.217792191539645e-05
9277,4.8810100230803436e-05
9278,0.00016547447511191605
9279,6.762772018062234e-05
9280,0.00015511400500640673
9281,4.649423603823588e-05
9282,0.00019100994984540547
9283,0.0001414601768273956
9284,6.67436275428617e-05
9285,9.781363903818171e-05
9286,0.0001439266731183264
9287,0.00020323649802186556
9288,0.00018396361464319055
9289,5.383810548171556e-05
9290,7.255403333053656e-05
9291,0.00022851681755404804
9292,7.375442342716057e-05
9293,4.5578778421484514e-05
9294,0.00012806125726612033
9295,9.720895569680844e-05
9296,0.000100076206931581
9297,8.246670987676579e-05
9298,6.0420194748042326e-05
9299,6.458960411320196e-05
9300,5.522835787420742e-05
9301,7.242261735275203e-05
9302,0.00016015946949417246
9303,0.0001427499874592264
9304,5.536780154322666e-05
9305,7.880872441428738e-05
9306,0.00010705184474810083
9307,6.259410829495371e-05
9308,0.0002863633205348624
9309,0.00014974374096636921
9310,0.0001133655483884456
9311,8.470220592749901e-05
9312,0.00012102344684603627
9313,0.00010988482212277782
9314,0.00014617232989819635
9315,0.00011227494985286004
9316,8.852424233634805e-05
9317,0.00016927355359784362
9318,0.0002030567481319062
9319,6.897552182082518e-05
9320,3.405299643087278e-05
9321,0.0001286512251816449
9322,7.263328362302167e-05
9323,0.0001483002681104892
9324,7.558991070476857e-05
9325,8.179734609497033e-05
9326,0.00015318907166021186
9327,5.308967610517772e-05
9328,0.00022814410607866867
9329,0.000124031402943507
9330,5.900703486336069e-05
9331,8.62542583787755e-05
9332,5.173429927893158e-05
9333,0.0001789461785761188
9334,0.00015819027824065578
9335,8.269304026386779e-05
9336,0.00011340756447442702
9337,0.0001639929193155102
9338,6.133593399690101e-05
9339,8.7343626582052e-05
9340,8.960210824902267e-05
9341,6.197100321119147e-05
9342,0.0002637559138003781
9343,8.267145454248522e-05
9344,0.000161335334632839
9345,6.24816510943003e-05
9346,0.00018979077239370025
9347,0.00011111329980733525
9348,8.050360351364983e-05
9349,0.00012081936400698854
9350,4.381314610105328e-05
9351,0.00010025920908207466
9352,0.00022276732889282413
9353,8.446665697662255e-05
9354,3.972261683592787e-05
9355,6.348788859857277e-05
9356,0.00016072481038651855
9357,3.918865822585685e-05
9358,8.005168797621019e-05
9359,0.00013660156599155606
9360,7.897207672075767e-05
9361,0.00015235146529401334
9362,0.00013231072611699144
9363,7.03053489067681e-05
9364,7.148585915234253e-05
9365,0.00013351070742073212
9366,0.00022903717948630272
9367,0.0001384545282238691
9368,0.00011294672661976442
9369,0.00020306419760568036
9370,3.4367837314138826e-05
9371,3.548836789636398e-05
9372,0.0001021650473450625
9373,3.7813718026563945e-05
9374,8.22319423317619e-05
9375,8.710657219113183e-05
9376,8.85053903292772e-05
9377,7.292116581574841e-05
9378,4.565698503374819e-05
9379,0.00012194373087841948
9380,8.345119364877637e-05
9381,2.8913768147092408e-05
9382,4.189219076142859e-05
9383,0.00011502221978872194
9384,0.0001653399389255942
9385,0.00022644153810264566
9386,0.00010324927586322243
9387,5.2574534513064325e-05
9388,5.3090523907302674e-05
9389,0.00016630347485401104
9390,5.766436249283765e-05
9391,7.445543300913733e-05
9392,0.00012255373931590425
9393,0.0002082927811408593
9394,9.280765475584153e-05
9395,8.842666333198574e-05
9396,7.493695104761207e-05
9397,5.193991751554328e-05
9398,0.00022874240862250648
9399,0.00011010309339932325
9400,9.008770491570993e-05
9401,0.00013158961811770355
9402,6.021131791618004e-05
9403,8.954731606836807e-05
9404,0.00011224163308281965
9405,9.280361158335026e-05
9406,7.407428917951373e-05
9407,0.00010374407662241622
9408,5.454896047327359e-05
9409,0.00010182954792409163
9410,9.536455731075777e-05
9411,6.530452621219691e-05
9412,0.00010326372401112813
9413,7.027849142156343e-05
9414,0.00012345607781052552
9415,1.6140799587324216e-05
9416,0.00018514796589680086
9417,5.92222492100523e-05
9418,0.00023799174963260383
9419,7.360638827718642e-05
9420,0.00011722499233307018
9421,0.00010652408159537232
9422,0.00010406132974471094
9423,3.3557343874183696e-05
9424,8.219613977715195e-05
9425,5.8297178141902984e-05
9426,8.71830589275923e-05
9427,5.347927335722612e-05
9428,7.347396906477693e-05
9429,0.00012010438180317493
9430,0.00011678973518119981
9431,5.430102198161566e-05
9432,9.352931012655701e-05
9433,8.225493883691292e-05
9434,7.346089192263955e-05
9435,0.000109310693298654
9436,0.0002910597771622384
9437,6.4988871092067e-05
9438,9.759740058255662e-05
9439,2.9446522445196655e-05
9440,0.00011240040863951389
9441,0.00010580357012572621
9442,4.69610164771617e-05
9443,0.00010794270763093133
9444,9.087746950930115e-05
9445,0.00012818887390943272
9446,7.27423078474804e-05
9447,0.0001198773414349318
9448,6.062067523823582e-05
9449,0.0001491506565235781
9450,8.5776942321246e-05
9451,0.0002502712755054194
9452,0.0001389738486124874
9453,0.00015173158193256518
9454,0.00012046819709782053
9455,9.506420186448347e-05
9456,0.00018287843991961737
9457,5.3372030721801246e-05
9458,0.0001800855635238277
9459,5.352297917721172e-05
9460,0.00015214004308772847
9461,7.090850188284479e-05
9462,5.370483694090688e-05
9463,6.39913301162726e-05
9464,2.7960288352304728e-05
9465,7.879149391770266e-05
9466,0.00013731646458868042
9467,9.21654394327062e-05
9468,5.7437442568002346e-05
9469,7.070886887330614e-05
9470,0.00010357899700855357
9471,0.00010751558632683272
9472,8.181006269377218e-05
9473,6.185313324185157e-05
9474,8.477697827905614e-05
9475,0.00011437550107584668
9476,2.073493046197408e-05
9477,8.849983299406073e-05
9478,0.00019545523771437117
9479,0.00015283088066988048
9480,7.595563728594469e-05
9481,0.00014229450283879762
9482,0.00011067089477911644
9483,0.00027154212295106794
9484,0.00011313331678603802
9485,6.300663990071838e-05
9486,0.00018933220332446426
9487,0.00021774233115397717
9488,0.00021978329546342224
9489,9.281973174988041e-05
9490,0.00010914015321093309
9491,7.64755955705817e-05
9492,0.00019597703377702275
9493,0.0001362213697477459
9494,0.00010281937997934423
9495,9.244007052483755e-05
9496,9.001045022188247e-05
9497,7.892916013153103e-05
9498,8.079174566955818e-05
9499,7.060913957910378e-05
9500,9.723918339411287e-05
9501,7.699964380430811e-05
9502,7.873154402015301e-05
9503,0.00013557209321348056
9504,0.00015768685178845843
9505,8.39407572139869e-05
9506,0.00011135155176567483
9507,9.919867360234687e-05
9508,0.00011839208564494848
9509,7.928688429398678e-05
9510,0.00010948304307114743
9511,3.5458280323966884e-05
9512,3.699722514467124e-05
9513,6.156950395647293e-05
9514,4.500300630756603e-05
9515,0.00018913020558716125
9516,0.00011541651743610054
9517,6.75180764097769e-05
9518,0.00014366454925585632
9519,8.1683077962937e-05
9520,7.938468403672795e-05
9521,0.0002552709324879389
9522,8.958791449650979e-05
9523,0.00010669158400273377
9524,6.428931973303769e-05
9525,8.770311722238421e-05
9526,2.697950988629531e-05
9527,3.3409996747437495e-05
9528,6.488252865001095e-05
9529,3.076731880031316e-05
9530,0.0001814428226445109
9531,0.0001899941163440756
9532,3.86799065397693e-05
9533,0.00010367625184976046
9534,9.621296572275687e-05
9535,0.00011791372304191869
9536,0.00013630611209894977
9537,3.791700592093133e-05
9538,0.0001436239675164642
9539,3.935824948269421e-05
9540,5.5285840292182864e-05
9541,0.00014612507099019288
9542,6.407515802595464e-05
9543,0.00016799139848817533
9544,0.00013759922862106394
9545,5.151211452261538e-05
9546,2.392658052759104e-05
9547,3.6869208907633856e-05
9548,0.00013373652227842122
9549,3.964921475822261e-05
9550,0.0001864508650146721
9551,0.00011472610606503073
9552,0.00016376352062363197
9553,0.00019923214329091847
9554,0.00012275507511985077
9555,8.646665868469867e-05
9556,6.216426448346319e-05
9557,8.694638329452109e-05
9558,0.00010658426532526222
9559,0.0001440505177032326
9560,0.00011746548197497632
9561,8.816900162267419e-05
9562,8.714087866100428e-05
9563,0.00019290957665176093
9564,6.174148590104438e-05
9565,0.00011144095034350772
9566,0.00010411100859238132
9567,9.007853137752925e-05
9568,2.7818202095342184e-05
9569,0.00018028205459673247
9570,0.00011828751404258727
9571,0.00018056667116412694
9572,7.74737901971432e-05
9573,5.8335333669585956e-05
9574,8.610323339264088e-05
9575,8.380701185059497e-05
9576,0.00011030274065392792
9577,5.2302296675974574e-05
9578,0.0002361330172997788
9579,0.000124341703849632
9580,8.413885218364503e-05
9581,0.00011870930290831906
9582,0.00015026347527526888
9583,0.00014438305849505195
9584,5.667508709339838e-05
9585,0.00010907885935798413
9586,3.8300120708767915e-05
9587,6.691020679067494e-05
9588,0.00013401701428019847
9589,0.00015005543645858828
9590,9.039602790047091e-05
9591,5.2524257586145475e-05
9592,0.00012146767444236125
9593,8.597131517896048e-05
9594,0.0002149580076172593
9595,0.00015732097589231644
9596,0.00015392757875817796
9597,5.5522607695819455e-05
9598,4.8425690084725865e-05
9599,0.00010563939245015967
9600,0.00017810883008261284
9601,0.00011317842863113804
9602,4.2693830803959814e-05
9603,0.00011249987178160514
9604,0.00011217175952302686
9605,0.00019406781180074799
9606,1.8363074460109804e-05
9607,0.00023476787801920076
9608,0.0002712557957416095
9609,3.2487860773747116e-05
9610,0.00012249972913760889
9611,0.00010918379259462889
9612,0.00014536948592849846
9613,6.201793104992921e-05
9614,0.0001871721612409295
9615,5.853334449652635e-05
9616,0.0001263361694622391
9617,0.00020648081901139916
9618,0.00010676175910913717
9619,6.820987179544432e-05
9620,0.0002366015686798017
9621,5.915761850365577e-05
9622,0.0002290127219780768
9623,0.00010432233484275645
9624,0.0002501477133999959
9625,9.342432272612963e-05
9626,8.35596318049047e-05
9627,0.00010630778351015247
9628,8.239558141046545e-05
9629,8.658406462681107e-05
9630,0.00018310384346545823
9631,0.0001813958918212616
9632,9.252440993492529e-05
9633,0.00012447136671891727
9634,0.00013978053577488978
9635,9.225947383511492e-05
9636,3.233018084289716e-05
9637,4.575392484745251e-05
9638,0.00016184374634757538
9639,0.00026879604219260045
9640,0.0001419152576503239
9641,0.0002310026873583365
9642,9.575199556357316e-05
9643,0.0001717082560366735
9644,0.00023491766552178293
9645,3.2406814530316325e-05
9646,0.00017329259525280795
9647,0.00015638116600368712
9648,0.00010418440992218577
9649,0.00010328279415067033
9650,0.00016110677721887007
9651,9.468291065631148e-05
9652,0.00014462447325881003
9653,6.29544138798212e-05
9654,0.00015151130087296427
9655,0.00017994844414106616
9656,5.521501158834291e-05
9657,0.0001575228297961671
9658,7.041407232018388e-05
9659,0.00012024466541691388
9660,0.00017889699694866642
9661,0.00012617066379637954
9662,3.550246767565324e-05
9663,9.175662163164615e-05
9664,0.00010230603244719878
9665,9.624220787674155e-05
9666,0.00011050389936356743
9667,6.509840300624637e-05
9668,0.0001545415119556613
9669,0.0001175532745627734
9670,0.0001513494370158898
9671,8.235642209700223e-05
9672,8.102443989683554e-05
9673,6.887314150451606e-05
9674,0.0002119305820810116
9675,5.653733507510118e-05
9676,1.792288562337652e-05
9677,6.839654828063929e-05
9678,4.568837511514698e-05
9679,9.426023624581296e-05
9680,0.00010986855580242001
9681,3.9182272009713194e-05
9682,0.00023286169885656624
9683,0.0001323392791931914
9684,0.00016217112207734236
9685,0.00018984173499440778
9686,7.789171511607937e-05
9687,0.0002071080274823671
9688,0.00010231246303272381
9689,0.00011451762315338851
9690,0.0002622953750857449
9691,0.00016759955918906522
9692,0.00012796505758172865
9693,0.00011087211195457435
9694,0.00011596939355150329
9695,6.866152589560427e-05
9696,0.0001293369369457813
9697,0.00017349062726807363
9698,4.1929933652941294e-05
9699,0.00010915861802893741
9700,8.493604736953512e-05
9701,5.400113107243736e-05
9702,9.580543331999513e-05
9703,0.00012966451171683843
9704,5.2119453200900283e-05
9705,0.0002525401310343865
9706,5.742006404891492e-05
9707,0.00020270324225898933
9708,7.958218669279353e-05
9709,6.358435261315377e-05
9710,9.991500697226465e-05
9711,8.418602449562335e-05
9712,0.0001050031227750745
9713,0.00013964537352518136
9714,9.02031148332108e-05
9715,0.00014286568770571488
9716,0.0001566547108608622
9717,9.072946612953678e-05
9718,0.00010440249543353401
9719,8.303404969281619e-05
9720,4.45208323639243e-05
9721,0.00010446925548304319
9722,0.00013580333968077343
9723,0.00010075880794739775
9724,9.969049904172098e-05
9725,0.00011437402597220693
9726,0.00012034479154498864
9727,0.00013437636955321866
9728,0.00017188511372697875
9729,5.680160117231279e-05
9730,8.418043913442987e-05
9731,0.00031670273116510733
9732,0.00010114107790144075
9733,0.00023002216278320708
9734,0.00020023054501892206
9735,0.00010123588597737671
9736,0.0001397051647167915
9737,0.00011479641359203481
9738,0.00019766576537158878
9739,0.00012311780675951868
9740,4.6101252678968973e-05
9741,0.00010758768043832794
9742,0.00010562911432517254
9743,0.00014195485731097234
9744,0.00016067179015540208
9745,0.00017846867076033753
9746,0.00010803135603767999
9747,4.665472623618856e-05
9748,6.777336398944086e-05
9749,0.00010888998542888878
9750,8.690324365260884e-05
9751,0.00021674931728650652
9752,9.276614257951987e-05
9753,7.941743862225484e-05
9754,0.0002872443124891775
9755,9.466232418715342e-05
9756,7.116346285481032e-05
9757,0.00015754514953177917
9758,7.003118265090443e-05
9759,7.257005996049222e-05
9760,0.00016939057288355055
9761,0.00020020750610132663
9762,9.3627474357698e-05
9763,8.611508256215587e-05
9764,0.00018461488505194828
9765,9.327566736923034e-05
9766,0.00013839178856939936
9767,0.00017185988052140864
9768,0.00018273611056026162
9769,0.00021239136841478098
9770,0.0001509246960456728
9771,0.000117634294581172
9772,0.00018066436697663428
9773,0.00022356910425539928
9774,8.126338253217262e-05
9775,6.475416249906539e-05
9776,0.00012322755453785013
9777,0.00011648510380400957
9778,6.882602865295063e-05
9779,0.00017195072536199744
9780,8.834872033461864e-05
9781,7.659497463144438e-05
9782,7.91075631848412e-05
9783,0.00012170196607378665
9784,3.3674908918071446e-05
9785,7.345024987864425e-05
9786,0.00016140020233415314
9787,4.0390551516461384e-05
9788,0.000149544733912416
9789,0.0001829941477945062
9790,7.87293522494458e-05
9791,0.00010569558749788725
9792,8.590091613411537e-05
9793,7.333325311477243e-05
9794,7.748866523663797e-05
9795,0.0001668077992500526
9796,7.528200740516156e-05
9797,9.820548475036601e-05
9798,0.0001056848151742157
9799,5.812198537495109e-05
9800,0.00023867321874944294
9801,0.00014407915070288341
9802,8.347234634791594e-05
9803,0.00014661457976740587
9804,0.00014378071540618504
9805,0.00010622256594983027
9806,0.0001710103401024266
9807,0.00011489251120844608
9808,0.00022137640602706791
9809,0.00011111033331472144
9810,6.921369571233396e-05
9811,0.00011169980999372716
9812,7.569447237463866e-05
9813,6.479529638263518e-05
9814,6.211734507591072e-05
9815,0.00018203310567805055
9816,0.00012270475545425128
9817,0.00018599507373919983
9818,0.00018267317682131744
9819,7.372223976822717e-05
9820,0.00017893766799389427
9821,0.00015505251340941877
9822,0.0002189910770652183
9823,0.00013728311661034086
9824,0.0001605107434635107
9825,0.00020562370071339222
9826,0.00011925828574475697
9827,4.589976617243076e-05
9828,6.508258818073667e-05
9829,2.4354771823326887e-05
9830,9.37162577749772e-05
9831,0.0001336677165444162
9832,0.00020767516872827958
9833,0.00020044970815697618
9834,5.614710792080823e-05
9835,8.458647226530937e-05
9836,6.741667507356651e-05
9837,4.5973858388220166e-05
9838,3.0041873202245675e-05
9839,5.179240935058525e-05
9840,2.9277889715856807e-05
9841,0.00013027522353894068
9842,0.00021954513123679324
9843,7.440069996965397e-05
9844,6.046966580373977e-05
9845,0.00024815852719937704
9846,3.5418151949369955e-05
9847,0.00010214822994785126
9848,0.0001114458945384133
9849,0.00012367985556108857
9850,0.00014627339219263082
9851,7.949772036792173e-05
9852,5.552777044103253e-05
9853,0.00018403258763433143
9854,0.00013769006626010324
9855,7.507766803578053e-05
9856,4.345998159598991e-05
9857,0.00015394839450508103
9858,9.57388128924835e-05
9859,0.00016131966728175675
9860,8.915383024872145e-05
9861,4.512562515823092e-05
9862,0.00010456461732280484
9863,0.0001841590692195031
9864,0.0002458973865614481
9865,0.00011379568593660273
9866,3.0027611124414314e-05
9867,0.00010289498682452121
9868,5.9684510043418104e-05
9869,0.00011619561708051345
9870,0.0001148546398725616
9871,0.0002519684838954351
9872,0.00013838778262049382
9873,7.926745538795773e-05
9874,0.00020562233267380837
9875,0.00012581628593179411
9876,0.0001350956151932871
9877,0.00015842202516959186
9878,5.587424759006015e-05
9879,4.80060804088938e-05
9880,9.256216367045616e-05
9881,8.427259009816621e-05
9882,0.00013552853634095442
9883,0.0001503014797394034
9884,6.946652349716508e-05
9885,7.654315969175398e-05
9886,5.1062419468801396e-05
9887,5.3459700652885534e-05
9888,8.135743046253023e-05
9889,6.510976235127594e-05
9890,5.119044976398816e-05
9891,4.087574350252945e-05
9892,0.0002411072208845657
9893,8.22299041349238e-05
9894,0.00013067458947747622
9895,6.704253298095519e-05
9896,5.084810198889739e-05
9897,0.00013190803834402064
9898,9.448472636372835e-05
9899,9.608397651855564e-05
9900,0.00010501092284795441
9901,2.5328406341980604e-05
9902,0.00012202144092514992
9903,0.00015249899810688684
9904,8.907772846345702e-05
9905,6.12109940893456e-05
9906,8.770389696256601e-05
9907,0.00012508300979452918
9908,3.989724668453189e-05
9909,0.0002091172431991438
9910,9.075325099715056e-05
9911,0.00014120994732781054
9912,0.00010063939269361615
9913,9.109561805064111e-05
9914,0.00017550508312538224
9915,0.00010603953117096783
9916,0.00017581030413455867
9917,0.00010265942812595058
9918,0.00023787599604795117
9919,9.847879335007596e-05
9920,8.813460305896699e-05
9921,3.274063170068965e-05
9922,0.00016741637708716774
9923,5.575265826850343e-05
9924,0.0001164046241803174
9925,0.00019824305081455243
9926,0.00010038959756761989
9927,5.347145558308052e-05
9928,2.8617862430467235e-05
9929,4.3193060485988307e-05
9930,5.6514484910319805e-05
9931,0.00010730074142987479
9932,0.0001281938659398271
9933,0.00011339194997506903
9934,0.0001369632522496453
9935,6.523385915956416e-05
9936,0.00010067683451375946
9937,0.00014554856069511017
9938,6.0684475072306307e-05
9939,0.00013102117472436368
9940,0.0001788403185759891
9941,2.990124020548281e-05
9942,3.248831811056251e-05
9943,0.000252575641798085
9944,0.00014004100126038628
9945,0.00011314157776902135
9946,0.0001690247533388527
9947,5.596896854035593e-05
9948,9.13902537100334e-05
9949,0.00014872953391000101
9950,0.0001061630301194457
9951,0.00018330147724325178
9952,0.00010081048435408868
9953,0.00020414229522688887
9954,3.5061383499573666e-05
9955,0.00019184768683795766
9956,3.291069893324943e-05
9957,3.406047634794542e-05
9958,7.385012117571114e-05
9959,5.234917607980861e-05
9960,0.00026543658278233343
9961,7.936184730374278e-05
9962,9.082781112091473e-05
9963,6.360480864987931e-05
9964,0.00017027644606284337
9965,7.813582413972571e-05
9966,0.00020920309542086873
9967,3.980124214284421e-05
9968,5.596236434018921e-05
9969,6.566490028510656e-05
9970,0.00017464099200039827
9971,8.836989959384205e-05
9972,9.686322491859073e-05
9973,0.0001356356060149745
9974,8.938152125769059e-05
9975,0.00016261301016388006
9976,4.662523782496639e-05
9977,6.139092853162921e-05
9978,8.222242196082186e-05
9979,5.234205918058312e-05
9980,0.00011844001360555115
9981,0.0001667509547975455
9982,0.00010951770115918331
9983,0.00015752069965053322
9984,5.2097186310325355e-05
9985,0.00013621612971811124
9986,0.00015539570809195035
9987,0.00015464747565433992
9988,0.0001525449769812387
9989,0.00015000133529910055
9990,7.590527877007812e-05
9991,5.6478745188465144e-05
9992,4.467701411581766e-05
9993,0.000185096969161463
9994,7.116921501905053e-05
9995,8.006653252110385e-05
9996,0.00010330914665898549
9997,0.00013217653254905478
9998,0.000139605515206014
9999,7.414181277971741e-05
10000,0.00010831745951118281
10001,0.00016513446944916297
10002,0.00029098467455339084
10003,5.72625504260184e-05
10004,0.00015057730748998773
10005,3.193344750530218e-05
10006,2.419674731834232e-05
10007,0.00017815425113546467
10008,6.657327837782359e-05
10009,0.00010519176353933923
10010,8.451058399384921e-05
10011,5.282945873461235e-05
10012,8.276688321754866e-05
10013,0.00015823244629169648
10014,0.00013981959388142688
10015,7.260922944843605e-05
10016,5.0172616217760385e-05
10017,8.0834401802359e-05
10018,6.508141095949325e-05
10019,0.0002084881685410998
10020,9.395107351638744e-05
10021,0.00020388161004337665
10022,7.057174889916744e-05
10023,0.00012128272379466054
10024,0.0001036061224630695
10025,6.94824647242635e-05
10026,0.00019649100343133912
10027,4.6687318507315075e-05
10028,0.00013346719208115167
10029,5.336100093762926e-05
10030,0.0001543879126432243
10031,6.516323495039098e-05
10032,7.9402912870737e-05
10033,6.387452815646705e-05
10034,5.6606431095543005e-05
10035,9.867631971434006e-05
10036,4.988125715879115e-05
10037,9.10003621266679e-05
10038,3.5097024793780784e-05
10039,6.36744821798444e-05
10040,7.890401346929983e-05
10041,0.00013132625253794395
10042,9.437347194990483e-05
10043,5.6640739387213266e-05
10044,0.0001725771520070143
10045,5.9302871911259165e-05
10046,0.00010166891522373668
10047,0.0001514738671971008
10048,0.00011093056884562148
10049,4.095776848404238e-05
10050,6.985760497057555e-05
10051,6.577681219147085e-05
10052,0.00013564068192691112
10053,6.839350343494708e-05
10054,3.525169104764104e-05
10055,0.00011581258136560588
10056,0.00023231642235187517
10057,0.00018713677897482032
10058,9.067363624505937e-05
10059,3.287232377776479e-05
10060,8.01091966317757e-05
10061,8.143246720526436e-05
10062,0.00023147561117896657
10063,9.165347573548522e-05
10064,9.655547336785308e-05
10065,0.00011398360469400367
10066,0.00015892110107179125
10067,0.00014936751992271802
10068,7.404111113646616e-05
10069,2.742458429287594e-05
10070,0.00014267088594351106
10071,0.00011146323410096614
10072,9.823943399337037e-05
10073,5.028889100403152e-05
10074,0.00010144098751921894
10075,0.0001542834168205848
10076,8.271785196416914e-05
10077,6.61102558993609e-05
10078,4.766300320808049e-05
10079,0.00017152525424984748
10080,8.49717116195496e-05
10081,8.63524287206081e-05
10082,8.131630891008823e-05
10083,9.570625567692227e-05
10084,0.00015117251997827028
10085,0.00013187100409552382
10086,0.00017794067832977204
10087,0.0001483818804766326
10088,9.368327151459946e-05
10089,1.6973410711167907e-05
10090,4.460482219220881e-05
10091,8.829313308954714e-05
10092,6.478637422174856e-05
10093,0.00029854012839754333
10094,6.618201997665584e-05
10095,0.00015591534947386108
10096,9.829468434132894e-05
10097,0.0002018393984510313
10098,0.0002914176703971817
10099,0.00015961970464824864
10100,8.510999592474856e-05
10101,0.00014866595767233976
10102,0.00012851145594777112
10103,0.00011408888542614447
10104,8.378949570487975e-05
10105,3.7124881759107325e-05
10106,0.00017096289927188887
10107,6.69333234513225e-05
10108,0.00011090849583672506
10109,9.775626346056092e-05
10110,8.168100907742554e-05
10111,6.582163900669362e-05
10112,0.00018835647591740353
10113,7.270370972267992e-05
10114,8.383472193249451e-05
10115,0.00010582601962652791
10116,9.965405716943466e-05
10117,9.838860534426818e-05
10118,7.296365949621553e-05
10119,7.938450011029855e-05
10120,0.00010759861887580344
10121,6.907436462677427e-05
10122,0.00012416197661358597
10123,0.00012818857592454723
10124,5.138290377241386e-05
10125,8.0915195169001e-05
10126,0.0001190205830545179
10127,0.00010596446283890113
10128,0.00011439999915962404
10129,8.776853800103439e-05
10130,2.275393517022534e-05
10131,0.00013275656198499523
10132,0.0001741591588220358
10133,0.0001727753133558929
10134,9.88657311992774e-05
10135,7.10131712579752e-05
10136,0.0001270039319099408
10137,0.00015213130401669532
10138,0.00017564071681711163
10139,3.359766003763701e-05
10140,0.00010389537768347283
10141,4.0226770601320626e-05
10142,8.773613187960288e-05
10143,8.492075590284075e-05
10144,0.00012459537966127792
10145,0.00017512171841813133
10146,9.301988164518481e-05
10147,6.765054997250918e-05
10148,0.00012546880491176257
10149,6.467899067225192e-05
10150,3.670275124460289e-05
10151,0.00012028131532315991
10152,0.00015836484388364482
10153,0.00024214483520049523
10154,0.00012592932622511652
10155,7.922995500848924e-05
10156,5.225975210943471e-05
10157,6.827015319855986e-05
10158,7.266485141314748e-05
10159,8.772754329757838e-05
10160,0.00023849459641743783
10161,8.06241291717757e-05
10162,6.447422307361338e-05
10163,9.877671571695629e-05
10164,0.00013554474761458529
10165,8.619345593466575e-05
10166,8.635293582835615e-05
10167,0.00017048095307498583
10168,9.589936629307328e-05
10169,0.00012155650901588263
10170,8.564305078505473e-05
10171,5.500530171263943e-05
10172,0.00010272017640132648
10173,0.00019999415830959327
10174,5.220375602607447e-05
10175,0.00012349597400053715
10176,1.5917056375232316e-05
10177,9.641045322377216e-05
10178,0.0001370372312104008
10179,0.00030059760769426686
10180,5.9160730999116486e-05
10181,0.00014146533614337327
10182,0.00014659592713747556
10183,6.37846911369097e-05
10184,5.871168712205004e-05
10185,5.7750543881881766e-05
10186,0.00011344784418453811
10187,8.446502865226162e-05
10188,0.00023039351750366502
10189,0.00021181309039391172
10190,7.267429085593836e-05
10191,6.533987610600798e-05
10192,9.3222461125664e-05
10193,2.9909523171162375e-05
10194,7.330752887311848e-05
10195,9.242695020319282e-05
10196,0.00012459994127926856
10197,0.0002204339530989972
10198,8.85704375240166e-05
10199,0.00017877168849515305
10200,4.808541876109373e-05
10201,5.810658544936906e-05
10202,0.00011912986113583537
10203,3.625055335581797e-05
10204,0.0001410762129535368
10205,5.3546161842194396e-05
10206,8.122082483916008e-05
10207,9.628479920355708e-05
10208,0.00015698417797256346
10209,6.188761872790103e-05
10210,8.224576226324417e-05
10211,8.181059007836192e-05
10212,9.753430344067304e-05
10213,0.00018512143352141685
10214,0.00012790514021065387
10215,8.623749555438071e-05
10216,0.0001084189781153089
10217,0.00012171350569694618
10218,5.0516724418717425e-05
10219,4.5479130761634366e-05
10220,0.00011795812299531197
10221,0.0001524304179698786
10222,9.329285014245208e-05
10223,0.00015620990824414448
10224,9.445829266222237e-05
10225,0.00010620569213119038
10226,8.241910243413378e-05
10227,9.418637631737282e-05
10228,8.51172708694985e-05
10229,0.00014432444898796146
10230,0.00010980465266646415
10231,8.801956304197785e-05
10232,0.000180027183931098
10233,0.00017774564366730063
10234,0.0001313746151632461
10235,0.00020070905402548353
10236,6.358053144261943e-05
10237,6.179228280066656e-05
10238,0.0001635532719437056
10239,5.493107536730457e-05
10240,6.79572956911584e-05
10241,0.0003073471932526256
10242,0.00010033007480287998
10243,0.00015778203947961622
10244,0.00010524376090992746
10245,1.866606456706086e-05
10246,0.00012223140389370696
10247,9.055731077220927e-05
10248,0.0001600085462184172
10249,0.00018414076914509775
10250,0.00012779860643058396
10251,3.896239355727957e-05
10252,6.210059567113475e-05
10253,0.00010886473860478707
10254,0.00016481224173527803
10255,0.00011308583632080415
10256,5.774401396799677e-05
10257,0.00012999049288624966
10258,8.043414858074816e-05
10259,0.00014433270476496866
10260,0.00014659649356118634
10261,0.00019451475632078366
10262,9.941375441662289e-05
10263,6.098573443484168e-05
10264,0.00016235849814870372
10265,0.00010892179765067362
10266,0.00017794352124582766
10267,0.00012587317054087784
10268,5.317255699513842e-05
10269,0.00012105165914776852
10270,5.734071065001495e-05
10271,8.585856458488903e-05
10272,0.00014390318881594603
10273,0.0001131078929248443
10274,0.00018626220605492917
10275,0.0001580463071061014
10276,0.00011855662272787904
10277,3.4805633591348566e-05
10278,0.00011427421846704293
10279,0.0001404325133690432
10280,0.00019000552798056572
10281,0.00011011118277304974
10282,0.0001177261436794596
10283,7.244663577383732e-05
10284,0.00010058775219007194
10285,0.00011682595882585905
10286,0.00018446745803358332
10287,7.345583887385556e-05
10288,8.684934085204107e-05
10289,0.0001764999866449943
10290,6.042724227691815e-05
10291,3.975950762960449e-05
10292,0.00013498457538822602
10293,8.232938287247489e-05
10294,0.0001187684861094606
10295,2.643098642215288e-05
10296,9.696399638866732e-05
10297,6.342998194411302e-05
10298,0.00014905051041282376
10299,0.00012507394085204594
10300,0.00015333493440342262
10301,6.94812339925502e-05
10302,5.712032103838504e-05
10303,3.10274420892411e-05
10304,6.218353067565308e-05
10305,0.0003016401317085186
10306,3.5375849414920616e-05
10307,1.4753301182445089e-05
10308,7.64826662069306e-05
10309,0.00010865809861618679
10310,7.197143176947909e-05
10311,0.0002533342839439897
10312,0.00010799834050060124
10313,0.0002125573550005089
10314,0.00015111980238008985
10315,0.00015141293639898913
10316,6.131476270815294e-05
10317,9.515550746149723e-05
10318,8.224920223638891e-05
10319,6.601566793542343e-05
10320,8.186718282002357e-05
10321,3.2716463730469114e-05
10322,0.00016141916584331336
10323,2.2755301469360355e-05
10324,0.00012753543663778492
10325,0.000110470588906876
10326,3.800255418927854e-05
10327,9.601998732461763e-05
10328,3.0184469905843065e-05
10329,5.562034518784557e-05
10330,0.0001240621394972793
10331,0.00023608963339258988
10332,6.015503767066309e-05
10333,7.531396793001953e-05
10334,5.002891777062734e-05
10335,0.00012758162661839417
10336,3.823778018198945e-05
10337,3.791493339334665e-05
10338,0.00011490813552238856
10339,7.2729717267818e-05
10340,0.00016797100139607666
10341,0.00021942892522869024
10342,5.7373215655533546e-05
10343,0.0001993135696198897
10344,9.469045462174016e-05
10345,8.715295872111685e-05
10346,8.457002011287981e-05
10347,6.257205168503787e-05
10348,8.165637353937222e-05
10349,0.0001711449518060069
10350,0.0001850922142517258
10351,0.0001063082323304256
10352,9.931514465421221e-05
10353,0.00013673205733572032
10354,0.00010464935375826112
10355,0.00011272379643434493
10356,8.780667396526811e-05
10357,0.00027184332685703955
10358,6.836010966236777e-05
10359,5.3120067953996725e-05
10360,0.00017029961620449485
10361,9.731552284461073e-05
10362,0.0001089945603627724
10363,7.506052923756212e-05
10364,0.00013956840025163605
10365,0.0001498424452750318
10366,8.22145868575614e-05
10367,9.008084693045959e-05
10368,0.00018186997208413902
10369,0.00010868722152986573
10370,0.00019589847954963247
10371,0.0001730537093083268
10372,4.936115442115764e-05
10373,9.154509191176611e-05
10374,0.00016953997377114552
10375,0.00011985141088215439
10376,0.000114596637144715
10377,0.00024309269549364722
10378,8.424936856724354e-05
10379,6.385671616943552e-05
10380,4.929176199823946e-05
10381,0.00010907710120931728
10382,0.00016894625969740527
10383,8.003888112678855e-05
10384,6.304037723305498e-05
10385,0.00012773875666132218
10386,2.4474814382551683e-05
10387,9.754116355596104e-05
10388,0.00010319745558723632
10389,9.200700239756338e-05
10390,0.00016912504566641269
10391,0.00017591919868019447
10392,0.00026900322623184345
10393,0.0001180373749355461
10394,6.97975045768671e-05
10395,0.0003673837578212261
10396,0.0001646918961360265
10397,7.725151888540229e-05
10398,7.433874108601397e-05
10399,8.067867976926052e-05
10400,9.702472819208868e-05
10401,8.552453818610412e-05
10402,9.445110520427903e-05
10403,0.00012600846142822272
10404,3.54942965136648e-05
10405,0.0001237368089091403
10406,0.00017161013541055128
10407,7.917937619400137e-05
10408,0.00010025919876212952
10409,9.814916427753924e-05
10410,0.00016665421607188458
10411,5.606993167009262e-05
10412,2.8570944351908418e-05
10413,8.58832635350704e-05
10414,0.00010011598935195099
10415,6.045648030030504e-05
10416,0.00032695441451253846
10417,0.00011564650082883546
10418,8.790886381855577e-05
10419,0.00011154712802259286
10420,0.00010223462722591762
10421,0.00010698589716683187
10422,4.6707285433990895e-05
10423,9.650450803141474e-05
10424,4.455764945040952e-05
10425,0.00012930014826393444
10426,0.00010971057147319935
10427,8.678915762198248e-05
10428,9.607805034115386e-05
10429,8.34725846449387e-05
10430,9.939178657229678e-05
10431,8.945001384005625e-05
10432,0.00030183087423736447
10433,6.395249960055827e-05
10434,0.00012505885158762262
10435,4.15014887835036e-05
10436,0.00010534566199958502
10437,0.00014246630366766033
10438,0.00022627796400096793
10439,0.00016009732975308472
10440,9.3745393197466e-05
10441,0.0001265454299991041
10442,5.060689690681565e-05
10443,0.0001799490396828526
10444,0.00041029003277028286
10445,5.308703615098957e-05
10446,0.00014351629349195437
10447,8.246213072469207e-05
10448,2.9641462297992486e-05
10449,8.875188184941618e-05
10450,0.00010000940428262457
10451,7.51152750905014e-05
10452,8.208770456697676e-05
10453,0.0001667165386147843
10454,9.187625354054251e-05
10455,2.9202617958815205e-05
10456,0.0001425359244146521
10457,0.0001915941698592188
10458,4.654147926218853e-05
10459,0.00012237564352992418
10460,5.354982897929112e-05
10461,0.00010367536829500743
10462,3.2891271635083845e-05
10463,7.797624700796466e-05
10464,5.593746799120141e-05
10465,9.310186444441139e-05
10466,0.00013253450795764124
10467,3.28735215920405e-05
10468,4.7647033480792255e-05
10469,0.00011342120519944133
10470,6.042533870820895e-05
10471,0.00010322140580825372
10472,8.251829032696157e-05
10473,7.068026316424595e-05
10474,6.968915099178078e-05
10475,8.125862000160436e-05
10476,6.595813035774944e-05
10477,6.688727654650045e-05
10478,8.125004332791071e-05
10479,9.382872055778668e-05
10480,9.337057700022723e-05
10481,6.285185759707724e-05
10482,9.426353423671697e-05
10483,0.0001262726919300298
10484,7.11431765061618e-05
10485,6.69301607470908e-05
10486,0.00012996380044446543
10487,6.762309619850532e-05
10488,7.600421633703978e-05
10489,6.022488541886603e-05
10490,3.4041937543411404e-05
10491,4.092956571769611e-05
10492,0.00010428338693139178
10493,0.00019537415441559473
10494,6.938189215585227e-05
10495,7.102066249618541e-05
10496,0.00019664714229844862
10497,9.045860644695874e-05
10498,0.0001091735417059136
10499,9.060350466817108e-05
10500,0.00011697573357810387
10501,6.945365513549486e-05
10502,6.373862733025272e-05
10503,0.00019198782196596493
10504,4.914741743890908e-05
10505,6.749629214971889e-05
10506,4.3156679391284636e-05
10507,0.00012652505465514258
10508,0.0001024769393825489
10509,6.173007101893785e-05
10510,0.00011548366860844589
10511,0.00012190824161907793
10512,6.639089472917207e-05
10513,0.00011182990634277384
10514,7.743781813226468e-05
10515,4.827123167730202e-05
10516,3.189247231428915e-05
10517,0.00013962572311154858
10518,0.000198570063806341
10519,8.12623066028049e-05
10520,8.736316337214318e-05
10521,2.7941197595426138e-05
10522,0.000123121373209235
10523,0.00011354056678047336
10524,9.394356631984213e-05
10525,7.006210746098207e-05
10526,0.00016544362893638296
10527,0.00035780664092076905
10528,6.070935183203229e-05
10529,5.335686109084161e-05
10530,6.0102820432352306e-05
10531,0.00013758774172656544
10532,8.827572740205408e-05
10533,7.894254650231148e-05
10534,0.0001860708863791271
10535,0.00014155988523941493
10536,7.996598887309978e-05
10537,0.0001610523468246478
10538,0.0003195790733186749
10539,5.8123987560184886e-05
10540,0.00019789902057784108
10541,6.356077673315172e-05
10542,7.267418380398848e-05
10543,0.00013467488793831255
10544,6.589315155586804e-05
10545,6.71359137576756e-05
10546,3.668486596098233e-05
10547,0.00016941052317124243
10548,7.74886884271312e-05
10549,8.31749726272603e-05
10550,0.00010743387259923268
10551,9.643085021633009e-05
10552,0.00011035274046094822
10553,6.216159882328888e-05
10554,0.00015652077009691115
10555,4.779398875392059e-05
10556,0.00014681984453855166
10557,0.0001316570842708782
10558,0.00017038402854002558
10559,0.0001738531928110776
10560,2.1395785929717242e-05
10561,4.759834566536793e-05
10562,0.00012542776611134304
10563,0.00015666566878304688
10564,5.1385551087052657e-05
10565,3.418743651502992e-05
10566,6.903701651922262e-05
10567,0.0002721295432492945
10568,0.00015598967226183297
10569,5.303113386175163e-05
10570,0.0003029131363048841
10571,0.00011949597579687568
10572,0.00013682592508187355
10573,6.292080473940433e-05
10574,0.00012862512419151292
10575,4.75490397774143e-05
10576,3.0486567473137527e-05
10577,0.00016297470191361932
10578,0.00012496341972662435
10579,5.391138277184399e-05
10580,6.175865468435221e-05
10581,0.00011302414506096776
10582,0.00013673153739352913
10583,0.00014799786357754915
10584,0.00011023360906678972
10585,0.00010381962159497902
10586,5.211755580145738e-05
10587,8.932605686595859e-05
10588,0.00010885373482970491
10589,1.9970000817580155e-05
10590,0.0001394868448531094
10591,9.053511078642174e-05
10592,6.315647676890282e-05
10593,8.206346259314023e-05
10594,8.505051504199081e-05
10595,8.047708002217951e-05
10596,0.0001412365303719541
10597,0.00019166030692740517
10598,6.830033480967897e-05
10599,0.0002736932348387337
10600,2.5294046531876228e-05
10601,0.00013726242015254145
10602,8.757157744483864e-05
10603,4.635526432924392e-05
10604,9.996170012603556e-05
10605,9.972154320985063e-05
10606,8.13416544403966e-05
10607,3.455292523096345e-05
10608,4.60165101950501e-05
10609,0.00021742589523992905
10610,0.00017128139750014208
10611,0.0001148175490243221
10612,7.452492215472174e-05
10613,0.00012171873350178003
10614,2.004125735534511e-05
10615,0.00014011958556404486
10616,0.00013032527546758048
10617,0.00021581400522728217
10618,0.00016820471748078846
10619,0.0001802140945416791
10620,8.713616004800567e-05
10621,0.00024429513424728473
10622,0.00013962828275275782
10623,9.168095259262291e-05
10624,5.986858323907676e-05
10625,0.00010124051621737099
10626,6.485940522046437e-05
10627,4.442176725210304e-05
10628,0.0002690033352414071
10629,9.142684364982714e-05
10630,8.071907668781506e-05
10631,0.0001388352430055714
10632,2.7979394495766394e-05
10633,7.159771585023647e-05
10634,8.388268923176569e-05
10635,6.936499647818683e-05
10636,8.582350845487835e-05
10637,9.036904620288652e-05
10638,0.00013183535239360858
10639,2.6420260920036815e-05
10640,5.6357765474749704e-05
10641,0.0002535857783801743
10642,9.998663267504583e-05
10643,4.9660218075057824e-05
10644,5.4698638103688646e-05
10645,0.00012988896554661024
10646,7.490369168094544e-05
10647,0.0001269923006029293
10648,5.045521244043921e-05
10649,0.00010721243563621794
10650,6.298399405726575e-05
10651,8.009230978512837e-05
10652,0.0001476522270354693
10653,0.00010585894606201035
10654,7.86524875612751e-05
10655,0.00011653054564948534
10656,0.00017702692992934912
10657,9.5233991569415e-05
10658,0.00016920737838381234
10659,4.173968742483567e-05
10660,0.00019317109932261026
10661,0.00013986890702670903
10662,6.928108960954512e-05
10663,0.0001241250508195632
10664,0.00015095662272735595
10665,9.532586111138978e-05
10666,0.0002019279578811967
10667,0.00017961299244329917
10668,0.0001096397804818362
10669,3.0958981432272146e-05
10670,0.00010921543918237641
10671,4.457752267074632e-05
10672,7.988059601364755e-05
10673,5.814832911972901e-05
10674,5.572032410072595e-05
10675,0.00016005257932085454
10676,0.00011067263535005872
10677,0.00012563227440743336
10678,0.00017682867275413823
10679,4.1360290841204585e-05
10680,0.00020547743352748032
10681,0.00010017563277305475
10682,0.00019691562934950137
10683,0.00018398704183480606
10684,3.030298675213948e-05
10685,0.0001143126969702748
10686,0.00010392468473610476
10687,7.99917560015274e-05
10688,7.736274052499889e-05
10689,0.00021160586875426914
10690,7.954945294567888e-05
10691,9.509914304192659e-05
10692,0.00020218996229094414
10693,6.523353679454342e-05
10694,0.00016214154828572537
10695,7.295121752021544e-05
10696,5.3432530186561916e-05
10697,0.00010921964754335823
10698,0.00012344575540856276
10699,0.00010114313006115709
10700,4.818024335552867e-05
10701,6.485423076494344e-05
10702,0.00010058947172569042
10703,1.2159797519808413e-05
10704,0.0001986758096139883
10705,9.350744543897407e-05
10706,7.569209788847399e-05
10707,3.7114782065738935e-05
10708,8.156686629069575e-05
10709,0.00016866521671696227
10710,0.00018516735585374076
10711,2.491753820444306e-05
10712,0.00010737880694636907
10713,0.00015541788883972088
10714,0.00012810086002249484
10715,8.06318159686798e-05
10716,0.00026845058844778187
10717,0.00012074377329049954
10718,0.0001689116732892742
10719,2.7223606036611377e-05
10720,0.00019032730095707744
10721,7.042145499042271e-05
10722,6.995991857126956e-05
10723,0.00018873060346843683
10724,0.0002079877746927722
10725,7.663143473586628e-05
10726,0.00010267862871322618
10727,0.0001348216973377441
10728,9.981858872987274e-05
10729,0.0001280820209506813
10730,9.244638393695496e-05
10731,0.00015681147693330717
10732,7.207278291015669e-05
10733,8.05094570022095e-05
10734,6.769352684953538e-05
10735,0.00017043449492830246
10736,0.00015675483989756653
10737,9.489844530155913e-05
10738,2.392057484005002e-05
10739,0.00016617650957501684
10740,2.7992708904619616e-05
10741,0.00015877057445024418
10742,5.579389808505417e-05
10743,8.47717053072784e-05
10744,6.620352379213201e-05
10745,0.00020431580906377596
10746,5.447615064415933e-05
10747,6.42562555209741e-05
10748,0.00012159624866975923
10749,6.849921765559455e-05
10750,8.452789383758854e-05
10751,6.859780640942178e-05
10752,8.120637652256948e-05
10753,9.229938497228385e-05
10754,5.405708118100803e-05
10755,0.00014979744725933397
10756,5.191788520282827e-05
10757,0.00010606013516460065
10758,0.00015682203553790702
10759,6.076828280752289e-05
10760,0.00021729858803587365
10761,3.894787639193888e-05
10762,0.00010286679489451549
10763,0.0001553527102595436
10764,0.0001391221454030183
10765,5.181569419963645e-05
10766,3.754205481958023e-05
10767,0.00014224229710480514
10768,0.00018413826282055853
10769,0.00016006894023072712
10770,9.730625137055223e-05
10771,0.00012477881668116253
10772,0.00012194370971507818
10773,0.0001985043160056176
10774,0.0001648969320795022
10775,1.9356964734403016e-05
10776,7.143737836553538e-05
10777,0.0001432039871173159
10778,0.0001382067175522708
10779,0.0001797198993588974
10780,0.00012048252964636697
10781,9.733666132583799e-06
10782,2.5738496818667786e-05
10783,9.082392870880548e-05
10784,0.00012464446856600125
10785,0.00017004502916068465
10786,7.662716932945756e-05
10787,9.198414213445256e-05
10788,0.00010558533645268188
10789,0.0001215325892815924
10790,0.00012078310704631197
10791,4.386042157936676e-05
10792,7.651835573721573e-05
10793,9.404672132596767e-05
10794,0.00016619250125754462
10795,0.00012632834689943763
10796,2.8161251599766104e-05
10797,0.00011743090318493973
10798,9.514223576190947e-05
10799,6.64498046858885e-05
10800,0.00025561428041846426
10801,1.959498191652708e-05
10802,0.00013355844853466192
10803,2.667463579610804e-05
10804,4.228605954646198e-05
10805,6.362898081984923e-05
10806,4.13296183841215e-05
10807,0.00012321668841588294
10808,2.5771340547936243e-05
10809,3.832460524824334e-05
10810,8.202288421813966e-05
10811,6.5736768724755e-05
10812,8.609046291156189e-05
10813,5.381599723022917e-05
10814,5.987721275364363e-05
10815,8.289362881940205e-05
10816,7.69731056406857e-05
10817,6.882829215381663e-05
10818,0.00012956252340465735
10819,0.00010068824955876648
10820,7.055885501131301e-05
10821,8.452384465766256e-05
10822,0.00015751921465658307
10823,0.00010208690911037076
10824,9.067413487992471e-05
10825,1.807441932447996e-05
10826,5.12423041141027e-05
10827,2.3686889763035775e-05
10828,0.00013084836523857452
10829,3.211163998635174e-05
10830,0.00012145721811576437
10831,0.00012664970565246837
10832,0.00021285029467320229
10833,8.549587358084419e-05
10834,6.533976478526342e-05
10835,6.266221840670729e-05
10836,0.0001684984389579841
10837,4.8923902425389893e-05
10838,9.117813994765611e-05
10839,0.00022785688151703474
10840,8.43222786047138e-05
10841,7.267103276083656e-05
10842,8.299051103601761e-05
10843,9.996746247972163e-05
10844,0.00014672001526667527
10845,0.00015143183781229954
10846,9.507472591195905e-05
10847,8.92279462297708e-05
10848,0.0001302128016755152
10849,0.00011997093956492837
10850,8.396721485752772e-05
10851,3.575587019271557e-05
10852,0.0001262064243443052
10853,0.00017925503852722058
10854,0.00014954605272593242
10855,0.00013753342397024673
10856,6.965192754094242e-05
10857,0.0001086943935741394
10858,2.452384526836473e-05
10859,0.00014193350620066272
10860,0.00011895188906017439
10861,7.498456241208636e-05
10862,0.00027411745017682013
10863,6.264297059513629e-05
10864,0.0001083522400134434
10865,7.196613288578827e-05
10866,0.00018070328839986025
10867,7.834403961790276e-05
10868,4.592508397987194e-05
10869,0.00021814030835775363
10870,0.0001499518095027745
10871,6.25801992470624e-05
10872,0.00013606375087256214
10873,0.00015667476135245494
10874,0.00014278559971109476
10875,0.00015495408497606517
10876,0.00014957619865188854
10877,0.00023438491223564908
10878,4.972405230146329e-05
10879,0.00016271473818365307
10880,7.886855783237528e-05
10881,7.804779932088832e-05
10882,0.00010251858221745839
10883,8.541590187739844e-05
10884,0.00023761580811165005
10885,5.195642484592426e-05
10886,0.00015423463654003195
10887,7.104267643229856e-05
10888,0.00010425900643674536
10889,0.00017378691804550764
10890,0.0001276221647328862
10891,8.923704104075738e-05
10892,0.000137589814765855
10893,5.7762430268897694e-05
10894,0.0001748756825317044
10895,8.892244959510866e-05
10896,7.344983503515526e-05
10897,3.588752419953387e-05
10898,5.7853860196237824e-05
10899,0.00012625568982723473
10900,0.0001094120321653015
10901,9.87473683380284e-05
10902,3.138842053606698e-05
10903,4.7350681559909725e-05
10904,7.769512478320067e-05
10905,0.00018244725851264109
10906,0.00011444065809744485
10907,3.59281999050762e-05
10908,7.429605211908338e-05
10909,0.0002590452681852875
10910,6.785017136356927e-05
10911,8.790645279503208e-05
10912,0.00016668295229557375
10913,0.0001776127878944503
10914,5.4182167149648015e-05
10915,9.481612777700487e-05
10916,4.3568082117238384e-05
10917,4.868443225821895e-05
10918,5.291805152439416e-05
10919,8.614480007097034e-05
10920,8.936734789634352e-05
10921,0.00015270321072082216
10922,0.0001226301524577995
10923,3.2805522230584015e-05
10924,8.183129366072616e-05
10925,0.00010861095504764204
10926,0.00013028854853414538
10927,7.19309167360769e-05
10928,3.231744745930329e-05
10929,8.171303695170715e-05
10930,0.00010546310397835505
10931,0.0001333794138223412
10932,0.00011214454343785922
10933,8.407868006661911e-05
10934,5.2307309082624945e-05
10935,0.00013184435416848693
10936,9.975681288637568e-05
10937,0.0001818616043705745
10938,0.00012014690075294489
10939,0.00011968392234101789
10940,0.00010533376219076347
10941,7.71719612520815e-05
10942,0.0001945322719395946
10943,0.00011955965451958103
10944,0.00022428719236177849
10945,0.000179233863503092
10946,5.8202774631298596e-05
10947,5.680959416646721e-05
10948,9.622139040409389e-05
10949,9.513609960380309e-05
10950,1.254712078502997e-05
10951,8.476546070206275e-05
10952,0.00016559231674779975
10953,3.184894770331221e-05
10954,9.585681326938358e-05
10955,0.00011904183261691168
10956,0.00020767337519677945
10957,0.00010206733915322959
10958,0.00011704155922889952
10959,0.00023394196283553227
10960,0.00011988415024434883
10961,0.00020781690616034608
10962,0.00011212449870092016
10963,0.00012146545729651697
10964,9.238559653528645e-05
10965,0.00015509789454348907
10966,0.00013069847794341607
10967,6.795460447705021e-05
10968,7.906838932847661e-05
10969,9.405451308870748e-05
10970,4.4384917285902353e-05
10971,0.00027407755326519376
10972,0.00012615120217943744
10973,4.580939026616191e-05
10974,0.00010084816528248864
10975,9.29973521689176e-05
10976,9.231799318186534e-05
10977,0.00022675453406761028
10978,0.00019983487529632964
10979,0.00024650808978381313
10980,0.0002115251492202428
10981,9.335215757990668e-05
10982,4.244008640564245e-05
10983,4.765336231968982e-05
10984,5.6441818130176165e-05
10985,7.930771099082037e-05
10986,0.00014265899390766764
10987,4.1110581346647977e-05
10988,6.989447378140773e-05
10989,0.00016618702461753754
10990,0.00010625442804941322
10991,6.310109075133672e-05
10992,0.00016955274779444817
10993,7.409591811256436e-05
10994,7.395104992459282e-05
10995,0.00014826245585076696
10996,9.463786328747457e-05
10997,0.0001058518982096665
10998,0.00010349529311142715
10999,0.0001277971384904866
11000,0.00025660198539173145
11001,9.494877079098619e-05
11002,7.625233114402399e-05
11003,0.00016281857925316875
11004,0.00022555208705537082
11005,4.2826973418452336e-05
11006,0.00015475462935005482
11007,0.00021310638351639018
11008,0.00010270525306086442
11009,0.00012505371487275422
11010,0.00019374300625014883
11011,6.120564962102881e-05
11012,0.00014295650942131456
11013,4.819484668775213e-05
11014,3.593803362009082e-05
11015,8.398149541088721e-05
11016,7.603431838860117e-05
11017,0.0001143204015927719
11018,0.00016800280771012133
11019,4.9914529741602266e-05
11020,5.7744137536215525e-05
11021,0.00015311219822561104
11022,8.516344686904536e-05
11023,0.00013527398232848233
11024,0.00011109994501907984
11025,0.00011329666220382246
11026,6.217811083477003e-05
11027,8.609631815796087e-05
11028,6.193228628938432e-05
11029,0.00016846220912511046
11030,8.027723569746234e-05
11031,5.300597241704831e-05
11032,3.424936939230108e-05
11033,0.00013928618815405898
11034,0.0001663661856034594
11035,4.861723769097407e-05
11036,0.00010646157590714074
11037,0.00012031719317794198
11038,0.00019972402940866124
11039,7.869528932592456e-05
11040,7.316913055723288e-05
11041,0.00018232409318181197
11042,4.495696837559454e-05
11043,4.396372435205897e-05
11044,0.0001066999420390585
11045,9.915022908357841e-05
11046,7.732652183747972e-05
11047,6.150269691883015e-05
11048,4.608406009799326e-05
11049,0.0001276183730070489
11050,6.496103639697856e-05
11051,0.0001343662667300422
11052,0.00010589509597038076
11053,0.0001989044995470592
11054,0.00010407238931511406
11055,0.0001656890293703298
11056,0.00022598318455997315
11057,0.00021701079414554515
11058,0.0001638792392334873
11059,0.00013196527354916642
11060,0.00017391474751880337
11061,0.00012185337815071337
11062,0.0001579446004787167
11063,0.00018824043612297207
11064,5.9010324548605465e-05
11065,0.000245224275206474
11066,7.461013274320418e-05
11067,7.091624880849351e-05
11068,5.4901134758886153e-05
11069,7.332821152595706e-05
11070,3.661292776193727e-05
11071,5.337905409369191e-05
11072,0.00011412365044009986
11073,0.00011765853005390226
11074,4.7945894866718875e-05
11075,7.460294118123911e-05
11076,8.280715866182425e-05
11077,0.00017155780266505988
11078,8.35130044776396e-05
11079,8.870886962903727e-05
11080,0.0001855175583601109
11081,0.00013530843106816684
11082,0.00022178107516749115
11083,5.2984267986521354e-05
11084,5.979805206036709e-05
11085,7.741700697909145e-05
11086,6.98002722136877e-05
11087,9.486027934504546e-05
11088,9.254667409667519e-05
11089,9.406757538219913e-05
11090,8.404394436382105e-05
11091,0.00015231795951853327
11092,1.6724193812853398e-05
11093,5.9770569471060306e-05
11094,0.00011124085470507795
11095,6.793463147909619e-05
11096,9.723095268730707e-05
11097,6.23494698562385e-05
11098,0.00010062620653328572
11099,5.4049082855991427e-05
11100,7.941515447242506e-05
11101,0.00015866123696575948
11102,4.5341678795949135e-05
11103,6.977544812611715e-05
11104,0.00013074082807729118
11105,0.00014558511860009803
11106,5.696303474348133e-05
11107,6.873206282952577e-05
11108,9.247195282722908e-05
11109,0.00011799904838777918
11110,0.00011232508840318182
11111,5.945633772680346e-05
11112,6.381255191479471e-05
11113,0.00010974856759057137
11114,0.00021605475260759715
11115,0.0001241204837051792
11116,9.434628464091793e-05
11117,4.4433284783232044e-05
11118,0.0001714872838464119
11119,0.00017354625286900181
11120,6.0738313690930545e-05
11121,0.00017626256318543365
11122,9.813303853630004e-05
11123,0.00017376198166887754
11124,9.447941253855708e-05
11125,6.578484745466839e-05
11126,0.00010309476917173047
11127,0.00018666102288363704
11128,6.55748962170378e-05
11129,0.0002021957761271325
11130,4.964484660330468e-05
11131,0.00012005171626627288
11132,0.00022570134320458246
11133,0.00015757605600097072
11134,4.5036300456174846e-05
11135,4.18741697405423e-05
11136,0.00011590576909887483
11137,0.00013154870274277965
11138,0.000129156058518024
11139,0.0001151094977251677
11140,5.2150621058500994e-05
11141,0.00018467505471659728
11142,0.00011904182937527672
11143,0.00012331631495161494
11144,0.0001546081344349562
11145,3.72918965309305e-05
11146,0.0001309850478178498
11147,0.00014805749304903608
11148,7.610339510055248e-05
11149,6.445529184138315e-05
11150,0.00012690800472072315
11151,0.000178888700055491
11152,0.00018660839123620326
11153,0.0002841668601302256
11154,0.00013589821050700302
11155,9.090365804993284e-05
11156,6.791682079771238e-05
11157,0.00022632057573271735
11158,0.0001024562449805403
11159,0.00012143331290323543
11160,0.00020105733613868406
11161,0.00015642041254607903
11162,8.480999045465099e-05
11163,9.677380098679897e-05
11164,8.30961415824238e-05
11165,0.00011114733078172032
11166,8.203176682920056e-05
11167,6.409169233748712e-05
11168,9.38160744705375e-05
11169,4.734879791069123e-05
11170,0.00010849101416346562
11171,0.00010959767485623822
11172,0.00010168614451935948
11173,7.474823082188049e-05
11174,7.145936714390087e-05
11175,7.960826407368337e-05
11176,0.00017161410253286482
11177,0.00026737781141101933
11178,0.00013222142884897564
11179,0.00010229034175785166
11180,8.906882361382346e-05
11181,0.00015767675640336655
11182,6.894520173272856e-05
11183,0.00016577750195426058
11184,0.00010525639497496976
11185,7.501926098471375e-05
11186,0.00016830185660343623
11187,9.017414081600712e-05
11188,9.498910762470031e-05
11189,0.00012116201616645308
11190,9.298603409792256e-05
11191,3.125718930776375e-05
11192,8.155293295402178e-05
11193,0.0001175598759339375
11194,6.092027091744274e-05
11195,4.572008099335073e-05
11196,4.2457061344979345e-05
11197,8.244895365612069e-05
11198,8.215304912068373e-05
11199,2.2152474554078953e-05
11200,4.1907010292549586e-05
11201,6.598864003860295e-05
11202,0.00012035432026620835
11203,0.0001023604792305305
11204,0.00010904644140472615
11205,6.33079871172409e-05
11206,0.00010066797568300104
11207,9.958752493465473e-05
11208,0.00012382551272681623
11209,0.00014215174001537596
11210,4.707311129134811e-05
11211,0.00010587448302721326
11212,8.36246108735461e-05
11213,0.00021606930983402624
11214,9.017007775683354e-05
11215,0.00026674597353701216
11216,8.342364027350787e-05
11217,6.25663593379093e-05
11218,3.325600257986309e-05
11219,4.381189893668929e-05
11220,0.00023030558150346993
11221,8.27065352104691e-05
11222,0.00012916125368760283
11223,0.0001370847813567623
11224,0.00023817364199374804
11225,0.000141431978418952
11226,8.860514721543003e-05
11227,0.00013161056700820704
11228,7.002570816346275e-05
11229,0.00017594865109639088
11230,0.00014237424252517569
11231,5.435483439395175e-05
11232,4.778559214619306e-05
11233,3.683813814896772e-05
11234,6.385329847908296e-05
11235,0.00019045283998026232
11236,2.115622908599706e-05
11237,5.913304061547258e-05
11238,0.00018635084433621342
11239,0.00010765582171431696
11240,2.8749028325055313e-05
11241,0.00017891092520986083
11242,4.012354732594692e-05
11243,0.0001186764722285565
11244,0.00017503698960065272
11245,7.529949079314562e-05
11246,0.0001034815005078977
11247,0.00014517432482869842
11248,6.824485344811831e-05
11249,0.00011851449403611845
11250,7.466593069791344e-05
11251,9.102694622498796e-05
11252,0.00020601636050099586
11253,0.00011823639208318368
11254,0.0001291842197962051
11255,0.00010175097867429046
11256,9.738470193284563e-05
11257,5.288070568359656e-05
11258,0.0001719896812662288
11259,3.23227570977613e-05
11260,5.168659351443697e-05
11261,0.00010571141467234687
11262,4.452687076752998e-05
11263,7.337697195979768e-05
11264,0.00012994239087644994
11265,6.34993690875027e-05
11266,4.9367970021554424e-05
11267,7.050321268223491e-05
11268,7.340614212750953e-05
11269,0.00022728550858914918
11270,0.0001629228734208549
11271,4.8866180302793145e-05
11272,0.0002077874148148112
11273,0.00014506271017923188
11274,4.6307612452766706e-05
11275,9.037328719358636e-05
11276,7.124804984419781e-05
11277,0.00010932087078782357
11278,8.218937371269151e-05
11279,7.557933436129381e-05
11280,7.00690345470967e-05
11281,8.203106978925799e-05
11282,4.374902501201852e-05
11283,8.630159190256738e-05
11284,5.948043064306313e-05
11285,5.793728311983377e-05
11286,0.00014317033038196262
11287,0.00020561284582687822
11288,0.00011292474753202454
11289,0.00012886046779148687
11290,0.00018354086942020921
11291,0.0002877453453247834
11292,0.00018371938009042747
11293,2.8510272012130488e-05
11294,0.00024538959893077405
11295,0.00014013058157381133
11296,0.00011229947469871136
11297,0.00010915733964571319
11298,0.00015012353069094187
11299,0.0001482863657956675
11300,7.681870571122654e-05
11301,6.350416372026569e-05
11302,0.00017247684693426127
11303,9.311620109979122e-05
11304,1.9996234393116674e-05
11305,9.599679908790994e-05
11306,6.367919832143218e-05
11307,0.0001468393206077633
11308,0.0001514714445688664
11309,0.00028731473567813814
11310,3.9135057171153734e-05
11311,4.291813718563622e-05
11312,0.00014022190992345632
11313,4.192122349097891e-05
11314,0.0001324714327541051
11315,0.0001626326821410765
11316,0.00014885633282013853
11317,7.809687266551612e-05
11318,4.467532843001162e-05
11319,0.0001605966980483445
11320,3.7228167908149526e-05
11321,0.0002491865313926546
11322,0.00023450463644256273
11323,0.00020412597623097376
11324,6.835431450191289e-05
11325,0.00013344733237816628
11326,9.281601345105703e-05
11327,5.2410033540996174e-05
11328,0.0001095000778216996
11329,6.931111249106711e-05
11330,8.216525298654642e-05
11331,2.700835519240331e-05
11332,0.00010120710796883137
11333,8.052876252168787e-05
11334,9.370717779032377e-05
11335,0.0001306515644107184
11336,3.0665947983932915e-05
11337,8.782997184413201e-05
11338,0.00016116478844203854
11339,8.48427928941006e-05
11340,0.0002631896639966208
11341,5.112356775421237e-05
11342,5.355597004410616e-05
11343,3.896744588244958e-05
11344,9.478506719689752e-05
11345,7.226547059116876e-05
11346,4.616185755579502e-05
11347,6.396642059681213e-05
11348,5.5180940347445795e-05
11349,7.831556929577358e-05
11350,7.717920151754544e-05
11351,0.00016443353155879756
11352,0.00014141383810340345
11353,0.00010935615135394922
11354,0.00012537419569832547
11355,7.992692056480346e-05
11356,0.00018834392042829242
11357,0.00020918296627410056
11358,9.584719232711507e-05
11359,0.00018543084623910593
11360,9.072084063548563e-05
11361,0.00013963067333721098
11362,8.627431429825683e-05
11363,0.00014239354491835262
11364,0.00017051031091569366
11365,0.00017741390437698768
11366,5.8497904129688454e-05
11367,0.00012804288224656072
11368,4.942649862587275e-05
11369,9.581577041009241e-05
11370,0.00010635276078601734
11371,9.243430194693286e-05
11372,5.9095168145584156e-05
11373,4.034408203100263e-05
11374,0.00016273015113799148
11375,0.00010993643758288284
11376,9.575336794686562e-05
11377,8.322482505570774e-05
11378,9.708916381012556e-05
11379,0.00010803886901716161
11380,4.567494411345435e-05
11381,7.938941311656767e-05
11382,5.713699531780483e-05
11383,6.168740450430292e-05
11384,5.076282496065332e-05
11385,9.167191208930492e-05
11386,3.977373507852537e-05
11387,9.200533365823698e-05
11388,5.770578457090302e-05
11389,0.00013063695598828222
11390,0.00015037187584055945
11391,5.490163418297169e-05
11392,0.00012960087277182465
11393,8.283892454951404e-05
11394,0.00010223004250500653
11395,7.424847156233104e-05
11396,0.00018234290489913603
11397,0.0001321344926876982
11398,0.0001053653839887331
11399,4.16577269142703e-05
11400,6.284548481742413e-05
11401,8.562686965806912e-05
11402,5.715241610098921e-05
11403,7.101425530137139e-05
11404,6.974746450369654e-05
11405,0.0001020542387159021
11406,0.0001192568620838888
11407,5.3880864417445405e-05
11408,4.788376128462879e-05
11409,7.821138328447633e-05
11410,9.703709708324368e-05
11411,0.00012640965074720868
11412,0.0001408380090821428
11413,7.385189189086866e-05
11414,9.05675711876378e-05
11415,0.00010561318461350529
11416,0.0001463349045614499
11417,0.0003882399120611726
11418,9.779644415102473e-05
11419,0.00018190513036898175
11420,0.0002508653928232898
11421,6.322217473409172e-05
11422,9.134148705332807e-05
11423,9.858703056749398e-05
11424,0.00012969309838856293
11425,8.973431781553537e-05
11426,0.00012283808927627336
11427,5.8582306907372437e-05
11428,3.144368500165197e-05
11429,0.00010149522168494668
11430,0.00021643664234740842
11431,0.000184302432170381
11432,8.904318264759809e-05
11433,0.00023324254357231505
11434,5.9298809045082624e-05
11435,5.181017359685969e-05
11436,0.00016707404641945147
11437,7.452663729031392e-05
11438,7.522659349870647e-05
11439,8.323598005830948e-05
11440,0.00011919562256554629
11441,0.00014886358485856392
11442,7.701594358885506e-05
11443,0.00012631591782366153
11444,8.556095689285671e-05
11445,0.00012592399652046685
11446,0.00011768097266549852
11447,9.461443006433298e-05
11448,0.0001651811672035194
11449,0.00010739439076010621
11450,0.00016446061421776254
11451,0.00012385332111449976
11452,6.257930233363321e-05
11453,8.689930867966355e-05
11454,6.944763605849107e-05
11455,0.00016733291683419826
11456,0.00011435719312940479
11457,7.558081735406971e-05
11458,0.00010516877722622497
11459,0.00010980258326926386
11460,7.099514239225972e-05
11461,0.00016422746332682634
11462,8.457874397155694e-05
11463,0.00013438164689938442
11464,6.972738282131572e-05
11465,7.696454747373668e-05
11466,6.19279200986536e-05
11467,0.00013117464065466803
11468,7.09311685821006e-05
11469,0.00013828041004292467
11470,0.00020259494595716712
11471,8.950486843839794e-05
11472,0.00010905381777088337
11473,0.00011908480708312668
11474,6.419536252893114e-05
11475,0.0001400416398168679
11476,0.00015130134258625543
11477,0.00022552391438588194
11478,4.244485072302306e-05
11479,0.0002647090499737615
11480,0.0001782404607362194
11481,0.0001308246098444856
11482,4.9244414611105375e-05
11483,6.957441470258841e-05
11484,0.00010778393144937371
11485,8.01335505974541e-05
11486,8.281112656731611e-05
11487,0.00010692174316517064
11488,8.664156216255734e-05
11489,9.572491772671254e-05
11490,0.00022382986047242935
11491,4.996395249823332e-05
11492,0.00010974904348084028
11493,0.00010415285653099007
11494,8.924042145687922e-05
11495,6.0342041720583266e-05
11496,0.00011735001284105486
11497,0.00010800808808799179
11498,9.094104470361046e-05
11499,0.0002186305976519203
11500,0.00020196151758815226
11501,0.00014671802306530151
11502,0.00015867177793357198
11503,0.0001312744048736411
11504,0.00018697052777507308
11505,0.000194663012932231
11506,9.363756821511786e-05
11507,0.00012666725889750168
11508,0.0001107825077657607
11509,0.0001961158463203797
11510,7.836724608499345e-05
11511,0.00010767959952755496
11512,9.305005551943203e-05
11513,6.42913359638512e-05
11514,0.00023407335951512373
11515,5.9356104437978264e-05
11516,0.0001982686927522578
11517,0.00015747207095703094
11518,3.410034985190084e-05
11519,8.173248658576712e-05
11520,0.00014795935068661584
11521,0.00016800926767983007
11522,9.579465260016424e-05
11523,4.294561298400121e-05
11524,0.00014288479868905334
11525,0.00010497665133140117
11526,0.00012853825352783253
11527,7.674663829955549e-05
11528,6.301219872065797e-05
11529,6.340846659465908e-05
11530,0.0001305588808900437
11531,0.00010356953925549896
11532,2.6697182181939553e-05
11533,4.5601409010207795e-05
11534,5.5213970604775116e-05
11535,4.301467060825509e-05
11536,0.00011850318721823476
11537,0.0001065943234322424
11538,0.0001296075224719904
11539,4.2148453321867874e-05
11540,5.8210106321781335e-05
11541,7.947241828435206e-05
11542,3.7186496235261046e-05
11543,5.1350423080973726e-05
11544,0.00010025817788007296
11545,3.573887677967349e-05
11546,7.593231553248647e-05
11547,6.326126812421253e-05
11548,0.00012644610231205512
11549,0.00020963413425506184
11550,0.00015486493096684924
11551,0.00010406279440141586
11552,0.00014223167215675562
11553,3.388978033655653e-05
11554,0.00029620444736402365
11555,5.536426229761206e-05
11556,8.009116391667386e-05
11557,7.145724440977825e-05
11558,9.76805416213174e-05
11559,0.00010267496752762361
11560,0.00017319916184076648
11561,0.00022654043363053302
11562,5.697770464919859e-05
11563,8.636639869339944e-05
11564,0.00014965963710351075
11565,0.00012527766300453742
11566,0.0001587607217932561
11567,0.00011843645620463989
11568,0.00013750928144462977
11569,4.301321855171183e-05
11570,0.00022136421455929068
11571,4.4099479865459786e-05
11572,0.000134469431746526
11573,8.080983084000415e-05
11574,0.00031183530479898184
11575,3.8155454264614046e-05
11576,0.00015361259973825284
11577,5.6015250358067656e-05
11578,0.00015243526730995377
11579,3.849602144980241e-05
11580,9.364518467201249e-05
11581,7.742396914689196e-05
11582,3.089320917288356e-05
11583,0.00021416734329182698
11584,5.534837536439687e-05
11585,5.410400973180165e-05
11586,7.494257677111672e-05
11587,0.00011004143389920854
11588,0.00035224781010046135
11589,0.00014474721616195208
11590,6.52306152505831e-05
11591,3.296434219762166e-05
11592,0.00011272897880206686
11593,5.318511968056357e-05
11594,6.741284850297357e-05
11595,0.0001226471198642513
11596,8.477101124389119e-05
11597,0.0002324134419038783
11598,0.00012653307239912756
11599,4.8856632919128614e-05
11600,9.363814797079019e-05
11601,3.294153143537945e-05
11602,0.00013981774937258138
11603,0.00016529803558177697
11604,7.031072252951403e-05
11605,8.497293682390807e-05
11606,7.437290830665932e-05
11607,0.00010728317689057742
11608,9.080580541481772e-05
11609,0.00017514771510873038
11610,3.586830099637192e-05
11611,6.488364399014678e-05
11612,8.190084346936164e-05
11613,8.837302119138056e-05
11614,0.0001038790498442847
11615,0.00014955217250681822
11616,0.00016626379271231112
11617,7.984621939828416e-05
11618,0.00010092069110459268
11619,0.00012874269013571647
11620,0.0001507443756854243
11621,8.542344739687378e-05
11622,0.00025798131832527213
11623,0.00018749012698592423
11624,5.9999531265021734e-05
11625,7.38237375856073e-05
11626,0.00017609824745643782
11627,0.0001143609345462305
11628,5.547801801709237e-05
11629,0.00017046349995579734
11630,8.967223571380347e-05
11631,4.213865113283363e-05
11632,0.00011102047234811036
11633,0.0001089262720560885
11634,0.0001274318079486836
11635,3.202388892535843e-05
11636,7.742217862102289e-05
11637,0.0001140427151441309
11638,8.649750921003455e-05
11639,7.543268160041637e-05
11640,9.862254355409687e-05
11641,0.00013312640574408613
11642,0.00012001954957298824
11643,4.784287006766387e-05
11644,0.0001249755355917339
11645,8.39324495827768e-05
11646,4.85661287747826e-05
11647,4.981293246541419e-05
11648,0.00012277316143223605
11649,0.00012637546133728266
11650,0.00011133602572373324
11651,9.812029871702834e-05
11652,0.00015413270283034332
11653,0.00020876871368617878
11654,0.00023697434800859518
11655,0.00011272725810299924
11656,7.051457365153363e-05
11657,0.00017933990144335688
11658,5.544341244863414e-05
11659,9.220577014240329e-05
11660,6.580494070890499e-05
11661,3.7572871515510426e-05
11662,0.00016598388882040207
11663,6.295957190902302e-05
11664,0.00012580637468504586
11665,5.5259313673435026e-05
11666,0.00017751969531808708
11667,0.0001247059460834159
11668,0.00012198320082639256
11669,0.00012993948854571994
11670,0.0001261470100928493
11671,6.303049273736683e-05
11672,3.854523078592725e-05
11673,0.0001413854077363946
11674,0.00017732367623637447
11675,8.907555338058227e-05
11676,4.122142651034917e-05
11677,0.00012486241139538496
11678,5.731938670275637e-05
11679,0.0001643940746167714
11680,4.3866612678708104e-05
11681,0.00014236323615447052
11682,0.00018301191567809423
11683,9.477847814340206e-05
11684,3.892240474916198e-05
11685,0.0001482188732417809
11686,6.33962121135842e-05
11687,0.00010073284625997862
11688,5.5220638593329905e-05
11689,0.0001929460975795251
11690,0.0001578725397910253
11691,9.421140854356601e-05
11692,0.00015362480070537244
11693,0.00015167516849731055
11694,8.340139927102074e-05
11695,0.0002917568450052638
11696,0.00017603111828199094
11697,4.7745441343160624e-05
11698,0.00019722431383579635
11699,0.00011022158060553796
11700,0.00011136827644598383
11701,5.973846656240809e-05
11702,6.870647492705133e-05
11703,2.543734322624237e-05
11704,0.00014193065953048737
11705,3.698546165893029e-05
11706,4.7399189032743016e-05
11707,2.6039386200443644e-05
11708,4.6182049204718444e-05
11709,0.0001280531676834626
11710,0.0001273127978913149
11711,9.276016023431326e-05
11712,7.808282894552864e-05
11713,0.00010234999875195788
11714,7.221367188597253e-05
11715,2.4559893938095975e-05
11716,9.533360193224044e-05
11717,5.9553601004942825e-05
11718,0.00012270099557044106
11719,0.00015151346077772244
11720,5.8567533297260895e-05
11721,0.000163885040968797
11722,0.00012033468158718921
11723,0.00020343628194384683
11724,9.885865633409982e-05
11725,7.257153807561925e-05
11726,3.2432762333349276e-05
11727,7.289200858502057e-05
11728,0.00010570894995542465
11729,0.0001012391006142248
11730,7.362969719495641e-05
11731,5.25615285629288e-05
11732,0.00017549276714409073
11733,0.00013952525264008874
11734,0.000116081246148294
11735,5.060437756781155e-05
11736,0.00017445324752734474
11737,0.00015457778115706967
11738,6.603916510993577e-05
11739,8.918817512203409e-05
11740,0.00019010541020082034
11741,0.00012043586188818109
11742,2.2792381163735995e-05
11743,8.684070497613613e-05
11744,0.00016428846066357037
11745,5.804535699307794e-05
11746,0.00015993265792704867
11747,8.910201147253671e-05
11748,7.885784831032873e-05
11749,6.926163774442408e-05
11750,0.00013688178892050067
11751,5.1041194582628007e-05
11752,0.00014631366946057543
11753,0.00020775010367203304
11754,0.00014106358352764745
11755,9.748801277352238e-05
11756,0.00012102316419595669
11757,6.006126213434627e-05
11758,2.61086039049255e-05
11759,0.00016890273187373028
11760,0.00020508666751717692
11761,0.0001669811312205902
11762,0.00010852007384772839
11763,0.00010954913305688302
11764,0.00016782455161723047
11765,6.079114341156881e-05
11766,0.00010677014965664451
11767,6.166139484413069e-05
11768,0.00011903382798671665
11769,0.00011639461143850256
11770,4.9976456451580225e-05
11771,4.285606360015194e-05
11772,5.95706624688475e-05
11773,8.630943378078838e-05
11774,0.00011931447779440185
11775,6.541720396364224e-05
11776,8.985504279268358e-05
11777,2.4200727114366284e-05
11778,6.742523682447663e-05
11779,0.00015668628215316594
11780,0.00010446225449842346
11781,8.863217408049032e-06
11782,0.0001137958976336956
11783,0.00010278621374228337
11784,0.00015987600966112334
11785,9.388910409328997e-05
11786,2.9996402293996044e-05
11787,0.00012758005877040268
11788,0.00013135124611901716
11789,6.550052108354867e-05
11790,7.592099390959653e-05
11791,0.00012801985242033164
11792,0.00014501215574888894
11793,7.8804567473811e-05
11794,0.00011256160409652632
11795,9.432828799635915e-05
11796,0.0001281739383758642
11797,4.700733061120161e-05
11798,6.683496058172841e-05
11799,0.00010517383667137952
11800,0.00014613298186038826
11801,0.00015495957410572518
11802,2.0491298795499855e-05
11803,0.00016618514415560866
11804,7.570092839389033e-05
11805,0.00016292355667521394
11806,0.00010792979987035442
11807,4.354391098136363e-05
11808,0.00010665491505181339
11809,0.00012758736003980645
11810,8.028658796133004e-05
11811,9.061004073408828e-05
11812,0.00013732606502753626
11813,0.00020925678813772008
11814,0.00032634114175219295
11815,5.3175478329330454e-05
11816,7.252745534435074e-05
11817,0.00010639528500303773
11818,0.0002128792372237358
11819,0.00010199638331386503
11820,4.94778076314718e-05
11821,0.00015693308829091242
11822,9.978883050464539e-05
11823,0.00012141697182784395
11824,0.00015709135291188138
11825,0.00014201899522987878
11826,8.241544904629211e-05
11827,5.633519028513446e-05
11828,0.0002483549322420977
11829,0.00013855096479059402
11830,0.00010474881100847756
11831,7.86347697992827e-05
11832,0.00012317162540925289
11833,0.00014502103711439314
11834,0.0001050216727653813
11835,5.588120891832473e-05
11836,0.00014163473088197047
11837,8.033969393674764e-05
11838,0.00013621532613424607
11839,4.028290368536362e-05
11840,3.683538594763533e-05
11841,8.466512119247147e-05
11842,3.7445737744626604e-05
11843,7.420503287244539e-05
11844,3.12328928333833e-05
11845,7.060313431502395e-05
11846,0.00011171076193864721
11847,0.00012883037317519756
11848,0.0001819001466351593
11849,0.0001409377922647762
11850,0.00013142171993039256
11851,9.537791249282004e-05
11852,6.822398342780157e-05
11853,0.00018058149047320282
11854,0.00011567973253614038
11855,5.3930993357611e-05
11856,0.00021786091745857835
11857,0.00017739993163609204
11858,7.025816691556739e-05
11859,7.252648780883613e-05
11860,0.00012504192159194804
11861,7.357258773373734e-05
11862,0.00014775813365261648
11863,5.5205477232539115e-05
11864,0.00023617737494937365
11865,6.342755292063746e-05
11866,4.9242063564825496e-05
11867,9.448582043549384e-05
11868,0.00020411833567086717
11869,0.00011145046163840865
11870,0.00014056011128460945
11871,0.00012474699607502776
11872,0.00022802263820966877
11873,6.085366022568507e-05
11874,0.00010508591990185159
11875,0.00012679435298354407
11876,5.131835267275436e-05
11877,0.0002461249711235132
11878,2.504577548857687e-05
11879,5.241537073247274e-05
11880,2.9821559373076262e-05
11881,0.00012465337191487437
11882,6.918296960178099e-05
11883,0.00016202593493389332
11884,7.062723491443179e-05
11885,9.365358402380949e-05
11886,5.2742875479295116e-05
11887,7.490401360842202e-05
11888,0.00018304433253641192
11889,0.0001268033392395797
11890,6.580896731805993e-05
11891,9.798361232209963e-05
11892,0.00017067486006527204
11893,6.120184348140668e-05
11894,0.00024172354583430807
11895,0.0002120596597264159
11896,3.3460932399379895e-05
11897,2.5410776326997617e-05
11898,7.857053937795466e-05
11899,0.00013814376515362413
11900,7.557468505943062e-05
11901,0.00011801824780470855
11902,4.8139018069264625e-05
11903,5.5905924600137346e-05
11904,0.00024847339767427386
11905,6.138386383339374e-05
11906,7.803699768783143e-05
11907,7.36425136362474e-05
11908,0.00012848726286198112
11909,0.00010673696792909072
11910,7.945188710705967e-05
11911,0.0002515095578191817
11912,6.568419570146159e-05
11913,9.332672845292322e-05
11914,4.09466305557228e-05
11915,7.573705735062643e-05
11916,8.456700409854596e-05
11917,0.00012082937732595179
11918,9.81726322136064e-05
11919,0.00013927611752795983
11920,9.417191444605266e-05
11921,6.042908459672366e-05
11922,0.0001375000326218457
11923,0.00010608103448928959
11924,0.0002466977762638423
11925,3.092995103705995e-05
11926,6.693832376825253e-05
11927,2.64307060503102e-05
11928,7.036084977522421e-05
11929,3.377686630186531e-05
11930,2.6237807700910207e-05
11931,0.00017747795687448174
11932,0.00012965780807214908
11933,0.00014178266380976295
11934,0.00012288702190303683
11935,6.765854611409181e-05
11936,9.203445007019825e-05
11937,0.00024249158059152308
11938,0.0001158026226910467
11939,0.00011300786549305354
11940,0.00016126192378115102
11941,0.00011367001738308679
11942,0.0001292837563014821
11943,0.0001526540235751135
11944,5.170825645184288e-05
11945,0.00016372347452808046
11946,0.0001427327519320992
11947,0.0002050732059194419
11948,5.229278979579189e-05
11949,7.179902564959148e-05
11950,9.003686109277474e-05
11951,4.9273436509244326e-05
11952,0.00019375905397075256
11953,5.3852937500313965e-05
11954,8.860792859406941e-05
11955,0.00013851948365846634
11956,0.00010125722084594899
11957,9.97482049116302e-05
11958,6.35550236187705e-05
11959,0.00010122615115788109
11960,0.00010566865881525447
11961,0.00016162070563106526
11962,0.00010608667217108271
11963,6.292048139187515e-05
11964,9.141786151371686e-05
11965,6.891937758566425e-05
11966,5.511786358849232e-05
11967,0.0001105960326201532
11968,7.234831492641534e-05
11969,3.9930781262574395e-05
11970,9.315321734690228e-05
11971,3.369481551920076e-05
11972,5.1235809076044544e-05
11973,5.9393519233169385e-05
11974,4.651694824351805e-05
11975,2.6629742148375126e-05
11976,4.887250675708961e-05
11977,0.0002101268527891422
11978,0.0001152983409289095
11979,5.900728157497006e-05
11980,0.00016052154973409782
11981,0.00016389051763581283
11982,0.00013942657826757326
11983,8.583301578777985e-05
11984,0.00013813278178032452
11985,0.00011584858482729363
11986,0.00011220362917802113
11987,4.406532714123587e-05
11988,0.00020168504919474203
11989,7.327796570416747e-05
11990,0.00014650514883445624
11991,0.00013422089321819795
11992,0.00019691946377794112
11993,0.00012932491103062745
11994,6.71564091579545e-05
11995,0.0002808857227062359
11996,3.320145582683352e-05
11997,0.00016353600600891454
11998,0.00012874991831644393
11999,9.167655816046939e-05
12000,8.077595095727997e-05
12001,0.00016523548269201124
12002,0.00021489093851607494
12003,0.00012202141286688119
12004,0.00013727191604732516
12005,5.085771160092973e-05
12006,0.00016168817625010858
12007,4.270274825613416e-05
12008,0.00014617127414185942
12009,3.812942931499978e-05
12010,0.00010608965433090513
12011,4.657925818410869e-05
12012,6.645748359789226e-05
12013,5.12603774096222e-05
12014,5.4022293690962424e-05
12015,7.722296631841035e-05
12016,0.00010176260161685036
12017,0.00023006480036227533
12018,9.26402964615023e-05
12019,9.657623033963271e-05
12020,0.00014425833106980896
12021,6.406613421616115e-05
12022,0.00014400174301775138
12023,0.00015447405711970172
12024,0.0001418537981149922
12025,9.733600116906276e-05
12026,0.0001285138094196653
12027,8.290525386077747e-05
12028,9.608447462178046e-05
12029,7.684831384155346e-05
12030,0.00012070978606650284
12031,9.793793658188446e-05
12032,6.0859921621319254e-05
12033,3.399028904012497e-05
12034,0.00020821971912925397
12035,8.934517213921108e-05
12036,0.00017054651278807743
12037,0.00026147451237699525
12038,0.00024192155425625296
12039,0.00042987178845613644
12040,7.021709052803226e-05
12041,3.839172862746696e-05
12042,0.00011382331672107237
12043,5.252285036099162e-05
12044,9.817481901789712e-05
12045,0.00010221095260210505
12046,3.617442245476222e-05
12047,9.014288726315636e-05
12048,0.00010476424800257117
12049,0.00015729306667297741
12050,0.00019299151501464323
12051,6.851811561478181e-05
12052,0.00016130485950926793
12053,7.830323466520621e-05
12054,7.446181817688755e-05
12055,3.155009803421505e-05
12056,8.016377700080907e-05
12057,0.00011432410530442008
12058,0.0001999703174020446
12059,0.00024215010535108132
12060,7.600265404484206e-05
12061,8.520148879598002e-05
12062,3.369151779991718e-05
12063,0.00010061283954031092
12064,0.00023716639590746501
12065,5.493404299082358e-05
12066,5.826033108158581e-05
12067,7.13564505932582e-05
12068,7.69517866156234e-05
12069,0.00017270514951144676
12070,0.0002159397486689227
12071,0.00020231444471179215
12072,8.04653558679581e-05
12073,0.00013589785162557022
12074,7.269118650653679e-05
12075,0.00014835840303677167
12076,0.0001411602469114902
12077,6.232345323381232e-05
12078,0.00010071311609731797
12079,8.464619193033857e-05
12080,7.268798308930312e-05
12081,0.00014746981466200502
12082,0.000195548528195395
12083,3.896475100535891e-05
12084,9.222769199032101e-05
12085,0.0001188198901410961
12086,0.00011060267308404646
12087,8.696552762697911e-05
12088,4.3754163863097924e-05
12089,4.876099965207076e-05
12090,7.323673170270872e-05
12091,8.17210166767307e-05
12092,9.38073804033549e-05
12093,8.390205355582465e-05
12094,7.89423037791854e-05
12095,0.00033120309574424507
12096,0.00011329752927969464
12097,7.195487916821977e-05
12098,0.000182974308470394
12099,9.791257881938994e-05
12100,0.00013109724196947548
12101,7.581142997178284e-05
12102,9.23370133397762e-05
12103,0.00012172197126538233
12104,0.0002522374687345479
12105,4.822627309710843e-05
12106,8.913577250619498e-05
12107,0.0003386630933700396
12108,4.306934388961327e-05
12109,0.00010938874247628421
12110,7.377320974482341e-05
12111,0.00013419864429001845
12112,7.70562880841237e-05
12113,8.017266422414655e-05
12114,8.698752756257377e-05
12115,7.457634372282188e-05
12116,5.3373903912159795e-05
12117,5.378771010176043e-05
12118,0.00015157766914946415
12119,3.94773862258558e-05
12120,0.00017344397722784683
12121,0.00012936324390128086
12122,0.00010359051212387009
12123,0.0001177702972172783
12124,0.00013357717090062732
12125,4.266322303716184e-05
12126,9.702300193002927e-05
12127,0.00014470290716122643
12128,0.0001520106002954661
12129,7.984161569812204e-05
12130,8.811563157738277e-05
12131,8.894911008178691e-05
12132,9.000046428181343e-05
12133,9.708425602689414e-05
12134,5.561533805495807e-05
12135,0.00020735670995762634
12136,0.00015406466198883206
12137,7.215969956887932e-05
12138,0.00017719436498707887
12139,6.480606156114446e-05
12140,0.00015329705138855367
12141,6.148737132718767e-05
12142,8.573040059760661e-05
12143,0.00017262660348191748
12144,8.152109269821454e-05
12145,8.102588734504323e-05
12146,0.0002056991698977797
12147,0.00019918625544866267
12148,7.148683482722104e-05
12149,4.613303093126436e-05
12150,9.506442508320794e-05
12151,8.426863574556706e-05
12152,0.00015972777623682506
12153,7.057463125179718e-05
12154,9.175962698146078e-05
12155,0.0001125769968422703
12156,5.8251920005023913e-05
12157,7.444708012615719e-05
12158,6.565467536432855e-05
12159,5.793061551826322e-05
12160,8.803233787098725e-05
12161,0.00016542635363332037
12162,0.00010368592704537203
12163,8.177101766781827e-05
12164,0.00011189257609043045
12165,6.683417188238063e-05
12166,7.785359060500487e-05
12167,9.473302776443058e-05
12168,0.00014494334260653683
12169,0.0002931533588525848
12170,6.0622799440821386e-05
12171,0.00012876068902629428
12172,0.00019129952631005841
12173,0.00012044933638244639
12174,8.203398923529644e-05
12175,0.00010663564069508973
12176,9.840153002125172e-05
12177,5.415826517374271e-05
12178,8.513632300309278e-05
12179,9.939472864577245e-05
12180,7.653068664276486e-05
12181,0.00010196018923746343
12182,0.00010883364529989665
12183,7.113214920378142e-05
12184,7.411779512037885e-05
12185,6.153475302316368e-05
12186,7.88154562111869e-05
12187,4.692834292790861e-05
12188,3.2690773398362124e-05
12189,0.00010777379694154016
12190,9.256930945649793e-05
12191,9.513154917271291e-05
12192,0.0001023640827806021
12193,5.0972283241948436e-05
12194,5.765310481232743e-05
12195,6.650922564228773e-05
12196,0.00012877840155421313
12197,1.6519303658511888e-05
12198,3.4858398614684755e-05
12199,8.212639602258752e-05
12200,0.00012299880048317248
12201,0.00013317538801878689
12202,9.196692515521632e-05
12203,5.3140928406312036e-05
12204,0.0001851452317680856
12205,0.00011982237328430392
12206,7.779920127893841e-05
12207,0.00011764986732335384
12208,9.594530886135753e-05
12209,0.0001295164849189092
12210,0.00018730517284384446
12211,7.111587913265848e-05
12212,9.696392970016051e-05
12213,0.00021325200704464743
12214,0.00019176251375106786
12215,0.0001387117142967396
12216,0.00022623302411836434
12217,9.330977050635105e-05
12218,6.965727165636272e-05
12219,9.655324881925176e-05
12220,0.00023751422801483843
12221,9.668564804725698e-05
12222,9.927417972629961e-05
12223,0.00018484821713084433
12224,6.958676944262347e-05
12225,0.00024712162928878254
12226,0.00012989991354610608
12227,0.00022641153779863666
12228,6.356781116681382e-05
12229,0.00010403636432276021
12230,0.00010205152012836478
12231,8.980277397027961e-05
12232,5.8447438004951724e-05
12233,0.00017809028650043123
12234,8.21399151507963e-05
12235,5.9847332219758036e-05
12236,9.175288473133537e-05
12237,4.5867770021431105e-05
12238,3.0544914873711196e-05
12239,6.544985394995658e-05
12240,7.588391123376099e-05
12241,8.721858667760619e-05
12242,2.5431091139353084e-05
12243,7.666855627236676e-05
12244,7.858296379518698e-05
12245,0.00024255313967942084
12246,8.613413139744255e-05
12247,3.676583848230172e-05
12248,4.9675413475047916e-05
12249,8.187551010402925e-05
12250,0.00014665598684285077
12251,0.00015766650877664074
12252,3.936160934653691e-05
12253,5.039025054534158e-05
12254,3.5872520000132605e-05
12255,0.00023768055032124825
12256,0.00011976517374620625
12257,4.3291523800065065e-05
12258,0.00011226049185728012
12259,0.0003287938736151303
12260,7.778783901846447e-05
12261,0.00013986918539847106
12262,0.00020914914712431395
12263,9.989813442701939e-05
12264,9.164410914056855e-05
12265,7.51227793385518e-05
12266,0.00011746776668751394
12267,7.764394714592048e-05
12268,8.801516151805101e-05
12269,4.930922666709818e-05
12270,8.064186824523485e-05
12271,8.664674576582565e-05
12272,0.00017798207004463692
12273,0.0002395521415563412
12274,5.63744929192297e-05
12275,4.113822495779923e-05
12276,8.284710819782989e-05
12277,5.642105226001223e-05
12278,4.231076616153021e-05
12279,0.00013313035594399405
12280,8.303961537070073e-05
12281,0.00014152847380415862
12282,7.489786773612307e-05
12283,0.00011046967624856077
12284,0.00010118364119132746
12285,0.0001233517572459978
12286,0.00013933710888611704
12287,8.443120139434733e-05
12288,7.012478429238257e-05
12289,9.286702662484366e-05
12290,5.104280172936883e-05
12291,0.00022636348546311756
12292,0.0002071936112929507
12293,9.453965030870277e-05
12294,3.466518403621306e-05
12295,0.00018170930042907282
12296,0.00012690495340534404
12297,0.00011136677680096885
12298,2.780963981085933e-05
12299,2.639229731720908e-05
12300,0.00014992447907397706
12301,6.464647737788827e-05
12302,9.85357931712056e-05
12303,9.4339468234013e-05
12304,4.0530889342210233e-05
12305,0.00014218699685949004
12306,6.958410674265045e-05
12307,9.616815520365404e-05
12308,6.855047971651717e-05
12309,5.4458838853268816e-05
12310,6.885796525721397e-05
12311,6.568461967446725e-05
12312,5.8112215257043115e-05
12313,0.00010602950505224006
12314,9.316765246287492e-05
12315,0.00013814524036578581
12316,8.225811022106796e-05
12317,0.00019825566098801784
12318,0.00013264611939402206
12319,8.957791202007105e-05
12320,0.0001819026906701436
12321,5.2158099110439336e-05
12322,8.714218287652312e-05
12323,4.2264194426539e-05
12324,8.869955938413596e-05
12325,9.022902762363864e-05
12326,5.9375326702207245e-05
12327,7.806822077331545e-05
12328,8.225726459741103e-05
12329,8.9565881356731e-05
12330,7.680935988453728e-05
12331,0.00017721748964550827
12332,9.272247654930712e-05
12333,5.790272063913867e-05
12334,8.284956942383665e-05
12335,8.358506998348942e-05
12336,7.027408159252814e-05
12337,6.424324148215793e-05
12338,0.00012332801010639968
12339,4.7016274256805476e-05
12340,0.0002067916504767224
12341,5.469174563133195e-05
12342,7.976671088683554e-05
12343,3.599412736394729e-05
12344,0.00021423414887496747
12345,6.626208033962365e-05
12346,0.00017709660252045165
12347,0.0001102489192959755
12348,0.00011691395379719691
12349,0.00010810003980277465
12350,2.5444154383705973e-05
12351,8.270030227608583e-05
12352,0.00014878557718309732
12353,4.1457637754136786e-05
12354,0.00011210056609335771
12355,6.846569744426292e-05
12356,0.0001835598662733479
12357,5.9058006789092085e-05
12358,8.528628677872364e-05
12359,0.00023314221337737852
12360,5.063293288238346e-05
12361,8.821337918139595e-05
12362,0.0001962900245615263
12363,7.167231045541355e-05
12364,7.172594351289015e-05
12365,0.00017831306706299953
12366,0.0002060571428502104
12367,0.00016573027514000833
12368,2.6047710499073648e-05
12369,6.786042794097646e-05
12370,7.386782516562665e-05
12371,0.0001857276885335801
12372,0.00012266699729655744
12373,8.039334070587999e-05
12374,0.00012698938075932293
12375,5.060740665481434e-05
12376,5.599895386843167e-05
12377,0.0001310997672532614
12378,6.0141559307020476e-05
12379,3.4646030856407124e-05
12380,2.342744219242529e-05
12381,8.742843245755634e-05
12382,6.676243490829607e-05
12383,7.878506883917603e-05
12384,5.023601558333758e-05
12385,6.244662581085734e-05
12386,0.0003072340038119803
12387,0.00015615333688497163
12388,8.535875150950934e-05
12389,4.919843305570123e-05
12390,7.695787677543214e-05
12391,3.537155144389455e-05
12392,4.7253913939117735e-05
12393,8.761841192716421e-05
12394,0.0001545260693588852
12395,0.0001886628871023769
12396,5.6298256138269213e-05
12397,0.000119255683027556
12398,0.00010986754154355231
12399,0.00013759233083468562
12400,0.000287432741145404
12401,9.82396504720661e-05
12402,0.00011000807682733777
12403,6.416669563691655e-05
12404,0.0001261033800294373
12405,5.365157960308757e-05
12406,0.00010729874761573088
12407,4.949911701259514e-05
12408,0.00015465521997598742
12409,7.454720523803306e-05
12410,0.0001620457483608049
12411,7.33112386936726e-05
12412,7.993514584166009e-05
12413,0.0001174393405438267
12414,0.00011946307872880594
12415,0.0001349142042199877
12416,6.434982334291753e-05
12417,0.00011471274474687814
12418,0.0002512106365857626
12419,6.701175435938685e-05
12420,0.00015573587323308187
12421,7.63931922075063e-05
12422,0.00010137478693317277
12423,4.695150695888517e-05
12424,8.527655003271805e-05
12425,1.3381658935320136e-05
12426,6.948474203489413e-05
12427,9.140151388485146e-05
12428,6.241571853016266e-05
12429,3.964177447065363e-05
12430,6.583859517365461e-05
12431,0.0003559951718135421
12432,7.162011186453656e-05
12433,7.50958864692463e-05
12434,5.7640256101765185e-05
12435,0.00011809588396480667
12436,0.00017827863078972907
12437,0.0002014224646758869
12438,5.5125087312154975e-05
12439,0.00012325110773295803
12440,0.0001024851035587856
12441,9.774466354900749e-05
12442,4.698171687131987e-05
12443,6.180127328225436e-05
12444,0.0001987673318482291
12445,6.922499574503306e-05
12446,0.00013131059817145506
12447,0.0002437217802609351
12448,5.8980224618248285e-05
12449,6.562375643805274e-05
12450,5.661865223527383e-05
12451,0.00023240378337307125
12452,0.00013925794692827066
12453,0.00010655760404205245
12454,7.025976935904612e-05
12455,7.2977194767242e-05
12456,0.00017088503548751602
12457,0.00023934692769558635
12458,0.00010611337086046019
12459,0.00012689920238391562
12460,6.534812737041199e-05
12461,0.0001405839682529984
12462,0.0001102807232819848
12463,3.1335315487758975e-05
12464,7.487182957314257e-05
12465,0.00014458378058262409
12466,0.00012219964295228386
12467,0.00022146438057754687
12468,7.999769971146787e-05
12469,7.423813751588497e-05
12470,0.00010495418005562189
12471,6.974606989787322e-05
12472,4.135644544215551e-05
12473,0.00018172592728489697
12474,0.00012675045885671843
12475,9.930884415356418e-05
12476,0.00015694812215943363
12477,0.0001055088425605316
12478,0.0001316477219390945
12479,0.00012017430366936439
12480,0.00017003476286867744
12481,9.49589459409969e-05
12482,4.3825750416439316e-05
12483,0.00016531891226851235
12484,0.00019891478490083008
12485,0.00014932166537377282
12486,0.00011065417186143107
12487,6.41193854628228e-05
12488,0.00011250282074866322
12489,0.00020516655617969706
12490,0.00011457995812330155
12491,0.00010270373417460197
12492,7.535308114279123e-05
12493,9.689312694281464e-05
12494,6.787572879671125e-05
12495,7.034613923445196e-05
12496,0.0002084049080035772
12497,4.39465670955069e-05
12498,0.00011831374311194117
12499,3.943730439798122e-05
12500,6.163078178690482e-05
12501,0.000129940648323036
12502,0.0001493980018518841
12503,0.0001277196548532442
12504,5.09808593484671e-05
12505,0.00017479081004571862
12506,0.00015971038712259443
12507,9.792049997717184e-05
12508,9.78614811295331e-05
12509,8.359305361253636e-05
12510,0.00018087095610472135
12511,8.151719410977562e-05
12512,4.584360732473153e-05
12513,9.054020530087867e-05
12514,0.0001459967298306411
12515,7.767573615202163e-05
12516,0.0002477407525914464
12517,0.00034839932208069187
12518,0.00011195536622369302
12519,6.516982631346531e-05
12520,6.364278326911012e-05
12521,0.00011568391419730969
12522,0.0001192372301138144
12523,0.00012082453385412395
12524,0.00013441490473239332
12525,0.0001974340645044616
12526,7.88621480937416e-05
12527,4.7193794872965944e-05
12528,4.3399787279397e-05
12529,0.00012020557578539334
12530,2.7008340733299136e-05
12531,0.00011527178573501698
12532,0.00019636457643114634
12533,6.734959727869838e-05
12534,0.00011051085602335113
12535,6.436123701722102e-05
12536,9.651288908492459e-05
12537,5.9039679932878455e-05
12538,0.000214028001926251
12539,0.00019676872836743768
12540,7.56708701313773e-05
12541,0.00010287245900590941
12542,8.826057383155629e-05
12543,0.00011913583184742566
12544,0.00012974865571418177
12545,0.00021115453497984262
12546,5.102789087330347e-05
12547,7.813458137180489e-05
12548,0.0001551112121490742
12549,0.00013573062613542154
12550,6.971056690525846e-05
12551,5.327763072176243e-05
12552,0.0001148684178569494
12553,0.00010453899722338207
12554,6.254721495911264e-05
12555,7.254113915704935e-05
12556,4.80511214110279e-05
12557,0.00010039307653631294
12558,9.476289252469898e-05
12559,6.212660481818678e-05
12560,0.00011979150616239427
12561,0.00017372759887953896
12562,0.0001667796977632421
12563,0.00022302552908114238
12564,0.0001661912900841957
12565,0.00010585534262232299
12566,0.0001998455806912103
12567,4.558181204948185e-05
12568,4.311910206496515e-05
12569,0.00012099396123966317
12570,0.0002556200246936901
12571,0.00014462442029642333
12572,0.00012123708277004051
12573,0.00012357776567177952
12574,4.532271731390409e-05
12575,0.00031708475666901664
12576,5.9092960385132175e-05
12577,0.00016129164439933444
12578,2.56893721550315e-05
12579,7.297527145543715e-05
12580,3.276097849300344e-05
12581,0.00010208251781743805
12582,0.00012382227174707953
12583,0.0002130118271631992
12584,8.643749069466566e-05
12585,0.00010513966658736831
12586,0.00016009106919185167
12587,0.00015611776104103222
12588,3.362721343844021e-05
12589,6.939435027613871e-05
12590,9.73074002227523e-05
12591,3.6737765862385755e-05
12592,7.90246612251119e-05
12593,6.716199315930105e-05
12594,0.00012523305734176996
12595,2.3011690932066833e-05
12596,7.645483079672587e-05
12597,3.824151198114359e-05
12598,3.79782952112785e-05
12599,0.000142396200771244
12600,0.00010105636735898304
12601,3.6520837751858e-05
12602,7.418406962404391e-05
12603,6.558284981518118e-05
12604,0.0001704770044078983
12605,0.00012314681806531964
12606,0.00017808384154084823
12607,6.918625230366903e-05
12608,0.00018235766148826636
12609,0.0001484067935985887
12610,0.00011397387683856443
12611,4.69515416799153e-05
12612,3.653065643012576e-05
12613,6.907640487409615e-05
12614,0.0001376632519505598
12615,5.671555947643878e-05
12616,0.00022166536964670088
12617,0.0002102326957720296
12618,0.00010595589481370172
12619,0.00010556215173794987
12620,7.322448377778353e-05
12621,0.000163242715156433
12622,0.00023009228082574871
12623,9.362212652455867e-05
12624,8.411741936221085e-05
12625,0.00011424076509041858
12626,0.00017490353579661282
12627,0.00024349426597332867
12628,4.5421781571254355e-05
12629,0.0002524160413557651
12630,5.4711480331193255e-05
12631,5.5909154021858076e-05
12632,7.603390672498976e-05
12633,0.00016188251855784634
12634,3.984132332351854e-05
12635,0.00024309853012879993
12636,6.484665211359572e-05
12637,0.0001906435038664644
12638,6.279628452748134e-05
12639,0.00013511800735267667
12640,7.728804784901939e-05
12641,0.0001629996369108731
12642,3.3863969548283514e-05
12643,8.904062831002337e-05
12644,7.77026508059558e-05
12645,0.00019271005597057373
12646,0.000200259873669863
12647,0.00016391318537344287
12648,8.819398238280802e-05
12649,0.0001527833594279738
12650,0.00010790822582250062
12651,0.00010235310325986729
12652,0.0002993044674721684
12653,8.010621178828044e-05
12654,8.957699715313102e-05
12655,3.246572819302264e-05
12656,4.454736637429332e-05
12657,0.00015095758191741287
12658,0.00012574745299516352
12659,0.00011583635807113116
12660,0.00021267582360757483
12661,0.00019664204988658658
12662,8.22646183125905e-05
12663,0.00011180705996974886
12664,0.00013028340533264
12665,0.00019406460358312077
12666,0.00011753023669999288
12667,5.963239238301455e-05
12668,9.701369333756764e-05
12669,0.0001376053108000828
12670,4.8593267895465957e-05
12671,0.00014729579852360084
12672,5.886252736448655e-05
12673,0.00012100639187893115
12674,0.00032085884403056916
12675,0.00015915891392573938
12676,0.00011202019009441398
12677,0.00020429353003760783
12678,0.00010482813713100475
12679,0.00014285093606514331
12680,0.0001107319411578246
12681,0.00017352388813639619
12682,0.00011714760126808924
12683,4.6682573065937665e-05
12684,0.0001237498725601653
12685,0.00013620610278231336
12686,0.00013306006477630127
12687,0.00017280121916222975
12688,4.712955365886778e-05
12689,8.032973211195774e-05
12690,0.0001381610081079056
12691,6.398761575549842e-05
12692,0.00015563172914344196
12693,6.484923016878555e-05
12694,0.0001044973184039058
12695,0.00026639511525088463
12696,0.00012145639419818519
12697,0.00017137612607884975
12698,4.634317143520933e-05
12699,1.5804631477801012e-05
12700,0.0002177144095644554
12701,9.050627101510294e-05
12702,0.00016520278766708502
12703,2.2220077809014783e-05
12704,7.70317536274608e-05
12705,4.739039446200423e-05
12706,0.00020203104985117698
12707,0.00013606272684862076
12708,6.298043180500145e-05
12709,5.186978382936363e-05
12710,0.0001373868555423788
12711,9.846642184488314e-05
12712,0.00022847337888654834
12713,0.00010499573151385483
12714,0.00012013320189612945
12715,0.00015845666054603558
12716,0.00012318699759117168
12717,0.00011644430594948075
12718,0.0001776991599889477
12719,0.00010486891507840786
12720,0.0001446057256230983
12721,0.00010609019707836224
12722,0.00010618509303493383
12723,0.00020953597085891315
12724,6.0241844303534226e-05
12725,8.920749422504392e-05
12726,9.057559893249674e-05
12727,0.0001620942347310322
12728,3.451174788827775e-05
12729,6.459699853141019e-05
12730,9.188579572855169e-05
12731,9.47269311743616e-05
12732,6.305877438265347e-05
12733,8.951221770181405e-05
12734,9.551261549402106e-05
12735,0.00015007652090685098
12736,0.00013381462628325969
12737,9.156569758104867e-05
12738,5.190105828419201e-05
12739,7.570951007193047e-05
12740,4.494560019601779e-05
12741,0.00014241479397102531
12742,5.283888639345772e-05
12743,5.020444704034143e-05
12744,0.0003131033793053355
12745,6.618569810482234e-05
12746,0.00010380992484809368
12747,8.956623807703606e-05
12748,0.00014381809200392692
12749,6.518168744403686e-05
12750,5.943418246478533e-05
12751,3.073334934657991e-05
12752,9.031233288037796e-05
12753,9.598785410185483e-05
12754,0.00016212459477259484
12755,9.788210862689628e-05
12756,9.879539219961804e-05
12757,0.0002661926987449537
12758,7.898760302157848e-05
12759,0.00023353059368368752
12760,0.00015861638711647645
12761,5.80190406761499e-05
12762,0.00010699815697035691
12763,0.00012539252238306844
12764,0.00014717917852152555
12765,0.0001737981779886694
12766,7.253242843092746e-05
12767,7.577850018798015e-05
12768,0.00013732574827861896
12769,6.458691636451154e-05
12770,0.00010695296584249772
12771,0.000180781489515234
12772,0.00010066852378932115
12773,7.709539587088518e-05
12774,0.00010358445341658796
12775,0.00023546608700424697
12776,0.00020795036928886835
12777,0.00011322101957228712
12778,0.0002412437704373402
12779,3.491289286272549e-05
12780,6.384390694658025e-05
12781,5.539658527237488e-05
12782,9.946365035200824e-05
12783,6.023420556007484e-05
12784,6.500195064225743e-05
12785,4.137558392850416e-05
12786,5.754347365429806e-05
12787,9.224943990273626e-05
12788,7.15461007192344e-05
12789,0.0001262200978561222
12790,9.534856995277918e-05
12791,0.00012524698343629572
12792,0.00018138526530853686
12793,0.00022358896268885768
12794,4.050114849491423e-05
12795,0.00010801193762985049
12796,6.056030965969377e-05
12797,0.00010745621281104894
12798,0.00018249188832108646
12799,0.00012784463973126655
12800,8.064431995867202e-05
12801,8.018190646848053e-05
12802,0.0001723948982588097
12803,7.681379522535926e-05
12804,0.00011953874348970766
12805,0.00025644047832595895
12806,8.36293970282543e-05
12807,4.0081076454931475e-05
12808,9.700495374013204e-05
12809,8.932834263825743e-05
12810,0.00021722175976588012
12811,5.4610216308512105e-05
12812,2.37254813462381e-05
12813,3.1311394191074475e-05
12814,0.00017093720758679088
12815,5.576350552413738e-05
12816,0.00011890273210184564
12817,0.00012282691904037815
12818,0.00012344224400773261
12819,8.986649648014883e-05
12820,0.00019033025054555317
12821,0.00016350096526863368
12822,0.0002378310813395044
12823,6.392005418364734e-05
12824,0.00017395751197973232
12825,0.00014469131858430064
12826,0.00016675924599769018
12827,9.213628548952988e-05
12828,2.027933163164719e-05
12829,6.520187130851387e-05
12830,4.2091091788706987e-05
12831,9.55289747666351e-05
12832,0.0001005791108134942
12833,0.0001205571821249893
12834,2.5377398345156812e-05
12835,7.227316939835421e-05
12836,0.00010086756482788387
12837,8.363769071068275e-05
12838,8.110040543872817e-05
12839,9.444585608334123e-05
12840,7.628148171042683e-05
12841,0.00017439132292254383
12842,0.00010432782400929013
12843,0.00010093565578500073
12844,0.00016253242551570547
12845,0.00017060326189498475
12846,0.00010149967076092896
12847,8.948651107017653e-05
12848,5.7250420348640975e-05
12849,0.0001027836389381022
12850,6.651687304044717e-05
12851,0.0001938971499953065
12852,9.167458403630141e-05
12853,0.00016896555924719037
12854,5.302436392604432e-05
12855,7.602590376327257e-05
12856,0.00016458328993789668
12857,6.924744191916272e-05
12858,0.00012048059343739116
12859,0.00011316544680749427
12860,0.00022379939301916257
12861,3.4378733203712305e-05
12862,8.420559937206467e-05
12863,3.718688144168118e-05
12864,6.546636901973369e-05
12865,4.465605435431926e-05
12866,0.00028118596220145874
12867,4.332427926840307e-05
12868,0.00013960113535388445
12869,8.720462220555276e-05
12870,0.00018187209124499238
12871,0.00012295473789142287
12872,5.8137021247599575e-05
12873,9.026735201216567e-05
12874,8.070704088007013e-05
12875,0.00010407538693254893
12876,8.541878983130267e-05
12877,0.00010007806756595264
12878,6.789647951931723e-05
12879,8.850022766052244e-05
12880,9.357368837613357e-05
12881,5.630602078481966e-05
12882,0.00011010751612152878
12883,8.137718292016563e-05
12884,3.968617431906124e-05
12885,0.00013857289153090612
12886,0.00010464363704777885
12887,0.00016245941759459472
12888,0.0001247006803376433
12889,0.00018950400907973293
12890,0.00011737271280028207
12891,0.00013455144080727418
12892,0.00020287477907325396
12893,0.00010242733272987253
12894,7.491472020874409e-05
12895,0.0001617735742254871
12896,8.254544763971668e-05
12897,8.780490164425953e-05
12898,9.762188295588285e-05
12899,0.0001032010113879025
12900,9.23827542216955e-05
12901,5.719588875648535e-05
12902,0.00012704405836449259
12903,9.960991354854684e-05
12904,0.0001156680905271649
12905,0.00016456457569082538
12906,6.135534825094575e-05
12907,5.950659724439864e-05
12908,3.992299585570732e-05
12909,5.904328340230092e-05
12910,6.417927914187907e-05
12911,0.0001709004627029942
12912,0.000224675924115346
12913,4.086143087945089e-05
12914,0.00013584673558676653
12915,5.030470005811739e-05
12916,0.00012248209788951858
12917,0.00010136373447724088
12918,0.00016657358173804185
12919,9.881822011954541e-05
12920,0.0001050488914545906
12921,0.00014790269445848035
12922,0.0001844338612795046
12923,0.00012142812046831363
12924,0.00014741659960247367
12925,0.00021549309808768452
12926,0.00022806630400085034
12927,0.00010982293879984904
12928,8.302688438044472e-05
12929,0.0001808490622617074
12930,0.00010695853017073475
12931,0.00010188659785514799
12932,0.00012630728739515014
12933,8.184626367722723e-05
12934,0.00012144173251376308
12935,0.0001768351273093943
12936,2.706119010991116e-05
12937,0.00011628577408160047
12938,9.719914191924634e-05
12939,5.8570963620359874e-05
12940,7.221662875190171e-05
12941,4.685458843525682e-05
12942,0.0001266198426019381
12943,7.047209423152104e-05
12944,9.534285250436962e-05
12945,8.739648657479676e-05
12946,6.696230308368791e-05
12947,0.00013364612895281207
12948,0.00017679684293823604
12949,0.00022353896439006063
12950,0.00019422507087957772
12951,8.454534733598568e-05
12952,5.9324798108112276e-05
12953,8.850301600157626e-05
12954,0.00012033134747125462
12955,4.8114444951075226e-05
12956,5.0639162843657606e-05
12957,0.00010772577489515034
12958,0.00010383670619695081
12959,5.1883839736135585e-05
12960,0.00014217321869833065
12961,0.00013735735221570116
12962,8.588482978702259e-05
12963,8.52689004517516e-05
12964,0.00012174312455779854
12965,6.76978371139885e-05
12966,0.0001916484788433381
12967,0.00016629456051706407
12968,0.00012165683067955416
12969,7.311016365254105e-05
12970,0.0002100983589111115
12971,0.00010074832326720106
12972,9.740139152420234e-05
12973,5.7768799872620144e-05
12974,0.0001112077278780438
12975,0.00014293752555429257
12976,0.00020312490555172985
12977,8.074936821137512e-05
12978,0.00013494488973978355
12979,5.914396170159648e-05
12980,0.00014469688966025281
12981,5.5426181485049015e-05
12982,0.00019582208935196052
12983,8.597394016673002e-05
12984,8.821507958771592e-05
12985,6.384185396081982e-05
12986,0.00019743142390071436
12987,5.810898631182848e-05
12988,0.00019492505385698778
12989,6.427683037180851e-05
12990,9.714043368152207e-05
12991,5.212773950496495e-05
12992,0.00011094419854745799
12993,8.904017469105252e-05
12994,9.752680137698781e-05
12995,0.00028219888791245385
12996,0.00018627278226256445
12997,0.00022129247486052622
12998,7.534274203407749e-05
12999,9.094581971353246e-05
13000,9.537816912517011e-05
13001,0.00014302475915628184
13002,7.713416200724316e-05
13003,9.54618474277398e-05
13004,1.1197082900334607e-05
13005,4.849106302783664e-05
13006,0.00019632894359216811
13007,4.109726276159667e-05
13008,0.00011582061816262002
13009,0.00011769831666704755
13010,0.00010637565662954635
13011,0.00012587186140301825
13012,0.00010001827545025338
13013,0.00014241743880314526
13014,0.00019235301966187335
13015,0.0002533752675348652
13016,2.9938243882119883e-05
13017,6.844406827559641e-05
13018,5.204540545965812e-05
13019,0.0001185457501044503
13020,7.56549068645357e-05
13021,8.935123311120552e-05
13022,0.00016039448745324022
13023,0.00010652721766774591
13024,5.303613769960884e-05
13025,0.00017477529862431438
13026,1.7200433477608566e-05
13027,4.3074119004254775e-05
13028,0.0001439940887622569
13029,7.82747249893092e-05
13030,0.00024308764627241965
13031,0.0003102232388619053
13032,0.0001159560336206877
13033,9.435148122971079e-05
13034,0.00011441292543623013
13035,9.135021787205633e-05
13036,0.00011694021599685261
13037,6.85623004062235e-05
13038,4.4454382706406636e-05
13039,0.00013775188373859386
13040,0.00010241914924697553
13041,0.0002535790632931343
13042,7.986764691196692e-05
13043,8.194417166715705e-05
13044,0.00014165037683100908
13045,6.944458077167276e-05
13046,9.991381390787418e-05
13047,0.000125844053676327
13048,5.9077929355217386e-05
13049,7.80574862037321e-05
13050,0.00016114496321238689
13051,6.131903931620044e-05
13052,7.316227536153768e-05
13053,0.00010751417419260567
13054,6.832512378207215e-05
13055,4.739211736574185e-05
13056,0.00015401072648889465
13057,0.0001510794026863206
13058,8.201361698894542e-05
13059,7.028682321258753e-05
13060,8.289634451836265e-05
13061,4.131688922150608e-05
13062,6.639552104688811e-05
13063,7.042951217595093e-05
13064,0.00017820482638666177
13065,0.00019669765406981552
13066,0.0002597349588628831
13067,0.00015202491255554557
13068,0.00012404272018861072
13069,0.0001103731665594924
13070,6.519745083063019e-05
13071,0.00013207729357066835
13072,0.00019235211966435212
13073,0.0001605813118108184
13074,9.242541292336211e-05
13075,0.00010808780424482458
13076,0.0001829039910283282
13077,0.0001302055258135033
13078,0.00011257149041217902
13079,9.695438875121875e-05
13080,7.893422883296214e-05
13081,0.00022117836868119534
13082,6.414038349204318e-05
13083,6.54826852170161e-05
13084,9.663734028458965e-05
13085,9.480819228665585e-05
13086,0.00010818503904315938
13087,0.000139614331483624
13088,4.7925696439665824e-05
13089,0.0002684730033832797
13090,7.98032749396352e-05
13091,5.834166800243361e-05
13092,6.443453760911592e-05
13093,0.00018962238688235763
13094,9.086318651008586e-05
13095,0.00013219571966170422
13096,0.00015150898968821315
13097,9.815297809214912e-05
13098,6.622823365736982e-05
13099,6.651068500906308e-05
13100,0.0001569858272798409
13101,0.00012351271297536952
13102,5.1177312088431366e-05
13103,8.716831530003946e-05
13104,6.150882093507127e-05
13105,0.0003430846094262262
13106,8.968391397414111e-05
13107,0.00011436739195115068
13108,9.634615115907182e-05
13109,0.0001471674826731745
13110,0.00016792525711199533
13111,0.0001538837569213779
13112,7.279687192087522e-05
13113,0.00019620688705598215
13114,9.35157746548456e-05
13115,0.00010637171117377664
13116,8.973971113636562e-05
13117,0.0001087271750645989
13118,0.00014322141398219327
13119,0.00012360606186973526
13120,0.00011108213951168189
13121,0.0001271735385675884
13122,4.26669217915698e-05
13123,6.206347290523017e-05
13124,0.00011163653267694094
13125,0.00013709096455120302
13126,9.833632172462862e-05
13127,0.00010026188116386095
13128,0.00017426794900688306
13129,0.00021843578981225575
13130,8.306952216197646e-05
13131,0.00013274641034480405
13132,8.746414274072475e-05
13133,8.228240237912094e-05
13134,0.00020728754142898908
13135,0.00014468442097671533
13136,0.00010678917612446276
13137,9.665567951131294e-05
13138,0.00012694021646147657
13139,0.00010222926647345443
13140,0.00016992971529608368
13141,0.0001233578373584003
13142,0.00011348125516229241
13143,0.00010653348946583825
13144,3.5523969657773385e-05
13145,0.00020655295236631736
13146,0.00020215869937935678
13147,0.00015112318709555842
13148,0.00012159839636667076
13149,7.276506414076277e-05
13150,0.00011983209609387003
13151,0.00011082466750982379
13152,7.591013760711095e-05
13153,0.00014765522592534425
13154,5.059626515842574e-05
13155,9.367000439764035e-05
13156,0.00010332814133135441
13157,0.00021399510105121297
13158,0.00018547447095327714
13159,7.107122669085838e-05
13160,0.00018552632786377894
13161,0.0001460844227200309
13162,8.16646773224763e-05
13163,6.366001293870822e-05
13164,0.00018822871793274892
13165,5.917458905455485e-05
13166,9.3589226337106e-05
13167,0.000119018828675901
13168,0.00026045327994863535
13169,3.65172690194621e-05
13170,0.00017960279250637428
13171,4.875894333808046e-05
13172,0.00011469076526180503
13173,7.327102763177681e-05
13174,7.07282396132443e-05
13175,4.262836611695779e-05
13176,0.00010388307661516675
13177,0.0002959734880925389
13178,0.00013327451074294892
13179,0.00015398861772457915
13180,7.981416791900435e-05
13181,0.00016650279957599703
13182,5.0683021286617254e-05
13183,6.512679793343062e-05
13184,1.4858141988631008e-05
13185,0.00023547418349927445
13186,6.153448414487642e-05
13187,0.00021644081765711677
13188,0.0002741703994990576
13189,7.564722050720054e-05
13190,0.0002723921147165923
13191,0.0001102275037641087
13192,0.00013623802238402896
13193,0.00014529511847722015
13194,0.00016064185769836217
13195,0.00022443467940879466
13196,6.729037551181302e-05
13197,4.1240862562199954e-05
13198,0.00016757450222127447
13199,0.0001634694189933208
13200,0.0002394997318454545
13201,0.00026452128535270055
13202,0.00017064509107313656
13203,6.012667414163619e-05
13204,7.498154898240471e-05
13205,0.0001226584234174871
13206,8.682145122550812e-05
13207,7.728825402722826e-05
13208,6.452008250624058e-05
13209,4.062176957503421e-05
13210,0.0001145794289021257
13211,0.00012190690700888803
13212,9.297048426177109e-05
13213,0.0001864135872712333
13214,0.0001313509416582787
13215,0.00021951442104817012
13216,0.00014674584329155312
13217,7.922384681579302e-05
13218,7.354686718055476e-05
13219,0.0001020165830600846
13220,0.0001236190750898383
13221,0.0002618562105699565
13222,0.00012459877766248117
13223,6.714261407225758e-05
13224,4.9240230074604546e-05
13225,0.00015645682391089038
13226,9.034262495143644e-05
13227,0.00012476625943451156
13228,0.00015532655700567353
13229,6.0153804544207296e-05
13230,0.00015802564161968832
13231,0.00030325693692938896
13232,5.813170442161578e-05
13233,0.0001074857591294626
13234,3.1397714668789674e-05
13235,0.00010248983553333097
13236,9.46249460971865e-05
13237,5.356845709411513e-05
13238,0.00012577678179352052
13239,7.822412016505276e-05
13240,7.328790620503967e-05
13241,0.00011437228666892141
13242,4.912536459837612e-05
13243,8.497124935733962e-05
13244,5.807032869932322e-05
13245,0.0002143521858207351
13246,0.00011752847471005043
13247,0.0001721006263223895
13248,8.12599680124828e-05
13249,7.353239438571853e-05
13250,6.502859000917237e-05
13251,5.676899778463759e-05
13252,8.354737898739746e-05
13253,4.350137169650719e-05
13254,0.00011966867120103057
13255,0.00012258852036957198
13256,0.00015337101439999147
13257,0.00017808226181458242
13258,4.5954991378914204e-05
13259,8.00721669707787e-05
13260,4.96979140182579e-05
13261,0.00010871334091510844
13262,2.9448804799806103e-05
13263,7.336120884599435e-05
13264,0.00012127612034300995
13265,0.00013363389464161898
13266,0.00017528281019577613
13267,6.865028808434154e-05
13268,9.98616612818318e-05
13269,4.487926870515536e-05
13270,3.308880096248017e-05
13271,3.422887256109932e-05
13272,0.00019032241991073215
13273,7.85338497719239e-05
13274,9.462941759514829e-05
13275,0.0001667461026325786
13276,0.00018020166408776672
13277,0.00014235544543208796
13278,0.00011498120125716106
13279,5.074386082625819e-05
13280,8.88143731877521e-05
13281,6.724118529207026e-05
13282,7.34931380834368e-05
13283,8.616179761663315e-05
13284,3.814781374670438e-05
13285,0.00014772140397078154
13286,0.00011505875706941074
13287,0.00014125518338612114
13288,7.099629411287392e-05
13289,6.873838153746272e-05
13290,0.00012603939436101437
13291,7.762227296138495e-05
13292,9.282555899815383e-05
13293,3.294788444712389e-05
13294,0.00017728060703588877
13295,0.00012312482534170956
13296,0.00011441647812163738
13297,0.0002066076376473139
13298,6.0560984210630295e-05
13299,9.27982541698776e-05
13300,9.425990313026244e-05
13301,0.00014417519162233204
13302,0.00019075863303110534
13303,6.654490249017908e-05
13304,5.927127327547614e-05
13305,0.00015942428389806784
13306,8.617344229617625e-05
13307,0.00016456514840563645
13308,9.483000395119113e-05
13309,3.92122734348472e-05
13310,0.00012930841911816695
13311,0.00015084679818488095
13312,0.0001754899451096122
13313,0.00011751853699209536
13314,0.00013837437180484264
13315,0.00020990766005078712
13316,8.1902702781738e-05
13317,0.000131348082224361
13318,0.00013568603708771836
13319,9.070095821488039e-05
13320,0.00011023609369044105
13321,5.0383140263628175e-05
13322,0.00016263243942543005
13323,0.00015534144385505373
13324,4.079944447597149e-05
13325,6.78141757929776e-05
13326,0.00017094326016384121
13327,4.5060215837378934e-05
13328,5.482749004063755e-05
13329,0.00011293033001481077
13330,0.00011854808690658985
13331,0.00015294585374854984
13332,0.0001330915317985613
13333,6.0364000691456766e-05
13334,0.00015941312877377448
13335,0.00011806710441450129
13336,7.13782487366643e-05
13337,4.103484006932689e-05
13338,6.622389397242336e-05
13339,4.71131505755125e-05
13340,9.095619929155837e-05
13341,5.016544961444827e-05
13342,0.0001537318859595789
13343,0.00011443163256757637
13344,0.00017700559611433158
13345,9.164504943317532e-05
13346,9.241552679800655e-05
13347,0.00020373436122949617
13348,4.010974396402322e-05
13349,0.00015311033894873855
13350,5.438702586353912e-05
13351,6.454811425478291e-05
13352,3.5860362166144383e-05
13353,9.059730543266649e-05
13354,0.00013495782013158984
13355,0.0002286911327825955
13356,4.856315889496103e-05
13357,4.688605972845172e-05
13358,5.1884412580077e-05
13359,6.0395736913501066e-05
13360,9.379090046668572e-05
13361,5.409699644808962e-05
13362,8.97783687878888e-05
13363,4.168035674439098e-05
13364,0.00010188573773890683
13365,5.784618918280597e-05
13366,0.00015013608298395295
13367,0.0001092028312151601
13368,0.0001227842763616518
13369,2.3430395605246306e-05
13370,0.00016587676105401866
13371,0.00010555012623381073
13372,9.313850691931551e-05
13373,0.00013750841366659598
13374,7.778316847768551e-05
13375,0.00012769551771942383
13376,0.00010660925374162233
13377,0.0001384442928651175
13378,9.404802897906287e-05
13379,7.545271214515412e-05
13380,5.8124908230702174e-05
13381,0.00011174390778167476
13382,6.219347081383003e-05
13383,8.057724313906846e-05
13384,0.00014089554783757745
13385,7.265146848966998e-05
13386,0.00010510627653599143
13387,0.00011791724509715247
13388,4.5609418713590374e-05
13389,5.860471972152229e-05
13390,0.00015130020367316584
13391,9.593734488908745e-05
13392,0.00017487911980617783
13393,0.00013126348923334617
13394,0.0001902917510333664
13395,0.00026313305042863087
13396,0.00011117363409692335
13397,8.00925525653337e-05
13398,0.00014324362865522768
13399,4.997588649725693e-05
13400,0.00041912739739240976
13401,9.753650803744921e-05
13402,0.00014233820681042918
13403,7.805044878810229e-05
13404,6.654057061053759e-05
13405,3.9374272770244115e-05
13406,5.8236408076602765e-05
13407,0.00011002531113154414
13408,3.531666675532977e-05
13409,4.923699171306126e-05
13410,5.821923533277767e-05
13411,8.82394452541814e-05
13412,0.00014726421105790843
13413,7.12764564836415e-05
13414,0.0001395736381116563
13415,0.00022193903412975357
13416,0.00022334049482607
13417,5.8692924512863346e-05
13418,0.00012649582347018062
13419,9.037865283714573e-05
13420,8.87738656424155e-05
13421,8.58917359356325e-05
13422,0.00015366399446561054
13423,0.00013762434245976512
13424,0.0001237838045252198
13425,0.0001298599671201603
13426,0.00019292638232730542
13427,0.00019901489003483385
13428,0.00019967764778338544
13429,0.0004339016805760508
13430,0.00014366458725161113
13431,5.141852097403671e-05
13432,7.066644072430214e-05
13433,0.00014278271740849008
13434,0.00012674868803513062
13435,0.00017156009716156066
13436,3.6187286279446916e-05
13437,8.9004331660137e-05
13438,0.00015778648210135342
13439,0.0001627358219258337
13440,4.378144257388957e-05
13441,0.00014933839220917892
13442,3.228413645683144e-05
13443,4.64916259218002e-05
13444,5.596449417958533e-05
13445,0.00011144922806794763
13446,0.00020519477467720337
13447,0.00014220021531981757
13448,5.0242523017903425e-05
13449,4.2885437081537644e-05
13450,8.215564833179632e-05
13451,7.76422563707512e-05
13452,7.08523405842574e-05
13453,4.730523802745272e-05
13454,6.664990187850043e-05
13455,0.00031814715520531276
13456,6.332994002413303e-05
13457,0.00018340030971230326
13458,7.25593855330658e-05
13459,3.148862033466305e-05
13460,7.852220073310026e-05
13461,3.4828546901580635e-05
13462,0.00011191795867214653
13463,9.878921458139049e-05
13464,9.937944036164068e-05
13465,0.00029170284239434473
13466,0.00023432411222436216
13467,9.490987002903435e-05
13468,6.907176961292264e-05
13469,0.0001463475745967706
13470,8.81460621798085e-05
13471,0.00011279441671415829
13472,0.00014017506039789895
13473,0.00010127172711199301
13474,2.455216097491572e-05
13475,1.8323470808252536e-05
13476,0.00011927524176858039
13477,2.8915331778904423e-05
13478,0.00022696673050428764
13479,6.10266966659618e-05
13480,0.0001083606264501689
13481,0.00011001719548724414
13482,0.0001450611415926611
13483,0.0002347966853204946
13484,0.00012880281220651877
13485,8.843357503919814e-05
13486,0.00015949449992316074
13487,0.00013221905265968641
13488,0.0001402737227897875
13489,0.0001446008665442379
13490,7.33495112853606e-05
13491,7.180057309830701e-05
13492,7.303365344615538e-05
13493,4.277360123500709e-05
13494,9.979802772221563e-05
13495,0.0002232045668567062
13496,3.621122100931092e-05
13497,7.23213002398388e-05
13498,0.00010077345106407458
13499,6.797381897224185e-05
13500,0.0002010739360513556
13501,7.130738484041042e-05
13502,4.676444228953898e-05
13503,0.0001661934164133352
13504,0.00011313228004759975
13505,6.121175214648547e-05
13506,5.00817959125841e-05
13507,0.00013377468215739564
13508,0.00019201678787572417
13509,8.85848367567843e-05
13510,8.591750950904324e-05
13511,9.167429007586691e-05
13512,0.00013668321981125684
13513,3.682394047177074e-05
13514,0.00011627674934955387
13515,6.451050521892006e-05
13516,5.933916843343834e-05
13517,0.00014142263543061453
13518,0.000139439766168601
13519,0.0001949759766397747
13520,8.614663961526413e-05
13521,3.592795566013377e-05
13522,0.000154789603473106
13523,8.197327788887795e-05
13524,9.301569842085097e-05
13525,0.0001046564598220275
13526,0.00012844474107417242
13527,9.320131723601143e-05
13528,0.0001036645064600724
13529,0.00011696271788891651
13530,5.755791844400994e-05
13531,0.00012652261172364278
13532,7.962359055042912e-05
13533,6.445988417562052e-05
13534,0.0001186269728331481
13535,8.921211107844904e-05
13536,0.0001370190280225924
13537,0.00015750787476511054
13538,0.00010216431527952398
13539,0.00014802737226376827
13540,6.392101399943758e-05
13541,0.00015409946950796575
13542,9.10577626617679e-05
13543,7.933542023787924e-05
13544,0.0001684798364158535
13545,0.00014100203352045932
13546,8.685392556625271e-05
13547,5.648733461353878e-05
13548,3.248952374638382e-05
13549,6.993635479256724e-05
13550,5.491553175078565e-05
13551,5.058681626220765e-05
13552,5.325940391025936e-05
13553,0.00018855140856141389
13554,9.175463378527662e-05
13555,0.00011006710576288469
13556,0.00012225257250992366
13557,0.00011679901965664841
13558,0.00011489953880920308
13559,0.00012855293512076325
13560,5.562695365286893e-05
13561,6.361303942109706e-05
13562,9.45198237631032e-05
13563,0.00010780861395813507
13564,6.557407277320683e-05
13565,8.486598056084935e-05
13566,8.388085142990316e-05
13567,4.7302343924303006e-05
13568,0.0001717298556626008
13569,8.062559327517616e-05
13570,9.5107724623947e-05
13571,8.658330409984338e-05
13572,8.993209798547416e-05
13573,0.00011509840693741665
13574,0.00034007393369093304
13575,0.0001045916534044813
13576,0.00011819008481964225
13577,0.00011319893714259261
13578,0.00012329247899623764
13579,0.00010023431625275363
13580,8.723305962367675e-05
13581,0.00016837975299827232
13582,0.00013307349475184967
13583,7.967986567242278e-05
13584,6.434981600336178e-05
13585,0.00016490067305390896
13586,0.00010972068240659363
13587,0.00020679591155666003
13588,0.00011658068367646676
13589,7.023719341104758e-05
13590,0.0001126061215163624
13591,0.00013547468489236159
13592,8.137650554910018e-05
13593,0.00014673859036083977
13594,0.00020295337498078543
13595,6.643552796533752e-05
13596,6.159966075347322e-05
13597,0.00010037894779903443
13598,0.0001259537259436816
13599,8.259641407714084e-05
13600,0.00011882318560603754
13601,0.0001282400930012748
13602,0.00011270338973376663
13603,7.001969093847124e-05
13604,0.00016642697637815273
13605,9.080660653048912e-05
13606,6.326046352042411e-05
13607,9.420014053462189e-05
13608,0.00022916441313855778
13609,8.748678587658066e-05
13610,8.320440391095908e-05
13611,9.227615942390966e-05
13612,9.709846359083831e-05
13613,0.00013006440621646345
13614,3.107696132677401e-05
13615,3.088832064095425e-05
13616,7.313200719527101e-05
13617,0.00010381582250004192
13618,0.00024898066351992557
13619,9.323227262451002e-05
13620,0.00014252625613760732
13621,5.5577507821736e-05
13622,6.076220775766987e-05
13623,9.053341297986059e-05
13624,0.00018435287335630827
13625,8.273281558122612e-05
13626,9.044560661707032e-05
13627,5.656589848120255e-05
13628,0.00017932540152172235
13629,0.00021012575237500786
13630,9.801996212640633e-05
13631,0.00013331083011418668
13632,0.0002125334346312645
13633,8.620781107561312e-05
13634,3.49516111879942e-05
13635,8.70564940587445e-05
13636,9.570394384189482e-05
13637,3.5011836807702125e-05
13638,0.0001517929907290069
13639,0.00011289437183495494
13640,8.438439244773766e-05
13641,0.00010526847372461797
13642,9.755072873365384e-05
13643,0.00011527168257823521
13644,3.7542528663817544e-05
13645,0.00014898769854175813
13646,0.00010647880730944802
13647,0.00010643205877977743
13648,8.26004453836153e-05
13649,5.268349976371468e-05
13650,5.5374419277440155e-05
13651,0.00011973767967770608
13652,0.000105506717978591
13653,6.44349474086684e-05
13654,0.00011566918174280512
13655,7.976251269163012e-05
13656,6.152271356867432e-05
13657,0.00011211886053880983
13658,7.723699348603376e-05
13659,0.00012368007633318308
13660,2.0518910751277623e-05
13661,6.449269143908313e-05
13662,8.663779105497122e-05
13663,0.00015300143800715222
13664,0.00011875506245074156
13665,0.0002011136231225362
13666,0.00026139907708405154
13667,0.00015659496821114133
13668,7.409569367485634e-05
13669,0.0001285566306311289
13670,0.00017084879539081392
13671,7.381582188474636e-05
13672,0.000186968116582974
13673,5.3668290146638224e-05
13674,0.0001817895808686541
13675,5.432114093035322e-05
13676,0.0002356092027054548
13677,9.497066422044489e-05
13678,0.00014412436712486738
13679,6.905756020340696e-05
13680,0.00010557977592659591
13681,4.429482447004655e-05
13682,8.397440293765199e-05
13683,4.3427640663249715e-05
13684,0.00014436181823512288
13685,0.0001021850555383969
13686,0.0001198954029881613
13687,9.311806709670655e-05
13688,0.00020692323949827597
13689,0.00019165583219477237
13690,0.00016564278962691073
13691,2.980898784687825e-05
13692,0.00023547194198456423
13693,3.825252147562905e-05
13694,4.222092320655831e-05
13695,0.0001826362198710384
13696,9.171450767855211e-05
13697,0.00010172295746094016
13698,0.00012840649100905299
13699,8.650326633461221e-05
13700,0.00015998628383091776
13701,0.0001262317399409227
13702,0.00017706162169169677
13703,6.664176326722426e-05
13704,0.00010919193126801028
13705,8.99843341961879e-05
13706,0.00016937612978845708
13707,4.8591111304094606e-05
13708,7.998833593900918e-05
13709,0.00019298825860385226
13710,0.00023186187140615896
13711,0.0001578171688019634
13712,5.970557503566126e-05
13713,5.403032517272559e-05
13714,0.00014411468994229441
13715,7.551320540365899e-05
13716,5.168634289471901e-05
13717,4.3964071173632486e-05
13718,0.0001207485816924397
13719,0.00023366461193596107
13720,2.136112547100052e-05
13721,7.163852984434106e-05
13722,6.915440862424998e-05
13723,0.00012894935143005325
13724,9.861731807260866e-05
13725,3.929945708548467e-05
13726,9.725713083049456e-05
13727,7.551718091619422e-05
13728,0.00020405882056556072
13729,4.40599359437616e-05
13730,7.244837751593905e-05
13731,5.855748891958424e-05
13732,0.00011883977368180024
13733,0.00011259882101800108
13734,9.881335612127596e-05
13735,0.00014468158303027425
13736,0.00012926799355544982
13737,6.09612946631316e-05
13738,3.2155146484009865e-05
13739,4.0540500070947306e-05
13740,2.846723662674964e-05
13741,0.00012353021522708063
13742,0.0001545745526078979
13743,0.0001151121898776264
13744,0.00013753202956940508
13745,6.294299576171391e-05
13746,0.00022450156204025518
13747,0.00012154785859982628
13748,0.00012153506408618106
13749,4.473526141203679e-05
13750,9.216869397632171e-05
13751,8.110518373158739e-05
13752,5.490593610497327e-05
13753,0.00013640704499639906
13754,3.692012955180797e-05
13755,0.0001386041976783519
13756,7.680150531295687e-05
13757,0.00013863820244417518
13758,2.9692622718067764e-05
13759,7.638452958295405e-05
13760,6.30047280755944e-05
13761,0.00010049319344952753
13762,0.00013704685979327097
13763,0.0001500455184128041
13764,6.891555036712176e-05
13765,7.978786745500182e-05
13766,1.757143623954556e-05
13767,0.00018753708669415353
13768,0.00014050758078059948
13769,0.00012564586513051225
13770,4.278846824067895e-05
13771,0.00026671221846289237
13772,0.0001375967333696619
13773,0.000299291948323389
13774,0.00012017496182813246
13775,5.917462121860067e-05
13776,5.080766428991675e-05
13777,0.0001053533768403284
13778,8.621184342373384e-05
13779,4.1419987281882256e-05
13780,0.0001678511628923821
13781,0.00017932602936369471
13782,0.00010162647017251893
13783,0.00014824212682102317
13784,0.00016798360631218066
13785,0.00014618219965340646
13786,6.011743875071397e-05
13787,8.518800018581325e-05
13788,7.160059618025818e-05
13789,0.00014992756089190855
13790,0.0001072277683701651
13791,0.00013030500546508015
13792,0.0001238290652717814
13793,5.547530614800196e-05
13794,0.000124058976589018
13795,0.0001483255667198275
13796,6.985549950607286e-05
13797,9.725458083475296e-05
13798,0.00021602852946353478
13799,8.858479292281326e-05
13800,0.00015651785302850724
13801,8.045567832770056e-05
13802,9.57531031908246e-05
13803,4.248021396254572e-05
13804,0.00013940626220766976
13805,0.0001167377819861003
13806,0.00017902411775108223
13807,3.977154979855934e-05
13808,4.532615844061225e-05
13809,9.521358185862905e-05
13810,4.827941158707483e-05
13811,0.00010700356568097354
13812,0.00011560139134931155
13813,8.849639727593589e-05
13814,0.0001380801930229499
13815,6.545935655616006e-05
13816,0.00014158120776646893
13817,6.793637891512815e-05
13818,0.0001564691322567217
13819,0.00017765772719916336
13820,5.4716395836448705e-05
13821,0.00017109572340175372
13822,0.00015902927813441755
13823,9.22502537986104e-05
13824,9.839729373685294e-05
13825,6.0002874307335446e-05
13826,4.328590569138649e-05
13827,0.00017026211963616915
13828,0.0005666803567053639
13829,9.712040091660179e-05
13830,0.00012286334283546956
13831,9.627879753419598e-05
13832,0.0003213601681504965
13833,9.065336746583139e-05
13834,9.887945906552607e-05
13835,4.90501768988422e-05
13836,6.741859401333938e-05
13837,0.0001040836947808738
13838,1.667886842661651e-05
13839,0.0001228904363285298
13840,3.861933966048538e-05
13841,0.00011671073275569511
13842,0.00012484244924755244
13843,0.00011416654657418715
13844,0.0001288747076099457
13845,0.00010388231081174978
13846,5.529401825654435e-05
13847,0.00033243239973712525
13848,0.00010271614955735455
13849,0.0001554528214602692
13850,0.00011434068664982984
13851,0.00012291770712457908
13852,0.00013550231487593242
13853,0.00017394138660333593
13854,5.9212803716507425e-05
13855,0.00011340158446798275
13856,0.00011733731302847825
13857,7.32895490953106e-05
13858,3.611418732389955e-05
13859,0.0003333438974978774
13860,9.640238116248275e-05
13861,0.00015647929309013398
13862,0.00020921725957569583
13863,9.117218071366581e-05
13864,0.0002079871985654625
13865,0.00011717729329648396
13866,7.220765123271838e-05
13867,0.0002201130387294463
13868,0.00013381023930454322
13869,9.27236924742653e-05
13870,2.9972991603644655e-05
13871,0.0002959545677622058
13872,0.00013573525613233136
13873,0.00012916192203553604
13874,9.17603644080916e-05
13875,8.772257613335119e-05
13876,4.507728376851828e-05
13877,4.8697729630675266e-05
13878,0.00013982844971923013
13879,9.01798515053493e-05
13880,0.00010199985928220763
13881,7.470298801983542e-05
13882,5.675026253243185e-05
13883,5.716056775123698e-05
13884,8.878957711191114e-05
13885,0.00011730213583463186
13886,0.00014415922116416217
13887,5.3057813795963455e-05
13888,0.00012983862297303103
13889,0.00030340663151458286
13890,9.907364737386825e-05
13891,7.221308176436075e-05
13892,5.100542251140379e-05
13893,0.0001057444949661357
13894,6.605928252103934e-05
13895,0.00023914478459630703
13896,0.00020669441402818597
13897,0.00017099554372516557
13898,0.00015570487238634006
13899,7.648320247516847e-05
13900,6.652230606603529e-05
13901,0.00013453365820938665
13902,0.00016524100479939244
13903,5.862672473628959e-05
13904,0.0001120793573159092
13905,0.00014314085278297367
13906,0.00015669040196803583
13907,0.0001315159915879498
13908,8.800461001573739e-05
13909,0.0001011718004668966
13910,8.235720436150768e-05
13911,0.00021111800270398221
13912,8.120333487260972e-05
13913,8.146214491832322e-05
13914,0.00030698661528851695
13915,0.0002793892133148559
13916,0.00015796924957980628
13917,7.941139410876612e-05
13918,0.00018257035215432941
13919,8.058228101868832e-05
13920,0.00013951782809665803
13921,0.0001172857130438914
13922,8.571229244784474e-05
13923,0.00010656602348044604
13924,0.00015273123610919936
13925,2.2519016607777896e-05
13926,0.0001797573218778013
13927,8.642071290269837e-05
13928,2.3418154836103993e-05
13929,7.928085606165131e-05
13930,8.42821557388727e-05
13931,6.755042517940864e-05
13932,8.61072424754202e-05
13933,6.690539714038876e-05
13934,0.00012039812266534467
13935,0.0001223883622346974
13936,2.324216151098346e-05
13937,0.00012757679787605392
13938,0.00012872717121572219
13939,5.8442581125121325e-05
13940,0.000153314384636976
13941,7.240158465618287e-05
13942,0.00013377799069580332
13943,8.981633215460059e-05
13944,7.147790189130999e-05
13945,0.00012348313562552516
13946,7.79086824432891e-05
13947,0.0001264367611960502
13948,6.688316339598521e-05
13949,3.98234988374841e-05
13950,3.814434427885665e-05
13951,8.516325800893352e-05
13952,9.739748932762393e-05
13953,4.9327143707144e-05
13954,0.00010505597110243131
13955,0.00011894613114539452
13956,0.00013361066654610443
13957,9.686847175728388e-05
13958,1.0282729245090759e-05
13959,0.00012068561306808873
13960,6.294827389567896e-05
13961,0.00017134645088715068
13962,0.0001230176291231941
13963,8.6537726035807e-05
13964,0.00018873952908013533
13965,0.00011157745156134321
13966,8.249403176697872e-05
13967,0.00012717968282789175
13968,0.00014127010708250934
13969,0.000194503826928063
13970,6.0501704734804756e-05
13971,6.353723073244245e-05
13972,0.0001129345553342558
13973,8.946319194816577e-05
13974,0.00017665867599009967
13975,7.907946514305326e-05
13976,9.265626892961973e-05
13977,0.00014898678788085047
13978,3.407545101616042e-05
13979,0.00011362161384115583
13980,0.0001259977939110882
13981,0.00015611341684956568
13982,0.00016340913516588596
13983,6.585179627530176e-05
13984,0.00011195734485773411
13985,0.00016200389477256545
13986,8.825371211188768e-05
13987,0.00023600598870472986
13988,9.611244630994139e-05
13989,0.00020866869708114277
13990,0.00014556546851877012
13991,8.865671337972026e-05
13992,5.939859016708748e-05
13993,0.00011394283118302371
13994,0.00014531002177544002
13995,7.068804063792693e-05
13996,8.541840676005308e-05
13997,7.06064445652193e-05
13998,7.435232529269917e-05
13999,0.00013529385578093427
14000,0.00016728605875667988
14001,0.00013372182356702797
14002,3.571660874584172e-05
14003,0.0001559462008066417
14004,0.00013247203124318294
14005,0.00014278469748444522
14006,0.00012494552541045313
14007,0.00011363579492411707
14008,9.820852267263997e-05
14009,8.657400895027173e-05
14010,6.686771763771463e-05
14011,5.528809414984393e-05
14012,7.504305090528135e-05
14013,8.663738989513281e-05
14014,0.00016189402932186847
14015,7.733354191164483e-05
14016,2.9041026326272686e-05
14017,0.00011650527177144661
14018,0.00010355190689018384
14019,0.00011922421592566683
14020,0.00010141518688118914
14021,9.827861004269627e-05
14022,3.155998251362646e-05
14023,0.0002955485585758922
14024,8.2343483684723e-05
14025,0.00012876033932176904
14026,7.717665805278762e-05
14027,8.465710371859866e-05
14028,0.00010536234328952281
14029,9.991012925713468e-05
14030,7.856191203185018e-05
14031,6.007927636148669e-05
14032,7.569670528319708e-05
14033,4.721371413002672e-05
14034,9.988006640198218e-05
14035,9.936723226846393e-05
14036,0.00011751994306840901
14037,5.4311274098653614e-05
14038,0.00017665281665268045
14039,0.00015855444698822932
14040,4.534882722245591e-05
14041,2.967726225081068e-05
14042,8.091829558683876e-05
14043,9.232344602212793e-05
14044,0.00011655493973048965
14045,0.00011826911736388867
14046,9.555759947953896e-05
14047,4.43084380793617e-05
14048,4.922652935420253e-05
14049,3.646405379154556e-05
14050,9.737595665025315e-05
14051,6.364927888430846e-05
14052,9.342668810229109e-05
14053,2.155713958836245e-05
14054,0.00010845454828646875
14055,8.398311243061007e-05
14056,0.00010288723183844386
14057,6.449027146504254e-05
14058,8.849759048400143e-05
14059,7.544893007795932e-05
14060,8.981743347012017e-05
14061,8.783564872980635e-05
14062,0.0001039137849208929
14063,0.00013034506010689537
14064,0.00017488152472544525
14065,4.246397818519639e-05
14066,6.575231552313975e-05
14067,0.00012106579610970714
14068,4.927769076456754e-05
14069,9.790655902678875e-05
14070,0.000159540766829368
14071,0.000150806068252626
14072,9.779521809659793e-05
14073,7.444499653400146e-05
14074,0.00015254817197123032
14075,8.528115135752773e-05
14076,0.00017696808167976102
14077,0.00012999097102063604
14078,0.00013116632086525008
14079,5.3182809228332855e-05
14080,0.00011469686300968238
14081,7.94194516288516e-05
14082,6.208648596321936e-05
14083,0.0001504792220509436
14084,0.00013879424368787096
14085,4.3381408602959854e-05
14086,0.00018364830834601193
14087,0.0001327840067175637
14088,0.00013009730440409346
14089,9.055709457717821e-05
14090,0.00010003035603741545
14091,0.0001436300697466342
14092,7.419489881727949e-05
14093,0.00012038372803100362
14094,0.00014651905889604062
14095,0.0001421405755612372
14096,2.366305622992827e-05
14097,0.00019194690396810577
14098,5.428872225983947e-05
14099,4.842294874357834e-05
14100,0.0001787935999801408
14101,0.00013018622992955645
14102,8.344946460759317e-05
14103,7.246258805803678e-05
14104,0.00014142940608248547
14105,7.331170322465413e-05
14106,0.00010685069149375074
14107,4.525194493259449e-05
14108,0.00012143648740376228
14109,0.0001631235169782638
14110,0.000147216676395028
14111,0.00014732356523852755
14112,3.174250638758922e-05
14113,0.00021354102950971152
14114,3.680651237429551e-05
14115,0.00014711685332139519
14116,9.208038217590956e-05
14117,8.261357644642842e-05
14118,7.450295787360289e-05
14119,2.9733417489383987e-05
14120,0.0001924954092711802
14121,0.00012354790228349908
14122,7.748776938056566e-05
14123,0.00011494243722453412
14124,7.010499024066309e-05
14125,0.00015171644020142767
14126,4.0559804917775765e-05
14127,7.313327415571703e-05
14128,0.0001009607325305557
14129,0.00015721078712525646
14130,1.9050963726229796e-05
14131,7.343044096006534e-05
14132,8.086340568744676e-05
14133,0.00010300235256688508
14134,6.978429219133041e-05
14135,0.00010970458496132286
14136,0.00011265425711152747
14137,0.00012584502952665448
14138,0.00016052150481047196
14139,0.00011830074654902148
14140,0.0002369790013948432
14141,0.0001261618341682103
14142,0.00013593038002676145
14143,0.0001590031731993485
14144,8.906756298148183e-05
14145,2.875103460493164e-05
14146,0.00013669409354289452
14147,8.865298790160914e-05
14148,7.093008421279905e-05
14149,5.3208810101731535e-05
14150,6.62422831514276e-05
14151,4.693080272989874e-05
14152,9.360732527084293e-05
14153,0.00012121242969022962
14154,0.00010224522904010902
14155,0.00019761044673268603
14156,7.5949079629526e-05
14157,7.8270668851384e-05
14158,7.117904298665427e-05
14159,8.119607892831377e-05
14160,0.00011245837922575717
14161,7.390166723125803e-05
14162,9.095384485921508e-05
14163,0.00022406708298494476
14164,0.00014353558540535313
14165,9.501113271749756e-05
14166,0.00011543463114965404
14167,0.00010688897160830024
14168,7.547096468145014e-05
14169,0.0001116747166428949
14170,8.473539406878e-05
14171,0.00012150346148194439
14172,9.15920200776596e-05
14173,8.798740413591547e-05
14174,7.19729429777431e-05
14175,7.530462117458964e-05
14176,0.00013643839622712697
14177,4.5765660153658274e-05
14178,0.00015650779825038708
14179,9.664598568998532e-05
14180,7.725268536491166e-05
14181,7.241374029751804e-05
14182,9.105393334338893e-05
14183,0.00013247346409053508
14184,0.00013802882956007992
14185,0.0002749285042987992
14186,6.337167908806966e-05
14187,0.00017311861862036817
14188,0.0001681943812941836
14189,9.261522341648218e-05
14190,0.00010665106517963551
14191,4.855664354693295e-05
14192,0.00022026949832108247
14193,3.9477614611842324e-05
14194,0.00016766367786758037
14195,7.774653623600578e-05
14196,0.00012459271128223098
14197,9.604084901215165e-05
14198,4.797786715734915e-05
14199,0.00012153255383177981
14200,0.00018476857550230502
14201,6.432194998115042e-05
14202,0.00015672242709709639
14203,8.909143158315454e-05
14204,7.705359155742567e-05
14205,8.704472773358279e-05
14206,6.246760095446835e-05
14207,7.460600098038213e-05
14208,0.00011330891478581887
14209,0.00018037006989782937
14210,0.0002314900835876492
14211,6.928626815487678e-05
14212,0.0001144666220466722
14213,0.00011584673050078421
14214,8.971385613861843e-05
14215,9.195181907763471e-05
14216,0.00014821156612508833
14217,0.00022355704382053584
14218,0.00018324641882842382
14219,3.8792719598679856e-05
14220,8.171423510506344e-05
14221,5.300810991650142e-05
14222,0.00016943532725613154
14223,0.00012683169611364372
14224,0.00012475599917869065
14225,0.00016462786345243106
14226,0.0001267685699848611
14227,8.887616422247639e-05
14228,0.00010949537026882025
14229,0.00015276097376315544
14230,0.0001004484860111362
14231,0.00016188347063701334
14232,0.00016073765134957954
14233,0.00018009144102568159
14234,7.86879372505178e-05
14235,0.0002132750049818915
14236,8.574114238464804e-05
14237,0.00013227861927734796
14238,0.0002456615246102521
14239,9.600231089303107e-05
14240,4.735930541256515e-05
14241,4.885897337601043e-05
14242,9.719829719721543e-05
14243,0.00016457975167096588
14244,0.00013278533621224615
14245,2.3468458106324267e-05
14246,3.0342730871082346e-05
14247,0.00011544189020959997
14248,7.576339839985663e-05
14249,6.026969034937211e-05
14250,6.399036658918085e-05
14251,8.365047741041616e-05
14252,4.0541325832822214e-05
14253,9.711278613084837e-05
14254,8.47852780711108e-05
14255,0.00010431531693908054
14256,0.00013604555966023792
14257,0.0002206558067125493
14258,4.213957921540407e-05
14259,0.00016368271073585297
14260,0.00010078017882086553
14261,9.888634694957436e-05
14262,8.41972534611419e-05
14263,0.00014985106136210328
14264,0.0001536950786356347
14265,0.00011417130756455693
14266,6.377185137857303e-05
14267,0.00016226458023878786
14268,6.608104910197629e-05
14269,0.00015175061617467642
14270,0.0001481117566753618
14271,5.834926246548519e-05
14272,0.0001342673829459504
14273,6.446727078198363e-05
14274,0.0001268901426913999
14275,0.00014064872655149383
14276,0.0001022376852706086
14277,9.043296439926413e-05
14278,6.164027284402911e-05
14279,8.180365617113672e-05
14280,0.00010374877701625772
14281,0.0001307985619934505
14282,5.893135497929679e-05
14283,0.00017095146223675348
14284,5.617039460504222e-05
14285,0.0001549428019524157
14286,0.00019037181867369153
14287,0.00019978335564570864
14288,5.4904119033687226e-05
14289,0.00017416290062483686
14290,2.2246831544566576e-05
14291,8.208848436218517e-05
14292,0.00021639709134311076
14293,0.0001420152858065941
14294,8.851345087736707e-05
14295,9.87050433676206e-05
14296,9.811524051541061e-05
14297,7.976900424714838e-05
14298,0.0001468521998777893
14299,5.5139648806275905e-05
14300,9.807242065969807e-05
14301,0.00012253381414634358
14302,0.0001982515952453456
14303,0.00010524909274400949
14304,6.779412158627628e-05
14305,0.00013864366042591476
14306,5.5324212663362195e-05
14307,0.00021510170343385626
14308,5.982261752779627e-05
14309,0.0001275593543503
14310,6.10648565617905e-05
14311,2.961278319350131e-05
14312,0.0003195131371510334
14313,0.00014883226093787358
14314,0.00020025556391529677
14315,0.00016501108392857813
14316,0.00017743100057543033
14317,0.00015139085861293308
14318,7.19528108841926e-05
14319,0.00010784236847242014
14320,0.00013153048672391381
14321,0.00015000203545655042
14322,0.00020029753506682884
14323,5.938824717070087e-05
14324,3.296650632937046e-05
14325,0.00011453701432417577
14326,3.736764641158187e-05
14327,7.094545997230831e-05
14328,0.00010156363478579831
14329,6.491068435523878e-05
14330,4.703776630059396e-05
14331,0.00014715593927846482
14332,5.9239730076188774e-05
14333,6.757671979958997e-05
14334,7.105798086255617e-05
14335,5.583810232612857e-05
14336,6.354008607785728e-05
14337,0.0001422805031423591
14338,0.00019160140592262528
14339,4.5924396788509977e-05
14340,0.00010051834851724084
14341,0.00012866061508099732
14342,4.808956036775154e-05
14343,5.535627437129581e-05
14344,7.372492888087664e-05
14345,0.00018357366347980248
14346,0.0001347041655376901
14347,8.832862915137627e-05
14348,0.0002814527414497352
14349,0.0001434350236182826
14350,0.0002168519231969506
14351,0.00019684119103292234
14352,5.424731563744836e-05
14353,0.0001642099992194613
14354,7.683381374385495e-05
14355,0.0001577562805656462
14356,0.00013246816231626495
14357,0.00011841462809200932
14358,0.00011886344050491109
14359,8.366898067173984e-05
14360,6.263288699492742e-05
14361,0.0001320224215336788
14362,6.114855694354989e-05
14363,0.00010948841752436153
14364,3.116757680403411e-05
14365,0.00017984800942032165
14366,0.0001081622596024567
14367,6.954550355230497e-05
14368,0.00012716801754247245
14369,0.0001063333499706406
14370,0.0001709783521953531
14371,6.91442443615205e-05
14372,9.474034330286783e-05
14373,9.235635136778451e-05
14374,8.859771190546807e-05
14375,0.00024737793376543006
14376,0.00012105029409851807
14377,0.0001804805991928923
14378,0.00014923432621685904
14379,7.067295540679879e-05
14380,2.3849053475751518e-05
14381,0.00019757726664026507
14382,5.9210689167996844e-05
14383,0.00011423018377850735
14384,0.0001876628119966131
14385,9.548380010387349e-05
14386,3.747628409376719e-05
14387,0.00012937586186229365
14388,0.00014174835743359365
14389,0.00015034347685139785
14390,0.00017583432060450365
14391,5.4343443937591465e-05
14392,0.00014039558296824014
14393,3.977046708219777e-05
14394,0.000125556334732498
14395,8.606564708707638e-05
14396,9.249144117216646e-05
14397,6.731516638540818e-05
14398,5.531004520491824e-05
14399,0.0002263016390336411
14400,9.110035276180552e-05
14401,4.8619686267760206e-05
14402,0.0001450866821342288
14403,0.00013576826572112328
14404,4.7114160634773776e-05
14405,0.00011498965722486293
14406,0.0001028071820024296
14407,8.179762499568359e-05
14408,0.00018590876257809383
14409,9.098926756677293e-05
14410,0.00018022121990920559
14411,0.00017033478000339904
14412,5.473885831759569e-05
14413,7.290572759243653e-05
14414,7.132288252990334e-05
14415,4.7151724682491014e-05
14416,0.00010409125488677169
14417,0.0002004527418884183
14418,9.141173807552127e-05
14419,5.878401594923284e-05
14420,9.526678455749455e-05
14421,9.46946191625864e-05
14422,1.940201303290146e-05
14423,0.00015762148409388123
14424,9.766168087462944e-05
14425,9.398945023408386e-05
14426,3.05651618108463e-05
14427,0.00033482297637454656
14428,7.732437927310513e-05
14429,0.0002362369836186213
14430,6.259671619953472e-05
14431,6.96226076982853e-05
14432,0.0001205335124863824
14433,6.758955586774924e-05
14434,9.787575915163864e-05
14435,0.0001766806085760953
14436,0.00010429671908498986
14437,8.482409470432068e-05
14438,9.389944332982918e-05
14439,3.364829686812071e-05
14440,0.00011500543629155025
14441,3.422925339763298e-05
14442,3.309713334834947e-05
14443,6.175935467842681e-05
14444,8.095784996748896e-05
14445,0.0001614277644393235
14446,0.0001110873557009788
14447,0.00021886893185217083
14448,5.598214042659327e-05
14449,0.0002781751550356113
14450,0.00012099740498504688
14451,8.025345790222497e-05
14452,4.241368707221733e-05
14453,0.00019534322010367577
14454,0.00012199795246175437
14455,0.0001126506986318874
14456,9.113126994945182e-05
14457,8.656897928811264e-05
14458,6.68737856101182e-05
14459,0.00011959467648504923
14460,0.00011390977385367151
14461,0.00018818682370585522
14462,8.041416647120392e-05
14463,0.00021057574146545694
14464,0.00013382772404863864
14465,0.0001814266390473439
14466,8.939283189082745e-05
14467,0.0001675476919524117
14468,0.00013978705234702626
14469,5.495833601542649e-05
14470,8.443092960182757e-05
14471,0.00011346764291916906
14472,0.0001863607103384933
14473,0.00011583076441862143
14474,1.908455071327093e-05
14475,0.00024151613304147985
14476,0.00011221035794733538
14477,9.897330650171022e-05
14478,9.230006315007659e-05
14479,0.00014402109077393528
14480,0.0001247962574512915
14481,0.00014759579372243485
14482,0.00021657183153226577
14483,8.014632960885167e-05
14484,0.00010107622446201186
14485,7.013242093882384e-05
14486,3.586814983524576e-05
14487,5.995749814317995e-05
14488,0.00010433375635185677
14489,7.300035199678266e-05
14490,4.879493366105102e-05
14491,0.00011893708857923271
14492,0.0001265400540338832
14493,5.39089611753412e-05
14494,4.520523019574056e-05
14495,6.843531764974683e-05
14496,0.00010070196529345514
14497,0.00022914435481826619
14498,0.00016475574413625204
14499,0.0001520528742576211
14500,5.978979847774306e-05
14501,0.00010450641814199402
14502,6.887041199384968e-05
14503,0.00029085618362077834
14504,5.1094424994801886e-05
14505,8.558414359128484e-05
14506,0.00019509073954081677
14507,0.0002278715066692257
14508,7.886829999118094e-05
14509,7.188737128488548e-05
14510,0.0002453757039896129
14511,9.911139522240356e-05
14512,0.00010498382604006787
14513,0.00022237043943424816
14514,0.00018576392293019093
14515,9.764769164150467e-05
14516,6.971457480174013e-05
14517,0.0001518428116618634
14518,0.00016689052038907192
14519,4.882990300600031e-05
14520,5.1262515640581196e-05
14521,3.2620401540757536e-05
14522,0.0002066331550391182
14523,0.00020497210470478967
14524,9.409771492902282e-05
14525,9.159593125099943e-05
14526,8.116280302612919e-05
14527,0.0001796809885994993
14528,0.00014862347699743105
14529,0.0002334657266295813
14530,6.02671258351006e-05
14531,0.00011160808689713184
14532,4.437937757739409e-05
14533,5.1455581080734326e-05
14534,0.00028686041384566276
14535,0.00018139167023245546
14536,3.6068642058522676e-05
14537,0.00015747818676568377
14538,4.666228828729919e-05
14539,5.833858766239318e-05
14540,6.508395716836052e-05
14541,0.00012619818888675747
14542,4.070400787310824e-05
14543,0.00016310564609695684
14544,8.46287824443182e-05
14545,0.00019335975851733858
14546,0.00010041082219505151
14547,8.765624016592177e-05
14548,4.6322474252404405e-05
14549,0.00013389491836861945
14550,0.000129220409468377
14551,0.00014070755300593738
14552,6.231262583966076e-05
14553,7.360570995287181e-05
14554,3.745356113485692e-05
14555,0.0002644750351938778
14556,6.219586652712779e-05
14557,2.8414713715165252e-05
14558,9.894946677725322e-05
14559,0.00010121179759076136
14560,0.00014540924118955137
14561,0.00012387169720292826
14562,9.142875213688272e-05
14563,9.936309650102084e-05
14564,9.841982069209194e-05
14565,6.850228675197026e-05
14566,1.5720121874586275e-05
14567,3.12945142556474e-05
14568,0.00013226089881758501
14569,0.00014296266679803563
14570,0.00020485608130494477
14571,0.00011347310957919445
14572,0.000256235322690993
14573,8.785401269130195e-05
14574,0.00017069530101977693
14575,5.536403308783923e-05
14576,8.488629846857215e-05
14577,0.00011022235974212802
14578,0.00019694904754698482
14579,9.266082346079323e-05
14580,8.166071950851424e-05
14581,0.00016985920380194392
14582,7.534154669531731e-05
14583,8.862303562416873e-05
14584,0.0002041467621128754
14585,0.0001559162010543194
14586,0.00014945242526506487
14587,5.736402356223379e-05
14588,4.664112920258182e-05
14589,3.0262242356327162e-05
14590,7.546000711236342e-05
14591,0.00013281500216848636
14592,7.975625348592808e-05
14593,0.00011068255578020884
14594,0.00021096893881443937
14595,0.00015314697019116642
14596,0.00012261889042567193
14597,0.00022883600825337208
14598,8.004380457200687e-05
14599,0.00013198486945579783
14600,0.00014008915539293269
14601,0.00020287388780893266
14602,5.3972456722806036e-05
14603,9.111911992739751e-05
14604,6.656454326878347e-05
14605,5.749398397692422e-05
14606,8.78738855766334e-05
14607,8.822254254036627e-05
14608,8.933404246763317e-05
14609,8.66392344409473e-05
14610,5.44808553681916e-05
14611,8.112198083121059e-05
14612,0.00018016448108085125
14613,0.0001678586156125959
14614,0.00010121346886594045
14615,6.857839691862632e-05
14616,6.11908420321102e-05
14617,6.82063592458445e-05
14618,0.0001229750448135798
14619,0.0001578806065998168
14620,6.055913982143763e-05
14621,5.353968345602639e-05
14622,0.00011394374388516509
14623,5.6655252690003476e-05
14624,0.00010837198174011395
14625,3.5447604553662524e-05
14626,0.00011243242163154075
14627,0.00010980448610665612
14628,9.874697925462369e-05
14629,6.570795449237266e-05
14630,9.54235029835402e-05
14631,0.0001320550744420708
14632,0.00011528834963141227
14633,0.00011123078034755497
14634,1.3151685399310683e-05
14635,7.589619583581376e-05
14636,0.00012782694248851417
14637,0.00011274260106392424
14638,9.145911524068695e-05
14639,0.00023248271085258692
14640,7.889532160692474e-05
14641,0.00013832499938367678
14642,3.823417776330821e-05
14643,4.939604043056331e-05
14644,0.0001086822405822128
14645,0.00011724278216883046
14646,0.00012901100654782337
14647,6.20788938666574e-05
14648,0.000112434607062912
14649,7.37661567923001e-05
14650,6.178001345608342e-05
14651,0.00015618126392241412
14652,0.00024430248207634413
14653,9.324037205716925e-05
14654,3.062065397472899e-05
14655,7.14471642090428e-05
14656,2.79082345589404e-05
14657,7.218629694434939e-05
14658,0.00015857827261617422
14659,8.497379766300183e-05
14660,7.098207609279997e-05
14661,0.00015406753678870176
14662,0.00011960532460943366
14663,5.473384223387803e-05
14664,8.158488711402401e-05
14665,7.072553463607464e-05
14666,0.0002260411491333062
14667,3.003703467050422e-05
14668,3.801343540906641e-05
14669,0.00018655881225006934
14670,7.332600550003255e-05
14671,2.979105209992763e-05
14672,4.857273605136928e-05
14673,0.0001369596694747595
14674,3.398978858399906e-05
14675,6.37028247075971e-05
14676,0.0001301003040429238
14677,0.00014555952476646747
14678,0.00020360744094547153
14679,0.00036216663113719847
14680,0.000117885309481019
14681,6.255637890603661e-05
14682,0.00018781359972499742
14683,0.00011629552495422295
14684,8.027470018682205e-05
14685,0.0002016833058766459
14686,0.0001358814766286287
14687,2.417030348339293e-05
14688,0.00015714887901302496
14689,5.10733613675794e-05
14690,7.916394937672438e-05
14691,8.74714020602158e-05
14692,9.319844892506579e-05
14693,5.897005897764667e-05
14694,0.00014367367822047108
14695,7.062374347939142e-05
14696,0.00017665754801977175
14697,0.00010319641688200435
14698,8.368834355416574e-05
14699,8.778844615544783e-05
14700,0.00015038598767656356
14701,0.00017393919890802706
14702,8.645324509640715e-05
14703,2.3529435939084064e-05
14704,0.00018707944140604506
14705,0.00010472242787010417
14706,0.00010362652693886327
14707,0.00023517330795024997
14708,9.441799713209124e-05
14709,0.0001639425533944348
14710,0.0001835380835754542
14711,0.0001586834056228107
14712,0.0001019714219352897
14713,0.00011994209413676788
14714,0.00025174220539486724
14715,0.0001403645095614801
14716,6.300743263099348e-05
14717,0.00013584515689512455
14718,6.949767211003813e-05
14719,0.0001351241133274451
14720,6.297822290428008e-05
14721,0.00018284730588758954
14722,8.560539447596606e-05
14723,3.5384765398734144e-05
14724,0.00019448989223939245
14725,0.00016888008644532992
14726,7.757456181563141e-05
14727,6.12328749337728e-05
14728,0.0001374742958141862
14729,9.442187580584138e-05
14730,0.00011914272727472496
14731,0.00010142511478655956
14732,3.591067934267329e-05
14733,0.00013458130328075638
14734,7.636519260554217e-05
14735,5.930981053497842e-05
14736,0.0001726825690548616
14737,0.00013670959033998837
14738,0.00013916960303159706
14739,0.00021625054259902823
14740,0.00019843354377268072
14741,8.939181569407869e-05
14742,3.710642206739377e-05
14743,0.00015927048389800634
14744,0.00015351946754427296
14745,6.69403737282787e-05
14746,0.00013562348104596445
14747,0.00010344906837057556
14748,3.7697904563684924e-05
14749,0.00013151423428931492
14750,8.255151561306536e-05
14751,8.567225327503266e-05
14752,2.9119803133214993e-05
14753,0.00020509988150324693
14754,0.00023586803244315073
14755,0.00015672471655449408
14756,0.00010831758277184703
14757,6.133829325172564e-05
14758,4.296854173478313e-05
14759,0.0001958944834666397
14760,8.881705031491163e-05
14761,0.0002225977963870682
14762,0.0002984914985966787
14763,0.00023425349108604474
14764,6.983480958015921e-05
14765,0.0001016073694755104
14766,7.109339365221788e-05
14767,0.0001556632117247451
14768,4.431453807918197e-05
14769,0.00014252135970457982
14770,0.00021995565718102792
14771,0.00012207516836813324
14772,0.00021763064353062537
14773,0.00011129172484265678
14774,8.736763055449637e-05
14775,6.483290266096864e-05
14776,3.365381918949407e-05
14777,0.00010143665041117232
14778,3.1965945641876493e-05
14779,0.00012140704256691114
14780,7.690326753763863e-05
14781,0.0003323669913395939
14782,0.00015428407562437558
14783,7.269472172488586e-05
14784,0.0001594923578742901
14785,0.00015017965073905554
14786,0.00019798073579060572
14787,0.00021549672226310054
14788,0.00010099846503910577
14789,6.345555927344638e-05
14790,0.0001150601574076902
14791,6.725922303197876e-05
14792,0.0001092349441311473
14793,0.0001126206055702565
14794,5.11318487102373e-05
14795,2.7800789955332794e-05
14796,5.757953621762228e-05
14797,3.615106792670854e-05
14798,3.5236118256153547e-05
14799,9.360339642364683e-05
14800,6.881398660591465e-05
14801,8.749112810978375e-05
14802,0.00010233633324265072
14803,7.18125137869789e-05
14804,0.00012989188636934544
14805,6.26154275541181e-05
14806,0.0003100746068666777
14807,0.0002207969603253307
14808,4.896513367145767e-05
14809,8.105655804392047e-05
14810,0.00016549483069838922
14811,7.947260273770054e-05
14812,0.0002214432798607863
14813,9.574093757895533e-05
14814,0.00010525230632894198
14815,5.528597095281526e-05
14816,9.949771219046718e-05
14817,5.633036428701321e-05
14818,0.00014572058922630916
14819,0.00011928157096126367
14820,8.480404927914013e-05
14821,0.00010107259248523406
14822,0.0001665274343605842
14823,0.0001223484601923492
14824,0.00010706794000388905
14825,8.872972641468869e-05
14826,7.179171996021005e-05
14827,8.878764500073838e-05
14828,0.000202174149987066
14829,3.092260375200627e-05
14830,0.00010562986517524568
14831,4.3145755762772596e-05
14832,8.83882863369093e-05
14833,4.421197145716899e-05
14834,0.00014322802017819586
14835,9.838572280809654e-05
14836,9.459381802682733e-05
14837,0.00018987815310955784
14838,8.447562120903424e-05
14839,6.37118065021963e-05
14840,0.00010140699143269173
14841,0.0001450752642563102
14842,0.00013624294153495998
14843,0.00016456346186750976
14844,1.6971813168642977e-05
14845,0.00016827068582390948
14846,5.615022051263442e-05
14847,0.00011393306866777745
14848,0.00012740782095303597
14849,0.0001234944435160072
14850,0.00010095766505155616
14851,0.0002220204620103856
14852,0.00019684628696133336
14853,0.00013543893407403696
14854,0.00010404055390718044
14855,0.000165222490568424
14856,0.00011398989593674802
14857,0.00011166643410821252
14858,0.00016032426653725333
14859,0.00019893863711383094
14860,6.661582044230226e-05
14861,0.00019583111535906262
14862,7.798456214586057e-05
14863,0.00015233036051511174
14864,0.00012830398496730007
14865,0.0001753098219976024
14866,2.8746737565406925e-05
14867,0.00015360345262756343
14868,0.00016079856941955797
14869,5.0697323514986236e-05
14870,0.00021445493329248197
14871,0.00012890159181346404
14872,8.635847257141439e-05
14873,0.00013039302147898265
14874,7.794637672918664e-05
14875,7.100039355858139e-05
14876,0.00014287289322559738
14877,0.0001872358287500902
14878,0.00014017826483346782
14879,0.00012181845492232856
14880,0.00013459213324720188
14881,0.00014558492467113592
14882,0.00017309860405249113
14883,0.00017466755285568795
14884,0.00012572532845375595
14885,0.00012409196818621154
14886,9.82105115528124e-05
14887,5.4945708519758526e-05
14888,0.00013706951405448688
14889,8.377579580425737e-05
14890,0.00014668639560922665
14891,8.93749899596362e-05
14892,0.00014813675346963658
14893,5.2264133995431124e-05
14894,6.662680234723266e-05
14895,0.00017373507423155927
14896,8.920321877912334e-05
14897,0.00013419600117531763
14898,4.6517691114739834e-05
14899,6.027900682401975e-05
14900,8.720067834709129e-05
14901,0.00012360058188759867
14902,9.528207704668075e-05
14903,0.00015734045515519926
14904,4.914224356839534e-05
14905,6.687621217109129e-05
14906,0.00012562242214502722
14907,0.00018850655834686125
14908,7.950305580817373e-05
14909,3.585636889322823e-05
14910,0.0001279688580029841
14911,0.0001434258024656287
14912,6.229678590061428e-05
14913,4.6655787873829627e-05
14914,0.00012335860681842445
14915,0.00010651643479050217
14916,0.0001357599072425373
14917,0.00013933473394597026
14918,0.00014656551796517317
14919,0.00012703689590376773
14920,0.00015800845925179163
14921,7.482083678846575e-05
14922,8.053005438178327e-05
14923,0.00024711232101283444
14924,5.216505824884908e-05
14925,4.410809617305035e-05
14926,7.427910878108883e-05
14927,9.970333667007142e-05
14928,8.300988627021339e-05
14929,4.937941374857566e-05
14930,0.0002139531529721857
14931,8.318411296528446e-05
14932,0.0001509862794067049
14933,0.00010169250764372902
14934,0.00012655694306005366
14935,0.00013120786351586823
14936,0.000232895249797428
14937,0.00010520185749478011
14938,3.458882307919069e-05
14939,0.00010901484393996375
14940,0.00016364956360165445
14941,0.0002171960289664118
14942,0.00021932116316929272
14943,6.95909836283484e-05
14944,6.327785424771393e-05
14945,7.261061644437734e-05
14946,7.51567960834353e-05
14947,0.00020790545459711753
14948,9.659552258868183e-05
14949,3.13849751098052e-05
14950,4.02277757453162e-05
14951,0.00010938646358300914
14952,8.500589441359298e-05
14953,0.00010286148510685088
14954,7.359520758460894e-05
14955,7.834295559227061e-05
14956,0.00012327616978888292
14957,0.0001555690831607498
14958,0.00031259773883553715
14959,0.0001400638475768452
14960,0.00014560851717243685
14961,0.00025415994259776894
14962,9.538841016868129e-05
14963,6.511372801176055e-05
14964,0.00012325794784055823
14965,3.716682076610075e-05
14966,0.0001003707527663748
14967,7.326939375983297e-05
14968,3.960469307157677e-05
14969,7.237769606547584e-05
14970,0.0001411466337142428
14971,9.805246270235602e-05
14972,9.306222708537734e-05
14973,5.5055424602257556e-05
14974,0.00010898117537898552
14975,8.873289703644171e-05
14976,0.000366216954657735
14977,5.24773955381824e-05
14978,0.00011214932252297606
14979,9.83892594675466e-05
14980,0.00011854481228493976
14981,7.254807640664944e-05
14982,2.2798318919750483e-05
14983,9.504820837122924e-05
14984,5.227709056860027e-05
14985,0.0002083340917237173
14986,7.601261448135541e-05
14987,0.00018634527677806616
14988,0.00012768942550239802
14989,0.0001516687527545773
14990,5.727346738805669e-05
14991,8.918829133557455e-05
14992,6.586506109604398e-05
14993,6.541149535104188e-05
14994,4.039796945853436e-05
14995,9.158807792785181e-05
14996,5.6103477202496405e-05
14997,8.594495213408315e-05
14998,0.00019484989641798723
14999,5.1532537086290604e-05
15000,0.00013229036679266427
15001,4.38747943386147e-05
15002,0.00021663528716460813
15003,8.565437497458451e-05
15004,9.82450653294289e-05
15005,0.0002788613458061817
15006,0.00012804640074896715
15007,0.00011831164097191927
15008,6.249211224220834e-05
15009,0.0001276606434449959
15010,0.00014545172862170561
15011,5.355919622693204e-05
15012,8.826114774657414e-05
15013,3.176508848329581e-05
15014,0.00011901995317533144
15015,0.0003379659631579954
15016,7.48635005077948e-05
15017,3.6391892242573205e-05
15018,0.00012449933484986778
15019,0.00010433953780782421
15020,7.191929324046187e-05
15021,0.00013446626972965042
15022,0.00020142476247549663
15023,8.463509101202529e-05
15024,0.00017041031302048149
15025,0.00015210736439805422
15026,4.6500164135032557e-05
15027,5.995867228102034e-05
15028,0.0001416249607680374
15029,6.712053280725667e-05
15030,7.137160249896454e-05
15031,7.92163195097644e-05
15032,0.00012781768833730988
15033,9.089493879492545e-05
15034,0.00010174761672696262
15035,0.0001264295759181766
15036,0.00019055290991659403
15037,0.00014201484526683218
15038,5.641975131023381e-05
15039,3.886103002278833e-05
15040,0.00016896044733292166
15041,7.883288072691114e-05
15042,4.462696123261205e-05
15043,0.00018221672490244134
15044,0.00031412413362606414
15045,0.00021904013637813677
15046,7.914582193670579e-05
15047,8.190373210491664e-05
15048,0.00029181014969357046
15049,8.610368959866277e-05
15050,8.30500212744864e-05
15051,0.00014705225199656468
15052,8.69686770538306e-05
15053,4.571789543393777e-05
15054,5.582486570938524e-05
15055,0.00013413050098572382
15056,7.57109903697076e-05
15057,0.0001414639081455313
15058,0.0001345458809328112
15059,0.00010417260065245805
15060,2.986603669336782e-05
15061,0.0001492917258374006
15062,9.913227160147867e-05
15063,9.766253967891694e-05
15064,0.00010191946114284958
15065,0.00013893257575288634
15066,3.029240332570885e-05
15067,6.879465755066604e-05
15068,4.7383366288100854e-05
15069,0.00011205537216855837
15070,7.188691993179237e-05
15071,1.4959614284043434e-05
15072,9.189844214344873e-05
15073,0.00011243231724191148
15074,0.00010139062682434777
15075,6.180946888159096e-05
15076,0.00011473897573229661
15077,9.132090351469423e-05
15078,0.00013764714217809814
15079,2.2856143386570154e-05
15080,4.806752920199825e-05
15081,5.515656568079288e-05
15082,8.442293218968793e-05
15083,5.151893143350593e-05
15084,4.696440732222845e-05
15085,0.00020584311827750198
15086,3.6673255380729286e-05
15087,8.007482787809329e-05
15088,7.480059078481056e-05
15089,7.920327172540146e-05
15090,7.03412467462453e-05
15091,0.00015671779046127685
15092,0.00011606963221263321
15093,0.00012273664041109603
15094,0.00010214506499756663
15095,0.00013805245616513857
15096,0.00013150968327198611
15097,0.00015219166313801345
15098,5.4668431273062034e-05
15099,2.923541823478595e-05
15100,0.00021684548191387815
15101,5.0378147527190575e-05
15102,0.0002908437991471768
15103,6.10723726404381e-05
15104,5.2657572815060075e-05
15105,8.028668060359006e-05
15106,7.866409684113005e-05
15107,9.000277191267416e-05
15108,0.0001494979769617187
15109,6.528219755888032e-05
15110,0.00022587838314330159
15111,9.966191335530208e-05
15112,4.499210784948716e-05
15113,0.00021032658250757567
15114,0.00017399661018482456
15115,0.00021005888752574604
15116,5.484550303027724e-05
15117,9.70167035420552e-05
15118,8.2992917719452e-05
15119,7.189808682162089e-05
15120,0.00015578510140299153
15121,6.617195375553438e-05
15122,7.761385975177455e-05
15123,8.469286880251633e-05
15124,0.00014620398759506646
15125,8.513753439606258e-05
15126,8.630341954553849e-05
15127,0.00011714187527989673
15128,8.609818688204323e-05
15129,0.00010206311072753789
15130,1.6643247761337162e-05
15131,8.923505889953324e-05
15132,0.0001678709242919485
15133,0.00011720101438225639
15134,8.127190581710249e-05
15135,0.00013146300640598835
15136,5.048485698771318e-05
15137,9.105866499707021e-05
15138,9.323684001623237e-05
15139,7.681141984660389e-05
15140,0.00015023659197827103
15141,8.870119420336956e-05
15142,6.9454944084776155e-06
15143,6.517945143297621e-05
15144,4.7571026773101215e-05
15145,0.0002461862557212764
15146,2.861249087129882e-05
15147,0.00013025373891554774
15148,0.00013003094955791464
15149,0.0001038627460318034
15150,0.00011393774561087722
15151,0.00013966156535508256
15152,6.682337850562053e-05
15153,0.00012300255859281584
15154,0.00013265454822175966
15155,3.782174291694332e-05
15156,0.00013530158238211502
15157,5.1384884419875106e-05
15158,8.293864810526353e-05
15159,0.00010653321965443913
15160,0.00013598098829357722
15161,3.904568906462801e-05
15162,0.0001345870953072941
15163,0.00018740684241958351
15164,5.49656562461863e-05
15165,0.00010731326786444194
15166,0.00011197856764723346
15167,8.934847769156045e-05
15168,3.239423515054925e-05
15169,7.045164183638135e-05
15170,0.00015591497439553398
15171,0.00011281991296981432
15172,0.00015711244403516928
15173,4.436372613976562e-05
15174,0.00012638565749253477
15175,6.244857526312055e-05
15176,0.0002543704185113861
15177,0.00011935369342781286
15178,8.732854817094302e-05
15179,5.2082754616958195e-05
15180,6.291283956536369e-05
15181,9.425392094008313e-05
15182,5.929209479423143e-05
15183,0.00012158551593756731
15184,8.958672592100795e-05
15185,4.272422282926426e-05
15186,6.082711465546633e-05
15187,0.00011086270406923562
15188,3.2502697303993296e-05
15189,0.00012282201536379308
15190,0.00011036381127215343
15191,0.00022621312783777052
15192,5.961917763848011e-05
15193,0.00015737159074879825
15194,8.227972704711239e-05
15195,7.849271381330189e-05
15196,0.0001648165417492638
15197,9.855638449224392e-05
15198,8.28797245842126e-05
15199,0.00014753799075365524
15200,9.233645276935635e-05
15201,0.0002774735358574655
15202,3.29097074698306e-05
15203,0.00010280290844220293
15204,0.00019575103862610096
15205,0.00011077967357107021
15206,0.0001274422165097494
15207,0.0001590843903411599
15208,6.615640419401052e-05
15209,6.469795738414339e-05
15210,0.00011093120563455115
15211,0.00016015236119365598
15212,6.459334581871604e-05
15213,0.00018042884506772503
15214,0.00021906737897949778
15215,9.14249667879171e-05
15216,9.647399711969868e-05
15217,9.866422594146222e-05
15218,6.776075914300015e-05
15219,8.639161322201778e-05
15220,0.00012578911824182398
15221,0.0001348866936520792
15222,0.00015650036728433804
15223,0.00010346144335514783
15224,5.328353157214467e-05
15225,0.0001684430064933883
15226,0.00010383939655832595
15227,0.00021415443444430408
15228,0.00011464712935861859
15229,4.509630481041902e-05
15230,8.593862067799854e-05
15231,7.816793545614183e-05
15232,8.183799071886319e-05
15233,0.00011953824018823344
15234,0.0001715989795429312
15235,0.00013512892391325074
15236,4.8705088569258104e-05
15237,0.00010970684498210509
15238,5.119536695432119e-05
15239,7.269122787134382e-05
15240,7.831044491941595e-05
15241,0.00011135403936217853
15242,5.1106878530981404e-05
15243,5.596462746624254e-05
15244,0.00015231682334626763
15245,0.00010700079972986333
15246,0.0001583331091500083
15247,0.00014608651992431708
15248,5.725610249466475e-05
15249,5.941772755079144e-05
15250,7.056230499319329e-05
15251,6.395302723547583e-05
15252,0.0001243285540789744
15253,0.0004062381148479844
15254,0.0001551734074411172
15255,7.264752073866238e-05
15256,0.00010160505664244238
15257,5.020067108521811e-05
15258,4.6424537666150766e-05
15259,6.887761003900461e-05
15260,0.00011431320740624049
15261,4.5209725633670054e-05
15262,0.00013698538570733107
15263,7.21370262825261e-05
15264,6.35349614517251e-05
15265,0.00010344381019778875
15266,0.0001194141915537725
15267,0.00014241786414177624
15268,5.5993392640781356e-05
15269,6.921492644051811e-05
15270,0.0001645666369815616
15271,0.00011805662290137216
15272,7.626473561635307e-05
15273,0.00012997574547636632
15274,0.00016619915836702448
15275,8.290728806921846e-05
15276,9.086586847181897e-05
15277,5.118890203027794e-05
15278,0.00013446617729321103
15279,3.36749911010687e-05
15280,0.00010986120609034421
15281,0.00010426746303617655
15282,9.799117698504136e-05
15283,9.143225523382858e-05
15284,8.138627808440947e-05
15285,6.684409941376404e-05
15286,0.00029938110640514445
15287,0.00010359214034743797
15288,7.430552665426696e-05
15289,0.0003048703233153694
15290,7.642578968440587e-05
15291,4.876584503641505e-05
15292,0.00011747719503786678
15293,0.0001091570547081431
15294,0.00011128573360119344
15295,0.00010341047282961158
15296,9.809862854109573e-05
15297,4.843459668302309e-05
15298,0.00013896987789111917
15299,3.988489072564552e-05
15300,8.845487543235865e-05
15301,0.00030369200393486946
15302,9.188752838091272e-05
15303,6.361064556185242e-05
15304,0.00012239106576314383
15305,6.553337740375267e-05
15306,8.939314794633124e-05
15307,0.00010449620852262474
15308,0.0001802452227019287
15309,7.804918622017822e-05
15310,5.8227034893238015e-05
15311,5.7735152128609056e-05
15312,0.00010941433279555196
15313,0.00010301811677428193
15314,0.0001549864298326711
15315,0.0001190171627832878
15316,0.00012199027775382465
15317,7.90856370470403e-05
15318,9.486631761893791e-05
15319,0.0001517154322484635
15320,0.00010925103647874735
15321,7.657507041844702e-05
15322,0.000102059558215389
15323,5.6540809438254404e-05
15324,0.00010155745468069608
15325,6.988138704740014e-05
15326,0.00011526228122098793
15327,0.00010962594674962982
15328,7.349290835891044e-05
15329,5.546042370274808e-05
15330,0.00011644403354592575
15331,0.0001210990752045184
15332,8.880628017931706e-05
15333,0.00013715620164795608
15334,9.939835179804134e-05
15335,0.00010916971076210214
15336,5.620906414906899e-05
15337,0.00014767625429308576
15338,6.663232597626849e-05
15339,8.606662140654474e-05
15340,6.745444821096191e-05
15341,6.010901126339675e-05
15342,6.121110799238017e-05
15343,0.0001735737273042368
15344,0.00012037896558024299
15345,2.4053727061858427e-05
15346,6.502534423652391e-05
15347,2.9216916705792333e-05
15348,0.000201113594534421
15349,0.00010406309701957209
15350,0.00019274183948474327
15351,5.880777760669319e-05
15352,0.00018489819404583102
15353,0.00010210500149119222
15354,8.759590859055137e-05
15355,0.00013405612090751175
15356,7.29817593571287e-05
15357,0.0001061776678576702
15358,6.598032242809184e-05
15359,4.672880795662743e-05
15360,5.73865838468937e-05
15361,0.0001227119736068956
15362,0.00012165420067635261
15363,8.312654109054711e-05
15364,8.779348571173937e-05
15365,5.438322176934122e-05
15366,4.7905105634779254e-05
15367,0.00020048135698353642
15368,0.00010277334147897422
15369,5.650432819655979e-05
15370,5.7067688015051094e-05
15371,9.4118942070971e-05
15372,0.00010609544003897959
15373,0.00011702646879170028
15374,2.962164748519104e-05
15375,0.0002651793943612911
15376,8.768993651983735e-05
15377,0.00014880213513643732
15378,0.00016432171014302415
15379,9.703826009656684e-05
15380,4.1865222289657425e-05
15381,4.229796388351335e-05
15382,9.562391478227627e-05
15383,8.315731251321678e-05
15384,4.1823847629528045e-05
15385,9.643463587630345e-05
15386,8.87596201168995e-05
15387,0.00011960746821129707
15388,0.00015788715177001366
15389,9.228739765607004e-05
15390,8.728315299808378e-05
15391,8.306574514655024e-05
15392,5.508209204337841e-05
15393,9.60111218961713e-05
15394,8.705125605296735e-05
15395,0.00011352016811042579
15396,0.00010563238168444637
15397,0.0002193100803522538
15398,0.00011953652173987987
15399,0.0001111201102905936
15400,5.442665127269247e-05
15401,0.00012649519667346423
15402,5.490890274796641e-05
15403,0.0001022054018149425
15404,0.00012616887883419925
15405,4.591618152816558e-05
15406,6.904134647211293e-05
15407,9.988499725206486e-05
15408,6.815911202938719e-05
15409,0.0001516757588604967
15410,3.996006604498272e-05
15411,8.13486672733728e-05
15412,9.587603541073454e-05
15413,9.928950629182348e-05
15414,0.00010266393174130326
15415,0.00019754176004811526
15416,0.00015845224376685217
15417,0.00013795813075963135
15418,8.284149811736324e-05
15419,7.335943049791516e-05
15420,0.00010313739638980036
15421,6.602969753053244e-05
15422,8.673881353420988e-05
15423,7.502625900667171e-05
15424,0.00013321109755021663
15425,2.0268353172977852e-05
15426,0.00015878759476585714
15427,6.38858423693899e-05
15428,9.531605111794804e-05
15429,0.0001585189309763422
15430,0.00018776933603562268
15431,7.109428394302978e-05
15432,8.515468844530663e-05
15433,0.00011770038401074233
15434,0.00013945114028289307
15435,7.835338356742721e-05
15436,0.0003746322868061175
15437,9.333419339746778e-05
15438,7.765903807928904e-05
15439,0.0001247539311114438
15440,4.292963900542575e-05
15441,5.1231710370747615e-05
15442,4.817159814599294e-05
15443,0.00012481957270911743
15444,7.742332400011795e-05
15445,0.000222674061978692
15446,0.0002537361270790588
15447,0.00019661540392434243
15448,0.00012909156634800882
15449,6.726020792565882e-05
15450,0.00015175422289661166
15451,7.37500457436847e-05
15452,0.0002642711290009934
15453,9.997432018863579e-05
15454,0.0001322220150094595
15455,8.95728002805909e-05
15456,0.0001779084153462458
15457,0.00015225905535845422
15458,0.0001677251000791345
15459,6.645788725133225e-05
15460,0.00011854205794513349
15461,0.00013048976478577477
15462,0.00020110918401397606
15463,0.000171310735506581
15464,8.406164015791285e-05
15465,8.327960507310344e-05
15466,9.5865652617228e-05
15467,0.0001130512310628905
15468,0.00012253629408773015
15469,0.000146001149944227
15470,0.0001721832711982904
15471,4.1621748064948473e-05
15472,8.000752235860473e-05
15473,0.00012414979110049525
15474,4.178965737253303e-05
15475,7.582193096590036e-05
15476,0.00021038552785770817
15477,8.988512657510006e-05
15478,0.00012483329492171197
15479,4.761695858988251e-05
15480,0.00014109153177243152
15481,0.0001772988611361865
15482,5.978558845041234e-05
15483,0.00023974094854121612
15484,0.00014865035925858987
15485,8.355839116501202e-05
15486,8.726800687693165e-05
15487,8.604137980790623e-05
15488,0.00020531077854178795
15489,0.0002187135153799996
15490,6.607480054385045e-05
15491,0.00011553890751215365
15492,0.0001175269443059143
15493,0.00018248536067076723
15494,0.0001440949806298847
15495,0.00016448711196066147
15496,4.090418764430221e-05
15497,6.297986536808804e-05
15498,0.00016028989785342373
15499,0.00012897552631317715
15500,0.00014014079439553156
15501,0.00011290694109200446
15502,7.880922644025253e-05
15503,6.97437425964096e-05
15504,2.0811890991660204e-05
15505,8.259087912750127e-05
15506,5.278196347772124e-05
15507,3.154382284910292e-05
15508,0.00019913075303964648
15509,3.091313449588252e-05
15510,0.00011752429344325744
15511,4.23299386967419e-05
15512,0.000141629383002131
15513,0.00010111736096525462
15514,0.00018456123045169738
15515,0.00018855207537968422
15516,6.435659859853462e-05
15517,0.0001443961693862338
15518,5.9623578345827455e-05
15519,4.399031140674574e-05
15520,6.0550307580903335e-05
15521,0.00011326182820977372
15522,0.000164262889124044
15523,8.806562888248665e-05
15524,7.231635991102622e-05
15525,7.351706444273906e-05
15526,0.00015389552551303256
15527,0.0001120680425067397
15528,0.00010479123841104762
15529,4.3551478808546946e-05
15530,5.778027073438336e-05
15531,0.00023134295503945512
15532,9.251401932349422e-05
15533,0.00012693916281490193
15534,0.00016274625893055141
15535,3.613898515609972e-05
15536,0.00016309069159048368
15537,5.3616550312041944e-05
15538,6.690258146752101e-05
15539,0.00013973986345967485
15540,6.0276736089035675e-05
15541,0.00016668721511796443
15542,6.36241960404513e-05
15543,8.55503044591615e-05
15544,0.00010991058546417124
15545,0.0001726525986595033
15546,0.00019601565646157245
15547,5.746185827628604e-05
15548,3.420353536024813e-05
15549,0.00012650344836629104
15550,3.3612415440640184e-05
15551,4.504171170441253e-05
15552,4.505905286525625e-05
15553,8.154796282890985e-05
15554,7.06800502021973e-05
15555,3.9202046860024814e-05
15556,0.0001598066333691205
15557,0.0001209586079313286
15558,0.00016067765902648152
15559,9.509043017378324e-05
15560,2.8129540250109065e-05
15561,0.00013003038325115903
15562,3.9485325065933236e-05
15563,7.019584602490954e-05
15564,3.081242350195889e-05
15565,2.715022311345479e-05
15566,0.00010451867855601553
15567,5.027768316055998e-05
15568,0.000139840505624225
15569,5.49755026273652e-05
15570,8.698512665681363e-05
15571,0.0004080888281562358
15572,0.0001096715117549869
15573,2.901305921628985e-05
15574,0.00013323625965197848
15575,6.667411597441753e-05
15576,0.0001318822434464216
15577,4.722754215482967e-05
15578,0.00019150092109747373
15579,8.886754714126365e-05
15580,6.9839076533776e-05
15581,8.948734699289392e-05
15582,9.609304564707136e-05
15583,8.6992169832931e-05
15584,7.611124333583438e-05
15585,5.167226138892555e-05
15586,9.059890962938335e-05
15587,9.016517620111665e-05
15588,9.679383291328365e-05
15589,1.7607017069761504e-05
15590,0.00010758217191029617
15591,6.448286942494619e-05
15592,3.682757875676304e-05
15593,6.97672539523707e-05
15594,9.226332975070936e-05
15595,0.0001260204267392806
15596,9.706409867791801e-05
15597,0.00013590994944532336
15598,0.00010941128125209448
15599,0.00013146396201611606
15600,0.00011310659268764841
15601,7.53511318991879e-05
15602,0.00011015174582991051
15603,5.445647918334202e-05
15604,0.00014824830182132005
15605,0.00012647627590578724
15606,0.00011741870137489982
15607,0.00016129305946034676
15608,0.0001211974960465539
15609,3.161330714113315e-05
15610,8.416002548440528e-05
15611,0.0002552214445926328
15612,0.00026184084932712675
15613,6.564392892648098e-05
15614,0.0001259857685818561
15615,7.222833397405208e-05
15616,0.000232063055515634
15617,7.511207621365908e-05
15618,4.738385544959771e-05
15619,0.00021389577736317787
15620,0.00011714054627794067
15621,0.00012515049162119846
15622,7.896309372635714e-05
15623,0.00014043470160941642
15624,3.2196898481702024e-05
15625,0.0001169776139489513
15626,0.00011809692721296956
15627,0.00016428235582024599
15628,0.0001794893138812802
15629,5.948609517189429e-05
15630,6.073272136493091e-05
15631,3.706482844870265e-05
15632,0.0001271767015177004
15633,0.00016689492668890734
15634,0.00010456285875343833
15635,0.00023279983573493127
15636,4.127331067715579e-05
15637,6.984395730919619e-05
15638,7.304724322810059e-05
15639,6.675501408065111e-05
15640,4.486293985598366e-05
15641,8.890873549624194e-05
15642,0.00010965129867109655
15643,6.293427851422913e-05
15644,0.00024621334702210003
15645,0.00017546536067238706
15646,0.0001349723176089334
15647,0.00012608420147636163
15648,0.00011803921638610173
15649,0.00013649955531336267
15650,4.696126569694435e-05
15651,0.00016887008620250556
15652,0.00013906928372853624
15653,7.307667742399925e-05
15654,4.241388197176102e-05
15655,8.627094726479826e-05
15656,8.957024793004684e-05
15657,5.895490240589972e-05
15658,0.00010359220765436581
15659,8.602196158884716e-05
15660,0.00012124983075447815
15661,6.911031030243446e-05
15662,5.278132526373422e-05
15663,6.323305547802546e-05
15664,5.141362979801381e-05
15665,9.283745152319674e-05
15666,4.60731355263335e-05
15667,8.390219957532001e-05
15668,1.272382289282092e-05
15669,4.1755278191121366e-05
15670,0.00013653795440036532
15671,4.622011528635928e-05
15672,7.359688478894647e-05
15673,6.246981209652463e-05
15674,9.499418402651472e-05
15675,0.00013567327391546892
15676,0.00012716923361930316
15677,6.823518765014733e-05
15678,6.272929426072264e-05
15679,8.658500436347039e-05
15680,6.949872301981132e-05
15681,9.424354586721644e-05
15682,4.445406396625512e-05
15683,8.237814406874247e-05
15684,0.0001560929505731362
15685,0.00013463200588794913
15686,7.306087702006107e-05
15687,8.561616764146065e-05
15688,5.028596199419736e-05
15689,7.853539417378074e-05
15690,2.5546296416649095e-05
15691,0.00017915558083455525
15692,9.976601191427577e-05
15693,6.440199963233377e-05
15694,0.0002852100640534569
15695,6.862314855160294e-05
15696,3.949789942557241e-05
15697,0.00025318241488390226
15698,9.794989837270649e-05
15699,9.37221115328823e-05
15700,9.186854395503088e-05
15701,7.462320623506809e-05
15702,0.00011671047002421235
15703,0.00024813469641047107
15704,4.644748055145885e-05
15705,9.44437528522688e-05
15706,0.00018160099081190393
15707,0.00021226628516668678
15708,9.520403911715538e-05
15709,9.672889371642458e-05
15710,0.00018967538631142717
15711,0.000257206660636981
15712,0.00016389663155256498
15713,5.2163560438271246e-05
15714,6.79713205743001e-05
15715,8.794834748480103e-05
15716,0.0001734755697420806
15717,4.5104372467618516e-05
15718,5.616488509628594e-05
15719,0.00018361986889460123
15720,6.676108181031153e-05
15721,8.381368082184392e-05
15722,0.00010248494469687863
15723,5.7783638679002364e-05
15724,1.2243127576760724e-05
15725,4.737356466499786e-05
15726,3.227577161823304e-05
15727,2.7924330155824584e-05
15728,3.5890254315484684e-05
15729,9.503524025154391e-05
15730,0.0001196931821291
15731,4.0720962184684294e-05
15732,5.0454538043211494e-05
15733,8.08421629067026e-05
15734,8.537870207351599e-05
15735,2.8048504587822097e-05
15736,7.572281410207885e-05
15737,6.945240962005333e-05
15738,0.00010998513546982162
15739,6.572168671924443e-05
15740,1.849961503115211e-05
15741,6.0133912557006775e-05
15742,4.3788559960272115e-05
15743,7.89190091347601e-05
15744,0.00011329227689179966
15745,5.5879423013349173e-05
15746,4.538097609225068e-05
15747,6.869615287259184e-05
15748,0.00010274293309709147
15749,0.00018638416499093053
15750,7.314300165895153e-05
15751,0.0001511470850329731
15752,0.00020132505963863008
15753,0.0001262237356701525
15754,9.068105008196938e-05
15755,8.259405642096077e-05
15756,9.921489070819701e-05
15757,0.00013467495647264609
15758,9.510665520135414e-05
15759,0.00014248597004709964
15760,5.8006076181574314e-05
15761,0.00014164956654722007
15762,0.00018074324807637436
15763,0.00010785890638153171
15764,8.068461156918248e-05
15765,0.00010841231547599947
15766,6.995540361046514e-05
15767,0.00010322376067078009
15768,0.00018141503430939082
15769,0.0001447887954807902
15770,0.00010299445381111459
15771,0.00014148480158464395
15772,5.1515593340270604e-05
15773,2.441090864795361e-05
15774,9.471902806448826e-05
15775,0.00017217012323231275
15776,9.675230105396686e-05
15777,0.0001086411446678637
15778,7.078260808288594e-05
15779,9.87549869044004e-05
15780,0.00015032127117744362
15781,0.0001410089678692006
15782,4.699040159497015e-05
15783,0.00010531280477204958
15784,0.00012559000101970138
15785,0.00013674543578758556
15786,8.076173911340734e-05
15787,6.712420930845657e-05
15788,5.946802381623816e-05
15789,9.371426196951171e-05
15790,0.000126695692622035
15791,4.434757307991975e-05
15792,0.00016457446005069867
15793,4.350223066210226e-05
15794,0.00012502950718263383
15795,0.0001156438897158782
15796,0.00014098224254728504
15797,0.00013776976451530262
15798,0.0001479981112227611
15799,0.00015948216341107378
15800,3.7828209934124254e-05
15801,6.546431963175662e-05
15802,0.00011051814152685804
15803,6.363268510797682e-05
15804,8.127217135795782e-05
15805,0.00014880219029354523
15806,0.0001561310647674955
15807,8.048062809035956e-05
15808,6.264822526190531e-05
15809,6.04898371464548e-05
15810,6.483930303967665e-05
15811,9.3720749546603e-05
15812,8.143457700506777e-05
15813,0.0002030132161461998
15814,6.447869447498384e-05
15815,6.789835088456269e-05
15816,8.446088307946658e-05
15817,0.0001581180379840034
15818,5.543684620225532e-05
15819,5.742192229322715e-05
15820,0.00010170364813685713
15821,1.9459818457874517e-05
15822,6.713309607703634e-05
15823,8.886043201016577e-05
15824,8.96641023947667e-05
15825,0.00011453777485236225
15826,8.33540921457197e-05
15827,6.095423121567276e-05
15828,8.38490396860433e-05
15829,0.00011504908702516466
15830,7.53987370789302e-05
15831,0.00015045623241900823
15832,5.608121959271141e-05
15833,3.687041399758823e-05
15834,9.490726734755653e-05
15835,0.00010637922065379003
15836,5.8542282889620796e-05
15837,5.3603279298137896e-05
15838,0.00015624516832880123
15839,8.581845686087068e-05
15840,0.0001718998705669666
15841,0.00013614947609263674
15842,7.559539490379646e-05
15843,0.0001287602474358645
15844,0.00011617202742091727
15845,0.00018017161262706162
15846,7.663118216238315e-05
15847,0.00012469866036241416
15848,9.124399902989389e-05
15849,9.539695670626451e-05
15850,0.00010159871778885317
15851,0.00020442063995014824
15852,0.00012476099113907605
15853,0.00011180448132209912
15854,1.0615024963673065e-05
15855,4.925962466919675e-05
15856,0.00012546058718648851
15857,0.00013805178006256363
15858,5.8216190032361645e-05
15859,0.00015884010834472468
15860,0.00010492732845627634
15861,8.785662401466455e-05
15862,0.00010725688275049109
15863,0.00022575755787528155
15864,6.755853829343881e-05
15865,4.4279286522055445e-05
15866,0.00015742422388903993
15867,0.00022122884503788124
15868,0.00012068085859318245
15869,7.279219858772035e-05
15870,0.00021383050770740957
15871,5.7435019372802124e-05
15872,0.00039001391581172277
15873,9.28544741898464e-05
15874,0.00020491176582866286
15875,8.60614875234993e-05
15876,0.00011879002250600065
15877,3.7718541063274215e-05
15878,6.729680213525792e-05
15879,0.00012006516871584583
15880,0.0001252357253545557
15881,0.00013943725775918535
15882,6.758554895415952e-05
15883,4.5336275454272375e-05
15884,2.084039159222175e-05
15885,5.71615048296252e-05
15886,0.00010807321523897914
15887,0.00017024741496144663
15888,0.00011764991673604826
15889,0.000142620607220084
15890,8.932829996135721e-05
15891,6.0229446067644074e-05
15892,0.00010086410968299886
15893,9.482610280402173e-05
15894,6.143806094914377e-05
15895,0.00015221381866099026
15896,4.744028244827677e-05
15897,0.00013630855604064077
15898,6.440929033756361e-05
15899,4.7304873352681244e-05
15900,8.431257686307685e-05
15901,0.00010478048885476293
15902,7.141945754128592e-05
15903,0.00012882959708005267
15904,2.2279087678958625e-05
15905,9.77255869707528e-05
15906,0.00013387193898201593
15907,0.0001760227923683773
15908,5.6906100787030747e-05
15909,9.648261613011881e-05
15910,0.00010941136343569896
15911,0.00010218110475142471
15912,5.7686136948342426e-05
15913,7.602345943637614e-05
15914,6.810262824904917e-05
15915,0.0001128980098392027
15916,3.532983489599114e-05
15917,9.741800744534159e-05
15918,8.954710882925223e-05
15919,3.1071632366449496e-05
15920,9.055852679960732e-05
15921,9.782880504557775e-05
15922,6.337915820133089e-05
15923,0.00023419713230251346
15924,0.00012040558227577509
15925,9.694600036956088e-05
15926,8.952527600683808e-05
15927,0.00013770688036108614
15928,0.0001418727797175998
15929,0.0001322823562307031
15930,5.8233648671012524e-05
15931,0.0001114491231858094
15932,7.67945501044174e-05
15933,0.0002252340481394252
15934,0.00014257488995220058
15935,7.40798029378016e-05
15936,0.00013209399533567996
15937,7.022298574506738e-05
15938,2.4107176316375052e-05
15939,6.029422085074164e-05
15940,4.1308055307661044e-05
15941,0.00010724949330834986
15942,8.232532043419235e-05
15943,0.00010691831553520586
15944,0.00010680048007567566
15945,8.063048728406114e-05
15946,0.00013949256911701064
15947,0.00010040592432758184
15948,4.192600041170455e-05
15949,0.00012090361640520843
15950,9.864496917869003e-05
15951,6.497486816066017e-05
15952,0.00011852545108209921
15953,0.0001654085025802427
15954,6.15719702682177e-05
15955,7.002503310060693e-05
15956,7.659920351858339e-05
15957,0.0003429142510337926
15958,0.00010790223907614682
15959,0.0001914010255965895
15960,0.0002303879058151474
15961,0.00013262080052607996
15962,2.6628158233244487e-05
15963,4.230187367611369e-05
15964,0.00010206302627886758
15965,0.00018319970704708786
15966,7.075648992009729e-05
15967,0.00013989525919059156
15968,3.436956096342006e-05
15969,0.00030937967857710605
15970,9.292087469937181e-05
15971,0.00013706138067000795
15972,0.00015143637974925173
15973,7.381159207117775e-05
15974,0.0001011516265984554
15975,0.00011822226307039635
15976,0.00015020356761883622
15977,0.00011827217348781413
15978,6.552161957965275e-05
15979,6.47532442146171e-05
15980,0.0001669169521645694
15981,6.902272496212868e-05
15982,0.00018009886282001702
15983,5.950947734789995e-05
15984,0.00013179577225448988
15985,9.092527228383926e-05
15986,7.007896864724008e-05
15987,0.0002580567259119169
15988,0.0001373871059605474
15989,0.00010260362259671115
15990,0.00014594264581028882
15991,6.747510508473968e-05
15992,0.00018773018937415063
15993,7.427480713712636e-05
15994,0.00012294625450500667
15995,4.900267710296129e-05
15996,0.00012981422170933862
15997,0.00011714633437139588
15998,7.792553692371389e-05
15999,5.857320575065401e-05
16000,6.293281465731275e-05
16001,0.00010835642203263588
16002,0.00010735911842373707
16003,0.0001190249802732273
16004,0.00011892545857179217
16005,0.00013634774625649102
16006,4.6530236406763194e-05
16007,0.00012808312336951008
16008,9.029766565612287e-05
16009,3.804306082086076e-05
16010,0.00012668366704477688
16011,7.636942265737388e-05
16012,4.582423862057322e-05
16013,0.00010229713848079562
16014,7.026142963396733e-05
16015,0.00032214801864943494
16016,0.00011141183215805479
16017,8.53735232788256e-05
16018,7.989083478279084e-05
16019,5.5517533143449036e-05
16020,8.732166930173014e-05
16021,0.00010986681648792632
16022,0.00034039340186404934
16023,0.0001315677481791647
16024,0.00016867445612263094
16025,0.00012751310196223246
16026,8.225037408543592e-05
16027,0.00012202131159738678
16028,0.00024937007154904567
16029,9.382352073547408e-05
16030,0.00015415151261056025
16031,0.00014033318438118504
16032,0.00014466559159426222
16033,6.113042845660768e-05
16034,7.709090628796488e-05
16035,0.00016682769266143012
16036,5.4449577127097895e-05
16037,5.792796476985652e-05
16038,8.799930699999008e-05
16039,8.29812894717175e-05
16040,4.5171362393372694e-05
16041,0.00012865044859218007
16042,0.000146430372636858
16043,0.00010076010971958565
16044,0.00013017203610575707
16045,4.4482552777072744e-05
16046,0.00014218350218876986
16047,7.684937844429722e-05
16048,9.013258900987283e-05
16049,0.00023571467900568554
16050,0.00014513049639965168
16051,0.00017471546434879098
16052,5.4142168258029164e-05
16053,0.00015887701516127616
16054,3.6192956574447055e-05
16055,0.00013959981400689739
16056,6.445844060027298e-05
16057,5.952054538172497e-05
16058,0.0001595552440400144
16059,8.84520461958313e-05
16060,0.00010353515710323646
16061,7.915160387936328e-05
16062,0.000179983326895234
16063,9.820417143592908e-05
16064,7.028436729747167e-05
16065,6.950312541024512e-05
16066,2.9671833473633847e-05
16067,0.00013504384383035596
16068,3.5289856573976734e-05
16069,0.00011256741392609851
16070,8.755488949954253e-05
16071,6.0884781979018615e-05
16072,0.00010590373269755083
16073,7.409909783337233e-05
16074,6.741839214280267e-05
16075,0.0001007416577659704
16076,5.48667322255893e-05
16077,4.105452596044548e-05
16078,4.4312054169044865e-05
16079,0.00016161008108736116
16080,0.00019521889581177823
16081,8.818052382519923e-05
16082,8.249674929160758e-05
16083,0.0001049143596677665
16084,0.00017484104462087678
16085,4.5177702596609335e-05
16086,1.9014297003024904e-05
16087,0.00024057145746854555
16088,0.00012417396641452704
16089,0.00012850511399810648
16090,6.494356620549263e-05
16091,3.221540733772707e-05
16092,0.00014502589036693354
16093,4.587822413464434e-05
16094,7.457245498846522e-05
16095,0.00016562081469278
16096,4.247610224487336e-05
16097,4.1906505545897145e-05
16098,0.00010489816516617776
16099,8.325658002021287e-05
16100,0.000190497582366368
16101,7.7779103349867e-05
16102,7.90422855402372e-05
16103,0.00015457813607661395
16104,4.0069183208843535e-05
16105,4.732713480298834e-05
16106,9.874054878261296e-05
16107,0.00011616676601299026
16108,3.823823461008857e-05
16109,0.00021152682947702623
16110,7.470005517770747e-05
16111,5.066520794528208e-05
16112,0.00019233762182378953
16113,3.876427541217977e-05
16114,0.00018538299064482086
16115,2.0680514121851976e-05
16116,6.935026076905588e-05
16117,7.484627991631655e-05
16118,3.945061011412363e-05
16119,0.00010298544497185615
16120,6.344651404410449e-05
16121,0.00010057377218243423
16122,0.00014973388495926482
16123,0.00014274723776742105
16124,0.00011006966208746076
16125,9.162604478458218e-05
16126,9.204955953777519e-05
16127,4.1161548016881604e-05
16128,6.816028113414477e-05
16129,0.0001837340162952918
16130,0.00010182409352355176
16131,5.4276532542268814e-05
16132,6.645479259655746e-05
16133,8.52519648162328e-05
16134,3.6780297755305624e-05
16135,7.989099061310327e-05
16136,0.0001853895753347333
16137,0.00019419374169575665
16138,0.00018105620580871287
16139,5.0418947669163484e-05
16140,6.722644364587841e-05
16141,0.000105897494105277
16142,5.561350391711014e-05
16143,0.00010888796832255124
16144,9.530255467071855e-05
16145,0.0001806731402420491
16146,7.290994574056732e-05
16147,6.637372955301576e-05
16148,5.4636222550181907e-05
16149,2.6236711621241644e-05
16150,0.0001387216382610949
16151,0.00010185506619571797
16152,0.0001356871164407699
16153,0.00013395061604976305
16154,9.715537686088579e-05
16155,0.00013749960260524502
16156,4.221420467076863e-05
16157,0.00015974095140355968
16158,0.0001305723744041794
16159,5.5660775210322115e-05
16160,9.271646350775254e-05
16161,7.61744048336582e-05
16162,0.0003147369363831966
16163,0.00019982989521883258
16164,0.00010188246101814227
16165,6.738299495580199e-05
16166,8.64325500556666e-05
16167,0.0002839775785040805
16168,8.55734684612119e-05
16169,5.344480226747563e-05
16170,5.9043447107772643e-05
16171,7.42908168853008e-05
16172,9.012039015146979e-05
16173,0.00014742991174549497
16174,0.00013441995281542025
16175,0.00014572298406820787
16176,0.00010353633952240449
16177,8.76171686991315e-05
16178,0.00021113614974954133
16179,4.6631683247447614e-05
16180,4.453195978325142e-05
16181,6.120027810845286e-05
16182,0.00020685401561878648
16183,0.0002538133606502842
16184,2.170649719873699e-05
16185,0.00013711588056909436
16186,0.00015868258042361807
16187,4.391802556754829e-05
16188,8.505128934147063e-05
16189,5.7519659559802434e-05
16190,6.537700522351851e-05
16191,8.008920410502e-05
16192,9.307154635021041e-05
16193,0.0001080803137178475
16194,3.087253888166627e-05
16195,6.37549297807427e-05
16196,0.00015393986464423164
16197,0.000200836864548045
16198,0.00016437711346150858
16199,0.00013662705174837805
16200,7.987213553586097e-05
16201,6.213430793427529e-05
16202,0.0001052994803154294
16203,8.288869308359598e-05
16204,0.00017250299789447186
16205,9.478181510454602e-05
16206,9.242409121511106e-05
16207,0.00011625386244791297
16208,0.00013366174510353712
16209,0.00010403007929189853
16210,0.00016108591030263616
16211,6.365383679288792e-05
16212,0.00018231726210410425
16213,6.328291439916227e-05
16214,0.00023567777098810254
16215,3.451431075653268e-05
16216,0.000125451710807964
16217,6.887325781405852e-05
16218,9.62893206050304e-05
16219,9.773705879502397e-05
16220,8.174186307783217e-05
16221,0.00021464711189171786
16222,0.00013018916727975175
16223,9.496207770807716e-05
16224,7.536710421993212e-05
16225,0.0001230705733629086
16226,4.908116707435272e-05
16227,4.1761773501780485e-05
16228,6.665956650487163e-05
16229,6.573321357860484e-05
16230,0.00013450253840956755
16231,9.903033495814804e-05
16232,0.00018946691994165443
16233,0.00012697625274351467
16234,0.0001643729581420916
16235,0.00010469080701274923
16236,0.00010826028009789198
16237,7.971710170617759e-05
16238,5.404782972117117e-05
16239,0.00010557924523412442
16240,0.00014544219011411585
16241,6.953766866699305e-05
16242,0.00018153412822907516
16243,7.865949758911829e-05
16244,3.306092456098655e-05
16245,9.824706575261135e-05
16246,3.73210637678978e-05
16247,8.741112146711357e-05
16248,9.569122501654265e-05
16249,9.560312707548643e-05
16250,2.9758698430414888e-05
16251,0.00016342989700055322
16252,0.00012522879381594057
16253,4.651217866484825e-05
16254,0.0001813298988005541
16255,8.168150511644344e-05
16256,5.197640918062469e-05
16257,0.00013474849612679545
16258,0.00016057357838036949
16259,7.45886929908878e-05
16260,8.102168552892357e-05
16261,5.5542397749645406e-05
16262,7.736642857812353e-05
16263,0.0002059710561078051
16264,0.00012518769929880847
16265,7.415197982679566e-05
16266,5.385349457253501e-05
16267,8.591007052684087e-05
16268,0.00011925115539301669
16269,0.00024500553771615233
16270,8.798912617255605e-05
16271,0.00014238233723673223
16272,4.1892397485552215e-05
16273,5.2996577565742864e-05
16274,0.00013600932663888204
16275,5.8327960566760775e-05
16276,0.0001327379176903652
16277,0.00015688847152473868
16278,7.443465273368112e-05
16279,9.975278203532989e-05
16280,5.119502919919315e-05
16281,7.317558372382527e-05
16282,6.871817464523385e-05
16283,0.00016297141531983994
16284,0.00011337930909784149
16285,3.361629346708814e-05
16286,0.0001482004210526811
16287,0.00011068191986672368
16288,0.00010606553632008706
16289,0.00010045187601101942
16290,0.00019566285230917908
16291,8.592512465534132e-05
16292,0.0003031958753044092
16293,0.0003525491034633138
16294,0.00010139324613570536
16295,0.00013803825144960741
16296,6.662260342250584e-05
16297,9.035965840297292e-05
16298,0.00010105283993381764
16299,6.883783859108812e-05
16300,9.570318820355276e-05
16301,9.847275014191466e-05
16302,0.00011874745645595664
16303,0.00010895873213888285
16304,7.717934280375668e-05
16305,6.905743643228862e-05
16306,0.00019823970382698954
16307,6.294965069742806e-05
16308,5.974877821496469e-05
16309,7.013480085387966e-05
16310,0.00014368199853404256
16311,0.00017644289312403357
16312,4.407560312507698e-05
16313,0.0002034504795668715
16314,0.00016385398864029088
16315,0.0001919788971359579
16316,6.672340887712193e-05
16317,0.00016496846525518609
16318,0.00018074550587788638
16319,4.704001897943876e-05
16320,9.366441476230259e-05
16321,7.937754736421032e-05
16322,0.00010718154595785645
16323,0.0001734592878801171
16324,0.00010206803389959639
16325,0.0001257979644889597
16326,3.605833779271545e-05
16327,8.312500981901683e-05
16328,7.363021904989465e-05
16329,0.00039753102614544005
16330,0.00011909747305839929
16331,9.600104152627752e-05
16332,9.132598489614862e-05
16333,0.00030316588345889186
16334,0.00017309665652671157
16335,3.548527979282635e-05
16336,9.025691138753721e-05
16337,0.00017272685767297856
16338,0.0001642483388870599
16339,0.00011454849091136678
16340,7.632261665198154e-05
16341,0.00020202632236135867
16342,0.00011943575997211377
16343,3.9751084718244606e-05
16344,0.00020812980241215906
16345,5.201299388239477e-05
16346,0.00014821261234958247
16347,0.00017124827724138522
16348,4.7311715622578714e-05
16349,0.0001524669391086376
16350,4.759669870999189e-05
16351,7.680486033058446e-05
16352,6.302162213785575e-05
16353,5.5036761949143977e-05
16354,0.00019991052679197335
16355,5.2276906817313865e-05
16356,3.0667145447564606e-05
16357,2.7276994536940535e-05
16358,0.00015468933109991524
16359,0.00010801850391953374
16360,9.3480628305653e-05
16361,8.755858331701846e-05
16362,5.306129720995121e-05
16363,0.00018387030334643232
16364,7.971675949486673e-05
16365,5.290547124367869e-05
16366,0.000100279577658737
16367,0.00016786228553664987
16368,6.546957678294692e-05
16369,0.00022441667146164715
16370,0.00010221330131500018
16371,9.201261999124588e-05
16372,4.5472934970179126e-05
16373,0.00010750382693936183
16374,2.8523712159391183e-05
16375,0.00020139314536583608
16376,7.704198713750422e-05
16377,9.123174779034387e-05
16378,0.00012158106553688525
16379,0.0001627953960824882
16380,0.00030885672206981316
16381,9.882348284857677e-05
16382,8.28790402927797e-05
16383,3.769667935206034e-05
16384,6.517934083147445e-05
16385,8.629832800978663e-05
16386,7.51475999414837e-05
16387,7.945639618763171e-05
16388,4.9771099541163766e-05
16389,0.00010403267804719762
16390,7.85312910740996e-05
16391,7.247421134515642e-05
16392,0.00016637171972946863
16393,4.7764643515401555e-05
16394,0.00010080992041950547
16395,0.00014555529855091013
16396,0.00018932048680408972
16397,5.042018758473682e-05
16398,0.00010831634896749827
16399,4.649647882658954e-05
16400,8.335498475652787e-05
16401,0.0001775013837932643
16402,0.00013961960414318161
16403,0.00015238911315492158
16404,5.524347774448944e-05
16405,0.00010611206332737137
16406,9.26660064278624e-05
16407,9.094896388505029e-05
16408,7.675466970163608e-05
16409,6.6680060897121e-05
16410,0.00013679946103122012
16411,4.246482420172906e-05
16412,0.0001189185880256766
16413,4.2403120724153405e-05
16414,0.00022147541829785903
16415,0.00023555523952443108
16416,9.556641694160685e-05
16417,7.82260762261041e-05
16418,7.431714057505171e-05
16419,0.0001347045736311818
16420,7.69057221882823e-05
16421,0.00011088421311010694
16422,0.0001740232643783881
16423,6.106017146015623e-05
16424,9.146409291846156e-05
16425,6.328075463458765e-05
16426,0.0001628498218932834
16427,8.997300580060369e-05
16428,0.0001827653944530211
16429,5.5763437596482624e-05
16430,0.0001793862321842183
16431,0.00010093180912436109
16432,9.293884416913126e-05
16433,7.678287089351456e-05
16434,2.933535193695404e-05
16435,8.292078340928572e-05
16436,0.00016659188448755747
16437,0.00026181847206171066
16438,0.0002096041376008761
16439,2.4579595387694123e-05
16440,6.163820152596908e-05
16441,0.00014886842978848244
16442,0.00012584539748494966
16443,9.290601597309408e-05
16444,5.2574440295565254e-05
16445,0.00014387560047407833
16446,8.15923168196594e-05
16447,0.0001685446575054488
16448,0.00013035881009503024
16449,0.0001273117172254836
16450,6.049999314955358e-05
16451,0.00012574247604054084
16452,0.00016430658594527428
16453,5.971318133650832e-05
16454,0.00010894180776774199
16455,7.951175648692262e-05
16456,0.00017529973877628759
16457,5.88224146827948e-05
16458,0.00011025949413555772
16459,8.645734590196934e-05
16460,0.00010575931504660907
16461,0.0001305331073994118
16462,7.573881590303938e-05
16463,0.00018310270144116997
16464,0.00016083206650475252
16465,0.0001400640200426177
16466,0.00012621930415855675
16467,0.00011885491676874582
16468,6.086210338533172e-05
16469,0.00016508447228782784
16470,0.0001049172877279595
16471,0.00011735360155283832
16472,3.906737484848699e-05
16473,0.00014790388818615126
16474,9.372697985457896e-05
16475,9.09616302126774e-05
16476,9.098034182994528e-05
16477,7.49534371003962e-05
16478,0.00010004589548757948
16479,0.00013264173571831122
16480,6.809821325525194e-05
16481,0.00010429122281361125
16482,0.0001800304899753952
16483,0.00010137330448514933
16484,0.0002074671594375481
16485,5.246145316965856e-05
16486,0.00012785929346858726
16487,0.0001903317482775835
16488,9.255531665263518e-05
16489,5.852221200435052e-05
16490,0.00011810196294271486
16491,0.00014200282706321624
16492,6.29384454320826e-05
16493,0.0001546814973599264
16494,0.00014618932169730315
16495,7.194344844916452e-05
16496,0.00040180385984251105
16497,3.455123637157978e-05
16498,6.369438726769948e-05
16499,0.00015592049287950315
16500,2.1001219032250915e-05
16501,0.00011337222764033011
16502,7.02176606810902e-05
16503,9.63957648330809e-05
16504,9.193670362054159e-05
16505,7.35149066881936e-05
16506,5.499127695648408e-05
16507,8.521312708140363e-05
16508,8.901421053695178e-05
16509,8.679583435377835e-05
16510,6.983238638472423e-05
16511,0.00016542616331644022
16512,9.10340990181721e-05
16513,0.00016325492112990103
16514,9.672063732130167e-05
16515,0.0001122502179872646
16516,0.00016145794877023417
16517,5.4981271078549975e-05
16518,0.00019592780757384084
16519,0.00020102891085235506
16520,9.184782187323864e-05
16521,0.00011388066311133513
16522,4.311779117274441e-05
16523,0.00018995023592882905
16524,9.431702794436367e-05
16525,0.00010038024838294207
16526,0.00016965469892045053
16527,3.6791845123207636e-05
16528,0.0001023847302306601
16529,5.5089148727769894e-05
16530,6.0764160884920433e-05
16531,8.916895958152901e-05
16532,0.00010447140143842849
16533,0.00010292107847339247
16534,0.00016985528765935245
16535,0.00023076092984172499
16536,5.731335638403762e-05
16537,0.00012285539969876408
16538,7.067991084536938e-05
16539,0.0002518103502575427
16540,3.5885796042310546e-05
16541,3.595534848833767e-05
16542,0.00013910301834524732
16543,0.0002751458321510119
16544,0.00011155719936174558
16545,9.875400499253295e-05
16546,9.423004981620332e-05
16547,6.895698204422798e-05
16548,0.00012541407066113226
16549,8.874404137757312e-05
16550,8.43288292391641e-05
16551,9.804133105208245e-05
16552,0.0002778503864910154
16553,0.00019850592357083477
16554,0.00010559550396360042
16555,8.67986888180454e-05
16556,7.527724688593432e-05
16557,8.778173174960856e-05
16558,0.00018131131907105923
16559,4.260638493868713e-05
16560,0.00013108032809364093
16561,5.156622767632605e-05
16562,6.005070269042665e-05
16563,0.00016931410618836919
16564,0.00020164605391022336
16565,0.0002818459304953072
16566,0.00010489892458555072
16567,0.00020713542797559575
16568,0.00010631767456544527
16569,0.00012844427674008497
16570,0.0001623694113516954
16571,3.354668967500157e-05
16572,0.00015398372027266
16573,8.052013883773312e-05
16574,0.00029993638240321385
16575,7.781973098716724e-05
16576,4.202892419724053e-05
16577,2.764707713783601e-05
16578,0.00014106923751855432
16579,0.00011694741462227612
16580,0.00014213193127772845
16581,5.4591077862669084e-05
16582,7.095218154281081e-05
16583,6.569830217747268e-05
16584,8.268930073947317e-05
16585,8.753683585476872e-05
16586,6.34310700235191e-05
16587,7.37722920990428e-05
16588,7.560014744783256e-05
16589,0.00012489182977468887
16590,5.106930141217561e-05
16591,0.00011770901379278219
16592,0.00019452325415809273
16593,3.559549971032718e-05
16594,0.00010895107726297918
16595,0.00016072423781502573
16596,9.322003097122178e-05
16597,0.00011642994406022269
16598,0.00010406151582769957
16599,0.00011947583828155538
16600,0.00019281278251291874
16601,7.116617483542658e-05
16602,1.7101632387393114e-05
16603,0.00018347246630429618
16604,0.00015520875413818825
16605,6.073951898440504e-05
16606,0.0001664933989354001
16607,9.886021151291192e-05
16608,0.0002511180750244948
16609,0.00016794244869390711
16610,5.79840072903925e-05
16611,0.00021660175460590572
16612,0.0001522239831404312
16613,7.406356872296911e-05
16614,0.00010690057586977055
16615,0.00014369460425723546
16616,4.9974283237057e-05
16617,9.69234780396949e-05
16618,6.728285734056555e-05
16619,0.00018133410625506517
16620,0.0001091964389160528
16621,0.00010009218872710308
16622,0.00010015055496404314
16623,9.00113166747791e-05
16624,6.528591973509468e-05
16625,2.6141591900510727e-05
16626,7.779668573168908e-05
16627,6.667790156518881e-05
16628,2.361169580214185e-05
16629,0.00023858392466692273
16630,0.0001637806669576818
16631,3.628589161193366e-05
16632,6.300662172580414e-05
16633,6.0912259715666164e-05
16634,6.653146924051045e-05
16635,3.02381766595578e-05
16636,0.00014113584068660312
16637,0.00013649393890942594
16638,0.00010103928768599588
16639,4.714856354464309e-05
16640,6.991452584839896e-05
16641,5.786312657466326e-05
16642,9.484520624535768e-05
16643,0.00011047516844313101
16644,6.887493900473843e-05
16645,0.00015062987429465086
16646,0.0001024666368767929
16647,0.0001439666583275693
16648,4.9944881714010704e-05
16649,7.645631398618135e-05
16650,0.00015178693167061617
16651,6.912997168967755e-05
16652,0.0001125168544597687
16653,0.00012112140392163394
16654,0.0005146474594743057
16655,0.00019262074069137004
16656,0.00012665109520356192
16657,8.358992493967004e-05
16658,9.696116807531396e-05
16659,0.00011235439196437028
16660,8.376670838571472e-05
16661,8.760313852542195e-05
16662,4.560805606768487e-05
16663,7.869234713031349e-05
16664,0.00012128635260822095
16665,0.00016392409987980492
16666,0.00014065178995064655
16667,0.000323465323490498
16668,0.0001310666457238193
16669,0.0001367491982637073
16670,0.00019091340035007906
16671,6.818883911464431e-05
16672,0.00011291158971081641
16673,0.00011204788791111825
16674,8.036950738940893e-05
16675,7.848466211617033e-05
16676,0.00016592527274446886
16677,0.00012333400624359232
16678,0.00012774645587453103
16679,0.00014095204301843163
16680,0.0001080946105571463
16681,9.210343791477119e-05
16682,0.00011288312320017128
16683,0.0002969151839458416
16684,0.0002188006622236149
16685,6.611348283306694e-05
16686,0.00010146184065895656
16687,7.959706807431508e-05
16688,0.00014661550205992912
16689,0.0001776211164999385
16690,3.900177859376274e-05
16691,0.00012205997609068315
16692,0.0001263848772339223
16693,5.5333116960055695e-05
16694,8.994627849197417e-05
16695,5.44773545325752e-05
16696,0.00016491406855849994
16697,9.968718281750378e-05
16698,6.835666404665847e-05
16699,0.00020582576811033107
16700,9.031070368710211e-05
16701,0.00018361390509166007
16702,0.00021006684525842973
16703,6.039019257806378e-05
16704,8.113457093095093e-05
16705,8.791623494501149e-05
16706,6.482857517806224e-05
16707,0.00017139722764768214
16708,0.00010175751464899805
16709,0.00012314253036287018
16710,4.671246141477171e-05
16711,8.35714376637667e-05
16712,4.8774098129833094e-05
16713,9.297252054488427e-05
16714,0.00010259752499027485
16715,5.9208130577541875e-05
16716,5.4664350382391806e-05
16717,5.1271442625274226e-05
16718,9.028467556560296e-05
16719,0.00014368317348008766
16720,0.00011576984640204881
16721,9.01051998496822e-05
16722,9.644859113475799e-05
16723,7.578407238519284e-05
16724,0.00011012155858988024
16725,1.633525742971436e-05
16726,7.509817924305915e-05
16727,8.368979382401747e-05
16728,2.7661615593012067e-05
16729,8.095755152728267e-05
16730,4.7416136417863694e-05
16731,0.0001993388069511155
16732,0.00011349204929605817
16733,0.0001328619354040504
16734,0.0001096568063075504
16735,3.508646886845988e-05
16736,3.634033979828186e-05
16737,0.0001628829498068881
16738,6.78500793297469e-05
16739,0.00017581620887271944
16740,0.00015297474917942084
16741,8.526134298050291e-05
16742,5.1101291200813304e-05
16743,0.00011832904659120821
16744,0.00018462627746865907
16745,6.618609129933477e-05
16746,0.0002306171992427379
16747,0.0001117587194215586
16748,0.00013034420727900801
16749,6.482840007827265e-05
16750,5.5097127090449395e-05
16751,0.00010091875487246828
16752,7.603677586155465e-05
16753,8.641413580019921e-05
16754,0.00014018306281391317
16755,2.2783675705704926e-05
16756,8.079601162837596e-05
16757,0.00022223540259805628
16758,9.394304643867802e-05
16759,7.133652499468672e-05
16760,8.316452937908776e-05
16761,8.602645676560656e-05
16762,5.878032433013926e-05
16763,7.332627777816071e-05
16764,8.460568700591594e-05
16765,0.00014617312801744328
16766,7.903986321164466e-05
16767,0.0001449771834885682
16768,9.659665632892488e-05
16769,6.618133941385876e-05
16770,0.00012452237201247203
16771,0.00027513737282239514
16772,0.00019235028605212845
16773,0.00011314093835707083
16774,0.00014854189705864752
16775,5.1977713955643114e-05
16776,9.144990959311224e-05
16777,4.827187284613105e-05
16778,0.00014464463976466256
16779,6.567598460737129e-05
16780,9.320684216430098e-05
16781,4.5924769131243276e-05
16782,0.0001115776924749842
16783,0.00010570304905268379
16784,0.00011071220610044276
16785,0.00012976356653347337
16786,1.5802642319407405e-05
16787,0.0001475873809900863
16788,0.00018182105530199885
16789,0.00010170176701728776
16790,0.0002118401015639488
16791,5.6234694329841056e-05
16792,0.00018150154715551052
16793,0.0001798489767670766
16794,0.00010859214458086436
16795,6.378231015487493e-05
16796,0.0001132233487892106
16797,0.00014244301094246912
16798,0.00011556042336412052
16799,0.00012364573291599368
16800,6.897666976001685e-05
16801,0.0001660268721780546
16802,0.00010386280709304119
16803,0.00017539044351508817
16804,4.506665717493203e-05
16805,4.756345285875382e-05
16806,0.000168126920394681
16807,0.00016720299032539247
16808,0.00011418097051972353
16809,5.8022551893060855e-05
16810,0.0001264588755890491
16811,7.522621506696336e-05
16812,0.00022338396220346
16813,0.00015166925483570308
16814,0.0001359138662010378
16815,0.00012815203157501466
16816,2.6578161580539234e-05
16817,0.0001516526098417234
16818,4.49836147241472e-05
16819,0.00017261596369705153
16820,2.9153645848800872e-05
16821,6.501497064840005e-05
16822,5.68662442031613e-05
16823,0.00012039318442833453
16824,0.00014689423213262406
16825,4.4674631223793144e-05
16826,0.0001461753311402524
16827,7.570616945573255e-05
16828,0.00010210715979904097
16829,0.00010333287120395214
16830,9.399381462141112e-05
16831,0.0001954527153055369
16832,8.647307199950331e-05
16833,8.869883094234894e-05
16834,9.572455633658641e-05
16835,0.00011592180948358162
16836,6.89613924212166e-05
16837,0.00010643277483490289
16838,0.0003141436066022848
16839,4.0569305973147674e-05
16840,0.00010667319511817105
16841,0.00011015222253718554
16842,0.00024124017960373847
16843,2.2847977423815265e-05
16844,0.0002544475374035627
16845,0.00017866550431030621
16846,9.315298199137793e-05
16847,0.00013226822040943742
16848,0.00011171028968745794
16849,4.357505928762368e-05
16850,0.000135966406307778
16851,8.845994253862935e-05
16852,2.6419920253918254e-05
16853,0.0001566096077261757
16854,9.79274255904127e-05
16855,0.00017765410180820823
16856,8.589946501013764e-05
16857,0.0001305404475314323
16858,4.0487428581157224e-05
16859,7.499001878893633e-05
16860,5.649293516807388e-05
16861,0.00012804776328799369
16862,0.00015582730680615824
16863,0.00011211816730684871
16864,5.891562444615488e-05
16865,9.287669448741178e-05
16866,0.00010997388975617267
16867,9.286823527669937e-05
16868,6.363390586465272e-05
16869,4.1314774635510215e-05
16870,0.000126725832475194
16871,0.00014877469208487672
16872,6.860418390361343e-05
16873,0.00014279090363341674
16874,6.728656430780406e-05
16875,3.898488433668132e-05
16876,0.00016745830442473002
16877,0.00011360282828076521
16878,0.00010175379216874792
16879,0.00020651321144972065
16880,5.588908773206457e-05
16881,0.00010405807858576295
16882,6.34342398150228e-05
16883,5.603541846479056e-05
16884,5.147798602817059e-05
16885,3.2762833886693064e-05
16886,6.840735880418685e-05
16887,0.00011301722484665467
16888,0.00010114237724720568
16889,0.00015337226754851983
16890,6.0314620660900915e-05
16891,0.00015231101855973312
16892,7.642318606126925e-05
16893,7.922835822677525e-05
16894,3.5407652130530425e-05
16895,7.199077573912363e-05
16896,0.00017252717231517592
16897,0.00018739992787300932
16898,0.00014843085867920805
16899,0.00011024669438500912
16900,7.850945864903884e-05
16901,0.0002581007962943878
16902,0.00013024309723167838
16903,7.700900018788217e-05
16904,0.00011016468598937111
16905,6.628118920889349e-05
16906,0.00013449742730526943
16907,0.0001367982656160807
16908,0.0002266190247254357
16909,8.483329582139768e-05
16910,0.000154537010205454
16911,9.072269219595317e-05
16912,3.875128893355801e-05
16913,4.240269705959875e-05
16914,0.00025139896997761934
16915,0.00017664781551944553
16916,0.00010565633311898732
16917,0.000118842531658219
16918,0.00011112644355970728
16919,7.517834590696628e-05
16920,9.770713735081921e-05
16921,4.309915489128975e-05
16922,0.0002188921827128247
16923,0.00016108063923081902
16924,6.681315376589575e-05
16925,7.312501213350933e-05
16926,7.03566714726508e-05
16927,0.00030129751881332353
16928,7.74524895378968e-05
16929,5.357467548847448e-05
16930,5.457784930461048e-05
16931,8.39568222671272e-05
16932,0.00023477729754418661
16933,6.305824709080798e-05
16934,0.00034130897798390086
16935,0.00016985231745155965
16936,0.00019867188912655676
16937,0.00023296613683941253
16938,0.00010333290732074968
16939,0.0001793436854594689
16940,9.743194177001673e-05
16941,0.0001063537352973195
16942,0.00012716847027527026
16943,7.871845818215541e-05
16944,8.473491225466808e-05
16945,8.468047390512934e-05
16946,9.511346664535012e-05
16947,6.054147001664911e-05
16948,8.009765020098642e-05
16949,8.34475192619756e-05
16950,7.935923612955231e-05
16951,0.00010148802445157461
16952,4.415994126275057e-05
16953,0.00016500385083217765
16954,0.0001387113144855644
16955,0.00018705773414231773
16956,0.00011465974784090472
16957,0.00012916112983254102
16958,4.5740697211234546e-05
16959,0.00011136963475103682
16960,7.888606014810548e-05
16961,8.254207537982576e-05
16962,0.0004424519175321099
16963,3.836664774242445e-05
16964,7.945103026584996e-05
16965,7.900866637036847e-05
16966,6.936354177266539e-05
16967,0.0003008819147692297
16968,0.00013324785192924502
16969,0.00010974984258139301
16970,0.00010116619162535066
16971,0.00018546646348600553
16972,4.0069642934741727e-05
16973,0.00011449800874979611
16974,6.405384230941454e-05
16975,0.00011511693906638929
16976,0.00011927734495246773
16977,0.00012458345625223589
16978,0.00012755196385864115
16979,6.615513432616612e-05
16980,0.00012991151585622758
16981,5.468794401340697e-05
16982,0.0001022144074336571
16983,8.839682331073403e-05
16984,3.305656533789437e-05
16985,9.737697021010839e-05
16986,6.143004106227455e-05
16987,4.817300339689575e-05
16988,8.620494208968762e-05
16989,5.5876763052419216e-05
16990,9.001328093919493e-05
16991,0.00016431753087450712
16992,0.00011790777683019814
16993,9.975118665219384e-05
16994,9.513128494370183e-05
16995,7.660414863197294e-05
16996,8.840637084219379e-05
16997,0.00018066565430290148
16998,6.927249365554865e-05
16999,0.0001726609028319524
17000,0.00013239245250940755
17001,5.359965778188907e-05
17002,8.312476712222799e-05
17003,0.00016942725007564174
17004,0.0001825922341369099
17005,0.00011983018641976261
17006,9.263622693773127e-05
17007,0.00029240592484278626
17008,0.00011963587890532435
17009,6.392797705849788e-05
17010,9.436891391471066e-05
17011,8.613015048774232e-05
17012,9.376447717852908e-05
17013,0.00014336329432497352
17014,0.00014905154070352103
17015,0.00012640921027251735
17016,0.00013001920421495285
17017,0.00010144640382443569
17018,5.486536913669551e-05
17019,2.183998427497009e-05
17020,0.00017058066635017573
17021,0.0001813731997392253
17022,0.00011228365240393676
17023,4.6803595453215854e-05
17024,7.633297263157248e-05
17025,0.00013325591634562106
17026,7.21051871050796e-05
17027,0.00012632203646915764
17028,0.0001827339082627953
17029,0.00012968405850930672
17030,8.386766959833472e-05
17031,0.00020144347027504977
17032,5.9959608958493555e-05
17033,7.3127863648682e-05
17034,0.00019432530349813105
17035,9.460583866513263e-05
17036,5.580238230640663e-05
17037,7.558938994749442e-05
17038,0.0001027142912811322
17039,9.93338218249395e-05
17040,9.189223148517991e-05
17041,6.681798162177415e-05
17042,4.8878234225981176e-05
17043,4.4441486854480155e-05
17044,7.631458244734626e-05
17045,0.00012700416500011883
17046,0.00017000478567127613
17047,0.0002867072414002821
17048,0.00011175522699271292
17049,6.52879276930903e-05
17050,7.448577472441139e-05
17051,0.0001962940298927553
17052,0.00013717814870094807
17053,0.0001224489951726071
17054,0.0001396152293807239
17055,5.265657671315881e-05
17056,7.322870488925917e-05
17057,0.00011721685773821834
17058,0.00039962035089671023
17059,0.00013916585837591447
17060,0.00011609913669980103
17061,9.24943510033914e-05
17062,8.75055751320864e-05
17063,3.386940363462387e-05
17064,7.832737632543808e-05
17065,7.888884860516753e-05
17066,6.51438995445265e-05
17067,3.064137768664423e-05
17068,0.00013095366442812393
17069,8.864313542232546e-05
17070,0.00011503829040058492
17071,8.785759002719225e-05
17072,5.095401192619775e-05
17073,0.00018577434481646332
17074,0.0001218274802716332
17075,7.063715622832172e-05
17076,0.00045383751853443784
17077,0.00011719904327986775
17078,0.00010912293451782149
17079,6.92057924140988e-05
17080,0.00016192081636199265
17081,5.618752184991328e-05
17082,2.6286264353459955e-05
17083,0.00012078127656622127
17084,7.18753639291952e-05
17085,0.00015789810933555652
17086,2.6727851368736225e-05
17087,3.4758716918247425e-05
17088,5.3578636110408035e-05
17089,5.500709202481877e-05
17090,0.0001589274742424175
17091,0.00023475849763628456
17092,6.532658380223064e-05
17093,9.109009169324402e-05
17094,5.721831277766552e-05
17095,0.00012501806958110245
17096,9.151771714055982e-05
17097,6.464480448786985e-05
17098,8.888327506859985e-05
17099,0.000162054518126489
17100,0.00012147700381736994
17101,0.00011511760192529489
17102,8.577126936913571e-05
17103,0.00013945875943530822
17104,0.0002260786455286304
17105,0.00012840202596195118
17106,5.020172250802249e-05
17107,5.478195606333671e-05
17108,0.00011059296443772303
17109,9.011304762580655e-05
17110,6.312948402585438e-05
17111,6.295390359085163e-05
17112,7.525481892510482e-05
17113,8.364227790845045e-05
17114,7.654963271036471e-05
17115,5.979067774701483e-05
17116,0.00010189808466971813
17117,9.558340902026325e-05
17118,9.072858736209504e-05
17119,5.3629515320401596e-05
17120,0.00011633578333082016
17121,5.062147562945518e-05
17122,9.351664018223354e-05
17123,0.00020465911539598622
17124,0.00019507129029948392
17125,0.00020954291884145752
17126,0.00017278532151544267
17127,9.425656020529925e-05
17128,0.00017231546527492523
17129,0.00011556254441117524
17130,0.00014550340194870255
17131,0.00011864125738042142
17132,7.41956415991074e-05
17133,6.493212199568499e-05
17134,0.00014504671283131852
17135,7.279950665442504e-05
17136,8.87605081284189e-05
17137,9.368520439899726e-05
17138,4.763691038117031e-05
17139,5.4880928216492915e-05
17140,0.00013086826595606194
17141,4.249648542680414e-05
17142,5.095735258636682e-05
17143,8.24519488371761e-05
17144,0.0002097645351189192
17145,4.823202506367639e-05
17146,8.774791418600947e-05
17147,8.350844582313583e-05
17148,8.126777413739331e-05
17149,5.229709428553025e-05
17150,0.00014612148549784958
17151,0.0002653556343524094
17152,4.0346538369503115e-05
17153,0.00016293710866332106
17154,0.00015744213667344013
17155,0.00013728369516392803
17156,9.705648084922723e-05
17157,5.708932256914973e-05
17158,0.00010780870310074243
17159,3.503072990041003e-05
17160,7.879200157764847e-05
17161,0.00015760581363074883
17162,9.612284615803966e-05
17163,2.9098823807668564e-05
17164,0.000218206930553428
17165,0.0002275126819042905
17166,0.00015132224505500023
17167,0.00012048289737654332
17168,8.111990716046657e-05
17169,4.885944758382983e-05
17170,0.00010493809103880896
17171,0.00012510038288927644
17172,8.351772246068758e-05
17173,0.0002098419317177264
17174,8.97821217629599e-05
17175,0.00015540188906789634
17176,4.829333870214333e-05
17177,9.382481685755369e-05
17178,0.00034138060047908016
17179,8.33477814533985e-05
17180,0.000135575073013924
17181,0.00011120432161386185
17182,4.391371108962295e-05
17183,0.00010617046020338413
17184,0.00012863094948827215
17185,0.00010759239979289196
17186,0.00015053391318438732
17187,0.00019597732942488089
17188,0.00011135993019807848
17189,0.0001222250529053413
17190,9.90550127170848e-05
17191,0.00019669570632571467
17192,0.00027037135756214796
17193,0.00018066010832045666
17194,8.351780772884986e-05
17195,0.00010549090155083608
17196,9.385830217297835e-05
17197,0.00015650066892400905
17198,0.00017588745330468313
17199,0.00016894493898958064
17200,0.00016617751751360393
17201,0.00011789566817349968
17202,5.505053130575138e-05
17203,7.925313943843524e-05
17204,8.06046791005626e-05
17205,0.0002394761003308715
17206,4.876816790225626e-05
17207,0.00011601610243190265
17208,7.104842626682261e-05
17209,8.0071967138479e-05
17210,9.800101037911975e-05
17211,0.00016665966987666468
17212,8.817077575335953e-05
17213,0.0002119372838956771
17214,0.00011767209102207721
17215,8.201242949030226e-05
17216,0.0001099840616214065
17217,9.001006543912686e-05
17218,6.443697501525643e-05
17219,2.802734403111107e-05
17220,8.771440102858043e-05
17221,0.00016748394315374885
17222,0.000171042589008157
17223,8.781814955611458e-05
17224,0.00031763808565119173
17225,9.743653040869644e-05
17226,0.00015850676423711602
17227,2.2289468819825883e-05
17228,0.00010622120777726195
17229,0.00010983306879464121
17230,0.00015804438381907508
17231,0.00019736300373508943
17232,9.918066737143886e-05
17233,6.513787052470352e-05
17234,9.867618129971714e-05
17235,0.00017084048710925472
17236,0.00011218032302441311
17237,9.95154589700831e-05
17238,0.00017425022413595871
17239,0.00012418651262407574
17240,0.00014538699580439506
17241,0.0001317596327352944
17242,4.377967015269551e-05
17243,9.2924824010629e-05
17244,5.508750104822321e-05
17245,9.20962024884645e-05
17246,5.924341491185731e-05
17247,5.5759415026304935e-05
17248,0.00010563190220688616
17249,9.862652541879612e-05
17250,3.0453736775938312e-05
17251,0.00013890231138407975
17252,8.746256768234877e-05
17253,4.5502920562549237e-05
17254,3.355940744345755e-05
17255,0.00013968549852183936
17256,0.00011696331123604166
17257,0.00020953068610797475
17258,0.00020038922307082107
17259,0.00012503440671534423
17260,0.00011563389290905682
17261,0.00011790971128864064
17262,6.588227609887176e-05
17263,8.392590790717272e-05
17264,0.0001197813304421539
17265,0.00011326539322942106
17266,4.414374597327536e-05
17267,0.0003227697388455553
17268,9.974509748508222e-05
17269,0.00015887700716518108
17270,0.00010406034719796834
17271,9.8116216271063e-05
17272,8.766345524431679e-05
17273,6.873089485249248e-05
17274,2.8531908207251865e-05
17275,9.176093779196544e-05
17276,6.597194831774651e-05
17277,8.448010352757108e-05
17278,0.00010472182148280184
17279,0.00016525719522427404
17280,2.686421417095289e-05
17281,4.444759200697987e-05
17282,9.533093422992564e-05
17283,0.0002090286799736053
17284,0.00012508676080741945
17285,8.68320044774132e-05
17286,8.850132802535354e-05
17287,9.659247632427185e-05
17288,7.340847525225201e-05
17289,6.90742359659292e-05
17290,9.058156663445326e-05
17291,7.22214465044532e-05
17292,0.00012046516769507165
17293,0.00013106190961756787
17294,0.00012762686082279262
17295,8.239216826431515e-05
17296,0.0001327265293031105
17297,0.00014354159014527942
17298,5.307162740506756e-05
17299,0.00022772544731137887
17300,4.512404321365215e-05
17301,0.00012202217737834483
17302,6.94570302275312e-05
17303,2.7563309518019166e-05
17304,0.00018872451597602905
17305,3.076073446413348e-05
17306,0.00013890900287792708
17307,0.00013751694331405145
17308,0.00011820899427677439
17309,0.0001488375162266727
17310,8.710855555457779e-05
17311,0.000159785391970511
17312,3.553889453217666e-05
17313,8.817509676331882e-05
17314,7.05843948018412e-05
17315,1.9827237440382255e-05
17316,8.502894355461426e-05
17317,0.0001605242370331771
17318,0.00015845742634758636
17319,0.00011332146861374358
17320,0.00016050075378337114
17321,0.00018786669658019293
17322,0.00012012527369643737
17323,0.00016026713162718456
17324,0.00014123345725920784
17325,0.00011945509214885859
17326,9.742790915708199e-05
17327,0.00012749306217567147
17328,0.0001070890530505154
17329,9.97907319852142e-05
17330,8.883793478106626e-05
17331,0.00012617565372657089
17332,6.76368540447266e-05
17333,9.593033622170484e-05
17334,3.2915737290114695e-05
17335,0.0001344639355190012
17336,0.00028640033797708764
17337,7.387026402095025e-05
17338,9.187633169585877e-05
17339,3.6409797615625196e-05
17340,0.0002119656427979302
17341,5.0927585841070475e-05
17342,0.00014106548460096307
17343,0.00014577126148582575
17344,0.00016332462842918687
17345,4.6731654280086236e-05
17346,0.00015711326296320163
17347,3.358610342963367e-05
17348,0.00023635535132688192
17349,6.734785496268972e-05
17350,3.732614707945835e-05
17351,0.00010542656588181142
17352,0.0001851598311304216
17353,0.00019907687630396924
17354,0.0001442374457841124
17355,0.00010530827830662826
17356,0.00010339294561461634
17357,0.00019409868872385068
17358,6.339626991127225e-05
17359,0.0001342995140207736
17360,7.868237986821771e-05
17361,0.000131526288763545
17362,0.00010597141538834142
17363,0.0001523547998919139
17364,4.1282063964027734e-05
17365,0.00018855524980309574
17366,0.00010929839303061158
17367,0.0001311027422524413
17368,7.724919469138311e-05
17369,0.00011849888107363642
17370,0.00016185735541682282
17371,6.198644131675361e-05
17372,0.00014256911263429823
17373,4.3202198337317406e-05
17374,7.312962031519486e-05
17375,0.00017813989695111116
17376,0.00010657666818643143
17377,0.0001582163340991509
17378,7.030169430562732e-05
17379,0.00018635594162841898
17380,0.00021209655665642348
17381,0.00012650287440995082
17382,0.0002309011290224945
17383,0.0001592249666392987
17384,0.00012085161328063384
17385,0.00010268710384218442
17386,0.00013537896659478763
17387,6.673232795863419e-05
17388,0.00016550034005450692
17389,4.082004589698103e-05
17390,0.00012241958157764422
17391,0.00010472936667255073
17392,9.058863153566722e-05
17393,0.0001073459081622713
17394,5.834844526659465e-05
17395,4.654943054454569e-05
17396,0.0001513403909857379
17397,0.00012749397662493547
17398,5.6514632579087746e-05
17399,6.194173607359202e-05
17400,5.605865216520107e-05
17401,0.0002029005008279887
17402,8.317697689776145e-05
17403,0.00011227388553254315
17404,3.351687128059838e-05
17405,8.164672691047201e-05
17406,0.00016121975415224192
17407,9.419468221150582e-05
17408,5.348063425576768e-05
17409,9.519884656036852e-05
17410,6.93322166339756e-05
17411,0.00021637415924113484
17412,0.000120312091671031
17413,5.222997564420005e-05
17414,5.954715965022985e-05
17415,5.608578849230098e-05
17416,3.059946283181101e-05
17417,7.169431513615244e-05
17418,0.000106355695885594
17419,5.252069813736449e-05
17420,5.301819964859646e-05
17421,0.00012423405295561068
17422,8.293342410782555e-05
17423,6.085988462916745e-05
17424,0.00014166479034889462
17425,3.446588217158966e-05
17426,0.00020374057797185153
17427,0.00012109988023904975
17428,6.084078531273329e-05
17429,0.00011274878324062118
17430,3.833053311286085e-05
17431,0.00017312528331110322
17432,7.43636804630807e-05
17433,9.989915498132435e-05
17434,6.280400051409531e-05
17435,0.00018267792719322277
17436,0.00011210379937398193
17437,0.00012792683048602264
17438,0.00023016080896046042
17439,0.00015663012776427214
17440,0.0001693449884556308
17441,0.00011925426861601214
17442,5.82284380075338e-05
17443,8.90802648246501e-05
17444,6.0067469700256275e-05
17445,0.00014187293117446937
17446,9.122933070678934e-05
17447,2.9426799659631822e-05
17448,5.98124534569538e-05
17449,8.470333070452827e-05
17450,0.00022557338315211273
17451,0.00012287809839316572
17452,0.00019080624192991215
17453,0.00012178565649789252
17454,0.000311845244651546
17455,0.0001325401766873509
17456,0.0001654894476806449
17457,0.00020914416579290298
17458,0.00022280942328608885
17459,7.771684529830488e-05
17460,0.00014821968501470387
17461,0.0001011025275666473
17462,4.134134000779019e-05
17463,5.637567591185201e-05
17464,7.110506641233484e-05
17465,2.1590750980167458e-05
17466,6.717616557601776e-05
17467,8.081125357628968e-05
17468,5.715412621792624e-05
17469,3.283794146130607e-05
17470,5.926758423007968e-05
17471,0.0001393318874079913
17472,0.00014678207734247344
17473,3.5727416254015765e-05
17474,0.0001555237851327806
17475,8.344678455488703e-05
17476,4.130566490169174e-05
17477,0.00011916290104116453
17478,6.584671901275909e-05
17479,0.0001189447957604143
17480,0.0001831830080570005
17481,0.00010737027491192475
17482,7.16997760214178e-05
17483,0.00010555709374037936
17484,0.00010628658055918485
17485,5.2839495075146446e-05
17486,3.3973539301976396e-05
17487,6.882719942516246e-05
17488,0.0001472981494917168
17489,9.706378114319397e-05
17490,0.00014718383230115083
17491,5.273763726540546e-05
17492,6.900354547903961e-05
17493,0.00012409652988733965
17494,0.00012912964644473492
17495,8.620726127066138e-05
17496,0.00013890950130504491
17497,0.00011746604594826705
17498,0.00014521726009334712
17499,7.642304241306308e-05
17500,5.098049134288472e-05
17501,9.022040474336571e-05
17502,0.00015740124246199243
17503,0.00021677734823532166
17504,7.149746655253053e-05
17505,0.00012021621749357076
17506,9.384126050952618e-05
17507,0.00020820902131098704
17508,7.825544786662481e-05
17509,0.00010619898783861993
17510,0.0001274745075948351
17511,4.215691747782003e-05
17512,6.487912987739882e-05
17513,0.00012467040431367681
17514,0.00019685187489657118
17515,5.156410690027569e-05
17516,0.0001627571798301816
17517,0.0001600357831491715
17518,8.486932816186432e-05
17519,0.00014824726897929793
17520,8.094249184115949e-05
17521,8.508932303335377e-05
17522,4.581209876212365e-05
17523,7.192954170478777e-05
17524,9.950237138672028e-05
17525,0.00035833641587630465
17526,0.00010422505806417529
17527,5.8468735901573386e-05
17528,4.5365427568093015e-05
17529,0.00011420298768225954
17530,0.00020633430439780033
17531,2.063152593771474e-05
17532,0.00014541790293634208
17533,0.00017261778306860295
17534,0.00021156283145140175
17535,0.0003705136392537265
17536,0.00010282443722818
17537,9.294730881172881e-05
17538,0.00010430804533172537
17539,7.472658681002725e-05
17540,0.0001326622935669626
17541,7.442870448526124e-05
17542,3.3638082568447026e-05
17543,0.00013660364234110729
17544,0.00022343873220452315
17545,3.6538966073197135e-05
17546,0.0001288423770808667
17547,0.0001248528436253859
17548,6.794265875513712e-05
17549,8.247898343718942e-05
17550,0.00013080456006029197
17551,0.00011552120894557594
17552,3.1563376055386317e-05
17553,0.00010667292746111031
17554,5.6955735890372354e-05
17555,0.00013160974087047538
17556,6.840422543054762e-05
17557,5.7622087046191894e-05
17558,8.121546569861177e-05
17559,7.49536818102409e-05
17560,9.97461594325596e-05
17561,9.472997060183707e-05
17562,9.089140375834277e-05
17563,0.00022650290772423219
17564,2.750088783343227e-05
17565,0.0002077703336406952
17566,7.955251693503497e-05
17567,0.00010504957212457667
17568,6.086371358557385e-05
17569,4.5274819368984216e-05
17570,7.67024338768618e-05
17571,5.5908637949301506e-05
17572,9.94704202663563e-05
17573,0.0001363639546545179
17574,0.00015704883838893845
17575,6.669528384069046e-05
17576,9.047721765936015e-05
17577,4.6451357228706915e-05
17578,0.00011865164818808437
17579,5.040328594618786e-05
17580,0.0002501206838193892
17581,0.00015152102916397606
17582,0.00021279153285651815
17583,8.679717537770491e-05
17584,0.0001403360168716907
17585,0.00015134165559173453
17586,0.00016185204676223962
17587,0.00024448867175719464
17588,0.00012640783889191908
17589,3.849063247902159e-05
17590,0.00014690051388835826
17591,9.146329728790216e-05
17592,0.00010868033883165378
17593,7.37775548028039e-05
17594,0.00018314418724715598
17595,7.472202188977388e-05
17596,0.0001435257410857247
17597,6.225385722984238e-05
17598,8.045503609427986e-05
17599,4.342073093035174e-05
17600,0.00010351876669525648
17601,0.0001458766770743311
17602,2.887560188044385e-05
17603,5.576044949864029e-05
17604,0.0002571169050542458
17605,0.0001136137066775244
17606,4.058158837548525e-05
17607,7.428168579405099e-05
17608,6.186526133383244e-05
17609,0.00012621823010677824
17610,9.181975317446283e-05
17611,9.153869428078461e-05
17612,0.00013090682524956014
17613,4.673157097024742e-05
17614,4.970618449546319e-05
17615,6.174671444690092e-05
17616,6.038496302136889e-05
17617,0.0001440090556034647
17618,0.0001158571049297598
17619,0.0001569372121173267
17620,0.00020330782441363408
17621,0.00010708100499176709
17622,7.29392977311299e-05
17623,0.00010010881291577048
17624,9.046644791872258e-05
17625,0.0001082075637626451
17626,0.00010864799875693675
17627,5.6652179732828344e-05
17628,2.649041288328495e-05
17629,0.00013895010050967813
17630,3.1151670998324294e-05
17631,5.068164404736507e-05
17632,9.708263988010112e-05
17633,0.00012646300928566192
17634,0.00011091510532607889
17635,8.374914723544198e-05
17636,0.00011865579117574864
17637,0.00014995677240102405
17638,7.339947144049936e-05
17639,7.545297940196675e-05
17640,0.0002020950617116667
17641,0.00014468716648960683
17642,0.00016328732152618027
17643,0.0001598336731955347
17644,6.608370253551824e-05
17645,0.00011007869831587322
17646,7.692690235863249e-05
17647,4.009647596598727e-05
17648,0.00020243930230678838
17649,7.139578439209357e-05
17650,6.583847749926195e-05
17651,0.00011489103060265215
17652,0.00012142940466074264
17653,0.00011559390402739755
17654,6.329661454459624e-05
17655,5.3809394372413746e-05
17656,0.00015918501644947118
17657,8.398761008400622e-05
17658,7.84800924009203e-05
17659,8.124446441162535e-05
17660,8.022200650980165e-05
17661,5.776805200719999e-05
17662,4.3454102183912855e-05
17663,5.2145003945260944e-05
17664,0.00011184218044438664
17665,8.443894813434294e-06
17666,0.00013029544593167773
17667,4.41507803447088e-05
17668,3.5563756272628335e-05
17669,0.00012745033968013955
17670,0.00020201112915473307
17671,2.4667142873264224e-05
17672,6.885372366836286e-05
17673,4.038516619419169e-05
17674,0.0001046629286550942
17675,6.0416371970011195e-05
17676,9.204239215410274e-05
17677,0.00011972566875020384
17678,8.529248953832258e-05
17679,2.5609075476716997e-05
17680,4.044528464983822e-05
17681,0.00013504195043865852
17682,0.00023113469340875755
17683,0.0002260560865855646
17684,0.00010199546549594782
17685,3.3833333330098826e-05
17686,8.83560218934301e-05
17687,0.00013426090121541014
17688,0.000144619479770495
17689,9.107186442270232e-05
17690,0.0001193967319215165
17691,9.446117093555865e-05
17692,0.00010126830726622128
17693,3.9655908228585816e-05
17694,0.00017614998820120957
17695,4.195665296352492e-05
17696,9.671830095761607e-05
17697,9.944846823097708e-05
17698,0.00015100194495045363
17699,8.577212897285917e-05
17700,0.00025403492654120963
17701,0.00015109331468663077
17702,0.00017760093722087234
17703,2.3685722995000512e-05
17704,9.956626738719712e-05
17705,0.00033378808450958163
17706,7.322717772243102e-05
17707,0.00011563157779933116
17708,0.00010475474565594382
17709,0.00010202596887695817
17710,0.00011584793373160383
17711,0.0001386632749261515
17712,0.00019132943091161418
17713,8.707010445434298e-05
17714,0.0001243723285182088
17715,0.00013579592958679515
17716,3.070629455984458e-05
17717,0.0001358560624754703
17718,6.674106917941337e-05
17719,0.00020792398914258413
17720,0.00014491866833572426
17721,5.813692337000599e-05
17722,8.432981410957313e-05
17723,6.311498483688296e-05
17724,8.194100949375811e-05
17725,0.00011075517156550577
17726,9.334549098426459e-05
17727,0.0001300106919879326
17728,0.0002339395874818829
17729,7.362240519475212e-05
17730,6.257723791352792e-05
17731,0.00013048913205457796
17732,0.0001482768472995689
17733,7.822071590739626e-05
17734,4.333805027015514e-05
17735,7.970632289824056e-05
17736,7.320065965516514e-05
17737,8.005148872094053e-05
17738,0.00013277436497441029
17739,5.2243456928383714e-05
17740,7.067023940677972e-05
17741,9.375435798839775e-05
17742,8.596790793309339e-05
17743,0.00012046636279006467
17744,8.277913571606282e-05
17745,5.4603399986755345e-05
17746,7.60115269320022e-05
17747,9.872326979675478e-05
17748,0.00013674912872014728
17749,0.00014823968667721608
17750,0.00014536196830660774
17751,6.120916086091669e-05
17752,6.209981476709375e-05
17753,9.515168897189315e-05
17754,8.268563404079397e-05
17755,6.304730047583849e-05
17756,6.496397761751862e-05
17757,0.00017090790115931645
17758,5.22069918016176e-05
17759,2.541543896948884e-05
17760,0.00014228963415102242
17761,0.00013882493930167465
17762,0.00016937419897571743
17763,0.00010973265692825059
17764,6.181035178566769e-05
17765,8.5953525415897e-05
17766,9.677992208491099e-05
17767,0.00017277079048411923
17768,0.00014071097810785597
17769,6.38348813415659e-05
17770,6.221266062069856e-05
17771,0.00014899237145530664
17772,8.591387502488593e-05
17773,0.00011497962073746112
17774,6.137768727863281e-05
17775,4.8976193383306107e-05
17776,0.00013609392787649786
17777,9.521883556901399e-05
17778,7.107771377012183e-05
17779,0.00015110011875588253
17780,7.951126200540392e-05
17781,8.835735180728307e-05
17782,9.34746118675737e-05
17783,0.00015050714290085272
17784,7.297748462028878e-05
17785,7.249461853041839e-05
17786,0.00017363116953447347
17787,0.00021125829081628097
17788,7.113264493134936e-05
17789,0.00019769710950967413
17790,0.00015389006549328804
17791,0.00019593003533483695
17792,6.882290043755003e-05
17793,4.955438156204899e-05
17794,7.515331748163922e-05
17795,0.00018388096249846093
17796,0.00016872765865552855
17797,0.00010660304337869531
17798,0.00010752326491217327
17799,5.177550355429927e-05
17800,0.00012345107367491348
17801,0.00012469896538200482
17802,0.0002158994634211082
17803,0.00013159738027834035
17804,0.00012259754963649664
17805,8.424976694054166e-05
17806,0.00023394779766590422
17807,0.00010040258525521035
17808,0.00016049771487349737
17809,0.0002018968916829511
17810,6.364962533708019e-05
17811,9.878739061730763e-05
17812,3.829749545860496e-05
17813,7.834475217758375e-05
17814,4.924535646634449e-05
17815,0.00017641418452748933
17816,7.797885648952221e-05
17817,8.162838249647804e-05
17818,6.162471838787405e-05
17819,5.866167266288507e-05
17820,7.835574985363297e-05
17821,0.0001451087372777849
17822,0.0001609926721721484
17823,0.0001365573560419369
17824,9.467233407469051e-05
17825,6.653112016235411e-05
17826,0.00020078229863202435
17827,0.00010369591657120046
17828,0.00037545650145888286
17829,0.00017039376607862704
17830,0.00011954537482988386
17831,9.387638021829352e-05
17832,6.0107907048922895e-05
17833,6.431977014884729e-05
17834,9.184716605388293e-05
17835,0.00014117092177875194
17836,0.00010862434181723449
17837,5.8136120678810614e-05
17838,7.710973940040432e-05
17839,0.00010456259755696945
17840,8.643682914213574e-05
17841,4.165429702099473e-05
17842,9.926335938240733e-05
17843,5.863669711779545e-05
17844,0.00010473206324872834
17845,5.0663004961663654e-05
17846,0.00018895111196254183
17847,0.00010950661378058749
17848,0.00010621747434903591
17849,9.206501875698312e-05
17850,5.3446729555890265e-05
17851,0.00011772931288445491
17852,0.000106975138018339
17853,0.00010126685865047119
17854,0.00013480759925761597
17855,0.00016021025572301501
17856,9.431887747096388e-05
17857,7.182717896074775e-05
17858,7.832276596182072e-05
17859,0.00011794354672244717
17860,0.00011961465153173177
17861,0.00010711322578311497
17862,0.0001310689972453321
17863,0.00011656164620905591
17864,0.00014840586229454694
17865,8.752070987853797e-05
17866,0.0001047023823879237
17867,7.115564228904199e-05
17868,0.00017835754189403762
17869,0.00011875711284151134
17870,0.00012498660348820326
17871,0.00014183707230167722
17872,0.00012694345544444238
17873,5.283386105415122e-05
17874,5.6413138750247196e-05
17875,9.692112658519112e-05
17876,0.00016603560606789902
17877,2.7010964174135877e-05
17878,0.00018167588998355485
17879,5.362804575068552e-05
17880,0.00012707651282788622
17881,0.00025510099534981404
17882,0.0002370128403901295
17883,9.192609744974483e-05
17884,9.875059413611101e-05
17885,0.00015506603345263287
17886,7.010620791642172e-05
17887,0.00026307837091422954
17888,0.00012595748294155619
17889,5.587337874804347e-05
17890,9.668874034288161e-05
17891,0.00012513670799394621
17892,0.0001157322077724791
17893,0.00016414602573848502
17894,6.140404061192512e-05
17895,6.426153287758245e-05
17896,0.0002668763149514489
17897,0.00011815677968720218
17898,0.00012354195935698233
17899,9.68221425996484e-05
17900,0.00014680595606326086
17901,4.221043729635328e-05
17902,0.00018995051064518134
17903,4.368181814732368e-05
17904,0.00010313195305384115
17905,0.00011622614174071997
17906,0.0001073420128719388
17907,0.00015340258318538995
17908,0.00013116958466994488
17909,4.9969365178302435e-05
17910,0.00010503619005174306
17911,8.334000933481286e-05
17912,4.87614674513674e-05
17913,0.00012183010236313895
17914,5.480638488782712e-05
17915,5.860726255892801e-05
17916,0.00013415087803156793
17917,6.477445898676926e-05
17918,5.162120078536587e-05
17919,3.8195779664935724e-05
17920,0.00012005973875330523
17921,4.9542934009230934e-05
17922,0.00039832944101597374
17923,0.00010634485061941952
17924,0.00017798418703814746
17925,0.00018986890907549407
17926,8.544331657993776e-05
17927,0.00014276970022599774
17928,9.109323363248623e-05
17929,8.171337986361411e-05
17930,0.00011950885052666824
17931,0.00010576806351388368
17932,9.468719191586583e-05
17933,0.00013572982305832398
17934,4.516966273944333e-05
17935,0.00026899773073407713
17936,5.284877720634456e-05
17937,0.00011554058664135112
17938,8.002368794834346e-05
17939,0.00012681895718990427
17940,5.942115543120636e-05
17941,7.689807714174633e-05
17942,6.966109712050963e-05
17943,0.00012983328199921753
17944,9.782230000716872e-05
17945,7.816493030648127e-05
17946,7.330109663671624e-05
17947,0.00013797695825958377
17948,4.281489085758934e-05
17949,0.00012800094287268633
17950,9.983102183206446e-05
17951,0.0001132914636231768
17952,0.0002802633133992675
17953,0.00022391289689294662
17954,0.00010400267987706098
17955,4.682370464059091e-05
17956,0.00014435541128532148
17957,5.4571645518163665e-05
17958,0.00010969946412350346
17959,0.00016250454996752543
17960,9.649657705270758e-05
17961,0.00011371778860647311
17962,8.585398196924429e-05
17963,7.469731252196411e-05
17964,6.385226048659915e-05
17965,9.269907273310577e-05
17966,5.088858408111063e-05
17967,5.978570129439343e-05
17968,0.00016877319840206641
17969,0.00010148759016054668
17970,0.00016320399978092683
17971,0.00010347932941386476
17972,5.1239564703760744e-05
17973,9.595802949626816e-05
17974,7.35545903920065e-05
17975,0.00010773032048682009
17976,7.386533296079886e-05
17977,8.527069912907113e-05
17978,0.00012891693322363378
17979,0.00038237328985795484
17980,0.00021220239206770576
17981,0.00015327091798760238
17982,0.0001449841418142426
17983,0.0001751218626314216
17984,0.00012822165736608356
17985,0.00013084273786710898
17986,7.089653565037451e-05
17987,0.00016118622896368242
17988,4.325834563642817e-05
17989,0.00015685106713126648
17990,8.163126421170765e-05
17991,0.0001054995028011999
17992,0.00016616173614365147
17993,6.153035886643039e-05
17994,6.380709480892099e-05
17995,5.342193309713497e-05
17996,7.890024962385653e-06
17997,0.00010949042764376782
17998,4.3373309053263314e-05
17999,4.619428262692238e-05
18000,0.00022156719295027448
18001,0.00012037523871315704
18002,0.00023922470074057175
18003,0.00015441420244169786
18004,8.548773784772956e-05
18005,7.122521385158924e-05
18006,4.591355457453113e-05
18007,0.00022719277351937662
18008,1.397841123029154e-05
18009,0.00011693673590705442
18010,0.00011701543756878838
18011,0.000170060884615002
18012,5.348389348280958e-05
18013,0.00011328270072790622
18014,6.682641736733194e-05
18015,5.085093875103619e-05
18016,7.067879226593533e-05
18017,0.00010426034943417839
18018,6.703636035011166e-05
18019,0.00011872528901607968
18020,7.346107847325495e-05
18021,7.471404659504332e-05
18022,0.00012158517917718017
18023,0.0002124684405822563
18024,0.00010123607663798996
18025,0.0001235282417088779
18026,0.00014553924018353797
18027,0.00011129196461341408
18028,3.56562181943218e-05
18029,0.0001072172389495584
18030,0.00011068382602857316
18031,0.0001537226306421416
18032,0.00018610876104705943
18033,0.00013612341894272384
18034,8.264570659026384e-05
18035,0.00013247713623491114
18036,6.479453999538507e-05
18037,0.00012088503299197224
18038,9.804804967506183e-05
18039,0.00011661949715638858
18040,0.00021297573087736092
18041,0.00014420790450769055
18042,0.0001521460596975907
18043,8.255755046199631e-05
18044,0.00013156787886163413
18045,0.00014329004318793014
18046,0.00012583965196717286
18047,0.0001083693674269757
18048,0.00020584120546087857
18049,5.6407511152924475e-05
18050,6.687815877096336e-05
18051,0.00028176772351795176
18052,5.8413458742586254e-05
18053,9.490884606976952e-05
18054,0.0001782991824024271
18055,0.00016320717930296008
18056,0.00013571215679123583
18057,7.297620010624036e-05
18058,6.316838388818582e-05
18059,0.00012032242472910595
18060,0.00018186023162140865
18061,5.925526264276902e-05
18062,0.00014631903946266605
18063,0.0001548521461479123
18064,8.639700607070814e-05
18065,0.00013878987777622345
18066,0.0001274146743576552
18067,0.00010247633929830753
18068,0.00019549986267413102
18069,5.793150602486197e-05
18070,0.000125133264293294
18071,0.00013730110173959333
18072,4.87189773043271e-05
18073,6.758528027697699e-05
18074,0.00017926343232338703
18075,0.0002539006649797611
18076,0.00020515828219225076
18077,0.0002022946214122444
18078,7.552726324183998e-05
18079,4.629048152352843e-05
18080,0.00018198766663222362
18081,8.01563189155196e-05
18082,0.00010121953336160282
18083,0.00013228309962500298
18084,9.02666102169029e-05
18085,0.00022620145071225965
18086,0.00011110698973490009
18087,0.00032774846031304185
18088,0.000131868725624415
18089,7.99220694137912e-05
18090,0.0001363557449568563
18091,2.5079325992458778e-05
18092,0.0002715044907888815
18093,4.363878247505064e-05
18094,7.434829363858238e-05
18095,0.0002089522124577788
18096,0.00012769879516053506
18097,9.012014346600387e-05
18098,0.00011452739168180707
18099,0.00012243769727850266
18100,0.00023219297638117306
18101,6.578504776265067e-05
18102,4.008714695845094e-05
18103,0.0001350313726718218
18104,0.00023675370072392287
18105,0.00012137841467047321
18106,8.545941409483978e-05
18107,0.00016551387498735324
18108,7.965520547458191e-05
18109,3.404041549619422e-05
18110,0.00011862735316299641
18111,0.00014928415279734578
18112,3.628295400966506e-05
18113,4.5287590643980125e-05
18114,5.482269859759231e-05
18115,0.00013143468204463086
18116,0.00011644961571183024
18117,0.00012350370787320516
18118,9.84324150325257e-05
18119,0.0001811328437554241
18120,0.00011333519812195097
18121,9.346632903057915e-05
18122,4.8059942199944904e-05
18123,0.00010058791889887422
18124,6.632162082490099e-05
18125,0.0001754604044095956
18126,0.00015178079753072501
18127,0.00016525268373062524
18128,0.00011916992195682719
18129,0.00013639202713946062
18130,0.000172659089594076
18131,9.672326202814948e-05
18132,5.678262234728238e-05
18133,0.00016131108327980571
18134,9.188899953401498e-05
18135,4.800332052068179e-05
18136,0.00012359739784157856
18137,0.00013891597051809762
18138,1.1239356350673491e-05
18139,3.8262702430637535e-05
18140,9.516509187934005e-05
18141,2.5122025569191212e-05
18142,0.00025369774722503656
18143,0.0001539765753922382
18144,0.00014808450014064715
18145,0.00012590552233244728
18146,0.00011180631069622811
18147,3.9536845998132526e-05
18148,9.604841107637097e-05
18149,8.967298608616521e-05
18150,0.00014865448413072175
18151,8.002245013315639e-05
18152,7.873102399757039e-05
18153,0.00020737802921094424
18154,0.00010284222300800161
18155,4.3534865133057526e-05
18156,0.00012896708688188598
18157,5.956327145002838e-05
18158,0.00011704312222864098
18159,5.540775269324502e-05
18160,3.8478284010396235e-05
18161,6.411552699222772e-05
18162,0.00010310237114082696
18163,3.1169393979254195e-05
18164,5.594962640617627e-05
18165,0.0001506568966293446
18166,0.00010473502741734757
18167,5.381081475392086e-05
18168,7.295489725728414e-05
18169,8.156237515006112e-05
18170,6.808262225895602e-05
18171,8.408524625674756e-05
18172,0.00010389355531854058
18173,0.00016954743606956233
18174,0.0001466392273090203
18175,0.00020030496357534194
18176,0.000205197268937334
18177,6.813633987466042e-05
18178,0.00021160921162745788
18179,5.6413703319527235e-05
18180,5.754047407264291e-05
18181,9.7650399768443e-05
18182,4.844701572211108e-05
18183,6.865181965096353e-05
18184,0.00015688447878772953
18185,5.841376790660239e-05
18186,4.2753735086496964e-05
18187,0.00010288849869916002
18188,0.00010323869762336084
18189,0.00011895765429588477
18190,0.00011104663856679217
18191,5.581898972551216e-05
18192,0.00010492172054564798
18193,0.00012229331973587638
18194,0.00013866000389124538
18195,4.096089641285314e-05
18196,0.00014410192432316683
18197,4.51860843889992e-05
18198,6.941668027357158e-05
18199,7.308514534484469e-05
18200,0.00016190430293395373
18201,0.00020823378955232467
18202,0.0002247628623548738
18203,4.837231143891138e-05
18204,7.409913087955711e-05
18205,8.17438547707598e-05
18206,1.789615308532879e-05
18207,0.00017142618294805964
18208,7.124305973537124e-05
18209,0.00011335895163897973
18210,6.408371055715862e-05
18211,0.0001959853261072783
18212,0.00011899720480383101
18213,2.2924079142139927e-05
18214,0.00010600163266722025
18215,4.436655928660534e-05
18216,0.00011926051759165841
18217,1.547783488544405e-05
18218,4.425454483475111e-05
18219,0.00013998451675561137
18220,4.34443926326188e-05
18221,5.827144965571652e-05
18222,0.00014269092746734617
18223,0.00013328130246443182
18224,7.810775125675269e-05
18225,5.1124868494106724e-05
18226,3.516714973093117e-05
18227,0.000107723623468588
18228,0.00016390008011685572
18229,0.00018414350829869586
18230,0.0001278015284338591
18231,0.00010334025680163486
18232,6.90908313113805e-05
18233,0.0003097971229395989
18234,2.6061357326684616e-05
18235,0.00011194739213823857
18236,7.514535547764415e-05
18237,3.497148051972826e-05
18238,0.00013587271908722126
18239,0.00011458029169015093
18240,0.00014526290774551095
18241,8.690189528676032e-05
18242,7.967712662811869e-05
18243,0.0001280550965520544
18244,8.499876683600819e-05
18245,0.00017332807735231096
18246,0.0001566348394403407
18247,3.5333438866959025e-05
18248,7.364413504672817e-05
18249,5.788727849210307e-05
18250,0.00014786452117838405
18251,0.00013257418542223876
18252,5.127616067867623e-05
18253,3.565734698718249e-05
18254,0.0001328188428748498
18255,0.00011675035147457296
18256,2.3811977194669563e-05
18257,7.671585123602195e-05
18258,0.00011697880747002909
18259,9.119859640720324e-05
18260,2.5564938340771154e-05
18261,7.11583785369917e-05
18262,8.814164986699219e-05
18263,0.0001464535709869462
18264,0.00011507784680184003
18265,0.0001269705520264478
18266,9.369669189096621e-05
18267,0.00010909054519384664
18268,5.201694828267844e-05
18269,9.475596558538798e-05
18270,6.089519108983407e-05
18271,0.000154551868252839
18272,0.00016336549934128312
18273,5.112156472290192e-05
18274,0.00016438206092229713
18275,0.00019253488852678758
18276,0.00021363738881916098
18277,8.498224044782045e-05
18278,0.00017546769214165273
18279,0.0001109382804255
18280,8.217951685295738e-05
18281,0.00010043511004121897
18282,3.7833002666607314e-05
18283,0.00011021493631052727
18284,0.00011182360509528824
18285,6.0642169753016846e-05
18286,6.322395995022412e-05
18287,0.00011863604909509223
18288,3.089335071782426e-05
18289,7.071682170564456e-05
18290,0.00021563758310446022
18291,0.00011660466788519188
18292,8.215192939358307e-05
18293,5.331438983676361e-05
18294,0.000345948155281956
18295,6.14401380632573e-05
18296,5.9649955567593224e-05
18297,0.0001016631273566524
18298,8.702647707904332e-05
18299,8.658420254141949e-05
18300,0.00013608115012247795
18301,7.818596845964467e-05
18302,3.084761527002294e-05
18303,3.455274470698789e-05
18304,9.623640199155004e-05
18305,3.7394738621138754e-05
18306,7.561357510333969e-05
18307,9.989557773469399e-05
18308,2.8371293387645433e-05
18309,0.00020321257733736778
18310,3.600868198679546e-05
18311,0.0002046294861840204
18312,7.14074896430889e-05
18313,0.00011545996401162266
18314,2.567864912090535e-05
18315,0.00012530849980001182
18316,5.112720668997411e-05
18317,6.476176441363238e-05
18318,5.464270644810801e-05
18319,0.00014424554819929234
18320,0.0001277764174555974
18321,4.37688146678395e-05
18322,5.544016693098877e-05
18323,0.00016707000911838314
18324,0.00012009887179167465
18325,0.0001326826418967769
18326,0.00012025062948527873
18327,0.00019717733509769814
18328,6.596583141926564e-05
18329,0.00019792973570922884
18330,7.526559341401959e-05
18331,6.253857013533379e-05
18332,3.8781691305523345e-05
18333,6.295159566487939e-05
18334,0.00013963079869498826
18335,4.372201775644597e-05
18336,3.983301563875668e-05
18337,9.258185417864386e-05
18338,4.706439567980307e-05
18339,0.0004721247983736492
18340,0.0001546684988227112
18341,6.501353706501999e-05
18342,0.00010852845852507383
18343,0.0001230125027399873
18344,0.00012433085820834922
18345,3.2389544486892305e-05
18346,5.6206527334236184e-05
18347,6.589176264143175e-05
18348,0.00014848161062639364
18349,9.115394060401885e-05
18350,0.0001820933466468319
18351,2.8781919541482456e-05
18352,0.0001221058168754598
18353,6.434749766785233e-05
18354,0.0001302084586043702
18355,4.6142611036286266e-05
18356,0.00014321021622578996
18357,0.00011602305370891341
18358,1.1517965951258357e-05
18359,9.198779192460127e-05
18360,7.106831794411441e-05
18361,6.799575116037716e-05
18362,5.907775175005815e-05
18363,8.691117501443108e-05
18364,9.350835775056099e-05
18365,0.00010864917976033135
18366,7.750501362216833e-05
18367,7.107734832961694e-05
18368,0.00015066191811166483
18369,0.0001041485390029386
18370,5.84378487146614e-05
18371,6.074255483725417e-05
18372,5.858185594006418e-05
18373,6.259035892599976e-05
18374,0.00016967136161663446
18375,3.026341279174636e-05
18376,0.0001186459204988963
18377,0.00017324258409695924
18378,0.00010018204416546699
18379,4.980439694290348e-05
18380,0.00019728030220436517
18381,7.320059305038695e-05
18382,6.859625254184696e-05
18383,0.00014748261395638394
18384,3.148494710984628e-05
18385,6.104076098628497e-05
18386,3.40492880491373e-05
18387,6.209661471061938e-05
18388,2.7773485599332555e-05
18389,5.7260405600030075e-05
18390,9.208983838809395e-05
18391,0.00011162086608809788
18392,9.823892898988005e-05
18393,4.62911813718395e-05
18394,7.072013076581716e-05
18395,0.00013011669189238377
18396,2.4714012405155134e-05
18397,0.00016075664213833655
18398,0.00010288625670402108
18399,7.411040334514408e-05
18400,0.0001673813680717423
18401,0.00015248166078422014
18402,7.144903734438141e-05
18403,0.00015233935294891104
18404,8.221961756865474e-05
18405,1.0681589081124975e-05
18406,0.0001360560362195692
18407,7.609690040773145e-05
18408,0.0002005580968779487
18409,7.272151219299617e-05
18410,1.787818482349354e-05
18411,7.229412578043992e-05
18412,3.5222869578135114e-05
18413,0.0001941592410740813
18414,0.00010628624611058117
18415,0.00012747480872708615
18416,8.930836394457679e-05
18417,7.422466530130443e-05
18418,0.00014045665485413154
18419,0.00011108631772676687
18420,0.0001931030787331591
18421,6.77603831152809e-05
18422,5.1555404193913504e-05
18423,7.26231428219805e-05
18424,0.0002280543974926527
18425,8.59550563619931e-05
18426,0.00013275993445692675
18427,0.00011800340224228603
18428,9.876075295266651e-05
18429,3.283295226832173e-05
18430,8.040703243074719e-05
18431,9.148926739517733e-05
18432,0.00015756037010597666
18433,0.00013000584417305507
18434,8.902002290881392e-05
18435,7.377002919529685e-05
18436,0.00012552712153313895
18437,3.3872918877012894e-05
18438,0.0001667486634208195
18439,0.00018177163954851582
18440,0.0003775781695644216
18441,4.5256254902628954e-05
18442,0.00013294085933850068
18443,0.00015855895005789707
18444,0.00012779906037737535
18445,1.9083719045958466e-05
18446,9.173590420259239e-05
18447,0.00014332255091583192
18448,9.13556961378476e-05
18449,0.00011531160058961551
18450,0.00014487538765290192
18451,2.4108895924412834e-05
18452,0.00010728778557205301
18453,1.9560829467351032e-05
18454,6.57910171098602e-05
18455,6.921771807035247e-05
18456,6.291864291513299e-05
18457,5.606168397643378e-05
18458,0.00011245764682860585
18459,0.00012665370349065596
18460,7.49772871965753e-05
18461,2.621745301971679e-05
18462,5.1119977991659726e-05
18463,0.00014925082523557125
18464,0.00012758012525034348
18465,0.00014156108080076024
18466,0.00014310792476312568
18467,4.202821313480135e-05
18468,8.492399426258314e-05
18469,4.13088709774656e-05
18470,0.00010574209816527108
18471,0.0001327817558333461
18472,6.920026395623739e-05
18473,4.0931312651039056e-05
18474,8.00190252267787e-05
18475,0.00012471099759692913
18476,0.0001469785854697775
18477,0.00012795053226265373
18478,5.722144079718109e-05
18479,0.00011671056979444534
18480,0.00011149237633766411
18481,4.025450114338964e-05
18482,9.139420603562972e-05
18483,5.640944988223607e-05
18484,0.00013788004619438363
18485,3.722844946254549e-05
18486,7.059523479752254e-05
18487,9.733293272929576e-05
18488,0.00021416790111749816
18489,0.00010838543272890005
18490,0.00016969610399227488
18491,5.184263725569511e-05
18492,0.00015187922688589663
18493,0.00015239449417305142
18494,0.00010521130684196628
18495,4.5279088339014636e-05
18496,0.0001444597242804767
18497,0.00010273016485721324
18498,5.99513629993938e-05
18499,2.727213302641721e-05
18500,0.00011424519014488884
18501,8.095168703477566e-05
18502,0.00012268591980112923
18503,8.462955150352936e-05
18504,6.732858901720405e-05
18505,0.00014176757835154848
18506,0.00017747149151432103
18507,0.00011721044804056134
18508,8.503595186391903e-05
18509,0.00017110477396300704
18510,0.00012489451245021322
18511,8.5214880478982e-05
18512,0.0001421125270396191
18513,6.715623480955906e-05
18514,3.697667501834585e-05
18515,6.822662547467484e-05
18516,1.6972520832193108e-05
18517,3.900438147120604e-05
18518,0.00014338565215589344
18519,9.647321506709928e-05
18520,3.1758105852171046e-05
18521,9.728816787058112e-05
18522,9.474901369320785e-05
18523,0.00020287921481790708
18524,0.00010220710019802375
18525,6.5703127728252e-05
18526,0.0001244357107273034
18527,8.612706424048202e-05
18528,4.5267515815589425e-05
18529,8.933090212661003e-05
18530,7.574031267052268e-05
18531,5.603233969923747e-05
18532,7.535836268756266e-05
18533,0.00026735654794336067
18534,8.728181197883273e-05
18535,8.756327357630984e-05
18536,0.00013507877983562734
18537,5.7965796153712054e-05
18538,0.00012608010677267456
18539,0.00027959145842675466
18540,9.609111041395597e-05
18541,6.916778323791865e-05
18542,3.5476309175578785e-05
18543,4.861276941116312e-05
18544,7.628846157050855e-05
18545,8.508337263596379e-05
18546,3.6178133043341845e-05
18547,6.872765855722544e-05
18548,0.00011674197650065807
18549,8.214103248156035e-05
18550,0.00015170649971755744
18551,9.860191885163989e-05
18552,0.00010700459687953836
18553,7.653863677270689e-05
18554,5.424084324463154e-05
18555,0.00015334992153877964
18556,3.390168025056354e-05
18557,5.914702266460113e-05
18558,0.00011164039192398545
18559,0.00018144500527602348
18560,9.363024168462698e-05
18561,5.416869440935145e-05
18562,0.0001353213530074996
18563,8.305778783719122e-05
18564,8.231504739950865e-05
18565,4.4274842658678326e-05
18566,6.712606591566277e-05
18567,0.00018736909142885022
18568,5.865674448137537e-05
18569,2.7572470049731112e-05
18570,7.176712635324642e-05
18571,0.00018899471186917
18572,7.93293032277811e-05
18573,6.032740743950501e-05
18574,8.898988502010777e-05
18575,9.04085555558361e-05
18576,4.93639566401561e-05
18577,0.00010678207862527358
18578,7.059493716598531e-05
18579,0.000255792513162366
18580,5.753559436950989e-05
18581,8.016894252065933e-05
18582,5.185991752980288e-05
18583,8.73272174388132e-05
18584,0.00015928899591797702
18585,4.0748429847226556e-05
18586,3.973053835348742e-05
18587,4.989996574946985e-05
18588,0.00012615230772422965
18589,6.462121548091844e-05
18590,0.00016661744758457363
18591,6.20407206049964e-05
18592,7.096089939041746e-05
18593,2.169838467265812e-05
18594,0.00014384735432363375
18595,0.00015352664162879658
18596,9.651976290777188e-05
18597,0.00014108658845214778
18598,0.00013530208221301527
18599,0.0001329953113546707
18600,5.248602782765284e-05
18601,0.00011360914239573418
18602,0.0001572983358455919
18603,9.401857106020153e-05
18604,9.811982651094679e-05
18605,0.00019976274911040948
18606,0.00010490330676761575
18607,0.00013447830269133098
18608,0.00010362064122403759
18609,0.00010341030201068163
18610,0.000275664828456043
18611,7.113245500322067e-05
18612,0.0002231191027510917
18613,0.00010724999439962607
18614,0.00010119722721657655
18615,3.851226796357364e-05
18616,0.00012778693658357598
18617,8.573548269773437e-05
18618,5.266089493920698e-05
18619,8.331869113805508e-05
18620,3.300338132733865e-05
18621,4.4738018820713025e-05
18622,0.00012534253386142156
18623,0.00013485196119854807
18624,8.546867705456488e-05
18625,0.00013744414055765907
18626,0.0001064170958333462
18627,0.0001736387828054905
18628,0.00014343395280680946
18629,8.214660429308566e-05
18630,0.00011564959459275327
18631,0.00021620167188432236
18632,5.5352905227222765e-05
18633,3.2705733905808914e-05
18634,8.465636021218924e-05
18635,0.0002186074699338568
18636,0.0001333434360150212
18637,0.0001064556502421219
18638,9.540513893187882e-05
18639,0.0001694487350160299
18640,0.00013886774286152846
18641,0.00014283084693914727
18642,1.8787828866401196e-05
18643,9.959188043091675e-05
18644,0.00013022705177888328
18645,9.731664888072857e-05
18646,0.00015109295077798707
18647,7.400740876200792e-05
18648,8.050019652590944e-05
18649,9.959105923692719e-05
18650,6.0666912078617464e-05
18651,0.0001450131865947243
18652,0.00014642492620404633
18653,0.0001080099327915161
18654,7.880271541111549e-05
18655,9.100050774830633e-05
18656,2.822395998154555e-05
18657,0.00010119832825859799
18658,7.666223035017977e-05
18659,6.704522165068346e-05
18660,0.00012469079354254653
18661,5.3895494980801794e-05
18662,4.1347778332384176e-05
18663,0.00013313704291856543
18664,0.00011642330830733319
18665,0.00020645456313376354
18666,8.935813192122119e-05
18667,0.00010994179289466251
18668,0.00010427377520221005
18669,0.00010891889043179434
18670,5.372692823764003e-05
18671,5.326639684516259e-05
18672,0.00012220883959536023
18673,0.0002046784432992699
18674,9.790526845428916e-05
18675,5.285197247294688e-05
18676,6.408834251624937e-05
18677,0.0001779292752091768
18678,0.00015763893080311125
18679,0.00011163146284569778
18680,5.201399731321101e-05
18681,6.963228891051561e-05
18682,7.275441707533864e-05
18683,5.502484506066035e-05
18684,0.0001650551301383578
18685,0.00013041290656147826
18686,0.00014056872922578372
18687,9.728355007362535e-05
18688,0.00010537343602201883
18689,0.0001277486942052034
18690,0.00012148992373181126
18691,1.0658434168609619e-05
18692,0.00021719386215136846
18693,5.36645452276038e-05
18694,8.421054024998095e-05
18695,0.00012810322533095405
18696,0.00016196322020964291
18697,6.78849867812037e-05
18698,0.00011215751214686173
18699,0.00012648102342159047
18700,0.00020088703196101455
18701,4.159055915594341e-05
18702,5.4500221377697054e-05
18703,0.00010785491134560823
18704,4.0793429339966134e-05
18705,9.359079079909188e-05
18706,0.00010282345052607538
18707,7.086871718001087e-05
18708,7.947574074017182e-05
18709,6.560150334362733e-05
18710,0.00011792290611894073
18711,0.00016049619784069087
18712,0.00015769559285762702
18713,7.490771237056242e-05
18714,6.415631482886658e-05
18715,5.783688064714118e-05
18716,9.158523749551002e-05
18717,3.6336480132016216e-05
18718,0.00019912049506069107
18719,6.114386239428762e-05
18720,0.00010828154007617644
18721,0.00014505868135237658
18722,4.270951080971474e-05
18723,0.00010473331987891489
18724,0.00012583602747410588
18725,0.00014326166187239415
18726,0.00018825884077823077
18727,0.00013917035339873176
18728,8.993554296746192e-05
18729,9.908770719230719e-05
18730,5.82997679242568e-05
18731,4.1552297428224395e-05
18732,0.00016284817760134728
18733,9.498720831790178e-05
18734,4.3873078414052613e-05
18735,0.00019266597224465497
18736,6.459646019902308e-05
18737,0.0001149768381155332
18738,8.60400833559164e-05
18739,5.1840714527866337e-05
18740,0.0001171543865180519
18741,5.803829169779552e-05
18742,0.00011033796866935379
18743,3.8318054327572715e-05
18744,7.93339191079065e-05
18745,8.175459481804014e-05
18746,6.939800722389633e-05
18747,4.2825966357386355e-05
18748,9.792858783487919e-05
18749,7.095128961360109e-05
18750,0.00014359126013021052
18751,9.407930411482138e-05
18752,6.443580895126948e-05
18753,0.00017071501586428075
18754,7.131788424885847e-05
18755,6.10024719407762e-05
18756,4.885645003264011e-05
18757,9.460209056269818e-05
18758,8.043650625602706e-05
18759,4.639672814770028e-05
18760,3.734808002575423e-05
18761,0.00013344997283289711
18762,5.439761639713452e-05
18763,2.832595936092259e-05
18764,0.0001438880038269088
18765,0.0001568386500323108
18766,0.00010455073109332648
18767,9.493132834311844e-05
18768,2.053310364128202e-05
18769,0.00016682637641332541
18770,5.543236008214856e-05
18771,0.0001462477740626972
18772,0.0001527286170641433
18773,0.000217137061172534
18774,0.00019873991657154723
18775,0.0002501283922328675
18776,5.732925030429133e-05
18777,0.00010081750014529106
18778,8.552080812940439e-05
18779,0.00015118874541307785
18780,0.00014244584369234065
18781,0.00030788276316287186
18782,9.547015622134915e-05
18783,0.00011897825807360776
18784,0.00011985376090803979
18785,6.142998661470894e-05
18786,0.00022418797886316916
18787,4.199861829029444e-05
18788,7.863674219880546e-05
18789,0.00019754437134220126
18790,0.00010764333388326576
18791,0.00020068507312281242
18792,7.671400389195703e-05
18793,6.907378093535267e-05
18794,5.361024157913461e-05
18795,0.00015972354837285685
18796,6.709073464963007e-05
18797,3.961440398350684e-05
18798,0.00021246509428609004
18799,8.878839450989007e-05
18800,0.00016227823595203674
18801,1.6204468788823538e-05
18802,0.00010359427948387923
18803,0.00010754124071286707
18804,3.9631482753731244e-05
18805,0.00010273906332070338
18806,9.080202999178828e-05
18807,0.0001130920079303656
18808,0.00011602767061963585
18809,6.885028512505271e-05
18810,0.00015193899845041442
18811,6.11119204572532e-05
18812,0.0001750606264632774
18813,0.00010780365292898949
18814,0.00015808093013533947
18815,6.329839007607301e-05
18816,0.00010946496349170811
18817,5.6369936151405664e-05
18818,9.698068685589452e-05
18819,3.5375682522445576e-05
18820,6.52162071345994e-05
18821,5.0977139454207645e-05
18822,4.4015079081225114e-05
18823,6.783248541172089e-05
18824,0.00013395605666504903
18825,1.932706353629481e-05
18826,6.492312182412672e-05
18827,0.0001260355927601088
18828,0.00012870243251446417
18829,5.613543845631953e-05
18830,0.00011286576474708308
18831,6.273939615353472e-05
18832,8.281062304277238e-05
18833,0.0001515729988195854
18834,0.00013353337639846507
18835,0.00012623313750695012
18836,0.00010935366612897547
18837,5.817553700839469e-05
18838,0.0001000601197809
18839,7.297462902747915e-05
18840,0.00011645380369336039
18841,8.9583317428163e-05
18842,0.0001357747407787006
18843,9.595150367467939e-05
18844,0.00013565012565762134
18845,6.0166524011081325e-05
18846,9.305103556204357e-05
18847,0.00012473657028010926
18848,0.0001481848009577735
18849,0.00020839824276546053
18850,9.626770961933689e-05
18851,0.00011430291070290445
18852,0.00011309763574261635
18853,0.00019428659513340152
18854,0.0001422381015643889
18855,8.615544413022448e-05
18856,5.327000117112304e-05
18857,8.362895808553644e-05
18858,7.638523713468366e-05
18859,7.870985414552453e-05
18860,7.338077662092948e-05
18861,6.440775567429959e-05
18862,0.00015373703725594785
18863,0.0001588619262750965
18864,0.00018101471204529345
18865,6.252114677037273e-05
18866,3.2749566882534716e-05
18867,0.00013242182173579825
18868,7.70794221853718e-05
18869,0.00010090920592497775
18870,0.00011535404583845049
18871,0.00010131501438839899
18872,0.00011441818785549313
18873,0.0003316207702513696
18874,6.638778337456473e-05
18875,0.00010093592350943716
18876,0.0001360637602830317
18877,0.00014243539262978627
18878,8.718774063184236e-05
18879,0.00010597218938896453
18880,0.00024184605217907612
18881,5.818298020361119e-05
18882,0.00010172360529235546
18883,0.00016785547193681066
18884,0.0001060528762905164
18885,7.497773896227624e-05
18886,0.00010310669547899362
18887,0.00010692106682032297
18888,0.0001083616669627097
18889,7.061704369422821e-05
18890,0.00022768044765603435
18891,6.836432522231014e-05
18892,4.5841590288811744e-05
18893,0.00015420241857272567
18894,2.2109260652372415e-05
18895,5.599854160902807e-05
18896,0.0001001784708041645
18897,0.0001988453957175905
18898,6.908383523239963e-05
18899,0.00014667054051587252
18900,0.0001376105512571392
18901,2.60948730553917e-05
18902,0.00015572185213714844
18903,0.0001837467032405882
18904,3.8642646823302676e-05
18905,0.0001325486212313149
18906,6.673496637975748e-05
18907,0.00021691710271627752
18908,0.00013848288592010623
18909,0.00010776305822352369
18910,6.849266170919877e-05
18911,0.00017366796558618934
18912,0.00017935373807455052
18913,0.00010315990693334963
18914,0.00012993874776424065
18915,0.00020208041417842972
18916,2.13922089761471e-05
18917,8.385436715669661e-05
18918,0.0001263328771841215
18919,0.00011482634591603117
18920,0.00014516427021386662
18921,0.00012785652354366272
18922,8.406734217809045e-05
18923,8.20700525235537e-05
18924,0.0001386756592793049
18925,6.448194712701176e-05
18926,6.832673239648479e-05
18927,0.00011656516109520214
18928,4.0741957312577105e-05
18929,0.00010849266038533347
18930,0.0001731108072126826
18931,6.731573709334522e-05
18932,5.820912256203648e-05
18933,0.00013807875977155153
18934,5.5477766050204225e-05
18935,1.8879836049920165e-05
18936,0.00010952976391518714
18937,8.827253542959236e-05
18938,7.828546480952354e-05
18939,0.00012575980266867764
18940,0.00016557055682541306
18941,1.9654584006688426e-05
18942,3.8592791649983366e-05
18943,7.269799113166043e-05
18944,2.51802624853532e-05
18945,0.00012157158480772692
18946,0.00010236992044599886
18947,0.00017657911533568084
18948,2.446662179492836e-05
18949,0.0001580677416410747
18950,6.455810791847612e-05
18951,0.00014947232123321697
18952,0.00010557297655213677
18953,6.957273734253454e-05
18954,5.4863188205752584e-05
18955,0.00012469061137890982
18956,0.0002287886341832796
18957,0.0001277435858639295
18958,0.00010036913077840333
18959,8.570095837768878e-05
18960,6.598860225876557e-05
18961,9.038595524687343e-05
18962,0.00011547042314673516
18963,0.00020372212348393254
18964,8.315839824986873e-05
18965,4.221822221736037e-05
18966,0.00012540095991473915
18967,3.235239515627568e-05
18968,2.495229910222732e-05
18969,0.00022419711844724822
18970,0.00013505969324007543
18971,9.773371717874553e-05
18972,0.00017212472324676468
18973,5.4018368870558254e-05
18974,7.457177921811676e-05
18975,8.331615924911043e-05
18976,1.853189399768672e-05
18977,0.00030300141765668713
18978,8.231697686451598e-05
18979,0.00013477417954638128
18980,0.00013879750377215137
18981,4.905172019100185e-05
18982,0.00020308761361816256
18983,0.00015392278400301582
18984,0.00010085698388177598
18985,4.975046082308691e-05
18986,6.90370807916861e-05
18987,6.158179530287128e-05
18988,8.395467476793387e-05
18989,4.7472202749921475e-05
18990,1.525567238812638e-05
18991,4.103351283452323e-05
18992,0.00018593721260695117
18993,4.671093414598419e-05
18994,3.7674862288157285e-05
18995,9.87926184477114e-05
18996,9.447298671118281e-05
18997,9.941625915790404e-05
18998,4.533894066963937e-05
18999,0.00019530205073877652
19000,9.646290647361103e-05
19001,5.8346922452392974e-05
19002,8.428981692947638e-05
19003,0.00010511670653649176
19004,0.00012673545221740295
19005,7.015597631221015e-05
19006,0.000140378043803497
19007,6.033390914631896e-05
19008,9.122646007800954e-05
19009,8.417852550024501e-05
19010,0.0001395257329255264
19011,0.0001775490083919233
19012,5.237510563380491e-05
19013,0.00013791367554187125
19014,4.236087130271811e-05
19015,4.8940296483500635e-05
19016,0.00013078935594007724
19017,5.3644848510240446e-05
19018,0.00020606253893223187
19019,0.00011563171874369584
19020,3.0917444884765294e-05
19021,0.00013494580732835665
19022,8.464469706174068e-05
19023,7.332212667991364e-05
19024,7.481269055578892e-05
19025,0.0001273023614656722
19026,0.0001478051383725043
19027,0.00020428806034997286
19028,6.634691824022935e-05
19029,0.0002638638041826453
19030,0.0001684011384172837
19031,0.00017069172223249754
19032,0.00015397007071734235
19033,2.312380051661679e-05
19034,0.00014062095762979333
19035,8.566716224295707e-05
19036,0.00014843292857674595
19037,9.545027476985763e-05
19038,4.859040763747899e-05
19039,0.00019424060615245834
19040,0.00010961342965567231
19041,7.160832973571431e-05
19042,9.332489409988613e-05
19043,0.00010123227892712065
19044,0.0001601533358398925
19045,8.866266751249725e-05
19046,0.0002326220561600931
19047,0.0001606657631348209
19048,0.00021274017018831453
19049,0.0003407672904597916
19050,0.0002830585033274731
19051,0.00018113068541722753
19052,2.5534571773596453e-05
19053,7.139343875990897e-05
19054,9.191129556572345e-05
19055,0.00014868260091109483
19056,5.848091738680365e-05
19057,3.4246228129559396e-05
19058,5.2616135930057845e-05
19059,0.00011745268248202612
19060,0.00010363469568565435
19061,9.845502368632824e-05
19062,7.617447922147758e-05
19063,7.240266519898456e-05
19064,3.330861499924502e-05
19065,5.284071675271515e-05
19066,0.00011618950934249047
19067,0.0002580497953350645
19068,6.111231114268453e-05
19069,7.385090162472449e-05
19070,8.587498568761779e-05
19071,0.0001265266690450604
19072,0.00011540089146606159
19073,0.00013878947500536593
19074,5.752633748020998e-05
19075,5.5185945105978715e-05
19076,9.617998657239947e-05
19077,0.00013944874349680852
19078,8.863353934883468e-05
19079,0.00024784566376785737
19080,9.352282684821798e-05
19081,0.00018064178791089475
19082,0.00011249215509027158
19083,9.47127103688673e-05
19084,5.979320196382836e-05
19085,0.00011440995331875221
19086,5.917485849364783e-05
19087,0.00020373108392155513
19088,0.00012435162762034556
19089,9.154106076899588e-05
19090,3.4114013195938034e-05
19091,3.2728243765155246e-05
19092,4.119638409907882e-05
19093,3.0310227912583072e-05
19094,5.3583123700963215e-05
19095,0.00015385440410999382
19096,6.07967410065826e-05
19097,8.114310088431688e-05
19098,2.624193829270274e-05
19099,6.122061054326925e-05
19100,9.898715258107278e-05
19101,4.73476353837344e-05
19102,4.3190580881905725e-05
19103,2.057164136716897e-05
19104,0.0001719691953592216
19105,9.802432308429616e-05
19106,0.00014233511852421404
19107,7.914793571336062e-05
19108,8.627798015579503e-05
19109,8.7250900473901e-05
19110,6.620875096402291e-05
19111,2.9363014302952265e-05
19112,8.368227998006919e-05
19113,1.2665265539324764e-05
19114,0.00010120385663665166
19115,7.525908482263854e-05
19116,0.0001335994583976183
19117,0.00014795906537753777
19118,7.984084680602548e-05
19119,0.00012179399990093224
19120,0.00014180801987604582
19121,8.257975358755359e-05
19122,0.00013576593252499696
19123,0.00012164820611275832
19124,3.5449687741401527e-05
19125,0.00019282091232891818
19126,0.00010403659482409236
19127,6.966313539221818e-05
19128,5.696437370841092e-05
19129,0.000135665957245734
19130,8.224206187078972e-05
19131,3.408476946236086e-05
19132,0.00010536580571540473
19133,0.00010991212576996316
19134,0.0001693835756348154
19135,4.679097058620378e-05
19136,0.00019553290161624566
19137,0.00010154555323150381
19138,8.259247309449106e-05
19139,0.00010764682549804441
19140,7.884909878251903e-05
19141,0.0002289062974406051
19142,8.13240047960321e-05
19143,7.398074885144471e-05
19144,0.00015217533524553036
19145,0.00011287555168585734
19146,9.558795682969952e-05
19147,9.117210215856247e-05
19148,0.00015684892292822922
19149,0.00020177518291486266
19150,0.00018566624395374273
19151,6.879341971269754e-05
19152,5.499848715543923e-05
19153,0.000107807095657106
19154,0.00027407282966010477
19155,8.82658709967725e-05
19156,0.00013117925851375227
19157,4.803730029751936e-05
19158,0.00011542320034265215
19159,2.2267629515630747e-05
19160,4.136765008277438e-05
19161,5.8094000646477775e-05
19162,0.00013729665036218186
19163,0.00015686060680343355
19164,0.0001338467750063541
19165,0.00011131005822192907
19166,0.00012412628501888673
19167,9.993888347252969e-05
19168,0.0001362256409760296
19169,6.0889368006176665e-05
19170,8.217143204230376e-05
19171,4.9555632010326014e-05
19172,0.00017205098558137542
19173,0.00010966142897930038
19174,9.645226457146184e-05
19175,5.190256592508389e-05
19176,0.0001145627035914117
19177,8.966406872594635e-05
19178,0.00014056940937392297
19179,0.00012690821610569718
19180,6.840785648503833e-05
19181,8.028878504903346e-05
19182,0.00016999488201645317
19183,7.729685117073893e-05
19184,0.00014743408381212288
19185,8.351227025689051e-05
19186,4.5461870643846966e-05
19187,7.944072274671687e-05
19188,0.0001401921474238083
19189,0.00013949094897410812
19190,3.094702290668875e-05
19191,7.037685563965863e-05
19192,0.00017814523656663704
19193,0.0001647040043111685
19194,0.00014481270731638867
19195,5.0502258083814226e-05
19196,5.6289927628933624e-05
19197,3.915280063703387e-05
19198,0.00019001172911107555
19199,6.964201484795981e-05
19200,0.00018104788809878206
19201,0.0001377151187920802
19202,0.0001038258152790989
19203,6.189811357272838e-05
19204,0.00019246584941924125
19205,7.136189552436772e-05
19206,0.00012070275823769782
19207,0.0002326036310908909
19208,0.00016040899783698826
19209,0.0001873074992188323
19210,7.613842329500142e-05
19211,0.0001010782175719268
19212,8.493975087404947e-05
19213,0.00019473367054797762
19214,0.0002071175352831302
19215,0.00021788016284320577
19216,0.0001176086973562055
19217,5.3133104509919315e-05
19218,3.582206231371872e-05
19219,5.974373939216731e-05
19220,0.00014653294894057336
19221,0.00032359149399189304
19222,0.00013169288811312375
19223,7.993396452981097e-05
19224,0.00011273439854025833
19225,0.0001069422868704702
19226,3.781885871847789e-05
19227,4.067421392782317e-05
19228,0.00014225191000463727
19229,4.9244931306322254e-05
19230,0.0002498009023496123
19231,0.0002560688814713526
19232,7.553083469337304e-05
19233,0.00017833159683313
19234,6.10552903564399e-05
19235,0.00019048228913880438
19236,5.993641490932609e-05
19237,2.5416558758336348e-05
19238,0.0001143810173290299
19239,0.00010035204958087297
19240,7.242472559362449e-05
19241,0.0001153503205870443
19242,6.671336876690347e-05
19243,0.00012618666195549132
19244,8.655353173140844e-05
19245,0.00016298198582979104
19246,0.00010103711605221516
19247,4.830026941150017e-05
19248,6.796613914065355e-05
19249,7.309196848197049e-05
19250,0.0003618605654395891
19251,7.386150657120204e-05
19252,7.845263858360353e-05
19253,0.00016297286801079605
19254,0.00010958132763987996
19255,0.0001883104995735098
19256,0.00010707210631262504
19257,6.24017923092148e-05
19258,0.00010686320503112161
19259,0.00011417296981303986
19260,9.558679839801269e-05
19261,0.00010215416110813463
19262,0.00015141208275231804
19263,0.00013971631285813294
19264,7.232661118820538e-05
19265,0.00010907209314332175
19266,3.186148963503139e-05
19267,0.00016631633731865536
19268,4.382757890445963e-05
19269,7.814881414606652e-05
19270,7.107987363158864e-05
19271,4.1701315131502374e-05
19272,9.533315312777935e-05
19273,9.063401094422463e-05
19274,0.00012928042867132593
19275,0.00011769970897069136
19276,0.00011766193267341429
19277,6.138014339658142e-05
19278,3.905063872067741e-05
19279,7.337597545871973e-05
19280,0.00019948345815389275
19281,9.099160851443967e-05
19282,0.00019434599646769922
19283,8.864413914628621e-05
19284,0.00025412971615610574
19285,0.00022309735830935924
19286,0.00011761747797126474
19287,0.00013968212168017271
19288,5.839171467722081e-05
19289,7.914324466574942e-05
19290,9.896512979718855e-05
19291,0.0001442423016539277
19292,4.328766886030141e-05
19293,0.00015066360869369757
19294,0.00021829810007730304
19295,6.032781043840557e-05
19296,9.736325214294222e-05
19297,0.00018577341525224082
19298,0.00013166542290259204
19299,5.980028350693142e-05
19300,0.00021348490476210853
19301,0.00022190764351272122
19302,4.014086444799206e-05
19303,0.00013256988468751928
19304,6.15698750490978e-05
19305,7.765218187696197e-05
19306,4.1663437941227916e-05
19307,2.823471146100681e-05
19308,8.72454111324651e-05
19309,9.777393451031111e-05
19310,0.00014749274783813933
19311,7.883778355940068e-05
19312,9.044222542978699e-05
19313,9.048630862764034e-05
19314,0.00012404304520745372
19315,0.00014903022963997273
19316,0.00019996085220327342
19317,0.00014004836016000838
19318,0.00018199242847290184
19319,0.00011481065739121629
19320,0.00013057920762498198
19321,0.0001789491765718766
19322,0.00016632450424227503
19323,8.047363710719549e-05
19324,0.0002257418070158228
19325,0.00021024477771753417
19326,0.0002425945716004637
19327,0.00017606811949265328
19328,6.437727802061105e-05
19329,0.00017291162396583393
19330,0.0001334098537793245
19331,0.00013019624310748077
19332,0.00023730703618871695
19333,6.692694264851514e-05
19334,8.700270304673853e-05
19335,0.0001644267917752813
19336,0.0001980646685679997
19337,7.069798505571016e-05
19338,8.268314402574357e-05
19339,6.017861175346829e-05
19340,5.584307976109415e-05
19341,2.910811175724858e-05
19342,9.157903646539286e-05
19343,3.087942023381565e-05
19344,0.00010098877896520917
19345,0.00012300477656561516
19346,0.00017922521699091493
19347,0.0001115849183768743
19348,0.00023016212773480522
19349,9.502290756985343e-05
19350,6.756465202367612e-05
19351,0.0001146596622611935
19352,0.00012441351804450953
19353,8.727290871779421e-05
19354,0.00013414427812217305
19355,0.00022395292722104558
19356,8.553128707421376e-05
19357,0.00012804918514954859
19358,0.0001125595651167662
19359,7.422067671502603e-05
19360,0.0001526401637648379
19361,0.00011659359744654387
19362,6.359274689017517e-05
19363,0.0001987316435456403
19364,5.358348431533913e-05
19365,0.00017439094845376815
19366,2.2078851318960006e-05
19367,5.806894236919986e-05
19368,6.91974384244491e-05
19369,0.00011407174446848313
19370,0.00025769567991986125
19371,2.7658583029193722e-05
19372,7.01973621846581e-05
19373,9.551738470519645e-05
19374,3.077684108801664e-05
19375,0.00024318811903630867
19376,0.00020796476076669196
19377,4.1238372622866394e-05
19378,0.00013286034173136188
19379,0.00016727017596132387
19380,0.00014000706543412962
19381,8.709542896661018e-05
19382,7.34573584404792e-05
19383,0.00014399866429192588
19384,0.0001636153895437935
19385,2.9922450468826797e-05
19386,7.842196080927261e-05
19387,9.931546536475183e-05
19388,7.895692246236136e-05
19389,5.15598515210502e-05
19390,0.00011355143428680298
19391,8.247397774909296e-05
19392,6.874862101511296e-05
19393,7.946415484144694e-05
19394,3.540822178826867e-05
19395,0.0001530900888724181
19396,0.0001738914880364246
19397,0.00012816119596546145
19398,0.00012120223403227047
19399,7.616725261472167e-05
19400,5.526459459271852e-05
19401,0.00018350919147588386
19402,3.4659322471647544e-05
19403,0.00020997390622543713
19404,8.248976827028351e-05
19405,0.00014568243516699655
19406,8.687664767196817e-05
19407,7.689211679037444e-05
19408,6.909657688445345e-05
19409,0.00016503185091041648
19410,0.00012578323348192037
19411,9.030647285501086e-05
19412,0.0002715950691910281
19413,7.036807831568797e-05
19414,6.209695205861545e-05
19415,9.70245065506485e-05
19416,4.805459979808436e-05
19417,0.00014560264536171298
19418,0.00015834332281588798
19419,5.940331083853553e-05
19420,2.7909611583561958e-05
19421,4.911263138538979e-05
19422,0.00010286932235800474
19423,0.00012062883434189425
19424,0.00012580784355252563
19425,0.00010113135529043901
19426,9.663830051929358e-05
19427,5.21766461839715e-05
19428,0.00013543644353129555
19429,7.185500919310256e-05
19430,0.0001301353977546952
19431,9.769080320722565e-05
19432,4.8767258543679496e-05
19433,0.00018321262258582727
19434,8.245817408744557e-05
19435,7.189352662775205e-05
19436,0.00014350441831621896
19437,0.00018910115894251706
19438,3.8867830345115195e-05
19439,0.00020429516245407646
19440,9.466485402105154e-05
19441,0.000272398264392769
19442,6.340876711521064e-05
19443,0.00010814063839061381
19444,7.556593472048828e-05
19445,9.344401995814959e-05
19446,0.0001166997767690327
19447,0.00017865318254414657
19448,5.126277440844632e-05
19449,6.987811543845697e-05
19450,6.870429962874874e-05
19451,6.247401380853138e-05
19452,0.00012365720715525736
19453,0.00010583864595143301
19454,9.907565248382356e-05
19455,0.00011215906148307473
19456,6.203535783164069e-05
19457,0.00010436956804407879
19458,5.708314599655828e-05
19459,0.00014685579633977685
19460,4.4995735290494065e-05
19461,0.00019292062562901543
19462,9.124952650310992e-05
19463,0.00010308326279058732
19464,0.00015261839893061744
19465,9.042625106624599e-05
19466,0.00010595223313498588
19467,8.493691225693811e-05
19468,0.00012119157552174087
19469,0.00015854184162553277
19470,0.00018217917329863735
19471,0.00015150703715715517
19472,8.784175948286954e-05
19473,2.863728446449055e-05
19474,3.9091944274678525e-05
19475,0.00013862581280665826
19476,0.00016975035360399708
19477,8.120849853082933e-05
19478,9.919078360588546e-05
19479,0.0003466733309548033
19480,3.3612098219430225e-05
19481,3.459920897402054e-05
19482,8.883740228426694e-05
19483,0.00011664892645364325
19484,0.0001336519536462542
19485,0.00011547889215124865
19486,8.140042239931602e-05
19487,0.00012377295952401482
19488,3.6358155900490684e-05
19489,2.340404033542392e-05
19490,0.00014585330284981235
19491,0.00010444524122804796
19492,6.016475074828425e-05
19493,5.6962428284170364e-05
19494,0.0002346448079537342
19495,9.051109687988336e-05
19496,3.27493724499417e-05
19497,9.75613520698761e-05
19498,6.938929491530642e-05
19499,0.00011711183941195807
19500,7.245136193054105e-05
19501,0.00012840332916587638
19502,8.64046938969518e-05
19503,8.891472973689551e-05
19504,6.6609361559587e-05
19505,0.00010544264235099764
19506,7.686311215463303e-05
19507,0.00016668291237113752
19508,6.557383968899134e-05
19509,0.00011093857508968411
19510,0.0001381914421330565
19511,0.00017327242345246456
19512,0.00012403519416718161
19513,0.00013156568176009086
19514,9.125564398377251e-05
19515,6.188381877972225e-05
19516,5.299205084337545e-05
19517,0.00010937475912238217
19518,8.641873018699485e-05
19519,6.479751200677022e-05
19520,0.00012210642207049333
19521,8.914856956696296e-05
19522,0.00011824968369008072
19523,6.937105243159499e-05
19524,0.00013898317277979437
19525,8.207604975011067e-05
19526,3.121569921159082e-05
19527,4.614355736478766e-05
19528,8.248154976285416e-05
19529,5.727541753809696e-05
19530,0.0002482890608213967
19531,7.005121491898309e-05
19532,0.0001236713957269822
19533,9.511378157522512e-05
19534,0.0003068886959934373
19535,0.0001344928866098018
19536,0.00010619210445497675
19537,0.0001653269882643061
19538,6.901911934669072e-05
19539,9.085425798786167e-05
19540,0.00010396150985235499
19541,0.00010806366325862458
19542,6.332213467470035e-05
19543,8.61858802534096e-05
19544,0.00024095312871300564
19545,6.664313299671898e-05
19546,6.783333975147634e-05
19547,7.925240933668813e-05
19548,0.00012414241436410774
19549,0.00022354023928144128
19550,0.00017058867993734677
19551,6.896917031301656e-05
19552,0.0001574483969350502
19553,0.00011708361487659136
19554,6.456893296799792e-05
19555,0.00011642374643939594
19556,0.00010889776849510731
19557,0.00020352790619575483
19558,8.765743705013442e-05
19559,0.0001284023949629616
19560,5.484326483651996e-05
19561,6.127954227134558e-05
19562,0.0002170348102935397
19563,0.00011502079912108359
19564,8.936784390482943e-05
19565,4.514941116174314e-05
19566,0.00012957649807700668
19567,8.327239920194664e-05
19568,0.00020234199636050157
19569,0.00019298300022678352
19570,0.0002021489536102918
19571,7.613395594998945e-05
19572,0.0001675555166080416
19573,0.0001256457195105632
19574,0.00010644140723262224
19575,0.00016077051464558607
19576,6.211073283696986e-05
19577,0.00012945270341264492
19578,5.35570340812331e-05
19579,0.00011455903829596194
19580,9.195666502467618e-05
19581,0.00021028771680265887
19582,9.036368912930946e-05
19583,0.00010309471378289734
19584,3.9361546319518316e-05
19585,0.0002210262416974962
19586,0.00014787100467320322
19587,5.088857483975273e-05
19588,0.00011703261509320882
19589,0.00011166872346318858
19590,0.00023182885884621954
19591,0.0002691129163413777
19592,0.00011660176015098238
19593,9.558016426076244e-05
19594,0.00010115250500450465
19595,0.0001488535290363106
19596,0.00023969277715774504
19597,8.175149944173123e-05
19598,5.866301825880506e-05
19599,0.00016624580198701096
19600,0.00010131273562251313
19601,8.87027666951455e-05
19602,0.00021130594361610258
19603,3.722448074086338e-05
19604,0.00010250463926387849
19605,0.00013357306927271525
19606,6.27819604409903e-05
19607,0.0001415950332032905
19608,4.55915006705039e-05
19609,8.150903933274157e-05
19610,0.00015172922193667344
19611,5.556190214872738e-05
19612,0.00021155201620628932
19613,7.43693846838571e-05
19614,0.0001346820927123679
19615,0.00026555357921730386
19616,8.19882321434154e-05
19617,3.531850274233979e-05
19618,6.449835199775964e-05
19619,0.0001749083638130817
19620,0.0001113502349659607
19621,3.4972811680462565e-05
19622,0.00022949421634606732
19623,0.0001453377835137683
19624,9.878747503673974e-05
19625,5.12351570397286e-05
19626,8.048288557571202e-05
19627,4.1388775839726764e-05
19628,8.048130748427932e-05
19629,9.591587558375937e-05
19630,0.0001734256872163354
19631,0.00011892598194005603
19632,5.703967190702742e-05
19633,7.540839646975332e-05
19634,6.870192253665897e-05
19635,0.0001652892373326893
19636,5.9930632003696146e-05
19637,7.483989436171505e-05
19638,7.504765889697977e-05
19639,5.05285647538565e-05
19640,7.990141464337452e-05
19641,0.00014190832489431116
19642,6.879787404391014e-05
19643,0.00013995786267538627
19644,0.0001463750069336163
19645,6.47719968434602e-05
19646,8.64448551765107e-05
19647,6.44612592788271e-05
19648,8.642638049567021e-05
19649,3.9287495288978604e-05
19650,8.231268133983742e-05
19651,7.691458523031098e-05
19652,7.860203729307097e-05
19653,0.0001260699845492442
19654,0.0003172039111459511
19655,5.290774190939369e-05
19656,4.54387130882058e-05
19657,0.0001261687908716693
19658,6.231681887794813e-05
19659,0.00018125795279324203
19660,0.00016736158532860258
19661,8.200101266148447e-05
19662,0.00012289652124436413
19663,0.0001273628321774825
19664,0.000209961035586393
19665,6.324590694400793e-05
19666,9.471284258435027e-05
19667,9.838986181384018e-05
19668,9.468102385952479e-05
19669,5.0212844140995236e-05
19670,6.216814164035875e-05
19671,2.4107594722964067e-05
19672,0.00010559898273669065
19673,0.00014856224193122097
19674,0.00011509831732796078
19675,7.616915537801825e-05
19676,3.467954735819803e-05
19677,0.00011182845112259748
19678,9.363848709835362e-05
19679,7.021597676196961e-05
19680,0.00016223801301023445
19681,8.09120169356783e-05
19682,0.00012585660879711334
19683,7.457501580332448e-05
19684,8.151445362279821e-05
19685,0.00020628496172740533
19686,0.00010907649707418503
19687,8.79312632426248e-05
19688,0.00010396375043762569
19689,4.698201624802112e-05
19690,6.235653124957257e-05
19691,0.00010515207633805385
19692,0.00014349818199591502
19693,4.9708321580542894e-05
19694,0.0001065464605204509
19695,0.00023405233489800345
19696,0.0001873733381527243
19697,3.9781604764665874e-05
19698,0.00015806536189869497
19699,0.00011971302204759804
19700,5.626274821965794e-05
19701,0.00014308757404281024
19702,5.5970830284171814e-05
19703,5.742602612710654e-05
19704,9.125880184297078e-05
19705,0.0001462944311583087
19706,9.639936320057145e-05
19707,3.23719079968899e-05
19708,8.563675113602816e-05
19709,0.0002004257748400632
19710,0.00014532585514457686
19711,0.00019138241507681204
19712,0.00015046533730508785
19713,8.187785532394535e-05
19714,0.00025968798358348726
19715,0.00013272516817411815
19716,0.00019822603043546878
19717,3.94138863963309e-05
19718,4.690501500992265e-05
19719,0.00015438255142791158
19720,3.6957449042871875e-05
19721,6.434957035471058e-05
19722,6.965846402434322e-05
19723,8.158686981694814e-05
19724,9.061045243200526e-05
19725,7.114372160382871e-05
19726,5.284767196640172e-05
19727,9.804352678129034e-05
19728,9.821988763502352e-05
19729,0.0002158417156749082
19730,0.00010222566981250615
19731,7.66501599074912e-05
19732,3.382598233100534e-05
19733,0.00010005344782988385
19734,0.000170820890389605
19735,6.763069109139982e-05
19736,0.00019027240871800485
19737,7.321933203952541e-05
19738,0.0001351377209601334
19739,7.495951009148144e-05
19740,0.00013891797357650653
19741,0.0002568482195176378
19742,3.824645732819032e-05
19743,0.00012394697110322103
19744,0.00018041145857798015
19745,6.0204074124465065e-05
19746,0.0001458697776149842
19747,8.397066734626252e-05
19748,2.7479117102481638e-05
19749,0.00018896694997609117
19750,7.162386279226498e-05
19751,0.00017774725638411507
19752,9.088771575044317e-05
19753,0.00012121737881577045
19754,0.00014934002193310464
19755,0.00013236762418820182
19756,8.080414980115994e-05
19757,7.254336661812671e-05
19758,0.0002147648936331822
19759,8.903865740914117e-05
19760,0.0001745037141265666
19761,0.00011866630206543547
19762,4.185033064660384e-05
19763,0.00011966885438312991
19764,8.17820818026188e-05
19765,7.696212087549669e-05
19766,7.147392737500464e-05
19767,5.8803788204897366e-05
19768,8.48041612440532e-05
19769,0.00011974216151876223
19770,0.00012761562537408512
19771,0.00011847698580967571
19772,3.685774529049448e-05
19773,7.502903925762963e-05
19774,4.771609406688709e-05
19775,0.00018879610754084312
19776,0.0001387475144581636
19777,0.00022089206670273626
19778,0.00010510455453804771
19779,6.8002571074947e-05
19780,0.00019164611330075733
19781,7.908720276634648e-05
19782,9.506055296016194e-05
19783,9.770977713160621e-05
19784,4.01541547884364e-05
19785,0.000138059958980982
19786,5.590147294667678e-05
19787,0.00013508292861085473
19788,0.00012257844415951288
19789,0.00019770997247886487
19790,5.8893935409403595e-05
19791,7.66284005696394e-05
19792,0.00021024471172247157
19793,7.014988783979749e-05
19794,0.00010790263696113433
19795,0.00020372447809252368
19796,8.253342599354903e-05
19797,0.0001575075000729584
19798,2.9702721297855816e-05
19799,7.605398067517545e-05
19800,0.00011228055712097499
19801,0.00011803853724181028
19802,0.00011154990602141585
19803,6.877406634885777e-05
19804,4.877286982785988e-05
19805,3.5614503133832314e-05
19806,0.00022744442018343615
19807,0.00010230718002289807
19808,0.00020882167764497988
19809,0.0002381260350311896
19810,0.0002662536000236099
19811,0.00011278997770508771
19812,0.0001590348371912987
19813,0.00010529514710631823
19814,9.874122744309651e-05
19815,9.843817924486221e-05
19816,3.3677033261024045e-05
19817,8.896830351090377e-05
19818,0.00013668775610901738
19819,9.722756096212282e-05
19820,0.00010969756748790482
19821,0.00015612444681488826
19822,0.00012039771720695377
19823,0.00023987905682160054
19824,5.52551584116463e-05
19825,8.56960280141624e-05
19826,9.060491255562425e-05
19827,5.47499641589724e-05
19828,0.00010168430656451395
19829,4.073092380407633e-05
19830,5.220607472918204e-05
19831,0.0001796802290799661
19832,9.624326117674007e-05
19833,4.151379658666811e-05
19834,0.00016691252721621956
19835,3.787352685481361e-05
19836,9.463654268860152e-05
19837,0.00010912314244625853
19838,0.00016135375290363845
19839,0.00012970719273367124
19840,6.832915333223211e-05
19841,0.00015318925440791327
19842,6.751866540441711e-05
19843,0.00016187698886728884
19844,0.0001618478687176682
19845,0.00017796394519968458
19846,0.00014037717917006197
19847,0.00013793534617972996
19848,6.740655834711407e-05
19849,0.00011562622456694853
19850,5.766373433098858e-05
19851,6.530327417080125e-05
19852,0.00014583322584854058
19853,0.00011732252762215065
19854,9.048557822940075e-05
19855,6.497561591535296e-05
19856,0.00012019860686788536
19857,8.003522288417881e-05
19858,9.308997218624869e-05
19859,8.41261342073049e-05
19860,7.615403698233312e-05
19861,6.985959465469796e-05
19862,0.00015752827712768095
19863,0.00013590412268629795
19864,0.00013593696008471675
19865,5.610939014044992e-05
19866,0.00010755397141659832
19867,0.00010576196124728162
19868,7.87802342686756e-05
19869,5.096124318105009e-05
19870,0.00010518893856256587
19871,0.00013833480656161366
19872,6.63110376492129e-05
19873,5.5866149339160745e-05
19874,6.285775999430395e-05
19875,0.0002807350735764458
19876,6.036316976138353e-05
19877,0.00014371063859902605
19878,0.00022035962219606818
19879,0.00014390592229449728
19880,9.67928700449557e-05
19881,0.00014402978177542128
19882,6.82625034376539e-05
19883,0.00013300726729197846
19884,5.1719716199101893e-05
19885,0.0001660518620396196
19886,8.199237089379739e-05
19887,0.00010099609393810169
19888,8.242228745709376e-05
19889,0.00014403618624117637
19890,0.0002865081962611615
19891,0.00011413134848087203
19892,0.00010470313600486217
19893,0.00013439687757568498
19894,1.6604376520229812e-05
19895,0.00010313201904460568
19896,0.0002025477218039647
19897,0.00012452293429946802
19898,0.00010173541146908724
19899,0.00011112200683906441
19900,0.00019492032105497214
19901,0.00016779172022433198
19902,0.0001388161147638306
19903,3.232211009597738e-05
19904,0.00014019606582948115
19905,7.564961281595122e-05
19906,5.983444308875132e-05
19907,9.548713699820265e-05
19908,7.911409340971603e-05
19909,0.00010256666444638873
19910,5.75899535164034e-05
19911,9.586586438532005e-05
19912,9.777295422530928e-05
19913,7.99280200493588e-05
19914,4.114684796821292e-05
19915,2.1345116326024574e-05
19916,0.00011920972330744954
19917,6.350914689213197e-05
19918,9.022387650309772e-05
19919,0.00019375919789474757
19920,9.046023613375877e-05
19921,8.734929062512003e-05
19922,0.0002313078809558216
19923,0.00024261553848991475
19924,2.8985469916247222e-05
19925,0.00012449292616171508
19926,7.488183561839313e-05
19927,6.722829408870429e-05
19928,0.00018708038487023595
19929,0.0001499482076381468
19930,6.898445739604983e-05
19931,0.0001275999155427559
19932,4.264925935931343e-05
19933,7.307357462520507e-05
19934,6.924489975387041e-05
19935,0.00014363955302203386
19936,0.00015132397402145033
19937,9.579361711187177e-05
19938,4.611646046909429e-05
19939,3.422712446437992e-05
19940,7.620945424363557e-05
19941,0.0001418973171251369
19942,3.1587129259643605e-05
19943,0.00011414110688129178
19944,0.00011883400556470108
19945,0.00011816433656471105
19946,4.9905861416177075e-05
19947,0.0001527692466932892
19948,6.906580615383333e-05
19949,0.00016722597633987476
19950,0.0002491065818654503
19951,9.27680614342096e-05
19952,6.457745569521957e-05
19953,2.721073063140093e-05
19954,8.427353194739837e-05
19955,6.702918598420796e-05
19956,0.00010282927948272882
19957,0.00018460212920712698
19958,0.00027204571539554614
19959,2.5313597280982854e-05
19960,9.500802972242704e-05
19961,0.000166806934004901
19962,3.6607029541721666e-05
19963,0.00016264501010242213
19964,6.418111286255468e-05
19965,0.00011597551710249784
19966,0.00012645450204880026
19967,5.655602180287356e-05
19968,8.893327692156892e-05
19969,0.00014378636816781893
19970,9.979900623070435e-05
19971,9.261904994236731e-05
19972,7.246286023342823e-05
19973,5.190853761365247e-05
19974,9.347314212546723e-05
19975,0.00012141040783196514
19976,5.7562616659841065e-05
19977,0.00015937280125855228
19978,8.888921498680037e-05
19979,0.00017079321006887687
19980,0.00012899851772666223
19981,0.000117537299557317
19982,0.00010969061838727307
19983,0.00012150113396026008
19984,0.00020896553958223726
19985,0.00013286911408829375
19986,7.486442669833706e-05
19987,0.00010220524193773324
19988,0.00010798964913158289
19989,9.246176614330678e-05
19990,6.0702524441146884e-05
19991,3.868751094254192e-05
19992,0.00029781622021245115
19993,0.00011970836489385129
19994,0.00016147205608726235
19995,9.988456276027117e-05
19996,0.00010242314760091717
19997,6.089743160513534e-05
19998,0.00010147085421132407
19999,2.7357049915004343e-05
