replicate_id,T_HET
0,0.00011472029892517776
1,0.00012020104990866425
2,7.155173227923327e-05
3,0.00013412245213263648
4,0.0002529318763337756
5,0.00016813318270537408
6,5.030370655534905e-05
7,4.5981472680155744e-05
8,9.070606154088617e-05
9,6.081278813570713e-05
10,0.00011615441604420745
11,0.0003128360774120179
12,6.927723878838092e-05
13,0.0002277306994328165
14,0.0001566763846980821
15,0.00012580597193515767
16,0.00017470016043229366
17,5.7826995647445666e-05
18,0.00015058624297077718
19,7.607402721440101e-05
20,0.00022889463813204132
21,0.00013606502318632614
22,8.176173750306417e-05
23,8.932287519885139e-05
24,0.00019891005766180145
25,0.0001262413886743687
26,5.386258522220805e-05
27,9.401890321680893e-05
28,0.00021410251693008595
29,0.00010410452232985735
30,0.0002210438823388543
31,5.1915267224450325e-05
32,0.00015120680760221422
33,7.011895724843306e-05
34,0.00014655598356922992
35,0.00016403429425738985
36,4.0780289380571534e-05
37,8.478771586618037e-05
38,0.0001266337809351621
39,8.60901707996332e-05
40,0.00014541619335143056
41,0.00010999459351707399
42,0.00010782210522897894
43,7.584977376968481e-05
44,9.654542659819841e-05
45,3.68137844566237e-05
46,0.000142483330235562
47,0.00011222976165755067
48,0.00017834235199519954
49,9.800461442863469e-05
50,0.00016228368276829106
51,0.00014721190594677345
52,0.00012215056334719709
53,0.00014210349911032607
54,0.00021445117712101292
55,7.384382898977359e-05
56,3.4620670235534855e-05
57,0.00012152116011183413
58,0.0002552631484963544
59,0.00010791056242773076
60,8.153829336728442e-05
61,0.00010922760193230815
62,0.00011186076629277396
63,5.6100070334655446e-05
64,0.00016648006602231068
65,0.0001231189403766817
66,0.00010175798201707432
67,7.693422241368817e-05
68,6.563917534254342e-05
69,0.0001028473844189963
70,0.00015186284279899615
71,0.0002557168936653875
72,0.00010888606632761717
73,0.00013112174844705254
74,3.07114985979406e-05
75,0.00012270483631274509
76,9.123705683905336e-05
77,8.390221492323345e-05
78,6.619941116706324e-05
79,0.0003149515109446508
80,0.00026234676435689304
81,6.388110055877407e-05
82,8.231839750176351e-05
83,0.00010115882416855538
84,5.6864810998532093e-05
85,0.00013237568610408607
86,8.461928320077224e-05
87,0.0001137388486895798
88,6.569500748104317e-05
89,7.048185044460407e-05
90,0.0002920676863635957
91,9.884029362675661e-05
92,7.687401450711534e-05
93,0.00010734735079154669
94,7.337748646266689e-05
95,0.00023859308074779284
96,5.300854887281904e-05
97,0.00014796779151083093
98,3.586121586044115e-05
99,7.082437250415479e-05
100,0.00010315882156053583
101,6.757401338626337e-05
102,0.00011314349383252678
103,3.1655101440926725e-05
104,7.704603666285279e-05
105,1.3272416927506006e-05
106,0.0001517552042801896
107,9.976952366335706e-05
108,0.0001993078654861497
109,0.0002292757671775315
110,7.99979943673585e-05
111,8.21359510112649e-05
112,0.00015582025120735183
113,0.00019497342843529238
114,0.00014360780445698851
115,4.525815552262209e-05
116,0.00011898729748418384
117,0.000161867647294359
118,0.00010873380695729363
119,0.00014481901489175807
120,0.00012919747214092976
121,0.00014045129918756303
122,0.0001240494897600445
123,0.00017521231915562215
124,0.0001499049290528392
125,0.0001594642624217098
126,0.00015429775232938373
127,8.075786711072768e-05
128,8.833926706140424e-05
129,0.00023544881551915484
130,8.725479681084647e-05
131,0.0001270764263348358
132,0.00015101565683024487
133,9.572416045823666e-05
134,0.0001342348645019425
135,5.4813722154907466e-05
136,8.071199043752452e-05
137,0.00011955629062005888
138,7.904058745408164e-05
139,0.00010356110839566317
140,0.00014928324687987876
141,9.486014790455427e-05
142,0.00011373110130589145
143,5.7644779112641196e-05
144,0.0001528835543980027
145,5.587081312285603e-05
146,6.853542066605655e-05
147,6.763579172864414e-05
148,0.00015114933413058285
149,0.00012351357108261995
150,0.000258824061617749
151,0.0002974261321891505
152,0.00019907752247344754
153,4.087634149335562e-05
154,0.00018567064609609424
155,0.00010053591190185149
156,3.663633107506794e-05
157,0.00018935852761952098
158,0.00011942102680682161
159,4.439495718480951e-05
160,6.296442218708972e-05
161,0.00018629964526393456
162,0.00018872179145851313
163,0.00010909586353100137
164,7.327245625831172e-05
165,7.248549784619741e-05
166,0.00011662512648155069
167,0.00020318445075193255
168,7.495001798724283e-05
169,0.00012402530301080874
170,0.00016353292149435747
171,0.00010646797118254435
172,5.885356292475448e-05
173,0.00016841709534503555
174,5.7350540180422716e-05
175,0.0002885787591146128
176,0.00010134719388406842
177,7.540490282118988e-05
178,6.0191878173668245e-05
179,4.899592666952626e-05
180,4.708080072203773e-05
181,0.00013515653311115306
182,0.0001506385121650778
183,0.00010797340814488854
184,8.996196393739453e-05
185,7.715722074360285e-05
186,9.80756224341684e-05
187,9.219616347721837e-05
188,8.265784863896965e-05
189,6.354602183123649e-05
190,0.00011605382670889464
191,9.760578803621136e-05
192,0.00011700743747146822
193,5.941814620587923e-05
194,0.0001573171812829058
195,0.00014746717582684901
196,0.0002140594025790802
197,7.726783730210033e-05
198,5.904943741198012e-05
199,0.00011911865442989053
200,8.835444342253155e-05
201,0.00010340258110862202
202,0.0001239579052575719
203,7.765284380431602e-05
204,0.0002444065757376497
205,0.00018234379332189148
206,0.00015870764872873266
207,0.00015919262122113828
208,9.318918054392983e-05
209,0.0002645896776156194
210,0.00017165143468121522
211,8.505805481287174e-05
212,0.0001292063334732408
213,6.707993149604154e-05
214,0.00018827007955368643
215,0.00014464181503764676
216,0.0001727726833374433
217,4.620896780274175e-05
218,5.174967995723973e-05
219,0.0001421102512000605
220,0.00011436406410660242
221,0.000229042885632463
222,3.967597040601286e-05
223,6.518908033932252e-05
224,0.0003005868850609138
225,0.00019979219773514067
226,0.00016713597047375957
227,9.679599983368686e-05
228,5.747030490663921e-05
229,7.42348061575923e-05
230,0.00012851314670124107
231,0.00024087934874533965
232,0.00016116541154848193
233,2.7902798330911464e-05
234,0.00013111487767676283
235,5.468539473053097e-05
236,0.00012118850092844981
237,8.349753901120404e-05
238,2.0145365048227477e-05
239,5.385073349577982e-05
240,0.00011151958138589905
241,6.298014025271448e-05
242,0.00010382572700621385
243,0.00010301477892177972
244,9.143568933360544e-05
245,5.007914028001451e-05
246,4.899290321180878e-05
247,0.00012422213143937084
248,1.9544518005816394e-05
249,0.0002068019992637691
250,0.0001340528554797839
251,0.000302033475996603
252,4.752775022590736e-05
253,0.00027289540781817343
254,0.0001483577193064381
255,0.0001232168668941394
256,8.789808529298438e-05
257,0.0001425727346405945
258,0.00018644115448873444
259,6.793145699121933e-05
260,2.8846168121111604e-05
261,0.00017883640869351174
262,6.416085518572913e-05
263,0.00015328042896633754
264,0.00010168001043249374
265,0.00021435353914819126
266,7.916497694075219e-05
267,8.059534925419858e-05
268,0.00022884514950433343
269,0.00014481588784976098
270,0.00010061052370721538
271,0.0001380750872905533
272,6.650760394796962e-05
273,0.0001370079522798952
274,0.00026567031152104764
275,5.992237921079292e-05
276,0.00013901315056996695
277,0.00021126696075976265
278,6.786062912414258e-05
279,7.430827868882212e-05
280,8.041722492270488e-05
281,0.000147672186266672
282,5.1893687384486624e-05
283,9.0434994548479e-05
284,0.00018326498673603455
285,6.214930075932504e-05
286,9.398417840623099e-05
287,0.00017466711878675947
288,7.576635174974652e-05
289,0.00021969158747151788
290,0.00012046579523355832
291,7.266855717559208e-05
292,0.00033269225749073207
293,8.423544300414957e-05
294,0.0002765050380879807
295,0.0001611159955360898
296,0.00012153629680194355
297,0.00016621375800864274
298,7.00830924254327e-05
299,4.5296646074184855e-05
300,0.00019873977821306037
301,5.335766048038141e-05
302,6.479401811824604e-05
303,3.110820948936953e-05
304,8.007504876257679e-05
305,7.55059764021188e-05
306,0.00010541726200900132
307,0.00010375626424021387
308,7.786974423351525e-05
309,0.0001540548315628116
310,6.618121040004626e-05
311,0.00010249814521885221
312,0.0002790540219232006
313,3.791261161583784e-05
314,9.048131179461097e-05
315,2.455243906163058e-05
316,0.00023728030113628142
317,0.00010186184810459017
318,0.0003172511242536414
319,0.00012203941451840833
320,3.7202840039690146e-05
321,0.00011193885640766973
322,0.00010681527483742853
323,4.239714029900684e-05
324,0.0001262278251565789
325,0.00016181714527524274
326,0.0001657283469510144
327,0.00019603973335071507
328,3.998441513247145e-05
329,4.491807403634603e-05
330,0.00010558078337624351
331,0.00010780518621054106
332,0.0001800256382822419
333,0.0003400166340393379
334,4.812905464573666e-05
335,7.567683963685548e-05
336,9.957703866283017e-05
337,9.282273822305098e-05
338,0.00018837831324200276
339,5.407617582728857e-05
340,4.5456889747357e-05
341,0.0001103361497492174
342,4.9412132389723174e-05
343,6.150744621708782e-05
344,0.00012616227287302862
345,0.00010958849003901071
346,0.00016025288811046437
347,9.644551581758856e-05
348,7.463339703681974e-05
349,7.690668643540785e-05
350,0.0003444478251371641
351,0.00030648296254551845
352,9.09294284712924e-05
353,0.0001388580262371411
354,3.977885808574652e-05
355,0.00011475854285359292
356,7.905131601509767e-05
357,0.00010922925738352638
358,5.778993120840122e-05
359,4.982347655559799e-05
360,0.00012005604948047709
361,5.61570641120127e-05
362,7.840386109716622e-05
363,0.00015277848050583535
364,4.73141525932438e-05
365,0.00013321702868687745
366,0.0001160124284888307
367,0.00010789376686912775
368,9.672459960578885e-05
369,9.616752503368216e-05
370,0.00010793148444407651
371,1.40587306789641e-05
372,7.075210120704378e-05
373,0.00012340529908340763
374,0.00030735761174007837
375,0.00011003184670449707
376,4.757335399316248e-05
377,4.896510838028458e-05
378,2.2261196349691263e-05
379,9.753592977641311e-05
380,3.9370138275479063e-05
381,0.00015151515741537445
382,0.00013044471973566363
383,0.00012748069986886226
384,0.00023547918352099443
385,0.00010838704689112793
386,0.0001335574669003588
387,9.027777496709662e-05
388,4.3118388657491745e-05
389,0.00023794216920095882
390,3.192439846964043e-05
391,8.340925013287547e-05
392,0.00014408995025840625
393,0.00011957175387013031
394,8.935569482228783e-05
395,0.0001733842295372031
396,1.8597624276281932e-05
397,0.00012236689706979632
398,8.90314462339839e-05
399,0.0003260136800260644
400,0.0002421669690628109
401,0.0001375667362323002
402,9.256120986734827e-05
403,0.00011642931338389874
404,5.436160990118006e-05
405,0.0002591860280464691
406,9.550508596692756e-05
407,0.00012007077360775832
408,0.00017410192124151506
409,0.00025036702087160613
410,0.00026504249099022726
411,0.00014398339461197795
412,0.00014739013024936304
413,9.28071564980394e-05
414,0.00013374812875427828
415,8.480339424003116e-05
416,0.00013806633009093142
417,0.00012754150862171962
418,0.0001652007049916641
419,9.799444804466066e-05
420,8.254118474421475e-05
421,0.0001196522028662519
422,0.0001255862444130373
423,0.000167217682368848
424,0.0001331875877659854
425,0.00012370336282650895
426,0.00013166903954830826
427,0.00013407751878342016
428,0.00013371112660582268
429,0.0001616535828439916
430,7.874358129488796e-05
431,6.852595558820367e-05
432,9.580302551147671e-05
433,0.0001278390039798584
434,0.0002460942072947552
435,1.9638956465453982e-05
436,0.0004382044013216061
437,6.520025215016555e-05
438,0.00014708670504630624
439,0.00017942888100513425
440,4.746776222632412e-05
441,2.7516516216937285e-05
442,0.00012073380911846598
443,0.00019910781131038217
444,6.992097703827614e-05
445,0.00011664375694291132
446,0.00010719071443452522
447,8.620306765211079e-05
448,7.332371139625452e-05
449,5.0795583530942734e-05
450,7.222194922496982e-05
451,5.037017802509744e-05
452,9.19623676191829e-05
453,0.00010975829236045307
454,0.0001789557939826778
455,0.0001513186528129136
456,0.00039818053178794835
457,7.170459435790434e-05
458,0.00012405090691534489
459,6.208197176647217e-05
460,5.18575302358108e-05
461,0.0001373536779075167
462,0.00017372875453043997
463,0.00017346593181874698
464,0.00028469025276772286
465,4.5063071731397635e-05
466,9.403503207126336e-05
467,3.292493322698291e-05
468,4.891067261831007e-05
469,0.00012589789177322084
470,0.00017871649383096856
471,3.070630980824872e-05
472,0.00014984462706051814
473,0.00015788785460160224
474,0.00011047942117755403
475,0.0001980721822658869
476,8.026108068165179e-05
477,8.625871777698702e-05
478,0.0001071507459441881
479,6.687248272345132e-05
480,0.00018800133285107196
481,0.00011420236742271396
482,9.481007160310671e-05
483,0.0001561317734440325
484,4.486274646665703e-05
485,0.00012390065511031577
486,6.958352963144234e-05
487,0.00018173899646626776
488,9.804404534013487e-05
489,0.00028225273815330707
490,6.479831227039156e-05
491,7.451721214533144e-05
492,2.8801760674787652e-05
493,0.00017582886883535042
494,6.842837746134616e-05
495,0.00020485268459231393
496,0.00013580839272200965
497,0.00012149612207259272
498,0.00010282898941976954
499,5.8512853747000984e-05
500,0.0001347295228667036
501,7.007143446425696e-05
502,0.0001350558784642105
503,0.00014570042144087923
504,0.00013683403706802347
505,6.127071950462149e-05
506,8.677511262919476e-05
507,7.709539173757e-05
508,0.00011459710903987222
509,3.397902120742824e-05
510,0.00011943987579119794
511,0.00012178826188805453
512,5.2832346377630014e-05
513,0.00011395527363781824
514,0.000129889188536171
515,5.1331265439820515e-05
516,0.00012527354535573655
517,0.0001599452215145329
518,0.00021918204118378536
519,0.00017797118304353518
520,9.342457223912164e-05
521,8.001917146800923e-05
522,0.00017018574763943704
523,0.00012031773234681205
524,6.99309151670234e-05
525,9.004382352187858e-05
526,0.00018024932418710517
527,0.00011194137360888027
528,0.00030695160695507666
529,7.865499729516036e-05
530,0.00018481169858733506
531,0.00012786974807263462
532,0.00018150377347908274
533,0.00011849623213874884
534,3.077384694923978e-05
535,5.423033588538586e-05
536,0.00013989881878240812
537,9.949425895155904e-05
538,0.00010729276131444839
539,4.0541158303630645e-05
540,7.129025568087159e-05
541,0.00012119715958460002
542,2.808227380858467e-05
543,4.229928281378907e-05
544,2.9120871683754297e-05
545,0.00012295951809154437
546,0.00014877874621745221
547,0.00012507094839842885
548,6.072707406252875e-05
549,0.0002045221269574034
550,8.571393790570256e-05
551,0.00010788739107706179
552,3.475419860429011e-05
553,0.00027074009691191176
554,6.739353355631947e-05
555,0.00010115502319799695
556,0.00013756051433757096
557,0.0002582162492004769
558,4.79109638133524e-05
559,5.673340255459582e-05
560,0.00022155133067199852
561,0.00012918090458223153
562,0.00018273613157865877
563,0.00013573921061599088
564,0.00012162399128087697
565,7.29665613735286e-05
566,8.595334913919536e-05
567,9.463233157028547e-05
568,5.810641936098538e-05
569,7.458241027581953e-05
570,9.022936172196432e-05
571,0.00016370686900437406
572,9.942267687925062e-05
573,6.823413118859144e-05
574,9.426562299290045e-05
575,0.00015175715802720485
576,8.730287001906456e-05
577,5.668425207757209e-05
578,0.0001286292815343967
579,4.7329663201582234e-05
580,0.00015688607392302936
581,0.00014426531764760302
582,0.00012512456997507663
583,0.00012353648376024266
584,0.0001050498648303271
585,8.091598144492614e-05
586,7.768376359304126e-05
587,0.00016468393177716201
588,5.922024685254724e-05
589,0.00016959666292338038
590,0.00018847396007795354
591,4.6137899044234576e-05
592,7.947566342696513e-05
593,0.00011968255497215282
594,6.532478175814892e-05
595,3.502821257811041e-05
596,5.0397140856592055e-05
597,0.00011065163237720988
598,8.86687895719362e-05
599,8.186398714940229e-05
600,0.00017556682311950863
601,0.00010746793039276255
602,0.00018535959081477884
603,0.00015881680666854098
604,6.344750521206293e-05
605,2.7252773914545936e-05
606,0.00019747516730000888
607,5.523935901088994e-05
608,0.0002569717498178983
609,8.900996786882185e-05
610,0.00010086791619389059
611,0.00015085202470699945
612,8.661938348302037e-05
613,7.406511881089174e-05
614,0.00025900910825026036
615,0.0001561152193355647
616,0.00013269608509806268
617,0.00013079044462547336
618,0.00017304143620162167
619,0.00024716341868981194
620,0.00012590765339574316
621,0.0001369743913365576
622,0.00029049864056627947
623,0.00020458198325189536
624,9.11231906475156e-05
625,0.00012116843351077418
626,0.00010504600634032794
627,0.00021885621274010404
628,0.00013537582818704422
629,1.7709145070967035e-05
630,8.30460964533417e-05
631,0.00011390728241605547
632,0.0003052178270940787
633,0.00017398105119940095
634,0.00016123246977850766
635,0.0001138363205852281
636,2.136726513644143e-05
637,6.438110138544512e-05
638,8.667316434157136e-05
639,0.00013270733357719473
640,0.00010663242146868206
641,7.190567389749234e-05
642,7.507178154413171e-05
643,0.0001080527689501695
644,8.437073216448152e-05
645,8.737508756683635e-05
646,0.00017133654531263198
647,5.586497696991171e-05
648,4.836932926956725e-05
649,4.075550356691477e-05
650,8.868426549213099e-05
651,0.00017400174419145034
652,4.5930053402471134e-05
653,0.0001453268956732434
654,0.0001384388343924137
655,8.144260865770967e-05
656,0.0002661635963271267
657,0.00014283598172463665
658,9.160368223585163e-05
659,0.0001529868836071985
660,7.403448845481479e-05
661,8.547549913658642e-05
662,6.984130278255979e-05
663,0.00010297822818647924
664,0.00031611466159333745
665,0.00021938357476288483
666,0.00016989372679649764
667,5.6746154382570254e-05
668,0.00040540319400081805
669,0.00012908625738496457
670,0.00015992459227143118
671,0.00013104493275010445
672,0.00011830238334144734
673,7.196649933284571e-05
674,0.0001281480409316703
675,9.324127249613296e-05
676,7.306025206512215e-05
677,8.464818170505888e-05
678,0.00010698388384966517
679,0.00018218608106446344
680,6.590531035774475e-05
681,0.00012740383192810374
682,0.00010167428774818176
683,0.00013915497326924962
684,4.929590030296193e-05
685,6.693057303889308e-05
686,9.295886485841224e-05
687,3.716661658459137e-05
688,0.00013897605173760237
689,0.00013838957779612273
690,0.00028415013672188137
691,0.0001337512117010187
692,8.153266325416823e-05
693,6.274416340866473e-05
694,0.0002589255493253501
695,6.846752777465546e-05
696,8.471190820946015e-05
697,4.512113399379028e-05
698,0.00020727367727490096
699,0.00010477604169904268
700,0.00024978202040683376
701,0.00014136643069999515
702,6.48026665920097e-05
703,6.0125022299492396e-05
704,0.00010072727924879114
705,0.00029975128068926584
706,0.00011821407200078912
707,5.373991418447325e-05
708,0.00013384795126054154
709,9.785123712776341e-05
710,0.00015387790091253125
711,8.460223435200925e-05
712,5.874427323557284e-05
713,0.00011278365732800974
714,4.4725618072044936e-05
715,0.00016269211469604233
716,7.259470976142078e-05
717,9.784583055242522e-05
718,0.00017870894478857574
719,0.00014691763331476499
720,0.00021766246483892297
721,0.00019640931719039242
722,9.908209346204005e-05
723,4.9653912849932146e-05
724,0.00017154759704170736
725,5.078475453585837e-05
726,0.0001227028442463291
727,7.019162837504646e-05
728,0.00018730679972929503
729,0.00015347656205162526
730,0.00014870015839620366
731,0.0002403825877778675
732,4.5181261665374156e-05
733,0.00015085062744968808
734,9.852150350744467e-05
735,0.0001435147909726805
736,0.00021074762880200982
737,0.00011342260674988756
738,0.00011283658862921586
739,0.00013125427224944865
740,6.641252967727513e-05
741,0.00017368947179553597
742,0.00012342343559369225
743,1.889375629690962e-05
744,0.0001023224522054377
745,0.00015593277350865598
746,5.626685270780796e-05
747,9.115616909391864e-05
748,0.00013387582281880673
749,6.236117916529723e-05
750,0.000160318957678497
751,0.00017921872998077242
752,0.00020725494040122025
753,0.0001962808895295362
754,6.556748085863678e-05
755,6.360054374536517e-05
756,4.0379132468606547e-05
757,0.00013248331020039507
758,7.870023545933881e-05
759,0.00011478272361592612
760,3.213168183153534e-05
761,5.586972960695385e-05
762,0.00018174071157912958
763,4.444341094631277e-05
764,0.00010327660078946508
765,0.00012086380273117001
766,0.0002382098135494739
767,6.723719707292338e-05
768,5.509418938954341e-05
769,8.9732355086298e-05
770,6.510358839458066e-05
771,9.164946073423384e-05
772,7.569461472638653e-05
773,0.00014606272839512864
774,8.97997354271702e-05
775,7.901424971581926e-05
776,9.501363741630097e-05
777,0.0001053574443467226
778,0.00013204816113928828
779,0.00011783371781617229
780,2.417395900704724e-05
781,7.074025386895033e-05
782,0.0002947643367823332
783,0.00024828145174149685
784,0.0002573662053788934
785,0.00010578023757746637
786,0.00010844733331411439
787,3.347942394288162e-05
788,0.00020851382447140132
789,9.16208102506055e-05
790,0.00017545870334396946
791,6.148510334133679e-05
792,9.183761846085388e-05
793,0.0001071596434793616
794,0.00012248088221280631
795,0.00011272040114829591
796,0.0001050013304686389
797,4.453777714026128e-05
798,8.061455276870173e-05
799,0.00022580593869896503
800,0.0001351779099244222
801,0.00018956995915593892
802,6.70485887750225e-05
803,7.597026651867706e-05
804,6.373267243157916e-05
805,6.16199750223335e-05
806,0.00014850258944880095
807,0.00010080962892301473
808,0.00014783589706585942
809,0.0001683584167405276
810,5.224746380299107e-05
811,0.00013892481276385325
812,5.3114472912778904e-05
813,9.663662069908802e-05
814,0.00011282238507445787
815,3.598379680334495e-05
816,0.00013511164887245996
817,0.00013547815369176157
818,0.00024885156142150035
819,9.002617817643421e-05
820,6.997115636561913e-05
821,0.00012988088855811985
822,0.00011698958855099737
823,0.00014822884117515864
824,7.505450721702559e-05
825,0.0001422644728046196
826,0.00020044362882421066
827,4.63308213394309e-05
828,6.697695138445099e-05
829,0.00011065643335266661
830,6.958625661531094e-05
831,0.00013418807995010262
832,3.731881840929483e-05
833,8.72605092040271e-05
834,0.0001374110702726628
835,0.0002059873931132119
836,5.204822237818198e-05
837,6.142345886896095e-05
838,0.00016326168194110286
839,7.713597217232245e-05
840,0.00013353491895651173
841,8.379324678503653e-05
842,9.235630486263788e-05
843,0.00012876576724469755
844,5.546856891973667e-05
845,0.0001983741757956647
846,0.00010355552869495058
847,6.76386476521679e-05
848,7.72587434855871e-05
849,0.00012156728872848449
850,0.00021212027285839709
851,0.0002651049764413978
852,0.00016958630442917498
853,7.56373621539674e-05
854,0.00011831875205507647
855,0.00017495566057696717
856,7.40091575935523e-05
857,5.988645562146479e-05
858,0.00022109421869464098
859,5.874478947347803e-05
860,8.11510351852681e-05
861,0.00019592150102385071
862,0.00024608265898455947
863,3.759487854641342e-05
864,0.00014414085987399152
865,0.00014732520495775537
866,6.74361486657722e-05
867,0.00013070654346867733
868,0.00018708692334024643
869,0.0001300111265150588
870,4.630372039487649e-05
871,9.606633178487083e-05
872,6.85312137855744e-05
873,5.6649015504474006e-05
874,6.372269772984987e-05
875,9.516666006014017e-05
876,0.00012352458736702773
877,2.5596619517679002e-05
878,6.034191167409186e-05
879,8.708671610352689e-05
880,0.00013772483058798873
881,0.00010480742621407803
882,6.893637624520558e-05
883,1.733342304107803e-05
884,5.944291682444863e-05
885,5.0403374581115175e-05
886,0.0003235005059166431
887,0.00026960917123239515
888,0.00018055507323645878
889,7.681279961801133e-05
890,0.00013918930197669854
891,0.00011103555022442941
892,7.45554756154864e-05
893,0.00017781478756711972
894,6.111040979263302e-05
895,0.00015546771303017525
896,0.00012289813641333018
897,6.891519749569235e-05
898,4.7647444609112235e-05
899,0.00018663618696369751
900,0.00019636231540564984
901,3.767537784367234e-05
902,4.358722623152124e-05
903,9.881639395108975e-05
904,0.00017569990380576767
905,5.4629946464774035e-05
906,0.00014462194322685965
907,0.00011483601495054041
908,9.719833451772832e-05
909,0.0001103839624824566
910,3.081387284022529e-05
911,0.00011017989120462902
912,1.4872378610877138e-05
913,9.742838516233905e-05
914,0.00010783714482824372
915,6.210615878635623e-05
916,6.483846975728074e-05
917,7.456697134423327e-05
918,0.00014657916480824415
919,0.0001701681385463527
920,0.0001042914349304114
921,5.75456842625772e-05
922,6.816636318131335e-05
923,4.2978954981042725e-05
924,9.632416282420355e-05
925,0.0001647971718349368
926,0.0001558107120425216
927,6.781390436404917e-05
928,0.00011836128081307257
929,5.728813980756906e-05
930,0.00011392465089158614
931,9.869969227714351e-05
932,3.876754249541417e-05
933,8.559197611959829e-05
934,0.000147789985737402
935,0.000324983806115961
936,6.76981230816211e-05
937,7.976629733434743e-05
938,0.00019648748396881196
939,7.29119724730419e-05
940,0.00014834061678228676
941,0.00010932354380330365
942,0.0001040740255043699
943,7.957911842260716e-05
944,0.0001436817192351116
945,0.00010780811991130423
946,0.00016263411507419674
947,0.00016951361147823712
948,0.00013827250419579947
949,4.9765125928040906e-05
950,0.00013730457771944144
951,0.00010986379056035628
952,0.00013360035548891963
953,0.00010123920044831044
954,2.8812313923513044e-05
955,8.790335348977016e-05
956,0.00012963917095694844
957,0.0001432740435432734
958,0.00018041470603612287
959,0.0001491648154557123
960,6.669026371107691e-05
961,9.172078508256959e-05
962,0.0001221175973469071
963,0.00012145921205534402
964,0.0003214665040662331
965,4.90976894976892e-05
966,0.00024299402064179373
967,9.250550634261956e-05
968,8.105482770028808e-05
969,7.697683303879736e-05
970,0.00023566204072590099
971,7.21008150482879e-05
972,0.00027471649554364967
973,0.00010682121418133236
974,0.0001831446085040866
975,0.00014631440934315161
976,4.270665824031414e-05
977,0.0002879468274377024
978,9.226640042446542e-05
979,0.00010840346126134096
980,5.259543965593451e-05
981,0.00017747386321212687
982,8.142335597845945e-05
983,0.00015900807783978283
984,2.0537337961805507e-05
985,6.505532537711079e-05
986,7.063174590930078e-05
987,0.00019653846847365536
988,0.00019423517487495454
989,7.704392431229164e-05
990,0.00010595430959031314
991,9.978339424483017e-05
992,0.00011783489818858388
993,0.00012107761143589201
994,0.00014288224072950568
995,0.00010001323386968862
996,4.36502410823185e-05
997,0.00018318638811161926
998,6.086270698584184e-05
999,0.00013398588188885896
1000,0.0002943509274690812
1001,7.98291063000624e-05
1002,2.454637107686959e-05
1003,6.326875045027227e-05
1004,0.00032633989321889396
1005,7.006337277595297e-05
1006,7.21927021660832e-05
1007,0.00010013243165147185
1008,0.00011659248192655492
1009,7.848825548150155e-05
1010,4.6108920707248546e-05
1011,0.00016437617428945503
1012,7.490028577591463e-05
1013,0.00011199639862184268
1014,0.00019431296696643334
1015,9.342393285412122e-05
1016,0.00017385740615298597
1017,9.051624108113768e-05
1018,0.00013029816755394844
1019,0.00013584884873504288
1020,0.00010211086477013615
1021,0.00012846451246428177
1022,3.1214460798089576e-05
1023,0.00013280224314828707
1024,7.626928655206095e-05
1025,0.0001342475549088228
1026,0.00010483622203455632
1027,0.00012919824922909476
1028,0.0001564026818549626
1029,6.950027837480856e-05
1030,0.00013275260727587374
1031,6.045231908264154e-05
1032,0.00017303328804359989
1033,0.00021204540528261173
1034,7.718920832355658e-05
1035,0.00016033113934080953
1036,5.6371796746027396e-05
1037,8.899659169622396e-05
1038,6.592335688262046e-05
1039,0.000279812396523785
1040,0.00011170083635043046
1041,0.00025018624156972257
1042,0.00018182861034621845
1043,7.644679330411988e-05
1044,7.697896304662973e-05
1045,2.3193748592290193e-05
1046,0.000245151942584967
1047,8.047954451619906e-05
1048,0.00018245556708265513
1049,0.00010439431524640243
1050,9.5899373144857e-05
1051,0.00010091841393506073
1052,3.603245539130387e-05
1053,1.8021714849495847e-05
1054,0.00014983109735810363
1055,0.00022215562793189136
1056,3.1303032109689204e-05
1057,4.625128589738096e-05
1058,0.0001764530281536343
1059,8.517086245309181e-05
1060,0.00010003673520761725
1061,0.00019663336406177062
1062,0.00012833383704835918
1063,0.0001391898796982771
1064,7.48474667351324e-05
1065,0.0001469222408527838
1066,0.0001782936641590362
1067,8.73190217718906e-05
1068,5.743172612433722e-05
1069,9.925636187514561e-05
1070,5.947706267268758e-05
1071,3.615697654029941e-05
1072,0.00015165873606873525
1073,0.00011487497128924827
1074,0.0001055557195729783
1075,7.927242266715981e-05
1076,0.0002878437812886401
1077,6.670035802645742e-05
1078,0.00012547012299356545
1079,8.844038478833006e-05
1080,0.00010845021845097924
1081,0.00030071693254980026
1082,0.0001439817651737495
1083,8.189145360956764e-05
1084,4.1152523011921276e-05
1085,5.280259787738612e-05
1086,6.910733047461734e-05
1087,0.00014251123492639795
1088,5.7425190954282754e-05
1089,4.2983700781995575e-05
1090,0.0002444633855656586
1091,0.0001325307350276011
1092,0.00012389274544662444
1093,0.000160993293555629
1094,0.00038104253371094675
1095,0.00012988750540153385
1096,9.884190312671307e-05
1097,0.00013674746837956668
1098,6.242213361946827e-05
1099,5.18027077850992e-05
1100,0.0002332554490960523
1101,0.0001663862411813621
1102,0.00011993693724088341
1103,0.0001387239903640317
1104,0.00015098088485539717
1105,8.705975545683628e-05
1106,7.084594450503605e-05
1107,0.00017198976414228644
1108,0.00011891499284918772
1109,0.00010484249373002916
1110,8.938015069115693e-05
1111,4.252434903794717e-05
1112,8.581024201754932e-06
1113,0.00025938123265993287
1114,0.00012532242121955704
1115,0.0001284972049330884
1116,5.544189363449872e-05
1117,6.666406938247071e-05
1118,0.00014419277809863266
1119,0.0002190383584229343
1120,6.291088702206944e-05
1121,8.968420265606545e-05
1122,0.0001464366100254661
1123,0.00018799528904875319
1124,0.0001381018329868534
1125,0.00014902529273652114
1126,0.00011825015871119119
1127,2.6950562112904242e-05
1128,0.0001135265282597515
1129,7.000907340655402e-05
1130,0.00010419196254411991
1131,0.00011157658557769638
1132,0.00010352421802729456
1133,9.078366687954023e-05
1134,8.40476748230641e-05
1135,0.0001902482318546466
1136,0.00014056523790954191
1137,0.00024647068872157596
1138,0.0001660170722513211
1139,6.251787256730492e-05
1140,6.940486104259092e-05
1141,0.00020009175859458323
1142,0.00014349199871109287
1143,7.605815924262455e-05
1144,0.00020152934426021293
1145,0.00010681282730515016
1146,0.00018460911297576586
1147,9.427897958878527e-05
1148,0.00021962263561249912
1149,2.265304491171284e-05
1150,0.00027314429837012663
1151,9.348352610177735e-05
1152,0.00016999445387045855
1153,5.971866046482399e-05
1154,7.402558697805717e-05
1155,0.00014018316586923143
1156,4.566166659367945e-05
1157,8.295067482755878e-05
1158,0.00012196604411659795
1159,6.295361632885398e-05
1160,5.099520726080347e-05
1161,0.0001984473686829482
1162,0.00015208614072154082
1163,0.00017120245944247914
1164,0.00020344227590591616
1165,9.178510410561976e-05
1166,4.449488937089112e-05
1167,3.7342669181817e-05
1168,0.0001268794345926886
1169,0.00020609403849163033
1170,0.000271184376880066
1171,9.787150902963136e-05
1172,0.00013155436879139126
1173,0.00013862120782418566
1174,8.527994334427776e-05
1175,0.00030190952708019064
1176,7.890361774568218e-05
1177,9.791399489372433e-05
1178,7.436487555653851e-05
1179,0.00010414437039148838
1180,9.781973172059509e-05
1181,4.199120555419675e-05
1182,0.00024460536981752324
1183,6.949669596988437e-05
1184,7.032913552163044e-05
1185,0.00013545261601872094
1186,0.0001002156637265516
1187,3.4522483221738915e-05
1188,0.00010342984225380895
1189,0.00011967189091990251
1190,0.00011312664359505247
1191,6.471472239171569e-05
1192,5.7236812132742694e-05
1193,0.00011120414729740768
1194,6.940856651416477e-05
1195,0.00018949320799106225
1196,6.571216810937692e-05
1197,0.00012037141160456847
1198,2.5165725384916407e-05
1199,3.43899801518066e-05
1200,9.485155157265188e-05
1201,0.00017729492352277815
1202,9.794190837294956e-05
1203,0.00010736354983928919
1204,8.096378648591099e-05
1205,5.680683330952662e-05
1206,7.958891565172261e-05
1207,0.00015378396855293648
1208,7.825289625545816e-05
1209,8.206412533061899e-05
1210,0.00031184920461062424
1211,0.00017220223216656583
1212,0.0001142984456057445
1213,0.00017314954382290163
1214,0.00014889113868357803
1215,8.859809041637596e-05
1216,6.543573386531846e-05
1217,0.00014931277550740948
1218,7.058475821542927e-05
1219,0.00011051462341379149
1220,0.00020677195393148617
1221,9.847446099003104e-05
1222,8.13851546578678e-05
1223,6.137312234128291e-05
1224,0.00024542487157537323
1225,0.00014152933847775808
1226,7.891270344993527e-05
1227,8.190977359759095e-05
1228,0.00011912045652605037
1229,7.966258648020787e-05
1230,0.0001771347500139817
1231,0.00011823808229664655
1232,5.452336670755339e-05
1233,0.00013774818290850901
1234,8.601418304277853e-05
1235,5.291182272170062e-05
1236,0.0001560736686796625
1237,0.00012945992407581555
1238,9.504396612628984e-05
1239,7.223171421404172e-05
1240,4.623314431662485e-05
1241,3.35535875672659e-05
1242,9.789999794365132e-05
1243,0.00010527094588602285
1244,0.0001912687042128494
1245,0.0002490435995610841
1246,0.0001475643555155542
1247,8.682974777905883e-05
1248,3.945742338027658e-05
1249,0.00017245756164171124
1250,0.00022791316976092927
1251,8.695129043778564e-05
1252,0.00010737580891831714
1253,0.00010234191698790105
1254,0.00017768296486081982
1255,5.927350017408527e-05
1256,0.0001455286470808969
1257,0.00012802937958450076
1258,7.91775781688983e-05
1259,0.00010773937338919176
1260,8.7727367270455e-05
1261,0.00015230140587902443
1262,0.00015226199658782032
1263,7.981431952937272e-05
1264,0.00011033426098824534
1265,0.00020238569178032134
1266,0.00012272392350902198
1267,8.789400045306935e-05
1268,0.0001836113124940155
1269,8.72627327568479e-05
1270,0.00013949763706661518
1271,6.174872768976862e-05
1272,4.9989465425104055e-05
1273,9.831838576640527e-05
1274,0.00015063682995094274
1275,8.350933598888936e-05
1276,5.7139425396904005e-05
1277,0.00013772766099848273
1278,5.449898913154109e-05
1279,0.0001008988097915379
1280,7.42179492144972e-05
1281,0.0001735097315152734
1282,0.00018584502465010706
1283,0.00014593521387495787
1284,4.547363312672967e-05
1285,0.00013221443347085344
1286,0.0001115242232240748
1287,9.936096932913921e-05
1288,0.00010180184545628244
1289,5.2821847802760004e-05
1290,5.2807437117159435e-05
1291,0.00025300209795992544
1292,0.00017875308817927622
1293,0.00016016987515908544
1294,8.761679218098351e-05
1295,0.00024706280398711396
1296,0.00011486101892540043
1297,4.654670033750872e-05
1298,7.548982198566268e-05
1299,0.0001371705249199416
1300,9.7166674496684e-05
1301,3.3343662551467604e-05
1302,4.527325975400265e-05
1303,0.00015168241841097163
1304,0.00016706297501073992
1305,0.00015383332711027883
1306,0.00019297669490051783
1307,8.310189752320424e-05
1308,0.0001755196756132403
1309,3.811473782401325e-05
1310,7.668423308159486e-05
1311,0.00010831061714976803
1312,7.817726180525428e-05
1313,0.00025809004553615925
1314,0.00014446147741409217
1315,7.052134810603362e-05
1316,9.15554282021688e-05
1317,7.066462898863506e-05
1318,6.298460503541708e-05
1319,3.660923040679778e-05
1320,0.0001408747673638061
1321,7.783367098624176e-05
1322,7.132467023866266e-05
1323,0.00015541403328392364
1324,6.871882388148382e-05
1325,9.964092466131068e-05
1326,0.0001393388984175238
1327,0.00012061649656087858
1328,8.771930523815691e-05
1329,0.0001889389965389467
1330,0.00014994501521829382
1331,0.00011788009863857683
1332,0.00019261618605257198
1333,5.5082626037064743e-05
1334,4.441445896835083e-05
1335,8.314944228579838e-05
1336,0.0001350611679004523
1337,0.00031804415724278175
1338,0.00011680777713756254
1339,5.8921612088389834e-05
1340,8.554283438439903e-05
1341,0.00013767266103926215
1342,7.841061754030676e-05
1343,0.00011354512661144209
1344,4.284651077765322e-05
1345,0.00011548259024164373
1346,0.00017960305193498072
1347,7.694218925832463e-05
1348,0.00014065135314386205
1349,9.348798289509322e-05
1350,0.00010877643173092154
1351,0.00012258904764712552
1352,7.385176565864305e-05
1353,0.00023032374087677854
1354,0.0001863379929047591
1355,8.388260932709401e-05
1356,8.442407650792421e-05
1357,0.0001018398185617779
1358,0.00012686900905798268
1359,7.03027419901081e-05
1360,0.00012918930146685754
1361,0.00013008551020959148
1362,0.00016915563687020793
1363,5.883315989064309e-05
1364,5.407963548638671e-05
1365,5.585894996501292e-05
1366,4.3953073433756225e-05
1367,7.060070404264868e-05
1368,0.00023731330916246742
1369,9.78005994724201e-05
1370,0.0001636906503260372
1371,0.00018885351123620856
1372,0.00010891914688002468
1373,3.815185888649786e-05
1374,9.327811915400826e-05
1375,0.00016149179726396336
1376,9.221672983402533e-05
1377,8.104963812137168e-05
1378,3.9584222443355374e-05
1379,0.00012178373309532053
1380,5.215970837408617e-05
1381,6.460214128721431e-05
1382,0.00015258131018227176
1383,3.9529570275346606e-05
1384,0.00014465472827260786
1385,0.0002015494414369488
1386,0.00016893492397210126
1387,5.1210273798947686e-05
1388,0.00011067898345938607
1389,8.990843115693197e-05
1390,0.00010272381165857226
1391,1.9584659002531887e-05
1392,0.00010048449571429346
1393,6.236653335274739e-05
1394,0.00015076952533470676
1395,7.592076124280266e-05
1396,0.0002836473951611708
1397,9.063914375824009e-05
1398,0.00018708043254614558
1399,0.00011900690953420276
1400,0.00020074440081650424
1401,5.9138747772675054e-05
1402,0.0002652615863099332
1403,0.00010874457990573316
1404,9.26371146743366e-05
1405,7.45423467450113e-05
1406,5.963824371748346e-05
1407,4.430420632604159e-05
1408,9.019466756575437e-05
1409,0.00014954041704077272
1410,0.00020987731291801742
1411,0.00014377461175268355
1412,2.609331779349031e-05
1413,6.823539396176252e-05
1414,7.055025184708592e-05
1415,9.739862648752172e-05
1416,0.00011615095190159093
1417,4.250149957244521e-05
1418,4.1464631888197394e-05
1419,5.1855760315857966e-05
1420,0.00021684803533997797
1421,3.222724423909261e-05
1422,7.821528209727682e-05
1423,0.00013571518481379888
1424,0.0001068868196614456
1425,0.00028362790385773464
1426,0.00012539130595999503
1427,0.00010438211486561144
1428,8.765956853915019e-05
1429,0.0002289037048635002
1430,6.00034654117853e-05
1431,8.651511358415968e-05
1432,2.9600923812798782e-05
1433,0.00018816868039534315
1434,6.979408191230031e-05
1435,0.00022030004742358948
1436,4.638708357821277e-05
1437,0.0001001550621899326
1438,0.00013023381690249983
1439,0.00013156806528102121
1440,0.00029118284747980554
1441,4.999982995532634e-05
1442,0.0001671453271960215
1443,0.00011531396240724279
1444,8.908219410626277e-05
1445,5.4577686096190646e-05
1446,0.0002265695089028428
1447,0.0001786478558697622
1448,0.0002674092171288226
1449,0.00012806538619361123
1450,8.719458286276336e-05
1451,6.226752620413786e-05
1452,0.00022218792165964936
1453,0.00014007540216358895
1454,0.00017144405047774357
1455,6.235601511796798e-05
1456,7.68849588838282e-05
1457,0.00015877412989229525
1458,2.6590022914752467e-05
1459,0.00022073327951137905
1460,0.0002165949615336369
1461,0.0001845980205760464
1462,0.0002252944471723377
1463,0.0001681521898439098
1464,0.0001414302282823246
1465,0.00011826775586119464
1466,4.5198962175504435e-05
1467,4.338518232400063e-05
1468,0.00017869118110554793
1469,6.563163299866635e-05
1470,0.00011089698518276355
1471,9.48705036156255e-05
1472,7.658404054774677e-05
1473,9.668996170544458e-05
1474,7.913313261216603e-05
1475,0.00010590106814954223
1476,5.8402339713382466e-05
1477,0.00012061095516956429
1478,0.0001590374082491549
1479,0.00014821653200675913
1480,0.00014589106037505268
1481,0.0001176308690640489
1482,0.00016497937629439958
1483,3.3881112312951606e-05
1484,0.00013908259389882173
1485,0.00018215520943878224
1486,5.69880475654525e-05
1487,5.463022720988974e-05
1488,0.00012088060366967289
1489,6.156057023963634e-05
1490,4.7477617088481455e-05
1491,8.194586786952268e-05
1492,0.0001503369338413661
1493,0.00013680241263489215
1494,3.5492335618062765e-05
1495,0.00023635668275825966
1496,4.4677543570612694e-05
1497,0.0001542794081414055
1498,0.00012540695288994333
1499,9.919141894597221e-05
1500,9.861601190645701e-05
1501,8.417477451483532e-05
1502,0.00011398718994986331
1503,0.00015775466583649954
1504,5.137061385161902e-05
1505,5.836035942629454e-05
1506,0.0001293509522141233
1507,5.728941119484273e-05
1508,0.00025027705236133025
1509,0.00024723380323962967
1510,7.836275422721479e-05
1511,8.921560201835298e-05
1512,7.86181566404367e-05
1513,7.60940658375911e-05
1514,7.842055006345725e-05
1515,9.771061766777802e-05
1516,0.00014650870435554337
1517,2.6800505214430205e-05
1518,0.00012128609937807039
1519,0.00011625308369240912
1520,6.289022416065204e-05
1521,0.00014344611383059635
1522,5.774324168748984e-05
1523,0.00013708668420700217
1524,4.2319668361954885e-05
1525,9.182539051425466e-05
1526,0.0001534044853855289
1527,0.00010919406499869566
1528,0.00010759129892354798
1529,0.0001125113118359446
1530,4.9944651032812575e-05
1531,0.0001393164299122618
1532,0.00018563144643715405
1533,8.624901301978097e-05
1534,0.0001373325172604995
1535,0.00018612741503311583
1536,8.01899692658746e-05
1537,7.588397556072337e-05
1538,0.00011650705654210722
1539,0.0001322888849816455
1540,5.916371042950507e-05
1541,0.0001540388210329414
1542,0.00015764031199942604
1543,6.771139603284259e-05
1544,0.0001715514132072229
1545,8.137510687506072e-05
1546,0.00013906707697168542
1547,0.00010073123218708634
1548,0.00014768546894665583
1549,0.00023792806007479907
1550,0.00014639181627772898
1551,0.00014628299484925996
1552,0.0001235436540509558
1553,0.00017716340868635642
1554,0.00026602199190206083
1555,9.732999265635572e-05
1556,8.810631466840753e-05
1557,5.6502610681693455e-05
1558,0.00026960499635826196
1559,0.00017112410965988944
1560,4.3339859052621864e-05
1561,6.820906028834357e-05
1562,0.00014393085378611604
1563,8.044876768967442e-05
1564,0.00015544849787999174
1565,0.00018488009396231222
1566,0.00011964918752584714
1567,9.021271419546673e-05
1568,9.909317176374898e-05
1569,0.00012944866436347444
1570,6.200837370491633e-05
1571,0.000150947473650227
1572,0.00029123755265593644
1573,3.8906454240966296e-05
1574,0.0001485973425267514
1575,2.020167528171844e-05
1576,2.6512854957693393e-05
1577,8.517436387053007e-05
1578,5.1755046046035876e-05
1579,6.038150634386052e-05
1580,0.00015117689073302983
1581,9.755126740159937e-05
1582,0.00014053966903221075
1583,5.9010667151142306e-05
1584,8.60563169769049e-05
1585,0.0001153038032946448
1586,0.00016682137740476805
1587,3.812864501427896e-05
1588,0.00022975912979601886
1589,0.00018762880139315893
1590,7.47068595909555e-05
1591,9.601818144081138e-05
1592,0.00013616009842318998
1593,5.541460907606714e-05
1594,9.555243830196373e-05
1595,8.460374348007316e-05
1596,6.482419467384572e-05
1597,0.0001078345896614389
1598,0.00016200802370981736
1599,8.816569553217306e-05
1600,9.923764315604764e-05
1601,4.899686511054119e-05
1602,5.7156675744152996e-05
1603,0.00013009112258589853
1604,0.000128623093773944
1605,4.7524311821507086e-05
1606,3.8049342837409294e-05
1607,0.00010467236612823685
1608,5.422519388067536e-05
1609,9.773728789792051e-05
1610,9.470271888273307e-05
1611,0.00013632776153871227
1612,4.980621170806625e-05
1613,7.834475757941703e-05
1614,0.00012004896136633802
1615,5.62968244339939e-05
1616,0.00015973512506477623
1617,0.00010005758586058552
1618,3.893036102309241e-05
1619,3.377811569771456e-05
1620,0.00010945009922340584
1621,0.00011009893807844095
1622,5.451536242141738e-05
1623,8.445658818469551e-05
1624,0.000171741225100093
1625,7.155537372227966e-05
1626,0.00010366274777119788
1627,4.983326287440739e-05
1628,0.00011958145470461796
1629,6.854945598681148e-05
1630,0.00010506690205052373
1631,0.00019236698203363553
1632,0.00014383548676639258
1633,0.00017220068213050379
1634,0.00016953263659302262
1635,4.751206759357487e-05
1636,7.610912344482027e-05
1637,0.00019535911977439866
1638,0.00011143313636189796
1639,6.46181108073348e-05
1640,0.00010495960401867851
1641,0.0001229788965915833
1642,0.00013418221914803592
1643,8.340404234593037e-05
1644,7.474216772469439e-05
1645,2.9150918308617367e-05
1646,7.000641385150606e-05
1647,0.00010824748695575749
1648,7.548548507187974e-05
1649,0.0001815257308225223
1650,9.819230152213029e-05
1651,5.2158313126766125e-05
1652,0.00020484323944650471
1653,4.24469406920051e-05
1654,0.00011092102257629994
1655,0.0001898037741759981
1656,0.00017624391966468612
1657,9.724634094619667e-05
1658,0.0001218014093576355
1659,0.0001397959095106187
1660,7.363568718507624e-05
1661,0.0001241092918504952
1662,0.00011057062613457037
1663,0.0001223838851426142
1664,0.0001056145218219939
1665,7.055751466092658e-05
1666,0.000121013330800921
1667,6.285526467793955e-05
1668,7.851603320618921e-05
1669,6.956550460088632e-05
1670,0.00012193108397175741
1671,6.166285849375815e-05
1672,5.553139122500429e-05
1673,4.675548273381367e-05
1674,4.751280351546907e-05
1675,6.753875931087966e-05
1676,0.0002649010597498497
1677,0.00010983493098182197
1678,3.6341938217441403e-05
1679,7.619505360653819e-05
1680,0.00017292844390091484
1681,0.0001014144995604796
1682,5.5425304878034086e-05
1683,0.00022725511936968744
1684,4.658554767064953e-05
1685,0.00010302988448643081
1686,0.00013818641253979778
1687,9.652357771256322e-05
1688,0.00012173721806724584
1689,0.00023290699533019853
1690,0.0002007443596871121
1691,3.528460529988243e-05
1692,5.365048236270547e-05
1693,7.233604535628179e-05
1694,7.155578323695091e-05
1695,6.49887710635601e-05
1696,0.00011615112923866573
1697,0.00012072311992350422
1698,9.574516644805095e-05
1699,9.581471274068153e-05
1700,0.00024794297201710154
1701,8.500524971959223e-05
1702,4.6226561890323895e-05
1703,0.00018667917498762875
1704,5.953042201872885e-05
1705,0.00010087201177536454
1706,5.5633563535385e-05
1707,7.555436855104204e-05
1708,0.00012227605846770327
1709,0.00011613527953832066
1710,0.00033468133467692395
1711,5.528301962366668e-05
1712,0.00016356214462242638
1713,0.00010427076246892211
1714,0.00015380286958803334
1715,4.5113526033332575e-05
1716,2.2540506354303885e-05
1717,0.00014785411672665785
1718,5.780134887107463e-05
1719,0.00010831009650501302
1720,5.650766351363661e-05
1721,0.0001162016157254424
1722,7.538964548493642e-05
1723,8.07185505073101e-05
1724,8.985645792517559e-05
1725,0.00010934321417998652
1726,0.000190956208743728
1727,0.00011795850530494002
1728,0.00010371798014029752
1729,0.0001488060204155998
1730,0.00013081429733014028
1731,0.00011249444168044242
1732,3.590836052747797e-05
1733,0.00012025229266320674
1734,0.00023154809430726373
1735,5.245290665122856e-05
1736,5.5952407556387844e-05
1737,5.057448176260215e-05
1738,7.892710003893514e-05
1739,0.00010857440878506231
1740,5.8547865989575616e-05
1741,0.00010889003352009872
1742,0.00012251116707524492
1743,0.00011088692483118109
1744,6.161524947498756e-05
1745,2.933463790070697e-05
1746,8.827138326578274e-05
1747,0.00018103271657208246
1748,0.0002045857505489476
1749,6.453313967662823e-05
1750,0.00015752410938939745
1751,0.00016454509663034375
1752,0.000110813867106624
1753,0.00012376119175307765
1754,0.00010971215358658588
1755,4.890298931150277e-05
1756,6.209983398152067e-05
1757,0.00014906239441630733
1758,9.958549219138478e-05
1759,5.59531948226173e-05
1760,0.0001780301457481784
1761,0.00010673754244150742
1762,0.00015313760387476329
1763,6.180396837712144e-05
1764,3.8231744457575894e-05
1765,8.700547345385197e-05
1766,5.822244350883984e-05
1767,0.0001581972308103479
1768,0.00011829120991244465
1769,0.00016839302927879206
1770,8.354416337766543e-05
1771,6.706691522452816e-05
1772,7.157491950022083e-05
1773,0.000299295139160194
1774,0.00022471723467812726
1775,8.533038457592636e-05
1776,9.562562373113995e-05
1777,0.00010873045760687305
1778,4.3697388421855774e-05
1779,0.0001939355025972804
1780,9.294108282330796e-05
1781,5.163411223415295e-05
1782,9.845197538944553e-05
1783,0.0001410984493834702
1784,0.0001503999213927425
1785,8.59386679594165e-05
1786,6.913229628951522e-05
1787,7.461952292160955e-05
1788,2.8843235421059666e-05
1789,0.00010018451283182062
1790,0.0001412903157818632
1791,0.00017623247725310841
1792,0.00011692521254324517
1793,0.00017521673036339328
1794,0.00012470733535798715
1795,0.00012549784491591463
1796,0.00015469990008775273
1797,0.00013309030432753438
1798,3.89752574502528e-05
1799,0.00013865817024333804
1800,0.00010049517973120387
1801,0.00015664370814911797
1802,0.0001213575359058806
1803,0.00011956091696548988
1804,0.00017213409227524046
1805,0.00018788019416091027
1806,0.00012487907545010354
1807,7.609605401779353e-05
1808,6.852086219060805e-05
1809,0.00011266966527562645
1810,0.00012036474451281993
1811,0.00016871028681512745
1812,9.913235391780709e-05
1813,9.23141235162546e-05
1814,5.156284526867692e-05
1815,9.0720013364472e-05
1816,8.173667636438685e-05
1817,9.212312766080299e-05
1818,0.00013407059817439014
1819,0.00012822587040117592
1820,0.00016199861624967022
1821,6.239542159940693e-05
1822,7.687257542940582e-05
1823,4.676405998648951e-05
1824,0.0001263085212162851
1825,4.540903083243253e-05
1826,4.1744741264396224e-05
1827,9.770745689001526e-05
1828,4.873355200049468e-05
1829,0.00010286917692128145
1830,6.311612686715788e-05
1831,0.00028070597012358066
1832,2.9732775122679508e-05
1833,0.00010776914287031549
1834,0.00013188318497344873
1835,6.97637369500646e-05
1836,0.00010892279824351869
1837,0.00011927560929037701
1838,0.00012329120624297903
1839,0.0002860013494112724
1840,0.00024157979561433598
1841,0.00010531897133922495
1842,4.669911807547108e-05
1843,0.00027326722299053955
1844,9.710616415081902e-05
1845,9.990972984419149e-05
1846,0.0001122506431134055
1847,9.888254553143707e-05
1848,5.689503854089211e-05
1849,0.0002648030077488593
1850,0.00017716446208103582
1851,0.0003387573874111068
1852,0.00022825396904897237
1853,5.241712694097763e-05
1854,0.00015833718238211694
1855,5.068425591999433e-05
1856,0.00012642551009428853
1857,5.202407923374261e-05
1858,0.00023641152390500088
1859,0.00022252578478397517
1860,0.00012991661860325116
1861,0.00018805134429319726
1862,0.0002621200145677686
1863,8.905506087939963e-05
1864,7.446980977409865e-05
1865,0.00015657132773188502
1866,4.9864477220587194e-05
1867,8.159306139381954e-05
1868,0.00013957355593331695
1869,0.00014838300874587586
1870,7.936267381000283e-05
1871,5.2016055443486815e-05
1872,4.2216400310048046e-05
1873,0.00012574858761941349
1874,0.00016456009071803753
1875,0.00015787061886214548
1876,8.331112536863275e-05
1877,0.00013361337217361355
1878,4.790230134288143e-05
1879,9.531620801359725e-05
1880,4.900519397977545e-05
1881,0.00012617450076600866
1882,5.551952205740004e-05
1883,0.0001622299139540868
1884,5.131697630727429e-05
1885,9.349224920521834e-05
1886,8.280090606471228e-05
1887,5.6989804041932704e-05
1888,0.00011233300855346502
1889,7.804413375830748e-05
1890,7.767760233866558e-05
1891,7.828500067162523e-05
1892,0.0001154731378375264
1893,0.00015782277271767287
1894,0.00010461459852020212
1895,4.192663771520247e-05
1896,8.884704633410583e-05
1897,3.943094761157105e-05
1898,0.000124283820544906
1899,5.7295673471018204e-05
1900,6.19944928159337e-05
1901,0.00011661261036517004
1902,0.00018601301913012162
1903,7.226959103292927e-05
1904,6.804520296095858e-05
1905,0.00019093484020141837
1906,0.0001657127811220638
1907,7.854363486905145e-05
1908,0.0002143287093589258
1909,0.00014223233122782658
1910,8.264261531324739e-05
1911,0.00011074818818808286
1912,0.00015358950645883246
1913,5.3561939184266515e-05
1914,0.00012301821089340416
1915,7.590352013057828e-05
1916,6.501755847379148e-05
1917,9.13536995084215e-05
1918,9.968200626784693e-05
1919,0.0001321400225339007
1920,8.728574483928098e-05
1921,0.00013444595110867046
1922,0.00018900823478852814
1923,0.00011055125907302953
1924,8.171134558401306e-05
1925,9.338530823149533e-05
1926,7.327193904793819e-05
1927,0.00014010158310457616
1928,5.1641362888589725e-05
1929,9.335953285803128e-05
1930,9.920209748927794e-05
1931,0.0003950254341934402
1932,8.167291360226906e-05
1933,9.169472967041848e-05
1934,0.00012551049087864598
1935,0.00013420990109228332
1936,0.00014671431230179127
1937,7.690701284181694e-05
1938,7.968766896644509e-05
1939,0.00011863027180190582
1940,0.00011293239920003644
1941,6.865572357006123e-05
1942,5.743027071664392e-05
1943,0.0001472400258617778
1944,0.00018469497651472615
1945,0.00010097489813114947
1946,0.00010682344120885517
1947,7.90939106339197e-05
1948,0.0002039039472337267
1949,3.648469526566294e-05
1950,5.473116376234309e-05
1951,0.0002425857620040053
1952,0.00019802084211920402
1953,4.462674815693517e-05
1954,4.222540231361218e-05
1955,0.00017586275872185197
1956,0.00018218282089289917
1957,9.354066076705699e-05
1958,0.00012186045458174599
1959,7.784562378414914e-05
1960,0.0001075344464866794
1961,0.00017964656025588308
1962,7.130997606756787e-05
1963,0.0001048468939117732
1964,7.240965419892458e-05
1965,0.00019876935920349188
1966,4.1971085112112564e-05
1967,0.0001655898425225569
1968,0.0001449925549009367
1969,0.00012944111284619324
1970,0.00012776789752430944
1971,5.884527465987216e-05
1972,0.00020109573604185286
1973,5.925497175473245e-05
1974,8.164733370872747e-05
1975,7.844650669667764e-05
1976,0.00018022330147116856
1977,0.00014767623161056283
1978,5.691042636464302e-05
1979,0.00010024462514849619
1980,5.650943982171238e-05
1981,0.00010236704634276966
1982,6.586408284696524e-05
1983,5.898420305745695e-05
1984,8.486398093205945e-05
1985,0.00017446435074742895
1986,0.0001641951971629352
1987,5.5675575664662625e-05
1988,7.8369075319776e-05
1989,0.00012898558213603678
1990,0.00015446677521408704
1991,5.2743886153904176e-05
1992,0.0001832459969169437
1993,4.6258683792014984e-05
1994,7.499889548886895e-05
1995,9.932080866187502e-05
1996,8.364525104580174e-05
1997,0.00015671311563374406
1998,0.000100603092984046
1999,0.00013092932067913167
2000,0.00010765118285755439
2001,7.091572362205779e-05
2002,0.00013531716354201148
2003,7.665080341978969e-05
2004,6.954822021701165e-05
2005,5.805690716904623e-05
2006,0.0001581985341004897
2007,0.00012105329984616941
2008,0.00017553729087880295
2009,5.494221962469273e-05
2010,0.00017938984258488623
2011,0.00014086905223519437
2012,0.00013006001798438965
2013,0.00010970577852212446
2014,0.0001259320230533086
2015,0.00010317633077996359
2016,7.309612168425342e-05
2017,0.0001298983030685042
2018,0.00015706469073017997
2019,6.509039913372301e-05
2020,9.462721970565391e-05
2021,0.00010240095585778371
2022,0.00010419246170844339
2023,0.0002583159289985064
2024,0.0001358260582457339
2025,6.503362897292558e-05
2026,0.00016572336455004835
2027,0.000130978512747718
2028,0.00011200586860702314
2029,0.0001496760005473315
2030,0.00011330709400396836
2031,5.497170875271808e-05
2032,4.848759476804087e-05
2033,0.00012164416778903843
2034,0.00013874440249696374
2035,0.0002646733192722312
2036,0.00015031394930264483
2037,9.26933769025317e-05
2038,0.0001587602233419117
2039,5.5495067355568514e-05
2040,0.00025821045679619157
2041,0.00012558881304722584
2042,6.667468434638252e-05
2043,9.446626327273968e-05
2044,0.00011902616258287772
2045,0.00019111899095528167
2046,7.075397935125792e-05
2047,0.00013811037565075198
2048,5.000435518314434e-05
2049,0.00010864910835836054
2050,3.588997102372491e-05
2051,9.004037737179015e-05
2052,0.00013721916264923802
2053,4.454632413368924e-05
2054,0.00013841763673103267
2055,5.143769939962379e-05
2056,7.85187938901836e-05
2057,0.0001849415198916198
2058,0.00024236240108801158
2059,0.00023774058914505296
2060,0.00012778823568131725
2061,2.4262919499462647e-05
2062,6.321736224321337e-05
2063,0.0001334138983987409
2064,0.000305382476080495
2065,7.427000868721624e-05
2066,0.00019452977324507453
2067,8.521393067596902e-05
2068,0.00024163666097085315
2069,0.0002723089992007397
2070,7.859884944604522e-05
2071,0.00011652191863549479
2072,4.6941479806020744e-05
2073,0.00031045037607061495
2074,0.00011588296242099098
2075,0.00010348590394978994
2076,0.0001446861045811829
2077,0.00019283429176085922
2078,0.00013727911466495857
2079,0.00014054707936689422
2080,9.760300346592153e-05
2081,0.00013170358611866293
2082,1.9238024388617585e-05
2083,0.00012447153020322935
2084,0.00035888450347596547
2085,0.0001573942657081014
2086,0.0003815004390186729
2087,6.656871876800637e-05
2088,0.00024492439087396795
2089,3.805455547100588e-05
2090,0.00010137530463048801
2091,9.380371607315651e-05
2092,0.0001865285726707072
2093,7.780766726953917e-05
2094,6.277779998480267e-05
2095,0.000189636446213717
2096,4.512302965696248e-05
2097,8.603988269973296e-05
2098,0.00012944934216638525
2099,6.514316416970055e-05
2100,6.7786612545388e-05
2101,3.6442828825405377e-05
2102,6.36752434086558e-05
2103,0.00011840051630532172
2104,4.4614839935866285e-05
2105,7.526738556875333e-05
2106,0.00012444674180317418
2107,0.0001164246863496895
2108,0.0002419188087355969
2109,0.00010988117519979045
2110,0.00010781561071078382
2111,5.660728896034095e-05
2112,0.00012860171594993865
2113,2.497253571084909e-05
2114,0.0001440752072303282
2115,6.506090350459921e-05
2116,9.513287745881367e-05
2117,0.00018255214037613625
2118,0.0001473353237897212
2119,5.053347960701892e-05
2120,8.20254456487123e-05
2121,0.00016624323230612678
2122,0.00012736110187022595
2123,0.00014413709098673764
2124,0.000133851548681255
2125,0.00047186975252071206
2126,6.544905039155514e-05
2127,6.691846157566748e-05
2128,0.0002394919918113704
2129,5.64348454885496e-05
2130,0.00016142012827618447
2131,0.00012449935094925745
2132,6.0970697151746726e-05
2133,5.030217926250813e-05
2134,6.63719907403024e-05
2135,0.00015437761274697287
2136,8.180721818364266e-05
2137,8.611045051128858e-05
2138,2.9136395318494387e-05
2139,0.00019989799602638446
2140,0.00011992806006110987
2141,7.996357180951812e-05
2142,9.850174848635471e-05
2143,0.0003180058450737211
2144,8.500191293785389e-05
2145,0.00012671777604899824
2146,0.0001456700731315751
2147,6.982880670261687e-05
2148,8.668822432930662e-05
2149,0.00017988689931127026
2150,9.299413001336562e-05
2151,0.00010238449927535405
2152,4.639026431562342e-05
2153,3.31040894158091e-05
2154,0.00011030084099595961
2155,2.498179538722084e-05
2156,3.8026966194092945e-05
2157,8.377053989682587e-05
2158,8.581625794982106e-05
2159,0.00013155242218607148
2160,9.450121322839826e-05
2161,5.139536502123379e-05
2162,0.00015724785949457808
2163,0.00018435009790663891
2164,7.805300307675452e-05
2165,7.995428783666702e-05
2166,6.904979875301327e-05
2167,5.587266010609878e-05
2168,0.00010475226862380774
2169,8.922510661365425e-05
2170,7.255385479520702e-05
2171,8.05504136466977e-05
2172,0.00013185003773405517
2173,0.00010250932721781752
2174,0.0002572236910642451
2175,0.00017322446452597328
2176,0.00012846354618326243
2177,0.0001744914178211323
2178,0.00022969591176519172
2179,0.00017724448853902367
2180,0.00010654967039526813
2181,9.802660271553391e-05
2182,7.178585437356429e-05
2183,6.937136690213964e-05
2184,9.559990794090413e-05
2185,5.516948248849839e-05
2186,0.00012246834821340023
2187,0.00010166198359340147
2188,7.134997915145784e-05
2189,6.908571478365068e-05
2190,0.00030302214811992676
2191,0.00017692082538580339
2192,0.00015552018761284976
2193,0.00014987368038273165
2194,0.00010874874597343757
2195,0.0001575407945119965
2196,0.00026795475056156607
2197,5.9811859951480767e-05
2198,0.00012810454461816952
2199,8.794327213975108e-05
2200,4.561266270561522e-05
2201,0.00022161863209956326
2202,8.402934466731275e-05
2203,9.93325051441314e-05
2204,0.00010249484605877134
2205,0.000145129632357405
2206,7.064861648673845e-05
2207,2.1868749068361058e-05
2208,0.00011082593662784642
2209,0.00012238375575594925
2210,0.00019309472392706772
2211,9.411612844725684e-05
2212,5.9071678785818735e-05
2213,8.786138673629641e-05
2214,5.588406169260314e-05
2215,0.00013249748096438345
2216,0.00016062490203360376
2217,8.201841073691212e-05
2218,0.00011938789919924973
2219,7.878047160432612e-05
2220,0.00018632103800637215
2221,9.90659938422818e-05
2222,0.0001398441646105915
2223,0.00014162275979782033
2224,0.00016466828451407373
2225,0.00011856457243182629
2226,3.416885108850888e-05
2227,0.00010888490316477888
2228,0.0001445526696590478
2229,9.46382567872097e-05
2230,0.0002472831531581366
2231,0.00014119392128608118
2232,9.949448419200093e-05
2233,0.00012294435100967084
2234,9.470622072366105e-05
2235,0.0002462301409909155
2236,9.453427467629805e-05
2237,9.588064872182494e-05
2238,0.00022901043116283772
2239,0.0001637478071241767
2240,0.00010069973936311372
2241,7.501539165583923e-05
2242,0.00011454158768687733
2243,3.21097851729347e-05
2244,5.2041957183576505e-05
2245,0.0001420559092706951
2246,0.0002045755862455901
2247,0.00012071898757894952
2248,7.94852496736215e-05
2249,0.00010725421714619293
2250,0.00011987005938282514
2251,0.00012557441048859005
2252,2.2255835552806865e-05
2253,0.00015676899669303363
2254,6.27694508942605e-05
2255,0.00013618517789909236
2256,0.00011786840190875198
2257,3.949125994381354e-05
2258,5.758128484288575e-05
2259,0.00010890732889068353
2260,6.702480424998595e-05
2261,8.371033715678271e-05
2262,0.0001313079263273519
2263,2.379137371093099e-05
2264,0.0001114411727746447
2265,8.358947651491673e-05
2266,0.00014112341852969888
2267,0.00010319696720659526
2268,4.2526834787827046e-05
2269,0.00012557399071938378
2270,0.0002630676822963407
2271,0.00010483258263232627
2272,3.2677293617780275e-05
2273,7.221589914912337e-05
2274,4.1684121154976286e-05
2275,7.725763536684607e-05
2276,9.5738194086445e-05
2277,9.170680488215659e-05
2278,0.00014036299686667506
2279,9.196486505157442e-05
2280,0.00022080122005482445
2281,9.497040785334967e-05
2282,4.350059899599877e-05
2283,0.00022922586929027786
2284,9.088972681672783e-05
2285,0.00015354324124788096
2286,0.0001860771707443594
2287,0.00010049930842838156
2288,0.0002562976325731817
2289,0.00014460528375916408
2290,3.7639306955201474e-05
2291,6.439289342227657e-05
2292,0.00015566889780725684
2293,0.00012185506406889287
2294,0.00013303211920761995
2295,0.00010944014327611888
2296,0.00010198832333350667
2297,0.00036408952459195256
2298,4.441184708809804e-05
2299,0.00018226593978414724
2300,0.00018540613677442454
2301,0.00014966894610998578
2302,0.0001734917386519333
2303,8.233090815687778e-05
2304,6.394465446104552e-05
2305,0.0001448180813154781
2306,9.507331672916975e-05
2307,8.256877289379051e-05
2308,3.18487909557757e-05
2309,6.035143765631552e-05
2310,0.00013043651939016973
2311,0.00012013769087531637
2312,7.131871965354094e-05
2313,8.50500485608111e-05
2314,2.5429457725190084e-05
2315,0.00028032385156628344
2316,2.8865423324288254e-05
2317,0.000156322808213283
2318,7.528923210570037e-05
2319,0.0001257127626614129
2320,9.378394801791129e-05
2321,6.152826781235889e-05
2322,9.232513088965225e-05
2323,5.5187443134591025e-05
2324,0.00013365160778054203
2325,0.00013222494703365857
2326,3.089512844075909e-05
2327,0.00010281802098024791
2328,0.00012831823197898034
2329,0.00016539057762988266
2330,6.562654324321484e-05
2331,0.0001695512078903849
2332,8.1925469460298e-05
2333,0.00016000551905747396
2334,0.00012705073884184515
2335,9.735617647082296e-05
2336,0.00013195945310543969
2337,0.0002972752419495748
2338,2.682330723489153e-05
2339,0.00019783120180471862
2340,9.277119533833928e-05
2341,0.00010765920360388021
2342,7.494594855415217e-05
2343,7.647426951126567e-05
2344,0.00012537256746174665
2345,0.00012003007126977879
2346,7.652386659387779e-05
2347,0.00011686647940878315
2348,9.440057756560929e-05
2349,5.297659556705963e-05
2350,8.925969028124869e-05
2351,0.0001942493560877145
2352,5.459955848463731e-05
2353,9.396879654392594e-05
2354,7.242067313571033e-05
2355,0.000165721116578175
2356,0.00011947494818866748
2357,9.969288511331763e-05
2358,0.00011592157925195493
2359,0.00011917353323060211
2360,0.00012792353592044664
2361,4.2541671476821646e-05
2362,0.000138243993026989
2363,8.130116156635232e-05
2364,0.0001984013597680912
2365,4.600182915426503e-05
2366,1.1656791038225349e-05
2367,0.00023701808884223524
2368,0.0002961908482568186
2369,0.00017528057238019122
2370,0.00021099398207875152
2371,0.00022018172724024446
2372,0.00016158431034675433
2373,0.00013791342485660387
2374,4.9492132926286114e-05
2375,0.00010676758099662871
2376,0.00012716215860087316
2377,0.00012663005318569828
2378,0.00017916464672750707
2379,0.00013195034367244633
2380,0.00018080488853938658
2381,0.00013109434384605493
2382,6.55524385832765e-05
2383,0.00011974188497300723
2384,0.00033895057639950763
2385,7.20790621217561e-05
2386,0.00018571766717692103
2387,9.850048526336688e-05
2388,3.509930507552389e-05
2389,0.00016370443295256315
2390,0.0001646293564638271
2391,6.466276265466289e-05
2392,0.00012965515125699868
2393,0.00014571705619527192
2394,8.67305370548028e-05
2395,0.00015254605166108853
2396,9.652738033708624e-05
2397,0.00011109576729566545
2398,0.0002870184154084109
2399,0.00010558774321087268
2400,0.00021814283829413647
2401,0.00010623026464682436
2402,0.00011713550012843129
2403,0.00021502979217732205
2404,0.00027545758015030323
2405,0.0001287746665609443
2406,9.002968437161851e-05
2407,0.00014935310275367782
2408,6.164352855075284e-05
2409,0.00011791053483449694
2410,0.00016281077746597059
2411,0.00022914548497124024
2412,4.656528157695786e-05
2413,2.2732884900869474e-05
2414,8.173651779074036e-05
2415,0.0001520198772169745
2416,2.5836480294287097e-05
2417,0.00010963002700158591
2418,3.6200444246133667e-05
2419,7.595595833191113e-05
2420,0.00015865418814447603
2421,0.00011749603255454841
2422,0.00014773261683669048
2423,5.8307151305512264e-05
2424,0.0002122079908976308
2425,5.748119139537256e-05
2426,0.00016938195799422705
2427,7.974139258118003e-05
2428,0.00012485955021888944
2429,2.885472426329654e-05
2430,0.00023894345048282488
2431,8.356737743152895e-05
2432,0.00011956388189679646
2433,9.839439704436106e-05
2434,0.00017133237016938847
2435,0.00010062307507292009
2436,0.00011539028593138511
2437,0.00015511946473164152
2438,0.00027842961833480357
2439,0.00018260264952343035
2440,0.00013264043343072418
2441,0.00011724864035497723
2442,8.29829561646832e-05
2443,0.0001352590283381215
2444,4.424923870313251e-05
2445,4.573261037620009e-05
2446,0.00011044338828202635
2447,0.00011895021103199412
2448,3.736347072518779e-05
2449,3.1039961840781215e-05
2450,0.00015700610490528195
2451,0.00019559695435111875
2452,7.466291063691727e-05
2453,0.00020720686967091854
2454,6.770025118974142e-05
2455,0.00016534233958844405
2456,0.0001263829617347222
2457,0.0001253711542042419
2458,0.00011023003479996442
2459,0.00012125616984489811
2460,6.763830487552003e-05
2461,9.013282219419068e-05
2462,7.361575540928003e-05
2463,0.00013608506905192036
2464,8.88696183519412e-05
2465,7.419336256673603e-05
2466,4.7105106107167415e-05
2467,0.00010672477864726174
2468,7.848472672379586e-05
2469,0.00011210466890244954
2470,7.21323444317289e-05
2471,8.777829963240167e-05
2472,0.00015940891708515203
2473,5.533001506720688e-05
2474,3.5354993584780404e-05
2475,6.189157325174109e-05
2476,6.073668089877813e-05
2477,8.569625390245944e-05
2478,6.0087862000544765e-05
2479,7.943425961893927e-05
2480,0.00022675264692683988
2481,0.000169388192838886
2482,3.6847917548326836e-05
2483,9.836451138666704e-05
2484,7.363950889194748e-05
2485,3.705703774055664e-05
2486,0.0001135896467792663
2487,9.863202443702398e-05
2488,0.00014748682369915614
2489,0.0002152995831860129
2490,7.83452624820571e-05
2491,5.630121701494522e-05
2492,9.839747949882762e-05
2493,5.335927904779692e-05
2494,8.580956794060666e-05
2495,6.023381429791166e-05
2496,8.244004126980138e-05
2497,3.3908174513820666e-05
2498,4.273835475420873e-05
2499,4.268542395452408e-05
2500,0.0002693689215810336
2501,0.00012845772684408552
2502,5.840454130469202e-05
2503,0.00012778558041757067
2504,0.00030441894477002755
2505,4.676982395513326e-05
2506,9.466155868676042e-05
2507,0.00011519217607482275
2508,9.945601506579607e-05
2509,0.0001683268089633447
2510,8.959750254595841e-05
2511,5.954378287285296e-05
2512,7.904326053209501e-05
2513,0.00010754859910728709
2514,0.00010488666743445509
2515,0.00010234546525126957
2516,7.685872929908761e-05
2517,0.00019526557366246518
2518,0.0001152292837312644
2519,0.0002193680334305996
2520,3.059836220430211e-05
2521,5.3938097957125997e-05
2522,0.00018170635137059919
2523,7.554615557719467e-05
2524,0.00011815660357597551
2525,0.00014756619779051863
2526,2.354955265993311e-05
2527,5.863010566526343e-05
2528,0.00016544764189343705
2529,9.366690715507661e-05
2530,8.110644239028463e-05
2531,5.528952871314165e-05
2532,0.00021897219780576849
2533,0.00018425545345017585
2534,7.187258811423264e-05
2535,6.876428083318052e-05
2536,6.977425851429837e-05
2537,0.00018463281408687284
2538,0.000173821190900504
2539,9.241007750646116e-05
2540,0.00011828679512995873
2541,0.00015755565120424993
2542,0.00017122416646860573
2543,0.00016034657276791717
2544,0.0002457204548331418
2545,0.00014326860305834886
2546,5.34796862526731e-05
2547,0.00015317705624565158
2548,0.00013499035437271635
2549,0.0001059636660714522
2550,6.630260665741704e-05
2551,4.942151369706015e-05
2552,5.55042650389033e-05
2553,0.00019898351479773522
2554,0.00014146860939455346
2555,3.698450436849622e-05
2556,0.00020895763192223412
2557,0.00020554586642073739
2558,8.7471429038867e-05
2559,0.00014068570988467227
2560,0.00018926461473939532
2561,9.412890632025358e-05
2562,7.342545842616565e-05
2563,4.759025211463988e-05
2564,8.874312413187363e-05
2565,0.00025539287385508124
2566,7.016015209309286e-05
2567,0.00013597793774255647
2568,5.392531035443968e-05
2569,0.00013228603917260468
2570,0.0001650410461714235
2571,2.80469376644428e-05
2572,0.00015142807015526444
2573,0.00011952812200263575
2574,0.00013521429006589354
2575,0.00019642775227970936
2576,7.853589128274685e-05
2577,6.5625468147486e-05
2578,0.00010655437686256745
2579,0.00012037939343377771
2580,3.578007454899022e-05
2581,0.00012021458913832815
2582,5.194351431492519e-05
2583,5.9562109622817195e-05
2584,0.00010472623616437649
2585,8.829028202823533e-05
2586,0.0001642236494616672
2587,9.586583668726382e-05
2588,0.00014107159646716395
2589,8.439433773364669e-05
2590,0.00015766228869824961
2591,0.00015723846513511876
2592,0.00012106507891718497
2593,7.375256335505555e-05
2594,6.206714035901093e-05
2595,6.574608287513068e-05
2596,0.00010908788372456955
2597,2.4432130139144845e-05
2598,8.423216993216491e-05
2599,0.00020371190789741784
2600,0.00010437860084146822
2601,7.946370347215143e-05
2602,0.0003605984065961855
2603,0.00029254224247662403
2604,4.226155699221806e-05
2605,0.00010532573827476498
2606,0.00011666799254574163
2607,0.00015572270339951817
2608,0.00015649584217163962
2609,6.649485125915768e-05
2610,6.682758087511594e-05
2611,0.00012761602969899215
2612,8.060027369195181e-05
2613,8.875840192084186e-05
2614,0.00026406715225167756
2615,0.0002037009182424342
2616,7.943100996995979e-05
2617,0.00017777104144702026
2618,0.00011593096609024574
2619,8.225706575541996e-05
2620,6.60464470695388e-05
2621,6.605243979154128e-05
2622,8.830294060907992e-05
2623,8.670335581536513e-05
2624,4.120555416065471e-05
2625,0.00023054678587327245
2626,0.0001327817722466392
2627,4.30687776194243e-05
2628,0.00010110639716710777
2629,0.0001243886532479375
2630,1.3518275559830821e-05
2631,4.942169597972585e-05
2632,5.179890399131677e-05
2633,2.693677663405619e-05
2634,0.00028576202094712897
2635,0.00014948911344925205
2636,8.692916679571363e-05
2637,9.308623340704738e-05
2638,0.00013260400861436072
2639,0.00022446974550746867
2640,0.00012634983944335222
2641,6.787903005630217e-05
2642,0.0001598416703478484
2643,0.0005418252230816466
2644,0.00015164281538054442
2645,0.00010183987868002982
2646,9.401990199225185e-05
2647,7.023831417826245e-05
2648,0.00015923914001112036
2649,0.00017509480052462807
2650,5.0368992256853454e-05
2651,5.6263690491156636e-05
2652,0.00014358445563232266
2653,8.023500199906395e-05
2654,0.00019702260751484384
2655,0.00017021039941162564
2656,0.00013237852247323042
2657,6.209123241178048e-05
2658,9.029778085075547e-05
2659,0.0001382353712972159
2660,0.00011991671384652781
2661,0.0001398114589098017
2662,4.4303837517225825e-05
2663,3.7238137193462515e-05
2664,6.28508957694072e-05
2665,0.00018941562348538565
2666,3.732363639369501e-05
2667,0.00016259056590230898
2668,9.710046557111701e-05
2669,9.195831758196791e-05
2670,0.00010053689131836208
2671,0.00011750927303655971
2672,0.0002344133282460263
2673,7.526386361167536e-05
2674,8.40979120233942e-05
2675,8.695405767928121e-05
2676,0.00015811599833865522
2677,0.00019710751775398996
2678,0.00011954461701469561
2679,7.618214583677665e-05
2680,5.368802840053556e-05
2681,0.00010684923218416051
2682,0.00018649780676097474
2683,0.00013551750246261214
2684,0.0001765459780266531
2685,0.00016554720761043955
2686,5.4250652194160423e-05
2687,0.0002025554875233391
2688,4.674128679882379e-05
2689,3.155625762830691e-05
2690,8.901800298499414e-05
2691,0.0001155982345266382
2692,0.00023010802327762438
2693,9.363968219809497e-05
2694,4.892833451492367e-05
2695,0.00017667171674708997
2696,0.00017850355704262844
2697,9.388804927625818e-05
2698,0.00018365946669251785
2699,0.00014325336419867532
2700,6.678928039817184e-05
2701,0.0001865425397016658
2702,6.410392062875824e-05
2703,0.00011143998740879622
2704,0.00010018697460090082
2705,4.9216556234774174e-05
2706,5.390006007676989e-05
2707,0.00016572712289157388
2708,0.0002510540532336383
2709,3.3974832235533394e-05
2710,6.058375179079849e-05
2711,7.17446486022165e-05
2712,0.00016991349392968922
2713,7.49294175733379e-05
2714,6.106463449524048e-05
2715,0.0001315769602978919
2716,0.00023735841069517086
2717,0.00015526851019450081
2718,9.058428539058474e-05
2719,0.00012626085445160956
2720,0.00021699193506948396
2721,7.311450305474157e-05
2722,7.507605051044123e-05
2723,9.946828767585166e-05
2724,0.0001591067970880413
2725,8.61730945700183e-05
2726,5.712604904939174e-05
2727,7.900025960094608e-05
2728,0.0001202017775087501
2729,6.23859005890122e-05
2730,3.4663961311370686e-05
2731,7.833771836047079e-05
2732,0.00027578980567492307
2733,0.00020589631155905653
2734,0.0002054956065580892
2735,5.6304471548712216e-05
2736,0.00011948702693792576
2737,0.00013897660837020335
2738,0.00014864828094147134
2739,0.00012078070546500748
2740,0.00017277455074467802
2741,9.158942634023412e-05
2742,0.00012308276157592353
2743,0.00012572324558128575
2744,0.0001345232025055075
2745,0.0001374522623657034
2746,9.203377095136288e-05
2747,0.0002462537212875777
2748,0.00018681077190600047
2749,0.00011319373446563432
2750,6.469426630304376e-05
2751,9.086458484140153e-05
2752,0.00010378928234123814
2753,6.923639767515245e-05
2754,9.867869639420754e-05
2755,6.322621245702704e-05
2756,0.00018715986917484533
2757,0.0001356597204006265
2758,8.885518647547833e-05
2759,0.0003000123555937374
2760,6.349132577878704e-05
2761,0.00032792472843771775
2762,0.00014492564901124764
2763,9.617927884186864e-05
2764,0.00028026996749087516
2765,3.962641307369379e-05
2766,4.147603906541234e-05
2767,0.0001552248195744793
2768,4.6541733934699806e-05
2769,6.28232014420009e-05
2770,0.0001309884159377852
2771,6.659332888593764e-05
2772,0.00025803992100387706
2773,5.876821480998125e-05
2774,0.00020988214485954764
2775,2.0958804509034835e-05
2776,4.1141248459226735e-05
2777,7.755732125745039e-05
2778,9.219591754566956e-05
2779,0.00016322294265552677
2780,0.00011816347522743787
2781,7.24933540890196e-05
2782,8.969629577258462e-05
2783,0.00014022010967024967
2784,0.00016798070312952097
2785,4.41810372669513e-05
2786,0.0001487258386538845
2787,0.00010442347978905727
2788,0.00013489946116058363
2789,0.00014078958942412864
2790,0.00015888209516190665
2791,9.242281794365019e-05
2792,5.0416882831259946e-05
2793,8.274516902965572e-05
2794,3.6474194764120044e-05
2795,8.554371033991631e-05
2796,0.00015491943190107808
2797,3.625259596836275e-05
2798,7.324942143910195e-05
2799,8.61798746516658e-05
2800,0.00014373767586014062
2801,0.0001523649793722649
2802,0.00030065544100881414
2803,6.661437013519762e-05
2804,0.0001734155139547449
2805,5.1067616481490643e-05
2806,0.00010732682909447006
2807,0.00020853288718751287
2808,0.00020105544997709045
2809,6.643125472212192e-05
2810,5.236253227425108e-05
2811,5.494639076672755e-05
2812,8.256361020916579e-05
2813,0.00012025097722668657
2814,0.00014551615187386284
2815,8.41699295434804e-05
2816,5.8024454298533815e-05
2817,7.89279915848387e-05
2818,0.0001000715919280401
2819,0.00014574833637885667
2820,2.012073618205751e-05
2821,5.284852250795864e-05
2822,3.571551904716608e-05
2823,5.109446200345187e-05
2824,0.00010426104935281243
2825,0.0002845334583297234
2826,7.404341755806e-05
2827,0.00012315882211795594
2828,6.725923032318407e-05
2829,9.166731894280273e-05
2830,5.179208571932803e-05
2831,0.00016332272767179566
2832,8.489304267482312e-05
2833,8.508524583010263e-05
2834,0.00010712447267016935
2835,0.00018274609606105596
2836,0.00012325816145672977
2837,0.0001340586404444253
2838,0.00015718998344770038
2839,0.00011046167020248636
2840,0.00013957006295838823
2841,0.0001638139483666652
2842,9.841265183472539e-05
2843,0.00018332404720735194
2844,8.566088363008942e-05
2845,0.00016438765932596738
2846,0.0002318017453698011
2847,0.00022916913166388922
2848,0.00010013724959707
2849,7.119306255840593e-05
2850,9.694799207283739e-05
2851,0.00012434641533279526
2852,4.039996972033426e-05
2853,5.5112949108400125e-05
2854,9.365299531079663e-05
2855,9.088964306705672e-05
2856,0.00013145512057435133
2857,9.228961806752531e-05
2858,0.00019524409288566052
2859,0.00011562272848813189
2860,0.00014495157050601888
2861,9.803966012425287e-05
2862,7.324573046801105e-05
2863,0.00010322526328165959
2864,0.0002507424470094365
2865,0.00021503979088526945
2866,0.0003255435692818831
2867,0.0001588285329279488
2868,0.00012225981873585426
2869,0.0001390614082556457
2870,8.392093741355915e-05
2871,0.00016648965608836321
2872,0.0001667796092118066
2873,0.00013667736013244883
2874,0.00015231979304641433
2875,0.00013269385702467575
2876,0.00033159004030674225
2877,0.0001838289945011048
2878,5.815668744164562e-05
2879,7.648869224060726e-05
2880,7.526398838564855e-05
2881,8.464221094427865e-05
2882,0.00011128391584009403
2883,7.778786657356187e-05
2884,0.0002611809317768989
2885,0.00014449578118200655
2886,0.00019228363697224374
2887,0.00013782968094323746
2888,6.509872061405112e-05
2889,8.811644377447636e-05
2890,5.024693719327789e-05
2891,0.00014295500487293276
2892,0.00012157335550919025
2893,0.00011539315892249497
2894,0.00013758890963885446
2895,7.544847755160313e-05
2896,4.0774992858246816e-05
2897,0.0001230521951057823
2898,0.00020551648207648947
2899,3.6306826963741254e-05
2900,0.00014582880692109787
2901,6.654597336029221e-05
2902,0.0001087516680802777
2903,0.0001268272820603757
2904,0.00025281858782100306
2905,0.00018085468944622804
2906,0.00017044991142774584
2907,0.00014337840381338634
2908,0.00011427626504714787
2909,5.708639410831246e-05
2910,1.5885205449267368e-05
2911,9.429741175536393e-05
2912,0.00013660059384246035
2913,0.0001294536862929503
2914,7.129612882624559e-05
2915,0.00013728393522263795
2916,0.00010128792197472318
2917,7.645273922850783e-05
2918,0.00010222919704035491
2919,7.380668830783704e-05
2920,3.0240374268489195e-05
2921,7.852252805940469e-05
2922,5.9479680281991354e-05
2923,0.00018545035396814097
2924,0.00037362955175675394
2925,4.8528510451912374e-05
2926,5.328475731443054e-05
2927,0.00022271038431483268
2928,0.0001674392322107916
2929,0.00013553806375207904
2930,0.00014751192276766595
2931,0.0001498587687968515
2932,7.131636462423404e-05
2933,0.00010050736623448084
2934,6.821352752601046e-05
2935,0.0001198897520040113
2936,0.0001566945099703957
2937,0.0001628122366382202
2938,8.688487263921397e-05
2939,9.903619713707379e-05
2940,0.0001106805281140515
2941,5.8599647148430377e-05
2942,0.00029313286335021026
2943,0.00010841745482711028
2944,8.503787643986257e-05
2945,4.640220573865716e-05
2946,0.0002131051433981896
2947,0.00022471283411990326
2948,7.868410434456734e-05
2949,0.00010757972124686871
2950,7.687762732141594e-05
2951,7.834258860776045e-05
2952,0.00010949517108023014
2953,4.954656767500198e-05
2954,0.00013759602673807874
2955,9.388450782237131e-05
2956,6.651547665258282e-05
2957,3.772755800026184e-05
2958,9.378898281292317e-05
2959,2.5914895112340724e-05
2960,0.00011689286500478506
2961,0.00020903932036562417
2962,0.00014475583220548556
2963,0.00016208040350268398
2964,0.0001262339402220254
2965,6.924461372640229e-05
2966,0.00012088079306608842
2967,0.00012263563413517607
2968,0.00014308596277225573
2969,0.000149420620676975
2970,0.00020229078325760118
2971,0.00011108324817461944
2972,0.00010785170459014484
2973,0.0001646216124128848
2974,0.00014099483894482583
2975,7.098834061299983e-05
2976,0.00011574652702554124
2977,0.0003082187872837802
2978,0.00015405203655728992
2979,0.00013086607933031046
2980,3.4856561988217166e-05
2981,0.00013345496727650905
2982,0.00017304652748340886
2983,6.372999224325483e-05
2984,2.86212262166359e-05
2985,0.000143601841783021
2986,0.00035695010969657103
2987,9.39295951528066e-05
2988,5.007283642534518e-05
2989,0.00017322841379243179
2990,5.7824580280430864e-05
2991,0.00011928949795021078
2992,0.00013706962431534175
2993,0.00019460215016687583
2994,8.329799485536229e-05
2995,6.570713326994234e-05
2996,0.0001735237032770153
2997,6.255106400358941e-05
2998,0.00018022150222208677
2999,8.50872517116712e-05
3000,4.98043834787143e-05
3001,9.807515424112677e-05
3002,0.00015496397256546223
3003,8.63019851435581e-05
3004,0.00010800443030464273
3005,8.01577276806832e-05
3006,0.00018134472860352913
3007,5.612810419340919e-05
3008,8.880671236103057e-05
3009,9.97172709567855e-05
3010,6.377684881841528e-05
3011,4.3674139469274877e-05
3012,0.00010829079166847098
3013,3.474320077028415e-05
3014,0.00011422677106896347
3015,5.792383263184909e-05
3016,0.0001643350631714642
3017,9.110898124349022e-05
3018,9.797729965838068e-05
3019,0.00014165502206575143
3020,9.462810690625183e-05
3021,0.0001597490731237048
3022,0.00011449357286003765
3023,8.01036384073248e-05
3024,9.709356258837857e-05
3025,6.457189517377403e-05
3026,6.988483941783224e-05
3027,3.4236605867333e-05
3028,0.00011719236901213384
3029,7.736426311371413e-05
3030,9.508474371163745e-05
3031,7.973126782029905e-05
3032,6.834359918886279e-05
3033,4.915752632168629e-05
3034,0.00026022157369157595
3035,9.977468300339372e-05
3036,0.00018354534191116905
3037,5.019606456057257e-05
3038,8.647066466423164e-05
3039,0.00024183728394031859
3040,0.00023336919091041257
3041,0.00015577722474172318
3042,0.000167644362256704
3043,0.00022750835159115405
3044,0.00011602362076578479
3045,0.00013594636280333297
3046,0.00013450279095920668
3047,8.881191519514108e-05
3048,4.869001119868588e-05
3049,5.8101721010547414e-05
3050,5.0145123752797427e-05
3051,8.273582627691447e-05
3052,0.00023843191143327772
3053,2.8517400646898383e-05
3054,0.00011251266244747873
3055,0.00010764787673157148
3056,4.119024869340667e-05
3057,0.0002306714282059086
3058,5.7132587642478665e-05
3059,5.650001975660013e-05
3060,0.00017116407569380543
3061,0.00012151263589802186
3062,0.00013239030369090432
3063,2.1821063028155218e-05
3064,0.00020580151789511693
3065,0.00010816910297108363
3066,8.740488855636391e-05
3067,7.349224115452088e-05
3068,0.00014458847111465596
3069,5.33617033627623e-05
3070,5.551870177696266e-05
3071,7.395034899503735e-05
3072,0.00014236919303566947
3073,0.00012023232471867092
3074,0.00012819459995927612
3075,0.00013766460768251077
3076,0.00016544394938342933
3077,8.14771897743104e-05
3078,0.00017486365261354175
3079,0.00025520762606082083
3080,0.00013756218631010212
3081,0.00010126894326471678
3082,0.00010183278974667386
3083,0.0001994830556986267
3084,5.9909683209673824e-05
3085,7.533222333788345e-05
3086,9.59236036887746e-05
3087,0.00013041683216352467
3088,8.385842581230479e-05
3089,0.00021109902123004086
3090,3.104608214143239e-05
3091,0.00012380064108410721
3092,6.467382636186598e-05
3093,0.00010241969480500156
3094,0.0001357596062413465
3095,9.280108328044953e-05
3096,8.143929188895244e-05
3097,0.0001279571188229457
3098,4.530077270598914e-05
3099,0.00012981093926087375
3100,5.994237334448914e-05
3101,0.000139824006433032
3102,0.0001304415221693455
3103,0.00015665307340562983
3104,0.00023259801613675058
3105,5.102234408439999e-05
3106,4.191643977232006e-05
3107,0.000143550887256966
3108,0.00012186187209891202
3109,0.0002443335370844476
3110,0.0002249814733384395
3111,0.00017733113949986836
3112,6.869721765568755e-05
3113,0.00021589596487648006
3114,9.575288135042771e-05
3115,7.192545300739375e-05
3116,2.8248118305524324e-05
3117,8.339886499644473e-05
3118,0.00018861579892165788
3119,9.341829155455167e-05
3120,6.587272894583022e-05
3121,0.0002509732281394918
3122,8.214193270603392e-05
3123,0.0001199275373543787
3124,7.964742936896075e-05
3125,0.0002348588806584011
3126,5.887913369471722e-05
3127,9.398528589011916e-05
3128,0.00022857363946714052
3129,0.00013052832342321256
3130,8.340006518639993e-05
3131,6.70319266260035e-05
3132,0.00012281435025227839
3133,0.0001085475652568835
3134,0.00013836839803972581
3135,0.00011658425979697116
3136,0.00010656452123120989
3137,5.2839824184559176e-05
3138,0.00016749371918369716
3139,7.43074039001957e-05
3140,0.00012134321902664463
3141,3.343655256371977e-05
3142,6.558869614668966e-05
3143,0.0001343280889066236
3144,0.00013342310729700407
3145,5.854509257924164e-05
3146,0.00028886302506122153
3147,9.951733181249128e-05
3148,0.00014515725388038122
3149,0.00016089820500326602
3150,0.00012492052453329575
3151,0.00012998993941190287
3152,0.00014691212154559435
3153,3.391625541606594e-05
3154,0.00014355821365942567
3155,0.00016031158612788058
3156,0.00015212073615323052
3157,0.0002758905088003612
3158,9.896247001822014e-05
3159,0.00010068152159978072
3160,3.6485190318753636e-05
3161,0.0001526482712284489
3162,0.00012464432581499955
3163,4.25303481192662e-05
3164,0.00010855071605605727
3165,0.00022199435660164723
3166,0.00017119169940208335
3167,0.00018763834524391894
3168,9.983031812652954e-05
3169,0.0002020828472518709
3170,0.00015731483439360028
3171,0.00016669117047804393
3172,6.380477703938034e-05
3173,0.00013844458213609531
3174,0.00012667402187727873
3175,8.297992968395289e-05
3176,7.052828151988019e-05
3177,7.037209807870423e-05
3178,0.0002940360509975103
3179,7.561269776858133e-05
3180,0.0001527119886976736
3181,9.340475877500783e-05
3182,0.00010152074757645104
3183,9.331930035126898e-05
3184,0.0002619630004142095
3185,0.00017008615119182695
3186,0.00011300252285594254
3187,0.00010904632232464531
3188,0.0002464152590745713
3189,0.00021082476752567873
3190,0.000164299833597732
3191,0.00024452761571708786
3192,0.00010224824450175451
3193,7.09051954018354e-05
3194,0.00018440018349982345
3195,3.573605651010902e-05
3196,2.6345338374445057e-05
3197,5.096019185756772e-05
3198,0.00011813043524019646
3199,0.00013674007750975526
3200,0.00020749754562582808
3201,0.00011232443979605257
3202,7.384662475537806e-05
3203,0.00010921098154520909
3204,0.00011617178233075025
3205,0.0001986639078088339
3206,0.00020857709468996246
3207,0.00021749816408090484
3208,0.00010068840050694512
3209,3.2788200825082724e-05
3210,3.218556426996216e-05
3211,0.00011904893534784315
3212,0.00014523185160366728
3213,9.343570864847762e-05
3214,0.0001480167555248018
3215,0.00011110103684883256
3216,4.767389312737798e-05
3217,6.275878765536522e-05
3218,5.40603076041151e-05
3219,0.00017864493975215394
3220,7.967038185404117e-05
3221,0.00013821761367406477
3222,3.674592013703903e-05
3223,0.0001339876360993847
3224,0.00016675910445141848
3225,9.375483982394828e-05
3226,0.00015712940728055392
3227,5.5091652920544994e-05
3228,5.1191749752382146e-05
3229,0.00019668098396887447
3230,0.00012714669092356578
3231,0.0002296637332980453
3232,5.7598987470126e-05
3233,3.8047577553677514e-05
3234,6.0989874592024726e-05
3235,8.67099610738518e-05
3236,6.525160691018905e-05
3237,0.00013826228026827934
3238,0.00012260853535492772
3239,0.00022957355561840332
3240,6.970736825006014e-05
3241,0.00011329412672415739
3242,9.609559995315025e-05
3243,0.00018589225473015096
3244,9.13725814426785e-05
3245,5.411253023769632e-05
3246,0.0001056207141349942
3247,0.0002183605700571797
3248,4.82480150873644e-05
3249,9.426303409599538e-05
3250,0.00010250222436795918
3251,3.675351437381704e-05
3252,8.611281424930221e-05
3253,5.093421856197137e-05
3254,0.00010899521271195361
3255,0.00013154300057127927
3256,0.0001667289541790821
3257,0.00010760634441314227
3258,0.00013342814961790273
3259,5.237520238745671e-05
3260,0.00011582280302959149
3261,3.354288200244207e-05
3262,8.256009089793333e-05
3263,8.73689434170538e-05
3264,7.156731400309151e-05
3265,9.000817886832432e-05
3266,6.666949575845909e-05
3267,0.00015255628480255506
3268,1.0505370477839377e-05
3269,9.699968863758726e-05
3270,0.00014616512793820638
3271,8.070066694249657e-05
3272,6.042049312750785e-05
3273,3.758563962484748e-05
3274,4.5451144638035404e-05
3275,8.518939976090614e-05
3276,0.00018264398384325905
3277,3.736701351792957e-05
3278,0.00010989998416367525
3279,0.0001008937382017766
3280,5.627538186952335e-05
3281,0.00014638708081457703
3282,7.426080656574697e-05
3283,6.134173013997189e-05
3284,8.58330183616765e-05
3285,8.678529802754652e-05
3286,0.00021829177682138422
3287,0.00024084876754941768
3288,0.00013257233316674722
3289,0.0002495092592432475
3290,6.261340088706132e-05
3291,9.918048337080119e-05
3292,0.00014065311048225575
3293,3.637213745660932e-05
3294,0.00030292429112623926
3295,0.00010270859796165458
3296,7.76453612947785e-05
3297,5.185633200032827e-05
3298,5.1631799677135654e-05
3299,8.627164459537743e-05
3300,0.0001864913524453777
3301,0.00013140528682581822
3302,4.557123227115841e-05
3303,8.800422919492601e-05
3304,0.00019843751815515787
3305,0.00013934944274388665
3306,0.00013625818696682228
3307,0.00024523788965748617
3308,9.535332816619617e-05
3309,0.00014692693678614315
3310,6.811522725617233e-05
3311,0.00014571125999974943
3312,7.47562476018091e-05
3313,4.982955779137486e-05
3314,0.00011999398041432668
3315,6.873526269134545e-05
3316,0.00023819680930006786
3317,0.00010740746188700031
3318,0.00021554947111775553
3319,3.654925972095352e-05
3320,4.365168122574898e-05
3321,0.00012281106760310724
3322,9.465698493311828e-05
3323,8.433677416273908e-05
3324,6.769578877621109e-05
3325,0.00014389747438571212
3326,0.00017829695041634425
3327,0.00011427581620005897
3328,6.836337671551574e-05
3329,0.00016582203427321224
3330,0.00019320080430224534
3331,0.0002243879560986622
3332,0.00020278496373937892
3333,0.00011295479586627597
3334,0.00036132725247161896
3335,0.00015584601603786565
3336,7.995456377501696e-05
3337,0.0001675121694428892
3338,9.920379488616322e-05
3339,0.00022865617423429267
3340,8.231329599503492e-05
3341,0.00033483325054649353
3342,0.00019833045265312292
3343,0.00010520616889870917
3344,3.532281481504832e-05
3345,7.694268863450221e-05
3346,0.00027914988383291936
3347,3.258645243218218e-05
3348,0.0001898347773841805
3349,0.00015121651396243354
3350,0.0002313640051617465
3351,5.977311736141253e-05
3352,0.00010124208286346138
3353,9.045735709311042e-05
3354,0.00021038501483414753
3355,6.173529454265062e-05
3356,0.00011363688583034443
3357,9.423665494596789e-05
3358,6.933040630099135e-05
3359,0.00011432745546763207
3360,0.00011694752008463865
3361,0.00019081274900332494
3362,0.0002561997805827472
3363,0.0001492830565578192
3364,0.00010585047027694981
3365,0.00020207659991712236
3366,5.0984220099854255e-05
3367,0.00017061596481852913
3368,0.0001992288646068858
3369,0.00017406970587090318
3370,0.00016125340015867587
3371,6.77062312895307e-05
3372,6.979359969201627e-05
3373,0.0001048396143479678
3374,5.2146584640711316e-05
3375,5.285731365484862e-05
3376,0.00028410280626402825
3377,0.0002483577262378835
3378,0.0001429093464604218
3379,0.00013794043538776498
3380,0.0001107105298192574
3381,6.639507833523751e-05
3382,0.00011050125337312483
3383,9.62190899012002e-05
3384,0.0001360287948861598
3385,0.00011224199982391088
3386,3.392462361143259e-05
3387,5.5923840169794196e-05
3388,0.00025830832888403845
3389,5.565825415879843e-05
3390,7.140862112558048e-05
3391,0.00015131796850592548
3392,5.4531676334823673e-05
3393,0.00012536479721477755
3394,4.082841872863632e-05
3395,0.00010186659839805428
3396,5.9767504139622144e-05
3397,0.0001777542564152138
3398,0.0002462699515835834
3399,0.00022993106977953017
3400,3.4149503458665777e-05
3401,0.0001220271459783364
3402,0.0001840124707629339
3403,0.00011367357555155908
3404,8.969657361509057e-05
3405,0.00013169588567475097
3406,0.0001882086330092354
3407,5.682921215008441e-05
3408,8.28071324452656e-05
3409,0.00013928755211029892
3410,8.539582970343414e-05
3411,0.00023571402193316165
3412,0.0001264276905049648
3413,0.00021357793878088236
3414,0.00010881183335828548
3415,6.675551604680253e-05
3416,4.487146884958617e-05
3417,0.000293661827786903
3418,0.00040069004178364766
3419,5.2624174208017034e-05
3420,0.00023346482183179865
3421,0.00010182605693029908
3422,3.878806277742262e-05
3423,0.00022375221508463613
3424,6.086224214873954e-05
3425,0.0001533182292387671
3426,7.790059249671244e-05
3427,4.6076115269687144e-05
3428,0.00018155163327373704
3429,0.0001743107028892421
3430,8.214212173128129e-05
3431,3.766047953225514e-05
3432,0.00021809717459142836
3433,8.25524102830141e-05
3434,0.00011360589685613987
3435,0.00010513987222631754
3436,0.00012636476283838842
3437,0.00016238193779759415
3438,3.6929579028291336e-05
3439,7.118988120401807e-05
3440,0.00011275298541806248
3441,9.932511245692538e-05
3442,8.002719402355994e-05
3443,0.0001492083243838833
3444,3.183352387070612e-05
3445,6.487220680877204e-05
3446,0.00019241161597395793
3447,0.00015294724554421832
3448,9.494559829845629e-05
3449,6.408205346303414e-05
3450,6.504861475392117e-05
3451,3.622931088232023e-05
3452,8.30092048032741e-05
3453,0.00017918225715916135
3454,0.0003159664933620958
3455,4.816973373019466e-05
3456,8.430867988130783e-05
3457,0.00010291635843800732
3458,8.783297273272989e-05
3459,8.759915457591195e-05
3460,4.0713728580996554e-05
3461,9.261849680882578e-05
3462,0.00014119270714436186
3463,8.732779049368494e-05
3464,0.00020209153806766613
3465,7.866913537705684e-05
3466,9.864786431752581e-05
3467,8.99505387835322e-05
3468,0.0001122227627034954
3469,0.00020312583383125783
3470,5.906558858472515e-05
3471,0.00012678559311231444
3472,0.00012396302924894744
3473,4.86172617176597e-05
3474,5.799702600737646e-05
3475,0.00011282283219610306
3476,0.00014450080936530637
3477,4.7454536927379893e-05
3478,8.533269704779076e-05
3479,0.00011914481907545238
3480,7.063424068268293e-05
3481,4.283073077376016e-05
3482,0.00012669136559451553
3483,0.0001835072321655632
3484,0.00011565147584067243
3485,0.00013836476301781997
3486,3.9263820329428694e-05
3487,0.00016768626416628038
3488,0.000156742291813334
3489,8.284656123423922e-05
3490,0.00016091785525971258
3491,0.00011181822458146351
3492,6.393917990059114e-05
3493,9.779355288645564e-05
3494,5.96072779509488e-05
3495,9.482513279569789e-05
3496,7.004734231886687e-05
3497,8.575540471523838e-05
3498,4.3269550436847356e-05
3499,7.058139023929416e-05
3500,0.00015473553580068713
3501,8.625477251837747e-05
3502,0.00015519058819178652
3503,7.824544228717606e-05
3504,0.0001690888813624373
3505,3.264963275418602e-05
3506,6.15178115433821e-05
3507,5.5576267024241034e-05
3508,6.196158348313538e-05
3509,9.384534916028327e-05
3510,5.9333199965605634e-05
3511,0.00023410604750687635
3512,0.00025876229004179283
3513,6.067312691908354e-05
3514,0.00015336362404212093
3515,0.000209202968337808
3516,7.239294454124578e-05
3517,0.00012645594984204566
3518,0.00010122563109112606
3519,9.653522507254496e-05
3520,0.00030240838247083473
3521,5.014878888093127e-05
3522,6.53093566681448e-05
3523,0.0001192773429289798
3524,0.000238558344952789
3525,0.00013067192708338175
3526,0.00010230161558504852
3527,0.00012490321722941416
3528,6.212528226676128e-05
3529,0.000160937836157738
3530,0.00017353170100364946
3531,9.510464363898985e-05
3532,0.0003738397449371877
3533,9.024997959203803e-05
3534,7.42425791971015e-05
3535,0.00017087706678759206
3536,6.487837828129542e-05
3537,0.00013800440527440329
3538,0.00012118711983598321
3539,5.297451616422002e-05
3540,0.0001316753576607587
3541,0.00010157386187141802
3542,0.00015952087405015188
3543,0.000184781803185554
3544,5.106816706787484e-05
3545,0.00011554711818826162
3546,9.958361697724087e-05
3547,0.00019669712378817206
3548,4.563011583859261e-05
3549,2.99196792387452e-05
3550,9.651843205591156e-05
3551,6.273082002080768e-05
3552,9.822070348179597e-05
3553,0.00029731341771519035
3554,5.310704566696327e-05
3555,9.898779868813416e-05
3556,0.00010269502223375553
3557,0.0001673990160385191
3558,6.0645088640811955e-05
3559,4.943802301190166e-05
3560,0.00015724747057689446
3561,3.895271768689471e-05
3562,0.00012251602340417636
3563,5.687200507754371e-05
3564,0.00011704522857643443
3565,9.511616214628677e-05
3566,0.00016682723631019708
3567,0.00013222272523721128
3568,0.00010855597966563035
3569,9.636044108099896e-05
3570,0.00013520752059093614
3571,0.0001681183327569981
3572,0.00015863269519645395
3573,0.00013238670093400863
3574,7.482180718995756e-05
3575,0.00011028328891759505
3576,0.00010493126165934822
3577,7.186740276977979e-05
3578,0.00014970116260207668
3579,4.8111892099235684e-05
3580,0.00010153595521354884
3581,0.00011603377413187121
3582,4.151840955124742e-05
3583,0.00010164805968629311
3584,9.956450951350936e-05
3585,0.00011375154006193409
3586,5.175652330441457e-05
3587,5.939631755697948e-05
3588,0.00015957604669560136
3589,8.687632713064087e-05
3590,0.00014901372809081057
3591,0.00019510160037420618
3592,0.00014386809430289862
3593,6.004220329619458e-05
3594,0.00023529858126228448
3595,0.00017644865802322464
3596,7.200777773533795e-05
3597,7.357691099492156e-05
3598,0.00022658578534954095
3599,8.223823353431607e-05
3600,0.00013856396180183416
3601,0.00011765826688011044
3602,0.00014433058986128904
3603,9.488391846839732e-05
3604,0.0002319414079753542
3605,0.00013031139704681104
3606,0.00010632224417976362
3607,0.000198045110829003
3608,1.8895166484777988e-05
3609,3.705833577998044e-05
3610,9.96929881759078e-05
3611,7.379226842837594e-05
3612,0.00013862536185458112
3613,8.730257730609289e-05
3614,5.066517528979731e-05
3615,0.00012601803497284177
3616,9.403200778317529e-05
3617,0.00011048938581395315
3618,8.922154458775497e-05
3619,5.044174359981681e-05
3620,9.74678380665744e-05
3621,0.00013246257249731875
3622,8.399983527136471e-05
3623,9.644982625494155e-05
3624,8.786600325514353e-05
3625,9.25370524718113e-05
3626,0.00014458863628157546
3627,0.00011467409710393429
3628,6.846800605978924e-05
3629,4.087258509542011e-05
3630,0.00010421863335242821
3631,3.057190353529331e-05
3632,0.00010933644988858947
3633,9.056924824412498e-05
3634,0.00010353259898882943
3635,8.268487782761616e-05
3636,0.0001262120100980485
3637,5.439547396240426e-05
3638,5.38992691244806e-05
3639,0.00012956600462754407
3640,0.00011412922261231539
3641,4.7839827217949414e-05
3642,7.426253111641636e-05
3643,9.789281744379201e-05
3644,0.0001425981909608284
3645,5.431447189380681e-05
3646,4.5557039043319316e-05
3647,0.0001278390658124046
3648,7.474013333208174e-05
3649,0.00011273180286100807
3650,0.0002749510746706174
3651,0.00013802229964357887
3652,6.0604448755373564e-05
3653,7.725680728721076e-05
3654,6.464133089065092e-05
3655,0.00018582673010689247
3656,3.8088277552571745e-05
3657,4.970539506514012e-05
3658,0.00011190887518363105
3659,7.708944306410162e-05
3660,8.141658888185011e-05
3661,9.177604790492936e-05
3662,0.00010091330261871729
3663,0.00014040153297940116
3664,0.00013425370437555357
3665,3.136487765539961e-05
3666,8.431289669603291e-05
3667,7.066141002412334e-05
3668,0.00014030633683185162
3669,7.056973832684863e-05
3670,8.32011279021457e-05
3671,6.411431236713043e-05
3672,0.00016227787019527964
3673,0.00022095558366790898
3674,0.0001492751454426344
3675,8.466069449625134e-05
3676,0.0001349333303919641
3677,5.2349830264817235e-05
3678,6.386622732215226e-05
3679,9.385485895284176e-05
3680,7.42809932642518e-05
3681,0.000134927772498921
3682,4.2065200901870306e-05
3683,3.391761574462137e-05
3684,4.864526955511579e-05
3685,0.00031648857289487403
3686,9.715745592227409e-05
3687,7.568295195174989e-05
3688,6.747560766202393e-05
3689,8.451027790577626e-05
3690,9.04455266763689e-05
3691,9.173287019272332e-05
3692,0.00011136969004759163
3693,7.117269926703805e-05
3694,4.9003221257772085e-05
3695,2.674481554015401e-05
3696,2.9957257570379973e-05
3697,0.00017648674774088893
3698,9.469840257261665e-05
3699,8.778337591477561e-05
3700,0.00012594757135160584
3701,6.433038612174358e-05
3702,0.00011152733559393715
3703,0.0001685377394940193
3704,0.0002281609485604146
3705,0.0001075191010849993
3706,0.0001362979954585249
3707,5.2567698923712634e-05
3708,0.0002489534951320886
3709,4.2518242795733634e-05
3710,0.00010581882002407328
3711,0.00015861595256214822
3712,0.0001262868508098392
3713,0.00018145522995751916
3714,0.00010452822758158601
3715,0.0001128880122710534
3716,0.00012265936922336933
3717,5.168651008587842e-05
3718,0.00010035906459732119
3719,0.00014108584031069846
3720,9.437606976107104e-05
3721,0.00018525060139091708
3722,0.00015297189805850455
3723,4.826987935734067e-05
3724,0.0001312712607906569
3725,4.513005885722646e-05
3726,0.00017191703735203534
3727,9.631554925448227e-05
3728,0.00013262014083085733
3729,0.00016787044743548588
3730,6.013477226564999e-05
3731,6.019398814521518e-05
3732,6.462426870378776e-05
3733,0.00011250579555794357
3734,0.00014542658734892626
3735,4.736404512881068e-05
3736,7.157751041783001e-05
3737,7.988287987402953e-05
3738,0.00012339203492297266
3739,5.8595965141024864e-05
3740,0.00023098291853474034
3741,8.439220884280983e-05
3742,0.00014276332853313927
3743,3.6738871920966823e-05
3744,0.00012624030947246554
3745,0.00015945909063488204
3746,0.00011649711692300374
3747,5.612440835833333e-05
3748,0.00011023140395973087
3749,0.00014375562520305105
3750,2.7216436522872047e-05
3751,3.4620428932569094e-05
3752,3.157048513173971e-05
3753,7.014477667653428e-05
3754,0.00021114061399663334
3755,6.397809185548886e-05
3756,4.09703973616646e-05
3757,0.00013099665577939414
3758,0.0002627565789505792
3759,0.0001555208592569764
3760,9.18258630651356e-05
3761,0.0001053129833540885
3762,0.00011825728172106927
3763,0.00011684651123551268
3764,0.00011769420393379154
3765,0.00012867313664663218
3766,9.66251206813561e-05
3767,0.000104643752094411
3768,0.00014836095783707313
3769,7.869025781225399e-05
3770,0.00020929864246860638
3771,8.93123829103933e-05
3772,0.00021203928771308878
3773,0.00018432969936113324
3774,8.045001107658476e-05
3775,0.00013782355094887634
3776,7.608979478859778e-05
3777,5.1670105142662736e-05
3778,0.00015108697506112137
3779,6.878472201595672e-05
3780,0.0001428594545759877
3781,0.000124636227027947
3782,0.00010324222891845994
3783,7.193160199762944e-05
3784,5.0402157319553926e-05
3785,0.00010736939004792691
3786,0.00012453994398066797
3787,0.00022400137160370168
3788,0.00024113724201536865
3789,9.944095954631313e-05
3790,0.00013180530088500856
3791,5.702534230148366e-05
3792,0.00011388940370747486
3793,0.00011202478097506468
3794,0.00010028212933210712
3795,2.0934426857074603e-05
3796,0.00010692930746215703
3797,0.0002319900014919954
3798,6.273875662551144e-05
3799,0.0001948852906158336
3800,3.45862963056917e-05
3801,0.00012176896703290773
3802,4.522251743641568e-05
3803,5.9106475715129994e-05
3804,6.646442222685624e-05
3805,3.272230405795165e-05
3806,5.993463750532725e-05
3807,0.00017180983312696825
3808,0.00014499573375876306
3809,5.111888628037783e-05
3810,6.792728405589486e-05
3811,0.0003507992343937929
3812,0.00017972485315733954
3813,0.00014139506765358764
3814,5.830475200563237e-05
3815,5.417248757962726e-05
3816,0.0001305826247597282
3817,8.403485735076975e-05
3818,0.0002166317739137322
3819,0.00021769838885944478
3820,6.670081251567897e-05
3821,0.00026867578437517957
3822,0.00013197581064807124
3823,0.00012353211445789957
3824,0.00010337251513907869
3825,0.0002618088306046318
3826,0.00014637547112887644
3827,8.908691922824508e-05
3828,4.473947349412207e-05
3829,0.0001101772751755029
3830,8.947223029048742e-05
3831,7.016163785672139e-05
3832,7.002807271441016e-05
3833,0.0001053495533882881
3834,9.997329606141902e-05
3835,0.00020853396524618236
3836,0.00011718132583296518
3837,0.0001095378702877528
3838,9.767996976152711e-05
3839,0.00025703864745356576
3840,0.0001147035951182767
3841,0.00011776503687271852
3842,0.00025648956708727746
3843,0.00010308264242932766
3844,5.582702542469305e-05
3845,0.00010086993474280487
3846,3.842775169270919e-05
3847,0.00011248030377847433
3848,0.00013536465530900271
3849,0.00011438654079672135
3850,3.864046987868405e-05
3851,0.00010045311051856652
3852,0.000175335959993955
3853,4.18909046650908e-05
3854,8.742391067652214e-05
3855,0.00016514464893530799
3856,8.117346868705865e-05
3857,0.00014375309195880368
3858,6.387276837732343e-05
3859,0.00014917161271015548
3860,0.00022994411084631758
3861,1.639354871117683e-05
3862,9.699233936256803e-05
3863,0.00021473676431751324
3864,0.0001926093949047863
3865,0.00022085551623380394
3866,0.00025981168882250027
3867,0.0001688319016643393
3868,6.238666115842462e-05
3869,8.573371097568014e-05
3870,4.333103806709779e-05
3871,0.00012776092537946385
3872,4.120951296560339e-05
3873,0.00011309020863328295
3874,7.26895525373599e-05
3875,0.00010095489043311787
3876,0.00013119692223285812
3877,0.00015787963777996215
3878,3.070215044387658e-05
3879,7.535262242749403e-05
3880,6.715694271147005e-05
3881,0.00013385263265521557
3882,0.00010546386382192644
3883,0.00010712714921519561
3884,0.00013412804197931763
3885,0.00013848221731708053
3886,0.00021065528004926128
3887,0.0001097287204068731
3888,9.133426857733316e-05
3889,0.00010603720586571591
3890,0.0001477863408700083
3891,0.0002197110332034245
3892,8.408363765128396e-05
3893,0.0001769259228701022
3894,4.907891314091107e-05
3895,0.00011825414587189354
3896,7.221033245047262e-05
3897,6.948108941862173e-05
3898,0.00011799897889388096
3899,3.816053988160046e-05
3900,7.110490779749943e-05
3901,0.00013414326025697985
3902,0.00016074363772225456
3903,0.00010297853657603202
3904,0.00010384731261826993
3905,0.00016343659575841402
3906,0.00012888237239702042
3907,0.0001493907949108494
3908,5.247504323225944e-05
3909,0.0001755306411704002
3910,0.00015120181966231201
3911,0.00011023834612585889
3912,0.00016871127739252805
3913,0.00014896101281635277
3914,0.00017192983724921367
3915,8.864715511608626e-05
3916,0.0001135378561827225
3917,0.00011273335070113016
3918,0.0001772155556067628
3919,2.998230222685451e-05
3920,0.00010595355596454259
3921,9.512653893197943e-05
3922,0.00013290181625890128
3923,5.900208293065268e-05
3924,4.632751793687451e-05
3925,5.31945430701948e-05
3926,0.00014338819776923178
3927,8.984227810552854e-05
3928,9.364196545163279e-05
3929,0.00011358239607647699
3930,0.00012746523754158872
3931,7.412413612044286e-05
3932,0.00011401743103736966
3933,0.00017011855645369446
3934,0.00017586072788499074
3935,0.000152270800976761
3936,0.00014957085099069514
3937,0.00020887741039999868
3938,9.608102313474349e-05
3939,6.543442203894598e-05
3940,0.0001497984052110689
3941,0.00010026509567679166
3942,0.00015152334495695667
3943,0.000297464901262283
3944,0.00019059091588240123
3945,5.1565893891021314e-05
3946,0.00012106124194120974
3947,0.0001363590649165229
3948,5.9444826723366965e-05
3949,0.00020499967296392513
3950,0.00011272718029756713
3951,0.0001322657675220461
3952,0.00010580421225144787
3953,0.00010178874642086287
3954,0.0004124633429373535
3955,0.00015607259754367726
3956,0.00017049657573761374
3957,3.591459058169128e-05
3958,0.0001270361559296434
3959,0.0001478011283751054
3960,0.00010340955364005898
3961,9.943231350504435e-05
3962,2.1480827895516042e-05
3963,5.445652617367797e-05
3964,0.00016109754546530548
3965,0.000152318998171748
3966,0.00021345350039321813
3967,0.00016874162976485938
3968,0.00011771024955429689
3969,4.305370140329276e-05
3970,0.00012244183060797204
3971,8.15045191380053e-05
3972,9.64331346290893e-05
3973,0.00019032763790834906
3974,0.00012832981685440624
3975,4.251852928298397e-05
3976,0.00014366731245063743
3977,5.9316800695199826e-05
3978,0.00012196071902191154
3979,0.00010007305746654577
3980,9.926869434010791e-05
3981,5.4808318332740425e-05
3982,0.00023343203055939713
3983,0.00015604517934304533
3984,0.00016992348368119524
3985,0.00024402755215103443
3986,0.00012565553855004054
3987,0.00010552944267359987
3988,0.00014695050649507607
3989,0.00019730301878059513
3990,5.227355418621223e-05
3991,0.00018504478323012457
3992,0.00023738940102797424
3993,0.0001970654449095582
3994,4.3071805576504695e-05
3995,0.00032496258087502867
3996,4.644579047905292e-05
3997,7.212485791687719e-05
3998,0.0002249823280518313
3999,6.08850710686142e-05
4000,6.963707475079065e-05
4001,6.193066047826088e-05
4002,5.8382934845269106e-05
4003,0.0002703223035229474
4004,0.00010603277647933506
4005,0.00016293975512639703
4006,0.00015388345590557396
4007,0.0002048878044786083
4008,0.000124786200310246
4009,8.564052502959796e-05
4010,9.753862519542553e-05
4011,5.6034756470696724e-05
4012,9.043181850793255e-05
4013,0.00011102818303329403
4014,4.243621336290741e-05
4015,9.495960294008386e-05
4016,0.000130617207183359
4017,6.56110817409367e-05
4018,6.28563381253307e-05
4019,0.00012452140321296906
4020,0.0002600720817165206
4021,0.0002584165453968799
4022,8.484564813436789e-05
4023,0.00020615139868063938
4024,9.631798842338506e-05
4025,0.00013782146357892356
4026,0.0001194749198772101
4027,8.792690295772541e-05
4028,6.940367708171525e-05
4029,0.00017010151664258654
4030,7.097026796131466e-05
4031,0.0001522188037609121
4032,0.0001196111812745487
4033,6.722008434087722e-05
4034,0.00010949215618023902
4035,0.00012154345110503326
4036,7.805668810972344e-05
4037,6.874412523693099e-05
4038,0.00019176518669886832
4039,0.00010984413156850941
4040,9.328890245014241e-05
4041,8.120576762535092e-05
4042,0.00023947908141137047
4043,0.00010794940438840572
4044,7.467222068290151e-05
4045,0.00011868911455410533
4046,0.00015307598466356498
4047,7.301986795857898e-05
4048,0.0001439516940207416
4049,9.380811106235021e-05
4050,8.237278033069472e-05
4051,7.591936098594302e-05
4052,8.1938217492278e-05
4053,0.00010447111863430522
4054,0.00017693451949035496
4055,9.604899088711775e-05
4056,0.00012159936795507627
4057,0.0001971992218435431
4058,4.995982755224543e-05
4059,0.00012042985960254963
4060,0.00018921946720337442
4061,0.00013330614580949642
4062,8.880568992326628e-05
4063,5.652545478036701e-05
4064,0.00010193242340043804
4065,0.00016467513617315777
4066,3.706857344414272e-05
4067,0.00011493751387568952
4068,9.023161441421251e-05
4069,6.527635010239604e-05
4070,0.00015563316891157344
4071,7.639096264960073e-05
4072,0.0001135337143115423
4073,5.683451999408176e-05
4074,0.00011725981968963927
4075,0.00030169458515008185
4076,5.019820508233173e-05
4077,0.0001751760280443078
4078,0.00013432222635097418
4079,6.199086644615658e-05
4080,6.155598814296501e-05
4081,9.964285220950345e-05
4082,5.458025874427988e-05
4083,0.00012193005879700833
4084,7.165096006124047e-05
4085,0.00016577149648521532
4086,0.00016986776164957526
4087,0.00010862547159178507
4088,0.00012743782149058491
4089,0.00010380173749130498
4090,0.00010882033250382267
4091,6.91582172719593e-05
4092,0.00010618218528459272
4093,0.00014505057151693068
4094,0.00014430375283291304
4095,0.00014570297829473328
4096,0.0001466372454002423
4097,5.474928235383484e-05
4098,0.00021160234084990304
4099,7.346963661107244e-05
4100,6.972010734448286e-05
4101,8.975060743828312e-05
4102,0.00014212512215456785
4103,7.208900257214334e-05
4104,5.7644269533539e-05
4105,3.603918446536338e-05
4106,9.39206817352363e-05
4107,0.0001496306057746537
4108,0.00013339667354355132
4109,0.00010278168608604994
4110,5.3450561172436934e-05
4111,8.352617911524502e-05
4112,0.0002664444983083268
4113,6.713257721693304e-05
4114,6.076866783083744e-05
4115,4.609618412448051e-05
4116,0.00012375609780053778
4117,0.00012782517300607743
4118,8.602600485667412e-05
4119,7.43436828883432e-05
4120,0.00015707306951813634
4121,0.00010948076830232632
4122,6.77655222712493e-05
4123,6.12324935372922e-05
4124,3.079975069551129e-05
4125,9.987731523411253e-05
4126,9.271428719928511e-05
4127,3.633102684064664e-05
4128,0.00011071770488057701
4129,0.00010231118617120817
4130,0.00012570207639884593
4131,7.8997098877963e-05
4132,0.000264393342407349
4133,0.00018289813466528136
4134,7.37842042032972e-05
4135,0.0001122592618154732
4136,0.0001314276727532109
4137,5.306818851540957e-05
4138,0.00014119192332381805
4139,8.566614275169744e-05
4140,8.278204939588134e-05
4141,5.612725711069437e-05
4142,0.00014532194583538166
4143,7.024366395552515e-05
4144,0.00012063029747152868
4145,6.021483120466399e-05
4146,3.523385309045948e-05
4147,9.209127776277264e-05
4148,5.967155746336962e-05
4149,5.490254486875169e-05
4150,0.00022978909077619544
4151,6.652088261569791e-05
4152,0.0001613514487136146
4153,0.0001246631330458968
4154,0.00012405876530321517
4155,8.50816176121816e-05
4156,0.00020050231605731926
4157,6.609047706992562e-05
4158,0.0002216642844981714
4159,0.00010445977941333931
4160,2.5709688988756995e-05
4161,0.00015573537139658712
4162,0.00010397971133282146
4163,0.00011463495537398348
4164,0.00019318132518154695
4165,4.273646057961794e-05
4166,7.526442580518274e-05
4167,6.529748435799842e-05
4168,0.00016652763465537524
4169,0.00015265028231146844
4170,0.0001372159705055489
4171,5.2691787871446206e-05
4172,0.00010313828065495728
4173,0.00012486923852730777
4174,0.00014164063566659483
4175,0.00017548221810762362
4176,0.00011029378447975567
4177,0.00012181575821615064
4178,0.00020533868856647197
4179,8.932338170478701e-05
4180,4.2819298530257756e-05
4181,0.0001605977790194571
4182,7.81641738046318e-05
4183,6.031410377177399e-05
4184,6.0914032273900525e-05
4185,0.00013678842141541552
4186,0.00015344592298115043
4187,0.0001943818043175291
4188,0.00011753214240404508
4189,0.00012554724502573874
4190,0.00018208624133754487
4191,5.132379351229408e-05
4192,8.54410757451737e-05
4193,0.000182634553332614
4194,0.00011613405510678419
4195,6.961619569853873e-05
4196,0.00023906432709179054
4197,5.9642342306458666e-05
4198,0.00010758793881652108
4199,0.0001344267475760349
4200,7.142681273471407e-05
4201,6.31345849196929e-05
4202,4.3564740804576196e-05
4203,7.282954683635753e-05
4204,6.0198488796319e-05
4205,0.00013245352678072688
4206,0.00016847050512327924
4207,3.0323120090100022e-05
4208,0.00013422980799210717
4209,9.798575246308981e-05
4210,6.014031184122417e-05
4211,6.717344132157015e-05
4212,0.00013237128797303886
4213,0.00012391906156915055
4214,8.334777102278178e-05
4215,4.190378374264825e-05
4216,8.259880703563446e-05
4217,9.898095215003596e-05
4218,7.302935204451617e-05
4219,8.077473688653794e-05
4220,0.0001216196060085128
4221,0.0002735967626795975
4222,0.00010640237771738016
4223,0.00015425701014183375
4224,0.0001580727121853506
4225,0.00030712186195570125
4226,0.00010024102690285561
4227,0.0001440598494363677
4228,0.00011733363088980615
4229,0.00019879740319213318
4230,4.884316500649082e-05
4231,8.735059283577728e-05
4232,0.00015397300567351912
4233,0.00020591890479634684
4234,3.248338844801628e-05
4235,0.0001375371838238735
4236,0.00015452133055474042
4237,0.00011443728145576668
4238,8.763468625624338e-05
4239,3.209154733550396e-05
4240,0.00016916125353596048
4241,4.660703345645703e-05
4242,0.00015759746724144884
4243,0.00034629142561441197
4244,0.00016633324866167543
4245,6.522305927281433e-05
4246,9.302365791051675e-05
4247,0.00013228039575074064
4248,0.00011417560886385579
4249,3.668156423156346e-05
4250,5.586584723218567e-05
4251,8.679224392831134e-05
4252,0.00010294295037047981
4253,0.0001644508312863873
4254,7.04088859485474e-05
4255,0.0002228525282430053
4256,0.0001599003121565187
4257,0.00011282430423580536
4258,8.645837219172677e-05
4259,9.814374628164795e-05
4260,0.0002100115297287308
4261,0.00011090505020974336
4262,0.00011650232636106146
4263,6.318226159749474e-05
4264,0.00012316612316453236
4265,8.053098473881464e-05
4266,0.0001595006132563911
4267,8.545028726136028e-05
4268,0.00016601293799360493
4269,0.00014477189492148737
4270,0.00018331963150662378
4271,0.00014558868501019051
4272,2.718239522688787e-05
4273,0.00011923144087149492
4274,6.312865219556217e-05
4275,4.934137188773518e-05
4276,0.0002120241990687971
4277,0.00023278445435994625
4278,0.0001631164438727198
4279,0.00015223154924413586
4280,0.00016662555513903448
4281,6.886038577352661e-05
4282,5.6670720602502715e-05
4283,0.00018727306165528765
4284,3.375241279656645e-05
4285,0.00010620768094433494
4286,5.512307182234207e-05
4287,6.069668552497177e-05
4288,0.00015494109677572892
4289,0.00010105375287505087
4290,2.5598619137053517e-05
4291,2.3412923680801566e-05
4292,0.00012726407825256752
4293,9.442799389158451e-05
4294,0.00013097822252233584
4295,0.00011081968127976067
4296,4.650237386016608e-05
4297,0.00018131443720804903
4298,0.00012728804950295865
4299,5.40267079833305e-05
4300,0.00018339448754066788
4301,5.490206732023534e-05
4302,0.00011912690452360257
4303,5.3924563408935e-05
4304,0.00010994707368560422
4305,0.00015608132951228668
4306,0.00017822942416309345
4307,0.00013474011800959575
4308,0.0001209005383976613
4309,0.00020231003867338172
4310,0.00021496825761696558
4311,2.9108509201984577e-05
4312,0.0001340061993409036
4313,5.025632162299564e-05
4314,5.097017512617704e-05
4315,0.00011962912705641502
4316,0.00035961237205372023
4317,8.86259561349528e-05
4318,0.00011291119802391006
4319,9.269719706873711e-05
4320,0.00013775017215715964
4321,7.51755462647729e-05
4322,0.00011216920194705773
4323,8.488920957046925e-05
4324,3.3037987981133024e-05
4325,0.00014757453164249853
4326,0.00020230531304399124
4327,0.0001262224381744171
4328,0.00011927634506795164
4329,0.00011790554017837126
4330,5.454739301818789e-05
4331,0.0001507908375127679
4332,0.000216370566219989
4333,7.077347337823323e-05
4334,0.00012287008191639654
4335,8.769443007686863e-05
4336,8.235022094654263e-05
4337,3.67368267471161e-05
4338,0.00015366377536664533
4339,8.602828274695893e-05
4340,3.061766645746135e-05
4341,0.00022084617894171924
4342,0.0002167708942795385
4343,7.146433272794729e-05
4344,0.00010904497706791732
4345,0.00017839628774442236
4346,0.00019617962045254876
4347,0.000305839785275985
4348,4.502304028558433e-05
4349,0.00013262800912594797
4350,0.0003621234008272426
4351,0.00024849556720606656
4352,4.2964216362777945e-05
4353,8.259107920182588e-05
4354,0.0001581125396639776
4355,0.00014589011922870414
4356,0.00011314737656806839
4357,0.00014373273279663312
4358,0.00012202392233519438
4359,3.126756899158005e-05
4360,8.639899007810917e-05
4361,0.00022572478190045005
4362,0.0001046643143600884
4363,8.584821319688709e-05
4364,0.00020895439990448978
4365,6.0224592641171216e-05
4366,0.0001433877459510262
4367,0.00016207024719016176
4368,0.00010362178160704778
4369,0.00022589227323944057
4370,0.00013734870367170166
4371,0.00011496756914896916
4372,0.00010728021315349536
4373,7.441868799813153e-05
4374,0.00023883615976487126
4375,7.054843440205278e-05
4376,6.927089839754077e-05
4377,0.000101998235349066
4378,0.0002508464935016754
4379,0.0001338566929730122
4380,0.00016846315742630793
4381,0.00015689909383552976
4382,0.00021345500279565816
4383,5.986340833597235e-05
4384,0.00028261113113818397
4385,0.00015474594525416704
4386,0.00010176660097499531
4387,5.335138604335023e-05
4388,0.0001396431213977562
4389,9.545743391568345e-05
4390,8.874969885624509e-05
4391,8.133974247078571e-05
4392,0.0002466591064904561
4393,0.00010262294307694143
4394,7.703525551880116e-05
4395,0.0001144395525860387
4396,0.0001281930800653586
4397,0.00011574814430720151
4398,0.0001265756954218067
4399,9.689434775910253e-05
4400,0.00015855119502659833
4401,0.0002042728487355708
4402,0.00024107019887271893
4403,4.591512270336945e-05
4404,0.00012103337785615299
4405,6.250100960282785e-05
4406,0.00015515128330698266
4407,0.0002509467759215022
4408,7.960949911934903e-05
4409,9.35812884299091e-05
4410,5.7145111078140266e-05
4411,0.00012041052047707344
4412,6.921836007444601e-05
4413,5.093574783486863e-05
4414,7.464000586524377e-05
4415,3.751303034975175e-05
4416,5.902085707765839e-05
4417,7.329983822733412e-05
4418,8.251554858783407e-05
4419,0.00017668928782861554
4420,0.00010164227624323933
4421,0.00010778014747205983
4422,0.00017300954329667898
4423,9.330496222975098e-05
4424,4.328355214799404e-05
4425,4.664966442626851e-05
4426,0.00031226758277470195
4427,0.0001269720757606834
4428,0.00015728860300362617
4429,0.00020722349275201368
4430,0.00016339804325052402
4431,6.0779687844974814e-05
4432,0.00010897924823291563
4433,0.0001718751028183793
4434,9.918304328053924e-05
4435,4.27812254868783e-05
4436,0.0001769779579998173
4437,7.254260933993942e-05
4438,5.208522140967424e-05
4439,0.00010336302048315228
4440,0.00013928549113905315
4441,0.00011577522446342983
4442,3.7927889948159184e-05
4443,0.0002618955785840409
4444,0.00014260393024997402
4445,7.589162015032047e-05
4446,0.00017145165925359638
4447,0.000298388499470933
4448,7.672639232422165e-05
4449,5.686093891957992e-05
4450,0.00011765746963492306
4451,4.509664228409487e-05
4452,0.00011357674735963412
4453,0.00015481071118445499
4454,0.00011032520377728415
4455,0.0001325647221117932
4456,0.00024907172450692756
4457,0.00014781502266376416
4458,0.0001606137825454752
4459,0.00019710081484167354
4460,1.222644674169017e-05
4461,8.632698340182055e-05
4462,0.0002594653309544128
4463,6.994834579880806e-05
4464,7.82262140132217e-05
4465,0.00011756329922738481
4466,4.608484058788678e-05
4467,0.00015870648107958732
4468,0.00012685103365028192
4469,0.00018517341556759548
4470,8.869069829111052e-05
4471,0.00025011723747371615
4472,3.944903382584269e-05
4473,0.00028384745217194084
4474,4.4033259321555904e-05
4475,0.00012344559576579729
4476,5.002350736332127e-05
4477,6.142751141637544e-05
4478,0.00022535237399600263
4479,6.621759186488606e-05
4480,0.0003023005512861205
4481,7.986021525305553e-06
4482,0.00010909186038332885
4483,0.00017000955629886637
4484,0.00014519056204721637
4485,3.386252178842126e-05
4486,0.00029638624663749064
4487,0.00014553271491464693
4488,0.00012251820548469337
4489,0.0002313837571444187
4490,0.00014711491231595656
4491,0.00012118390843233654
4492,7.285496800986804e-05
4493,5.989070510134161e-05
4494,4.852896075142837e-05
4495,7.261664181911596e-05
4496,7.552369704178727e-05
4497,8.019438730783698e-05
4498,0.0001830696209007656
4499,0.00013134438831555396
4500,2.3918673438980817e-05
4501,0.00016396486900321206
4502,8.91989082904409e-05
4503,4.1553789051714e-05
4504,0.00014012969654242802
4505,0.00018338051687562
4506,7.774206882140825e-05
4507,7.996273892843732e-05
4508,0.00010317519506465274
4509,0.0002527774133708267
4510,0.00022707673610200554
4511,0.00010654998690643827
4512,0.0001251243361133359
4513,2.979464238137918e-05
4514,8.304858428936611e-05
4515,0.00020622257869370647
4516,0.0001386548592950733
4517,0.00011565891947683051
4518,0.00010428386918521145
4519,8.188767809888969e-05
4520,0.00012810484282161302
4521,5.360563501163778e-05
4522,0.00012183951684878242
4523,7.68760778174755e-05
4524,0.00010479391882428823
4525,0.00014424715414554682
4526,0.00012122376464763246
4527,0.00011022808452877832
4528,0.00014447183355864295
4529,7.666349654971925e-05
4530,6.826140447861751e-05
4531,9.614579551758733e-05
4532,0.00019032630660026912
4533,0.00010707107655879604
4534,0.00014010149792593392
4535,9.932950007414057e-05
4536,0.00022911261844732488
4537,7.357144514288963e-05
4538,0.00010405740033130554
4539,9.650729035697096e-05
4540,2.266101787372355e-05
4541,3.916817093755799e-05
4542,0.00019925162977739468
4543,9.301272813155887e-05
4544,0.0001224332566654065
4545,0.00010019908860714637
4546,0.0002086134561419472
4547,0.00011708925854786621
4548,0.00018420500847624323
4549,0.00012979969166430048
4550,0.00010484045460707058
4551,0.00011994354214647786
4552,7.173309230396681e-05
4553,0.00014925599484091556
4554,7.551157645359423e-05
4555,0.0001569025527118449
4556,7.035052165980886e-05
4557,0.00016966721834912483
4558,0.00012281719223834558
4559,0.000245558993923601
4560,0.0001208048644064758
4561,5.8535809980311306e-05
4562,0.0001654092321820564
4563,0.0001202734993280145
4564,6.362762524572175e-05
4565,0.0002556827668757859
4566,0.0001516854484479763
4567,0.00010244959833045946
4568,4.239029255273331e-05
4569,0.00011600582876641349
4570,9.967405633627483e-05
4571,9.188227628512181e-05
4572,0.00014916888569918186
4573,0.00014953894851396312
4574,2.1717062951386165e-05
4575,0.00010032271934142106
4576,0.00014886296244705162
4577,0.00010342565850497769
4578,9.369914302580376e-05
4579,0.00018968672267876741
4580,6.289397174296471e-05
4581,9.958672062249578e-05
4582,5.609665398928386e-05
4583,0.0002663216410321691
4584,6.329975607137016e-05
4585,0.00012517794012362895
4586,0.00017036960842503707
4587,0.00021429333634449124
4588,0.00013371864444069914
4589,0.00011733163128092488
4590,0.0001313172588623211
4591,9.064965110549197e-05
4592,0.00014285585456659048
4593,0.00018079002569441926
4594,2.861758401735836e-05
4595,0.00015311586592235308
4596,4.2636852067623865e-05
4597,0.00018311518005684888
4598,7.189330284467537e-05
4599,7.311093149811938e-05
4600,0.00019276560816504725
4601,4.694322386139583e-05
4602,0.00013309066660182413
4603,0.00013089753661244007
4604,0.00012168224119998328
4605,0.0001330784452011513
4606,0.00017150227195536044
4607,0.00014176632009673735
4608,7.804347417041182e-05
4609,0.00015361859242550043
4610,0.00010339160304881083
4611,6.371132747551382e-05
4612,0.00015066381983398235
4613,0.00018734025533506673
4614,6.22212139454882e-05
4615,0.0002419542578966165
4616,0.00019438617101933154
4617,5.9413191737087824e-05
4618,0.00012028531455771514
4619,0.00016460190488968958
4620,0.00028938609083524756
4621,5.1879650732800506e-05
4622,5.388132507597819e-05
4623,7.571774969874473e-05
4624,0.00016294098816048132
4625,0.00012971976292515264
4626,9.024539447574149e-05
4627,0.00023247066064033373
4628,0.0001042751155534925
4629,0.00014660751484496707
4630,9.228439537337979e-05
4631,0.00016220659452188536
4632,6.514069911938196e-05
4633,0.0001363632301771656
4634,0.00020213266793014516
4635,6.419709215310437e-05
4636,4.039778056901929e-05
4637,0.00018825441817400693
4638,0.00024080519660300134
4639,7.895657795966165e-05
4640,0.00017507222035409716
4641,0.00017109847288083413
4642,7.418527215456414e-05
4643,6.960495459036942e-05
4644,2.0985535597829268e-05
4645,7.601782857411341e-05
4646,0.0002700536875608828
4647,0.000337370303116492
4648,3.0661803244968955e-05
4649,0.00018856198209320945
4650,0.0001500033857724395
4651,0.00016880008448838396
4652,0.00013974705506917737
4653,0.00024332590343310317
4654,0.00015164940819837003
4655,0.00019008007021191126
4656,0.00011088978513710073
4657,0.00019315143435273306
4658,0.00021262376763468325
4659,4.546347742365104e-05
4660,0.00015717308691692177
4661,0.00013752145962377728
4662,0.00010988916554317989
4663,0.00026649472858861667
4664,4.8657846665234245e-05
4665,5.003792432773655e-05
4666,0.0001246946561028079
4667,8.409077098783262e-05
4668,0.00016559847527633062
4669,5.8337345552450295e-05
4670,8.24928644127295e-05
4671,0.00015517953778875832
4672,0.0002642842055735911
4673,0.0002465084159192304
4674,4.594650121228349e-05
4675,0.00012817367246596056
4676,0.00027663711166393736
4677,0.0001791789721743538
4678,0.00041103309431655684
4679,0.00011199003199888345
4680,9.62985462420356e-05
4681,0.00023234074350503736
4682,0.00014168726439437024
4683,9.165376894124283e-05
4684,0.0002411846282572086
4685,0.00015180185715022473
4686,9.814776398937305e-05
4687,9.476804225315319e-05
4688,6.531309825075412e-05
4689,0.0001133776088726216
4690,7.334015367605194e-05
4691,8.130663262294109e-05
4692,0.00014590065027639992
4693,4.9787712688794044e-05
4694,5.0076438276200386e-05
4695,0.00012155538668915766
4696,0.0001547995640391873
4697,0.0001601403541299634
4698,0.00025316441726383156
4699,4.2712062199240665e-05
4700,9.417398902391913e-05
4701,0.00016001063370185307
4702,0.0001551169856274793
4703,0.00016675999744727988
4704,5.825095096079987e-05
4705,8.629197126710996e-06
4706,0.00015934236236987717
4707,0.00013012087209801875
4708,8.184297025370542e-05
4709,3.5255307386424745e-05
4710,4.485002058225191e-05
4711,9.640929918175284e-05
4712,0.00017447008735129972
4713,9.262991949017176e-05
4714,2.8004914945138545e-05
4715,0.00010267221443649522
4716,5.520144121869069e-05
4717,3.7524080899421746e-05
4718,2.9716911287819366e-05
4719,0.00011871226431050427
4720,0.00013734060300853355
4721,0.00018758279821466382
4722,6.0597954422214495e-05
4723,0.0001243384438749397
4724,5.808622280584588e-05
4725,0.00010920598560934668
4726,6.4450107902161e-05
4727,9.880880812215004e-05
4728,4.501567822280139e-05
4729,9.581846955582313e-05
4730,7.929274236163133e-05
4731,9.402040664567433e-05
4732,2.6867014215052453e-05
4733,6.757769119376826e-05
4734,4.600264060478946e-05
4735,7.92672144086346e-05
4736,8.84801142390985e-05
4737,7.356081591728777e-05
4738,0.00013487633218890673
4739,0.00011110390450955117
4740,7.199266570380984e-05
4741,0.00015080755773002295
4742,0.00012948288742656254
4743,0.00015642872154789163
4744,0.00013810123546188636
4745,0.00023528976889308263
4746,0.0001685730702898932
4747,4.501715796256399e-05
4748,4.208217942720555e-05
4749,3.902249208381074e-05
4750,0.00017135140175141258
4751,0.00012843920220421916
4752,0.00015043480756789956
4753,6.558149721206893e-05
4754,6.17875657260621e-05
4755,0.00014490648808791282
4756,0.0002373302702872062
4757,0.0002617898842502397
4758,0.00011271242469947254
4759,3.499504729804335e-05
4760,8.227717135511698e-05
4761,0.00010853606465669793
4762,4.3208946206111e-05
4763,0.0001065889401425797
4764,0.00013094996457976125
4765,0.00012685389699916165
4766,5.9219357011243786e-05
4767,7.534056434240026e-05
4768,0.00017213688988926924
4769,0.00012761321806274023
4770,9.76435410720104e-05
4771,0.00011455911489232882
4772,9.109912894910593e-05
4773,4.508213879835472e-05
4774,0.00013231804683014063
4775,0.00020557341562617762
4776,0.00011589284746825307
4777,0.00011312066138638263
4778,9.629725598222775e-05
4779,0.0002260872625878417
4780,5.865986637021878e-05
4781,6.44212065934766e-05
4782,0.0002606735649090052
4783,0.00014602120908984654
4784,8.594280997728686e-05
4785,0.00020603099598319496
4786,6.937488959279631e-05
4787,0.00011250790251056057
4788,8.123169506435481e-05
4789,3.328785600028321e-05
4790,0.0001850378806247289
4791,0.00016709483363412422
4792,4.891354395693177e-05
4793,0.00011387680565868957
4794,4.150854816446779e-05
4795,7.079001400526614e-05
4796,8.41066685955975e-05
4797,6.900552022568356e-05
4798,0.0002774775405109204
4799,0.0001383180138274178
4800,0.0001344205053248991
4801,0.0001897849948030527
4802,0.00018062616447749215
4803,0.00024592874776245045
4804,0.00020801995547749876
4805,5.492021791803062e-05
4806,0.0001892267814019808
4807,0.0001593111495626274
4808,9.608984303533826e-05
4809,0.00015941257270930576
4810,0.00010710266988541295
4811,0.00016010844632175492
4812,5.650022941792922e-05
4813,0.00014324201170546152
4814,0.00015405054368404855
4815,7.979451884361101e-05
4816,7.057212150492555e-05
4817,0.00012231120046581385
4818,9.846940399316739e-05
4819,0.00017749236140911624
4820,6.2860377337048e-05
4821,8.786249003080423e-05
4822,9.481371287481894e-05
4823,0.00020575491481979356
4824,0.0002015950259982876
4825,0.0001696458509631537
4826,9.38911061257591e-05
4827,0.00023717928113262707
4828,7.933248583703973e-05
4829,0.0001287960873765377
4830,6.927472398490366e-05
4831,3.227112923274908e-05
4832,4.0597391923745036e-05
4833,0.00012118751445424718
4834,0.00011444749774043778
4835,0.000103635571273343
4836,0.00021589508057297187
4837,0.0001194101900690276
4838,0.00010416652609892017
4839,0.0001117328966698285
4840,0.00020308635192016751
4841,0.00016676547830970454
4842,9.411993619524589e-05
4843,7.617475473535287e-05
4844,0.00010639368347516559
4845,0.00011443215858844175
4846,6.967821359121669e-05
4847,9.92211848644571e-05
4848,0.00010210501080758696
4849,0.000104203036908128
4850,8.603624648400466e-05
4851,0.00013580400617604433
4852,2.8695062790513303e-05
4853,0.0001812711543759908
4854,0.00020875878677039893
4855,8.066102203702935e-05
4856,0.0002612538673542809
4857,7.144015741027503e-05
4858,0.00010924826837999758
4859,0.0001400713977137983
4860,0.00019304307027070817
4861,0.00021534401882119728
4862,0.0001267396095456238
4863,0.0003651543379038677
4864,4.840208742484752e-05
4865,0.00010948883541992639
4866,0.00015549854748688515
4867,0.00014786207382412058
4868,6.759288392959437e-05
4869,9.068100076202131e-05
4870,0.0001066583396043072
4871,5.9315851430407065e-05
4872,8.830278190176211e-05
4873,0.00026705416264290606
4874,0.00016380018901010474
4875,9.761429394166202e-05
4876,5.870826784897631e-05
4877,0.00011573032530785837
4878,9.08375667394223e-05
4879,8.322382028192764e-05
4880,0.00020577956438358762
4881,4.198122723991184e-05
4882,0.0001441304761704749
4883,0.00018018986240468584
4884,0.00011292140551832337
4885,0.00012004749883716308
4886,8.882508919616928e-05
4887,0.0001493013500325679
4888,0.00015259641153108017
4889,9.00009508999803e-05
4890,9.702014107586486e-05
4891,0.00015985984407833844
4892,4.1216010260099424e-05
4893,9.06499576834474e-05
4894,4.257159375519208e-05
4895,0.00014182515869680436
4896,0.00013056401477284598
4897,5.7704465497743936e-05
4898,0.00011702672545517957
4899,9.986334405364949e-05
4900,0.00021433620120607906
4901,0.00011752125580227634
4902,0.00016571728786876042
4903,7.174525674370988e-05
4904,0.00021428086648614674
4905,7.793671807526981e-05
4906,5.7894024846833567e-05
4907,0.00024848683121221117
4908,8.660215787785387e-05
4909,0.00010429726327322201
4910,7.264844129074068e-05
4911,0.0001041507166415817
4912,9.911622853996475e-05
4913,0.00012727149559223043
4914,0.00010484056675546642
4915,0.00010130211378533307
4916,0.00015871082151881918
4917,0.00015296599450585521
4918,0.00014739250049203637
4919,0.0001045856437138638
4920,8.907488122955205e-05
4921,7.053594833687832e-05
4922,0.00010729398412170906
4923,0.00013112608690256494
4924,0.0001012621468528653
4925,6.940431190570548e-05
4926,0.00011065510159563958
4927,8.488499681380761e-05
4928,3.0755175223321976e-05
4929,4.330684690515614e-05
4930,0.00010525493947474444
4931,0.00021353326476590496
4932,0.00011387388718714445
4933,0.00016177082565830723
4934,7.914550303513663e-05
4935,9.753814440849952e-05
4936,0.0002708299450978391
4937,6.890631439447856e-05
4938,6.777890086168167e-05
4939,6.195351382864807e-05
4940,7.724646660437661e-05
4941,5.378042870757552e-05
4942,0.00010051909581554242
4943,0.00010277183801407606
4944,8.925671855202645e-05
4945,0.00022201339930901905
4946,0.00013315015324360038
4947,4.587301770360106e-05
4948,9.223892968218672e-05
4949,6.495993702641841e-05
4950,5.022466435712671e-05
4951,0.00014310444722081978
4952,9.803100015677365e-05
4953,0.00015204035877329847
4954,2.7818288172518194e-05
4955,9.733781350719669e-05
4956,5.956923517745651e-05
4957,5.9903497799627e-05
4958,0.00018341699046619774
4959,0.00020240174836979013
4960,0.0001418143714430583
4961,0.00021590708003047345
4962,0.00021557693320374977
4963,6.820099506672528e-05
4964,0.00010353446259521653
4965,6.66952626541625e-05
4966,0.00023781626372134556
4967,0.00011887806991789725
4968,4.532531616206626e-05
4969,0.00011482444676249956
4970,7.128034340251737e-05
4971,0.00010502427572254162
4972,0.00010718874886752839
4973,0.00018144967538950697
4974,0.0001118557707512295
4975,0.00028860765251522227
4976,0.00024857777005409497
4977,0.00010734337603465153
4978,0.000280346180431846
4979,0.00010013748176728154
4980,0.00012164009326821347
4981,8.270918628329751e-05
4982,0.00011652158407663835
4983,6.521992687107578e-05
4984,7.591878002006491e-05
4985,5.2336066046642475e-05
4986,7.963460915609181e-05
4987,5.793827404196147e-05
4988,9.923881749218458e-05
4989,0.00010733546785448499
4990,7.387795192448699e-05
4991,0.00010759902631917313
4992,7.724877606625284e-05
4993,6.431697422461257e-05
4994,5.332707713418859e-05
4995,3.625822562496078e-05
4996,6.57615010369815e-05
4997,6.454125566741708e-05
4998,6.560413119132606e-05
4999,9.636462824347859e-05
5000,2.1426603125993275e-05
5001,0.00010405586385814515
5002,7.557467941897597e-05
5003,8.851538714565961e-05
5004,6.9405224444637e-05
5005,6.504111941203717e-05
5006,9.904583767357357e-05
5007,0.000270277996839129
5008,4.484750850821441e-05
5009,7.528721798808312e-05
5010,0.00011587583995377954
5011,7.766334164615258e-05
5012,0.0002979643851063276
5013,0.00013073185002332726
5014,0.00017852380601035206
5015,3.470785355605644e-05
5016,0.00012621747728077147
5017,3.698629939992841e-05
5018,6.597392803204967e-05
5019,0.0001227140791328803
5020,0.000145300800111269
5021,0.0002109784181427644
5022,0.00021374061689383907
5023,0.0001461567877193974
5024,9.37303573463853e-05
5025,0.00011347138023436244
5026,4.661573762209135e-05
5027,0.00011829036935050368
5028,0.00017185204644028912
5029,6.458119476932564e-05
5030,8.766051500349133e-05
5031,0.00013282651224736988
5032,7.414795038053011e-05
5033,0.00035506465265899145
5034,9.312379726281072e-05
5035,5.3905507746714946e-05
5036,0.00013600851365158458
5037,4.807399897236295e-05
5038,0.00022203013825049605
5039,6.941634595915113e-05
5040,7.987612399608466e-05
5041,0.00033154201090265323
5042,7.170970562151067e-05
5043,5.214913318031765e-05
5044,0.0001589619556103975
5045,0.00019189592857071807
5046,0.00016117712152011104
5047,0.00012466378342421218
5048,3.7342538474068926e-05
5049,0.00012067627312539483
5050,0.00016229220653010093
5051,4.6374262295855486e-05
5052,0.00011813571354182749
5053,7.203143616929685e-05
5054,7.231027152028235e-05
5055,0.000112126661560125
5056,0.00012720438146000614
5057,0.000187230740365422
5058,0.00010813183721803975
5059,0.00013838627159279431
5060,8.247376993035674e-05
5061,2.2364837766820836e-05
5062,7.688594088860979e-05
5063,0.00012832632848831874
5064,8.213034980377949e-05
5065,0.00018917595414372695
5066,6.559279257356679e-05
5067,0.0002174143329887874
5068,3.131688081804272e-05
5069,0.00010798022898517966
5070,0.000137395955864384
5071,0.000168626563572354
5072,5.3956187420448996e-05
5073,0.0002521737074884642
5074,0.00011410859943866429
5075,0.0001365725884343903
5076,7.484659696889457e-05
5077,9.060188360668707e-05
5078,8.715661960557325e-05
5079,0.0001346246668368234
5080,0.0001613216713930231
5081,7.677037988963066e-05
5082,0.0001537613236008637
5083,9.071735019379396e-05
5084,8.144217235288344e-05
5085,0.0002519346250276607
5086,0.000102605408677652
5087,0.00014496371288501818
5088,4.614527622039375e-05
5089,5.855585930905865e-05
5090,0.00011584503445573697
5091,0.00011032196986541922
5092,7.615676873367941e-05
5093,0.00011707304509201607
5094,0.00010365496001640292
5095,8.28688767158651e-05
5096,0.00017465632258504155
5097,0.00014769858204720675
5098,6.719341902284273e-05
5099,9.433052998897832e-05
5100,0.00010840319549789737
5101,4.15757506390301e-05
5102,3.677670066410561e-05
5103,3.4638954844674386e-05
5104,5.379476080278675e-05
5105,4.820843500026511e-05
5106,0.00024921269767014053
5107,7.967532779565957e-05
5108,8.832062691605217e-05
5109,8.215417664347985e-05
5110,0.00017308580705269376
5111,4.7504058015825174e-05
5112,0.00017426145319967214
5113,6.634635652254607e-05
5114,8.83466502955038e-05
5115,0.00011875726344977087
5116,5.530645831321359e-05
5117,6.434993305617055e-05
5118,7.890172625615546e-05
5119,0.0002068762147834906
5120,0.00020557914616725734
5121,0.00011843778508010362
5122,0.00020171733702235836
5123,0.00019220148301597376
5124,0.00013794715868208323
5125,8.70618561724917e-05
5126,0.00011038761277117795
5127,0.0002121374445339648
5128,7.87034243123799e-05
5129,4.2184147353921485e-05
5130,7.054380871532364e-05
5131,2.5881581178453594e-05
5132,0.00010749639656209439
5133,0.0002340007097069906
5134,0.00010698078237538152
5135,9.413599487813677e-05
5136,9.516446795398563e-05
5137,0.00020027372003065302
5138,4.8441959083748176e-05
5139,0.00019726861217777913
5140,0.0001421099940142268
5141,5.689518917304359e-05
5142,0.00018110223435450142
5143,0.00013672427586820254
5144,0.00014482257773286688
5145,4.207716513093543e-05
5146,0.00015370973828073616
5147,4.7502450544928846e-05
5148,0.00015187205048755635
5149,5.156108849303491e-05
5150,4.056506702142141e-05
5151,4.926696747157934e-05
5152,0.00010434435741126188
5153,0.00011314372012503806
5154,0.0001135952469205738
5155,7.486809599351094e-05
5156,0.00020195697733659977
5157,6.733017581613453e-05
5158,0.00015589402646334503
5159,0.00016937502941004632
5160,8.108668141724263e-05
5161,0.00012711030837974074
5162,8.98665780333754e-05
5163,8.974246443656911e-05
5164,5.103897157546327e-05
5165,0.00019880490616518392
5166,9.909788506974784e-05
5167,0.00022254988182268142
5168,7.917782732443074e-05
5169,8.174552184545171e-05
5170,0.00010183128409271589
5171,6.928727344004605e-05
5172,0.00012162768415143935
5173,0.00015840804275973444
5174,0.00012024822274211031
5175,0.00014150137169009294
5176,5.3732591133248606e-05
5177,0.0003006898083073343
5178,9.675782659820909e-05
5179,0.00011272874293520815
5180,0.00017299044598100482
5181,6.752040322924737e-05
5182,0.00012862495075008292
5183,0.00011938244811273354
5184,5.832188882123307e-05
5185,0.00010684592180452449
5186,0.00012483580091996618
5187,0.00012356433450554666
5188,7.703277086845203e-05
5189,0.00024210347684264466
5190,9.834734395950946e-05
5191,6.351949029941664e-05
5192,0.00012872619126048395
5193,0.00012871814785605398
5194,2.079663764980995e-05
5195,0.00019650645973462747
5196,9.35720717672553e-05
5197,0.00010239279646703363
5198,0.00021205683542880834
5199,9.921992761181134e-05
5200,9.529788240287251e-05
5201,0.00029458471831993367
5202,5.135798289693985e-05
5203,0.00011079881320052143
5204,0.00012443648071985337
5205,0.0001323339600048999
5206,0.0001243047829951455
5207,9.167552644159052e-05
5208,0.00011000491968690442
5209,0.00011555739270688548
5210,0.00028671114992151405
5211,0.0002675829140573292
5212,0.00011496428168223833
5213,4.399227778917975e-05
5214,0.00014192090794560859
5215,9.714909011420908e-05
5216,0.00019027550886029223
5217,0.00013601841322302284
5218,0.00015657138188598463
5219,0.00014151075955727685
5220,5.63912434759729e-05
5221,3.759536132223426e-05
5222,9.684329776602835e-05
5223,7.786918030620524e-05
5224,6.991942909048491e-05
5225,1.5001249678085101e-05
5226,0.00012592619041636348
5227,6.751404572504962e-05
5228,8.307670906924743e-05
5229,8.527358284159314e-05
5230,9.583142299360074e-05
5231,7.21601994127458e-05
5232,7.072808801158922e-05
5233,0.00026647877811173195
5234,6.418127890283956e-05
5235,9.104683455891299e-05
5236,9.038974239754336e-05
5237,0.00011295772362352027
5238,5.0379205710175524e-05
5239,9.698308074888829e-05
5240,7.936448919998741e-05
5241,0.0001054466997403389
5242,8.665380886203639e-05
5243,0.00014136834591197092
5244,5.920670571928366e-05
5245,0.0001331335194593991
5246,0.00013317674568347538
5247,0.00011109270875893125
5248,6.345340963020689e-05
5249,0.00025035721278469464
5250,0.0002012003907936722
5251,8.299783640445723e-05
5252,0.00012865772001281796
5253,8.98946883020131e-05
5254,0.00018252020925531791
5255,7.816140773397218e-05
5256,9.237650929264504e-05
5257,0.00012252108908628682
5258,0.00021892448318645307
5259,7.067899861172028e-05
5260,0.00018945506144520956
5261,0.0001301385326417562
5262,0.0001689691738138963
5263,0.00010448247757051562
5264,0.0001346007198675421
5265,0.00011778878718040643
5266,0.00010295012332321046
5267,0.0001569326256062964
5268,0.00013047518650641306
5269,7.463509363076771e-05
5270,0.00011011191370186648
5271,6.202791838277969e-05
5272,8.766861801226352e-05
5273,0.00011878865549348625
5274,5.045855560439769e-05
5275,0.00022979274622955163
5276,8.331375899680725e-05
5277,9.713491909359924e-05
5278,8.857526249547132e-05
5279,0.00026373205044862247
5280,0.0001595182430665946
5281,0.0001382565549772931
5282,0.00011790484397780789
5283,0.0001387614906492637
5284,0.00022630805012117667
5285,0.00010613967910281532
5286,8.223426481528565e-05
5287,6.594497639769855e-05
5288,0.000224518623089999
5289,0.00017729293694258285
5290,9.697590023970681e-05
5291,9.665958206842586e-05
5292,0.00021442338462515179
5293,2.5676565348473375e-05
5294,0.00023677777292537385
5295,9.81441099171442e-05
5296,0.000146846207372685
5297,0.0001116764647229083
5298,8.387259557591779e-05
5299,3.922520676417644e-05
5300,0.00013357773148942777
5301,0.00013474349548076134
5302,3.605382913655817e-05
5303,8.670954752334827e-05
5304,9.682299194290106e-05
5305,7.217245508085748e-05
5306,6.9243669653426e-05
5307,2.2011042443655154e-05
5308,9.389742945093289e-05
5309,0.00025038889465805753
5310,0.0001593411946867433
5311,8.121725494208802e-05
5312,0.00012564217028395352
5313,0.00012603655668623747
5314,0.000154109521277549
5315,7.899797404041763e-05
5316,0.0001724800817777323
5317,0.0001583337827765075
5318,0.00014020977233492225
5319,0.00017016871738502427
5320,7.559928227176094e-05
5321,3.8743027415027224e-05
5322,6.726280114458373e-05
5323,8.497555053758848e-05
5324,0.00011517143945854318
5325,7.721291215382123e-05
5326,6.321313010367135e-05
5327,0.00012711127828780112
5328,0.00016083041510145428
5329,5.729024942465892e-05
5330,0.00021215412340914948
5331,0.00012691168393211006
5332,2.5905728809612504e-05
5333,6.48667617322792e-05
5334,0.00017931543891199
5335,0.00014856469099554286
5336,3.980846079797054e-05
5337,0.00015822277593813868
5338,6.880199006184023e-05
5339,2.6669101219412092e-05
5340,2.217523288930022e-05
5341,0.00011500105539875074
5342,7.892884600664148e-05
5343,5.338311208034671e-05
5344,0.00010171472533944051
5345,0.00012318922489655163
5346,4.4341081123275694e-05
5347,0.00013762555850418284
5348,0.00010751403948766824
5349,0.00010560920363835567
5350,0.00017250612073297692
5351,0.00031791768090733125
5352,5.5307144123012865e-05
5353,0.00011370859578770876
5354,0.00031611821911545776
5355,0.0001252121219045711
5356,6.14406296239675e-05
5357,8.224406748514947e-05
5358,9.353780438125192e-05
5359,0.00013502344540646278
5360,0.00010449264053940705
5361,0.0001659902176187464
5362,0.00014174647976334943
5363,0.00019841573888984099
5364,7.015943427001191e-05
5365,6.259840872187496e-05
5366,8.03624818504033e-05
5367,0.00015551088802252144
5368,9.116249340652269e-05
5369,8.313010903440313e-05
5370,0.00012909845969933184
5371,0.00011998903663624469
5372,0.00010461991879233727
5373,2.956623662926189e-05
5374,0.0001303777304654092
5375,7.474145296365275e-05
5376,0.0001389096255273583
5377,6.735360717985029e-05
5378,0.00010688378787575644
5379,6.289262538431682e-05
5380,0.00017555458901340556
5381,0.0002268610596302136
5382,0.00019693188466587033
5383,0.00012684179589751975
5384,0.00011859456173174391
5385,0.00010621357564575092
5386,0.00016618242721861177
5387,9.440356752817408e-05
5388,7.073113514336874e-05
5389,0.00011312776889595726
5390,7.500334770472543e-05
5391,0.00024563379732593557
5392,0.0003405401297063213
5393,8.4474081109668e-05
5394,0.00010404563317455982
5395,0.00016599456086461727
5396,0.0001140099583240689
5397,0.00018665306388911563
5398,0.00015085947071957106
5399,0.0001100615201157081
5400,5.56506312259071e-05
5401,8.069364475273405e-05
5402,8.756465457404247e-05
5403,0.00010719665927710404
5404,0.00012704840854994013
5405,8.633363460698778e-05
5406,0.00022005395935925103
5407,0.00015140226664318317
5408,0.0004708786939756919
5409,0.00010025365036879958
5410,0.00016327600289543233
5411,0.00013093656428443483
5412,2.8721829181224433e-05
5413,0.0001826071079994751
5414,0.0001518605087194445
5415,0.0001618551115187874
5416,0.00012084323528674634
5417,8.436765178783482e-05
5418,6.1008335859618555e-05
5419,0.0002319110288232965
5420,6.644320473877853e-05
5421,0.00021992416123082787
5422,3.50581247350511e-05
5423,0.00010912093904965361
5424,9.036650233466568e-05
5425,6.565457789749818e-05
5426,9.770134586010913e-05
5427,0.00010163550819384767
5428,3.4704948453170364e-05
5429,0.00011334441136248976
5430,4.7295071780571315e-05
5431,8.4420758116077e-05
5432,0.00011812483693196326
5433,0.00018868387031661729
5434,0.00012920957753981098
5435,6.29117921328022e-05
5436,0.00011985151778163456
5437,0.0001318595068227229
5438,7.617304729871187e-05
5439,0.00022355130504523183
5440,9.377377601857505e-05
5441,9.313862714287061e-05
5442,0.00030469310257709393
5443,0.00041608876291371517
5444,0.00018670022289620788
5445,6.610785557037088e-05
5446,0.00010656476388929521
5447,0.0002887955759812402
5448,0.00014120788106812207
5449,3.932346611969432e-05
5450,9.873176714404763e-05
5451,7.293021598641629e-05
5452,0.00012838116929167587
5453,5.7630819974933895e-05
5454,0.0002500474026149135
5455,7.735832264075572e-05
5456,0.0003361796211704881
5457,0.00013307837970979943
5458,0.0002638236645195544
5459,0.00012842445622792979
5460,5.8074173289608574e-05
5461,9.917925459378996e-05
5462,6.761068235020788e-05
5463,9.947132605168139e-05
5464,5.390237323482923e-05
5465,8.228490382489385e-05
5466,0.00015876304666823625
5467,7.853974263008618e-05
5468,7.948521426090543e-05
5469,0.00016569971730877057
5470,7.845820556270755e-05
5471,0.00010769368577362123
5472,0.00015390229431787138
5473,5.569574132491739e-05
5474,0.00015635925930727022
5475,0.00017243448041235503
5476,9.773539525091967e-05
5477,9.897960349827695e-05
5478,0.00017413452571087836
5479,0.00012525874733186287
5480,0.00011021950026771148
5481,4.689876471504335e-05
5482,0.00013582603862176981
5483,0.00016496381334668987
5484,0.0001256880980776246
5485,0.00018199156318461987
5486,0.00011848974230186819
5487,9.243962803055218e-05
5488,0.00015888638514549233
5489,7.246797755141915e-05
5490,0.00010223907800699245
5491,5.584618924679952e-05
5492,9.131672739168163e-05
5493,5.684691655419748e-05
5494,0.0001210273011839436
5495,0.00011188476810577584
5496,0.00015372500008795943
5497,4.425227381889822e-05
5498,6.99013251997771e-05
5499,9.280741944221271e-05
5500,0.0003493089011559863
5501,9.367557120956795e-05
5502,6.36583570439217e-05
5503,0.00014441659534165547
5504,0.00012901728346870566
5505,0.00016788020044299014
5506,8.350671650807429e-05
5507,0.0001254453526176872
5508,0.00010546024858319611
5509,0.00012578477594158766
5510,0.00010624218199061591
5511,0.00013508832696808908
5512,0.00015375956415752712
5513,9.799721895565434e-05
5514,0.00020399771095316147
5515,8.928078969886591e-05
5516,8.287747561692727e-05
5517,0.00012785137904915486
5518,0.0001213645829621035
5519,5.4080900934225956e-05
5520,5.372211120251603e-05
5521,7.259872978101635e-05
5522,0.00011664023917408143
5523,9.073723130508322e-05
5524,8.86436205704603e-05
5525,0.0003481950094317398
5526,0.00014035750916019217
5527,0.00011115549217672303
5528,0.0002158423960730465
5529,0.0001509515794044808
5530,0.00010051515421734371
5531,0.00023674519784639274
5532,8.231538068905751e-05
5533,0.0001515898062683381
5534,5.109415954508247e-05
5535,0.0001534235581256382
5536,0.00022170288817952415
5537,8.476302940628633e-05
5538,5.032772611177472e-05
5539,6.963143014060651e-05
5540,5.3367752027963766e-05
5541,7.038470830652843e-05
5542,9.575162047758618e-05
5543,0.00028279448001874676
5544,0.0003773110622957997
5545,9.932984107067252e-05
5546,0.00013438444934989131
5547,5.783414710756074e-05
5548,6.783183341167861e-05
5549,7.886592390630377e-05
5550,3.243934427671967e-05
5551,0.0002717544003829808
5552,0.0001210863359522056
5553,0.00011683353811695114
5554,0.00017011900867615074
5555,5.339122126419639e-05
5556,8.78064561476165e-05
5557,0.0001865640097511718
5558,0.0001856628786674611
5559,6.52788109592018e-05
5560,0.00010343300573825561
5561,0.00013280481118905287
5562,8.747238697712274e-05
5563,7.649926087538035e-05
5564,3.04267867723327e-05
5565,2.6658233964541467e-05
5566,0.00010087976835985142
5567,3.899887127183185e-05
5568,0.00011761079111193225
5569,0.00016437353979863515
5570,0.00017613532943063322
5571,9.135621878971311e-05
5572,0.0001198256073606173
5573,0.00017150822717515825
5574,5.3552387499463294e-05
5575,0.00021714761841439557
5576,0.00010703100970265132
5577,0.00022825131709137465
5578,8.832702564416956e-05
5579,0.0002752423773778916
5580,0.00010556053466753933
5581,0.00015895042015885006
5582,9.118479515118409e-05
5583,2.9519211407157852e-05
5584,8.827834171954223e-05
5585,0.0001511378247844005
5586,0.000188997043081281
5587,6.698933643490824e-05
5588,5.5257598432732516e-05
5589,5.895400542571073e-05
5590,0.00019134494538575436
5591,6.424296277277302e-05
5592,8.132693565131585e-05
5593,0.00013406754479077565
5594,6.0605877066172246e-05
5595,0.00013316297415774615
5596,9.999276812592457e-05
5597,7.597176880513679e-05
5598,3.758151318900679e-05
5599,7.105521536057807e-05
5600,0.0002116713805258098
5601,0.0001045079963606744
5602,0.00015228482811492595
5603,0.00015680229857165462
5604,8.579838248204967e-05
5605,0.00019785515044032584
5606,0.0002815548526585138
5607,9.045960828289581e-05
5608,8.372324605125607e-05
5609,0.00010864051871134841
5610,8.127825207420509e-05
5611,0.00020280261707968856
5612,0.00014376244945503729
5613,7.146944511225049e-05
5614,0.00011963128571467217
5615,4.787374423082458e-05
5616,0.00012611601180787213
5617,0.0001074036373519199
5618,0.00031577595939577367
5619,7.365839608549985e-05
5620,0.00011799856055035368
5621,0.00017554757173338862
5622,0.00010364751207581927
5623,4.1020417129894255e-05
5624,6.69363815640219e-05
5625,0.00013533066125108838
5626,0.00011176633632786642
5627,4.5105321014275555e-05
5628,8.707349078534044e-05
5629,8.106338565689534e-05
5630,0.00024743268673033065
5631,0.0001837626184990392
5632,6.729560629586747e-05
5633,4.708756687498012e-05
5634,0.00021775287563538515
5635,0.00024688649200217455
5636,4.879460454119602e-05
5637,0.00011523327748586205
5638,6.477750894197143e-05
5639,5.6396295574409397e-05
5640,0.00011296424296373002
5641,2.7723302102522078e-05
5642,0.00011000761095229603
5643,0.000211633628659159
5644,0.0001591773804143093
5645,0.00011198255250183007
5646,9.95019296415183e-05
5647,0.00016660562628466102
5648,9.719295220177824e-05
5649,9.516945208524102e-05
5650,0.00010399402921345542
5651,9.121335615585105e-05
5652,3.259348194923933e-05
5653,0.0001871322611121645
5654,0.00017168734903999134
5655,0.00020464631521265172
5656,0.00018613928637124975
5657,3.50135408638657e-05
5658,5.5508339218018635e-05
5659,8.331562700698045e-05
5660,6.6235208196437e-05
5661,3.621960145342946e-05
5662,0.00011974820979561912
5663,0.00028709309931329656
5664,9.992731477848695e-05
5665,0.00013864683037326375
5666,5.414067869603026e-05
5667,0.0001449942875414024
5668,0.00012599346810175253
5669,0.00010755879416585038
5670,2.6426340505658982e-05
5671,0.00016211352257304983
5672,0.00011706820573551787
5673,5.260648161969126e-05
5674,9.26119010256593e-05
5675,3.9226011329546425e-05
5676,0.00010941659193086386
5677,0.0001258548023925569
5678,0.00014996790968652292
5679,0.00017432648285762876
5680,0.00010670042868390897
5681,7.766352029716579e-05
5682,8.14712044968048e-05
5683,3.9591161565218257e-05
5684,8.379400186283561e-05
5685,0.00011527686123192606
5686,0.00018028089512262232
5687,0.00016693047065130987
5688,0.00014670159500472822
5689,0.00021964142702503157
5690,0.00017062764832436562
5691,7.524804556637536e-05
5692,0.0001923531916022576
5693,0.00015374534941732914
5694,6.6669513263593e-05
5695,0.00013898068166515754
5696,4.8344750853112294e-05
5697,0.00014129101348893166
5698,0.00011387030501146523
5699,0.00014887495634322365
5700,5.9469900455365344e-05
5701,0.00021803353455569218
5702,1.2697505445829993e-05
5703,0.00011970417388702139
5704,0.00013046294518857094
5705,7.637285295399921e-05
5706,8.839096721704174e-05
5707,5.0656583727905846e-05
5708,8.749012202987892e-05
5709,9.95814033197124e-05
5710,0.00017551241348278914
5711,7.247627576016598e-05
5712,0.0002503697870818343
5713,0.0001384732363576167
5714,0.00027210378423650066
5715,0.00014044142740363556
5716,5.4084320962125055e-05
5717,0.00010275854782128078
5718,0.00011844202261762816
5719,5.10938562825015e-05
5720,4.437400565512058e-05
5721,6.51533835071141e-05
5722,0.0001230555350109045
5723,0.0001325510228065657
5724,0.00017881148031570292
5725,8.06067775827965e-05
5726,0.00016694205720349552
5727,0.00012954687142774544
5728,0.00014505269327249617
5729,0.0001496999229871367
5730,7.8311552161765e-05
5731,0.00018001122697723488
5732,0.0001231152493503472
5733,0.00011881109352983519
5734,0.00012165003759667077
5735,7.996902432562389e-05
5736,6.201176768679419e-05
5737,0.0001294701039550492
5738,8.16976397610525e-05
5739,2.7226263136811504e-05
5740,6.497259553341605e-05
5741,0.0002515484420110134
5742,9.32056068846433e-05
5743,5.5835932466791176e-05
5744,5.682401967392099e-05
5745,0.0001753816450427729
5746,3.0110957877696573e-05
5747,8.617843380136127e-05
5748,3.728090008216091e-05
5749,0.00027144624740618826
5750,0.00012928095017101376
5751,0.00013679965829438168
5752,0.00017198562192745698
5753,0.0002296802087508114
5754,0.00033267337434481585
5755,0.00025747190877597385
5756,0.0001295870072047072
5757,0.00021249722312266875
5758,0.00011084096757747616
5759,5.251097127685413e-05
5760,5.805545449173965e-05
5761,0.00015364186397301633
5762,7.103100418751605e-05
5763,6.837779514638127e-05
5764,0.0002931894245231882
5765,0.00014379367878758777
5766,0.00013681027147196374
5767,0.0001338494252107671
5768,0.0001168311956628241
5769,0.00010184606756897375
5770,7.227869959214186e-05
5771,0.00015673648600751845
5772,6.120527266771928e-05
5773,0.0001045456866223462
5774,0.00019172887178621218
5775,9.08063178343251e-05
5776,6.328987090149172e-05
5777,0.00022449861534279623
5778,0.00010889771451607308
5779,0.000113198642104382
5780,8.956424104524607e-05
5781,0.00012972458027848033
5782,0.00016959601881205605
5783,4.7116485987468395e-05
5784,8.50589966197349e-05
5785,0.00010293007993758969
5786,0.00016490972825957878
5787,0.00040015881736427204
5788,7.972252800327009e-05
5789,6.641658400552043e-05
5790,0.00012051353967720543
5791,2.1978021516356593e-05
5792,0.0001654952373053354
5793,6.730166697360097e-05
5794,8.906529324451067e-05
5795,0.00013381606532637095
5796,6.8658236956849e-05
5797,0.0001242540520199838
5798,7.756106681429151e-05
5799,8.968001827920649e-05
5800,0.00010683135152021157
5801,3.78818508985037e-05
5802,0.0002425975022413757
5803,0.00011655866462470516
5804,0.00015777065787649945
5805,1.598985449300547e-05
5806,0.00010976751925980531
5807,0.00011312089848802105
5808,0.00013416249804159102
5809,6.393118796432125e-05
5810,7.529392916984096e-05
5811,0.0001453721757011172
5812,0.00012228596199835353
5813,3.8132461315009345e-05
5814,0.00019357716458164712
5815,7.100036306657151e-05
5816,0.00016563018175172426
5817,0.0001372127584023261
5818,7.7667727697716e-05
5819,7.795559256849274e-05
5820,0.00016610325488181007
5821,5.033542052525518e-05
5822,0.00022718217414831275
5823,0.00013333066496661356
5824,2.7994537354579568e-05
5825,8.09754614603459e-05
5826,3.8861683210761246e-05
5827,4.482347737657469e-05
5828,9.693699037216776e-05
5829,7.849623129465822e-05
5830,0.00015887635907530152
5831,7.95947245940693e-05
5832,4.83788786166099e-05
5833,7.903840178020829e-05
5834,0.00020044379610855247
5835,9.245075225554793e-05
5836,0.00013618457678869726
5837,0.00013807154385763322
5838,0.00015407860334893455
5839,5.711857363473259e-05
5840,0.00012457400744766357
5841,0.00018515141909334815
5842,0.00017911932689155114
5843,8.546101551669196e-05
5844,4.880165043349017e-05
5845,8.209431705585529e-05
5846,7.057251841398253e-05
5847,0.00017694685218337867
5848,5.033164276627505e-05
5849,0.00016112074029746876
5850,6.823493078109957e-05
5851,0.00027073194077429367
5852,4.8022702832891606e-05
5853,0.0001640427271432439
5854,4.98870227164205e-05
5855,9.577552158570445e-05
5856,0.00016511703894879867
5857,3.7227369546785243e-05
5858,8.175270607172322e-05
5859,8.904356950056457e-05
5860,0.0001910634092506616
5861,0.00022554343575274344
5862,7.312532876102852e-05
5863,0.0002587014500569914
5864,0.00015024615631204435
5865,0.000101311773187232
5866,0.00021133715782965194
5867,6.787379248570055e-05
5868,0.00031898709275797775
5869,7.858503433449466e-05
5870,1.6358159310912615e-05
5871,0.00019100160363886597
5872,0.0003196604151975547
5873,7.895909671047707e-05
5874,0.00018714014784788885
5875,4.4699772466539085e-05
5876,0.00019633029705236463
5877,0.00018434640327693723
5878,0.00010058818599196954
5879,5.461947821759448e-05
5880,0.0001750230981142027
5881,0.00012086828279787325
5882,9.170273842600925e-05
5883,0.0001487177335560786
5884,9.134541451295068e-05
5885,0.00013547197646106505
5886,0.0001525927111126741
5887,0.00023754516061398175
5888,0.00010124507616540178
5889,9.194715087561421e-05
5890,0.00035007467038398
5891,6.626062864298895e-05
5892,5.9117792867836466e-05
5893,3.0509601862422817e-05
5894,0.00010131333325956972
5895,8.956065727758386e-05
5896,1.977547359559972e-05
5897,0.00018462412256750092
5898,9.805727144150228e-05
5899,4.5758345477333764e-05
5900,0.00010822672052785777
5901,8.048791317193129e-05
5902,5.253421049637227e-05
5903,0.0001232230364022154
5904,4.436548277399661e-05
5905,9.505290446470411e-05
5906,0.00011701044935975044
5907,9.831894251441722e-05
5908,0.00013776492228349514
5909,0.00010214514807496782
5910,0.00012343371961931932
5911,7.218596978186638e-05
5912,0.00012039218732508567
5913,0.0001802755210504471
5914,7.39867808053501e-05
5915,0.00010548249515633202
5916,5.524880562981119e-05
5917,0.00011542146651451886
5918,7.237303560110288e-05
5919,0.00015107325734630355
5920,7.522456638213647e-05
5921,0.00012834426476630837
5922,0.00013218809790473243
5923,4.4090804338570425e-05
5924,0.00015964559928844833
5925,0.00018439733345039765
5926,0.00010190255890173506
5927,5.9544443334066924e-05
5928,0.00012892995652537208
5929,0.00022262760181041528
5930,0.00014277058327427717
5931,0.00010686079160634717
5932,0.00010259505812275912
5933,7.237396501546908e-05
5934,8.454620819577807e-05
5935,4.0672457699708096e-05
5936,0.00013266935031067332
5937,0.00011523966420373596
5938,0.000117535186351346
5939,6.64854048803307e-05
5940,0.0001147943697602245
5941,0.0003329152897409551
5942,6.066301497561936e-05
5943,0.00017696388058488862
5944,5.4039832168250896e-05
5945,7.162955626926962e-05
5946,5.806920848452003e-05
5947,7.95698589841396e-05
5948,0.00011802976850974826
5949,0.00023027469967490329
5950,4.3855255114768306e-05
5951,3.192738247672137e-05
5952,0.00013181992649285719
5953,0.00018463246954503
5954,8.196421056152247e-05
5955,6.136782380188112e-05
5956,3.1761233607287204e-05
5957,5.3898267530989445e-05
5958,0.0001306790021455907
5959,8.814472680171933e-05
5960,7.973435567013376e-05
5961,0.00025908709856463266
5962,0.00017733524612441727
5963,6.214040728854647e-05
5964,0.00023545945222005522
5965,0.00010256436664532096
5966,7.221129456418042e-05
5967,6.255412570821972e-05
5968,0.00012210951073636918
5969,2.5063852965241367e-05
5970,0.00011482614687907135
5971,9.530817123493062e-05
5972,5.4321988702676964e-05
5973,8.253422159978748e-05
5974,5.520661279721773e-05
5975,8.581423986668492e-05
5976,0.00014392199799722211
5977,8.858065879298129e-05
5978,0.000109805460432289
5979,0.00014779349427839592
5980,0.00010840197413160314
5981,0.00023757844408760556
5982,0.00015502586860112913
5983,7.982824795442018e-05
5984,8.934282661215732e-05
5985,4.955896729642829e-05
5986,0.00014071742794396358
5987,5.9112122271991454e-05
5988,0.00012140351353366611
5989,5.929866412061638e-05
5990,0.00041798476500321625
5991,0.0001335053205746783
5992,8.083879589171142e-05
5993,0.00013555238849213082
5994,0.00013382171752772005
5995,0.00015917091585576813
5996,0.00011212911584511419
5997,0.00012531241578632994
5998,0.0002048748171401979
5999,9.966570322295184e-05
6000,0.0002137430444955509
6001,0.00020172579304428173
6002,0.0001307977033348992
6003,7.009289892341604e-05
6004,5.064645915357659e-05
6005,0.00010596311031527874
6006,8.258585399065214e-05
6007,0.0001103318694362959
6008,5.878448080192033e-05
6009,0.00019618912310670405
6010,0.00015315857915657705
6011,0.00014892914930538027
6012,9.293828009789782e-05
6013,9.151410088502105e-05
6014,7.187093274813573e-05
6015,8.464126013704577e-05
6016,0.0001602326851817753
6017,0.0001420449520536476
6018,0.00011329695398695332
6019,4.338174663528154e-05
6020,0.00021489411751847597
6021,5.543791269890002e-05
6022,7.50896733250952e-05
6023,9.230742436660422e-05
6024,0.0002322211415551348
6025,0.0001843972620945232
6026,0.00013878664034809652
6027,7.417980719622575e-05
6028,0.00010362500954272984
6029,0.00014971585792741872
6030,0.00014450727778867262
6031,9.190188852325368e-05
6032,7.41747854342692e-05
6033,0.00014063679436514566
6034,6.41971644998521e-05
6035,0.00016252153899936182
6036,0.00010137397658570893
6037,9.627763693809791e-05
6038,0.0001416530730139711
6039,0.0001149952078516103
6040,0.00019683716733827366
6041,0.00018051585450208835
6042,0.00011173550633487069
6043,5.2906589929401666e-05
6044,6.62940730597712e-05
6045,0.00010259704955182443
6046,2.476554916825688e-05
6047,0.00010745047404888367
6048,9.985466766431673e-05
6049,9.534361782230464e-05
6050,0.0001626126042746881
6051,6.318526661454508e-05
6052,0.000143422800415824
6053,9.840871813129842e-05
6054,0.0001928928682076309
6055,0.0003400300253232171
6056,8.734876802449112e-05
6057,0.00011760701320309309
6058,0.00021146447076981277
6059,7.384807900469474e-05
6060,0.00022807453158074666
6061,0.0002571491078925863
6062,5.401881349615158e-05
6063,6.411516438965364e-05
6064,7.802518635705025e-05
6065,6.654474512189286e-05
6066,9.608678702809177e-05
6067,7.924637008563786e-05
6068,4.0547988519258274e-05
6069,9.139539874919022e-05
6070,5.861623595142466e-05
6071,6.922929431611137e-05
6072,9.283274531902607e-05
6073,0.00011136307310129242
6074,7.140251870020866e-05
6075,0.0001733523476458629
6076,0.00012745396300380677
6077,7.547912680133301e-05
6078,0.00028476841825715994
6079,5.974628272050587e-05
6080,0.00011108684518686655
6081,0.00012551747250096366
6082,0.00027814111453228554
6083,1.5969669383683173e-05
6084,0.0001279842878148304
6085,0.00014840445332624385
6086,0.00011082322718901504
6087,0.0001795157853027757
6088,0.00015785570802521502
6089,6.673558193397797e-05
6090,0.00018838484078466996
6091,0.00017453276993492495
6092,0.00011818718502983843
6093,0.00010275105982669017
6094,7.048543812438059e-05
6095,6.997003020253223e-05
6096,9.533762869836377e-05
6097,7.741607797079098e-05
6098,6.571349203872385e-05
6099,0.0004181286746221763
6100,0.00011488672735113647
6101,0.00031407609683721977
6102,0.00017053984939126264
6103,7.204409470202051e-05
6104,0.00010976598397606739
6105,0.00034892629777895655
6106,0.0001189930686641225
6107,0.00011407743506706327
6108,4.729838809437054e-05
6109,4.669889495133173e-05
6110,5.301988098303246e-05
6111,0.00014028912461760268
6112,3.5172801006769724e-05
6113,9.937104547052097e-05
6114,0.00016338461703878235
6115,0.0001192558353675664
6116,0.00014578885585098564
6117,0.0002438037073364879
6118,0.00011132936034074635
6119,0.00011086240090493213
6120,8.178842477371343e-05
6121,0.00012339987269837036
6122,2.6254554768472293e-05
6123,0.00011413942880015749
6124,0.00012938847819886
6125,0.00013967993624382528
6126,7.29790833514266e-05
6127,9.72879966080939e-05
6128,9.859855081519998e-05
6129,0.00017046572173233946
6130,0.0003426539957460464
6131,0.00015796416889261904
6132,0.00013144082311426737
6133,0.00025203455779041796
6134,0.00011164273569739782
6135,0.00018511857978896647
6136,8.870385290614704e-05
6137,0.00012016469337796818
6138,0.0001561136090563689
6139,5.93625722694585e-05
6140,7.337814722117023e-05
6141,9.025036472692653e-05
6142,0.00010214286366210288
6143,0.00018457719405422018
6144,9.567075133549658e-05
6145,4.947406328319738e-05
6146,9.312655723013916e-05
6147,0.0003817086482445539
6148,2.6589342958602444e-05
6149,0.00019109813645885816
6150,0.00018616198793919143
6151,0.00012905651281725202
6152,5.260269920288278e-05
6153,5.678094005068741e-05
6154,0.0001264070560592207
6155,0.0002329849713134585
6156,0.00014131984113896175
6157,0.00015102376564685686
6158,5.6464416777583596e-05
6159,6.448389201831904e-05
6160,0.00024125108394368506
6161,2.2515488179010017e-05
6162,0.00015128786476851987
6163,0.0001542656169845435
6164,7.606739799123951e-05
6165,0.00010693955382707398
6166,9.617437603400885e-05
6167,0.00010757893174675984
6168,0.00012560023350118122
6169,5.198384641109538e-05
6170,9.197901759312182e-05
6171,5.792206709316013e-05
6172,0.0001532893841583744
6173,0.00010684774710983293
6174,5.3762531489381e-05
6175,7.334020032789244e-05
6176,0.00015936891682311123
6177,9.102906612721647e-05
6178,8.63717982231259e-05
6179,8.698701103711919e-05
6180,0.00011732148769641483
6181,0.00010121146755892305
6182,5.723105374103306e-05
6183,8.272704046774452e-05
6184,0.00010828628011040117
6185,6.705677575763969e-05
6186,0.00010879827578283451
6187,0.00016004532736637627
6188,8.874320088038581e-05
6189,6.295626743186033e-05
6190,9.637407292044293e-05
6191,8.199538658275684e-05
6192,8.738432673405908e-05
6193,5.4067991366006386e-05
6194,0.00024414712124013426
6195,0.00021863580991992928
6196,8.36029928974552e-05
6197,0.0001296935229089675
6198,7.583160390081407e-05
6199,4.708197118435379e-05
6200,9.423189436183375e-05
6201,7.296226885838926e-05
6202,5.2985898035493484e-05
6203,0.00019439237834452215
6204,0.0002448746715321514
6205,0.00029064742080681463
6206,0.00013070717543154416
6207,0.00014126162659858555
6208,5.547281345387884e-05
6209,0.00018628709743482587
6210,0.00016919786034562276
6211,9.54217987312667e-05
6212,0.00012941452072220505
6213,7.305706786710297e-05
6214,4.719446336558684e-05
6215,0.00018694254989421247
6216,8.261143148714869e-05
6217,6.722765869909326e-05
6218,0.0001476180091479432
6219,6.676203355206702e-05
6220,0.00020260407297468657
6221,9.090475576061012e-05
6222,0.00028026431461013255
6223,9.715359937141282e-05
6224,0.00012645844150175904
6225,6.25710436357028e-05
6226,9.702327170380137e-05
6227,8.496184695907122e-05
6228,4.3456398908680006e-05
6229,7.41753722648898e-05
6230,6.755323761515124e-05
6231,0.00011514327823229647
6232,0.00015089441268566024
6233,0.00017785589887590387
6234,0.00012121724872672674
6235,3.1176185686154774e-05
6236,0.00012176797226475856
6237,7.021562925434347e-05
6238,0.0001573895343564242
6239,0.00019895392540708
6240,0.000145436336050231
6241,9.507190759256194e-05
6242,0.00011664883183591537
6243,0.00022048169190465148
6244,0.00010646321507679618
6245,8.63891052980856e-05
6246,3.6421571054921824e-05
6247,3.4567079896880496e-05
6248,0.00011209212865406338
6249,0.00015445340366689476
6250,0.00015654622496004885
6251,5.7388662762357026e-05
6252,0.0002249837020198994
6253,7.327596329323293e-05
6254,8.929740429064721e-05
6255,8.86291507017417e-05
6256,9.932081262225873e-05
6257,6.448000817010315e-05
6258,0.0002159594892558129
6259,0.00018665909546557098
6260,3.937034464778859e-05
6261,0.00014568514321994586
6262,0.00011966651771192252
6263,0.00011897724651266232
6264,0.00010945932898780022
6265,0.00014382442006873416
6266,0.00010672528179476132
6267,2.3176486607234324e-05
6268,0.0004137812435914943
6269,7.261642865110677e-05
6270,0.00010361355886034075
6271,0.00019741612115723435
6272,0.00012286095758958613
6273,2.6666612653530154e-05
6274,0.00012618466286634105
6275,9.640450328612436e-05
6276,5.7254080578383854e-05
6277,0.00011686058858366967
6278,5.2453741479703524e-05
6279,0.0001237645546445029
6280,0.00014205567286412798
6281,0.00013189899934719292
6282,0.00039897885372018875
6283,7.67576647525425e-05
6284,6.74693106530998e-05
6285,0.00012907975408762935
6286,9.329195469980345e-05
6287,3.622067312569105e-05
6288,0.00020883574968860098
6289,0.00015020189602275454
6290,0.00024935272939885847
6291,0.00015382310240300918
6292,0.0002075395954063388
6293,0.00012151655659751361
6294,0.00010765282235283922
6295,0.00017212923739588122
6296,0.00011966373418304727
6297,2.6608841554748315e-05
6298,3.9105056915185366e-05
6299,9.707971443268526e-05
6300,0.00011053489151780719
6301,0.00011110377192502593
6302,0.0001129452496316693
6303,0.00012418187795351345
6304,0.00015493467733094718
6305,0.00015241994335433504
6306,9.145524540344421e-05
6307,0.00023265594954322442
6308,7.27342643585592e-05
6309,9.004820450917093e-05
6310,6.084092565102891e-05
6311,8.149847765717165e-05
6312,0.0001403111308051902
6313,8.383487604672194e-05
6314,8.923059001900784e-05
6315,7.310730500225954e-05
6316,0.00011950488512935737
6317,5.8939935072317515e-05
6318,3.7229968085535176e-05
6319,0.0001195772339349627
6320,4.404604905122939e-05
6321,8.205659041488845e-05
6322,7.990561534465525e-05
6323,0.00021598285413170312
6324,0.00014044314163622466
6325,3.701664593048266e-05
6326,3.11051497508146e-05
6327,0.00011354708008748078
6328,0.00017619924452873579
6329,4.088198417183137e-05
6330,0.0001283771145467965
6331,6.043266920615156e-05
6332,0.00012730512565176124
6333,0.00015312855056908228
6334,5.360608795293037e-05
6335,9.74619096643218e-05
6336,0.000182885292971462
6337,6.927696275208791e-05
6338,6.123658021098304e-05
6339,0.00016145876738446967
6340,8.060956163475014e-05
6341,8.506935443899995e-05
6342,0.00010683257200990741
6343,0.0001039541265583102
6344,0.00014821580312826172
6345,0.0001304654790688113
6346,0.00021284586625128438
6347,7.641659460413365e-05
6348,5.411748588794788e-05
6349,0.0001187114018770777
6350,7.781505272613623e-05
6351,0.000126569928948787
6352,0.0001434154949242822
6353,0.00012358809012891258
6354,0.0001150472360759691
6355,9.138348809268316e-05
6356,0.00011772785601755345
6357,9.922242979021094e-05
6358,0.00011433383025606804
6359,0.0001953965078737892
6360,0.00013410230231836062
6361,6.572231262854678e-05
6362,7.997973360932058e-05
6363,0.00012599886207831712
6364,0.00015553978893047352
6365,0.00018490221248673516
6366,9.240791225377042e-05
6367,0.00011423118619602488
6368,0.00017839389263925835
6369,5.104629377181009e-05
6370,0.00012779417402043083
6371,7.251272166215256e-05
6372,8.53595659594255e-05
6373,0.00010167685927886057
6374,7.88736431107064e-05
6375,7.48716026937713e-05
6376,5.1540932340273776e-05
6377,0.0001183838175215321
6378,0.00020949284342510429
6379,0.00023156921988917273
6380,0.00012291799790449328
6381,6.919956949216827e-05
6382,0.00021534167621195755
6383,2.8166399276125113e-05
6384,0.00013409642442124603
6385,9.900241347313943e-05
6386,0.0001241022250804521
6387,0.0001797000791764288
6388,0.0001290748674565462
6389,9.708746609541555e-05
6390,9.219975932334428e-05
6391,2.7361618532713327e-05
6392,0.00024039003668806
6393,9.629110373752594e-05
6394,0.00019345774518391136
6395,6.313679730286709e-05
6396,9.356240062990899e-05
6397,0.00017085343157741503
6398,0.00029883960237451004
6399,0.00020904394594105545
6400,5.5190363720994246e-05
6401,6.582554252116653e-05
6402,3.6340312257660715e-05
6403,9.148494852439344e-05
6404,7.85360036016879e-05
6405,0.00013912859557183515
6406,8.62856080639673e-05
6407,9.36491214509643e-05
6408,0.00011461600386834933
6409,0.00012220531553073984
6410,0.00015813701239745327
6411,7.779329915096895e-05
6412,0.00011858552821550365
6413,0.00015272496103033875
6414,0.0001196400191359925
6415,9.809954205338766e-05
6416,0.00011564860634867062
6417,0.0002047890386217328
6418,4.4917108625596504e-05
6419,0.00019195276005619656
6420,3.947550647207338e-05
6421,3.353939519940949e-05
6422,6.668613487295447e-05
6423,0.00015080018043939707
6424,9.495007283826698e-05
6425,8.562042135489517e-05
6426,6.473323420993094e-05
6427,0.00021690014712987565
6428,5.4731324232443426e-05
6429,5.054686971878443e-05
6430,0.00017493322878408125
6431,0.00015818904485358272
6432,0.00011312140037669983
6433,5.17651430866117e-05
6434,0.00020449025471290066
6435,0.00024215479354044807
6436,9.080537232546123e-05
6437,0.00014972289418379236
6438,4.4267538711701036e-05
6439,0.00010592806859229326
6440,0.00016911382327552092
6441,0.00012945513610716054
6442,0.00015974791432899415
6443,9.59677447421707e-05
6444,0.0001794725250189855
6445,4.2362035886460855e-05
6446,0.00019697437993340992
6447,0.00016028905875576624
6448,1.1641625394239422e-05
6449,0.00010132650927303207
6450,6.134667073173866e-05
6451,3.065530695655442e-05
6452,0.00014918953113949654
6453,0.00013879025030851493
6454,0.00010615158887357636
6455,7.042843252367687e-05
6456,0.00011821696492750344
6457,0.00011527867516444397
6458,3.81641456786412e-05
6459,0.00012374119885815522
6460,9.561934122743127e-05
6461,8.79405843043176e-05
6462,0.0001654221644016021
6463,4.3421994383733575e-05
6464,0.0001588472667726688
6465,7.83280768071623e-05
6466,4.6659574725043254e-05
6467,0.00016522554379773565
6468,0.0002256884663927239
6469,7.928838395823487e-05
6470,0.00020320090347554192
6471,0.00011055621178949766
6472,8.098641410774308e-05
6473,0.00019113047009050571
6474,0.00023229905437346427
6475,0.0001449305154675772
6476,7.163919729562921e-05
6477,6.069770351427276e-05
6478,0.00010418126288016448
6479,0.00023179106975070355
6480,4.3110952721735046e-05
6481,0.00010354466142934505
6482,8.391960252020031e-05
6483,0.00020130879832287423
6484,0.0001431520567973165
6485,8.812209950477766e-05
6486,0.00011718605172712355
6487,4.419372525966856e-05
6488,7.995571821195127e-05
6489,0.00011364723491453054
6490,0.00018543909087758212
6491,9.796804440718083e-05
6492,7.811570543569486e-05
6493,7.624824286234458e-05
6494,0.00011895663335795253
6495,0.00020308920460555577
6496,0.0001952659852145172
6497,0.0002658138649414102
6498,6.0759518867468595e-05
6499,3.540722060144032e-05
6500,0.0002038544167803526
6501,9.91369746460902e-05
6502,8.812032609574167e-05
6503,0.00021725641580994624
6504,9.89227983809293e-05
6505,0.00010659608450556653
6506,0.00023916429069648144
6507,8.49010734829431e-05
6508,5.619070579920804e-05
6509,0.0001643764845591824
6510,0.0002270437900572185
6511,8.531709565963906e-05
6512,0.00010818396563370733
6513,0.00021802490482048951
6514,8.63037365631185e-05
6515,8.97809468149942e-05
6516,0.00020539315633501395
6517,6.555652101527683e-05
6518,0.0001152324204343158
6519,8.92311109807531e-05
6520,8.658741106757024e-05
6521,8.417530331619041e-05
6522,6.568302977821181e-05
6523,7.918752790330549e-05
6524,0.0001560307570237132
6525,4.1912118277689e-05
6526,5.6198516418257495e-05
6527,0.00012081932569513347
6528,0.00011495350095336734
6529,0.00016264200057519368
6530,6.575312955078971e-05
6531,0.00018815135885193635
6532,0.00014718614924059145
6533,6.20542349101781e-05
6534,8.139822761905996e-05
6535,0.00010070031022642363
6536,0.0001285703471936014
6537,7.52347849919114e-05
6538,0.0001874462863899376
6539,0.00014785712771032275
6540,0.000182158255705323
6541,0.00013624219901973834
6542,6.449585538882306e-05
6543,6.130109636737704e-05
6544,6.809419216850197e-05
6545,6.6235296902484e-05
6546,6.316764449177775e-05
6547,0.00022270571157885963
6548,5.5110087430723474e-05
6549,0.00018106909874099141
6550,0.00016200773851928285
6551,0.00010529758989407812
6552,5.996320012448449e-05
6553,8.93378552929433e-05
6554,0.00014198269013174884
6555,7.919709341794252e-05
6556,0.0001167195849198574
6557,0.0001457304121911553
6558,0.00011037565324114568
6559,5.7046536074427974e-05
6560,0.0001908751256727558
6561,0.00012664453759361082
6562,0.00013062214218481386
6563,0.0001286228372667646
6564,4.3382310669382186e-05
6565,9.822902501901797e-05
6566,0.00018645553838861782
6567,0.0001290053427970734
6568,9.216648559553904e-05
6569,0.00021998863111232907
6570,0.0001704323591516612
6571,6.075374991392713e-05
6572,0.00014465612921974632
6573,8.034033532187586e-05
6574,0.00010705404385490084
6575,9.209395196970078e-05
6576,0.00013513566593796367
6577,6.86532117942059e-05
6578,0.00016227108338453972
6579,0.00013946851830179787
6580,0.0001815331458038204
6581,0.0001542162831548667
6582,0.00010162115407902442
6583,5.8585459747701635e-05
6584,0.00029531875156931615
6585,8.38515864654663e-05
6586,0.00011900064519161803
6587,0.00019607868201078737
6588,0.00019926432394751025
6589,7.931183154697813e-05
6590,9.934628496304206e-05
6591,8.214930439375912e-05
6592,0.00011327174365765802
6593,6.417008983850984e-05
6594,0.00018237177471444415
6595,4.593434921622435e-05
6596,9.937724770501962e-05
6597,0.00010700774905377121
6598,0.00015561056798487323
6599,4.737626097597558e-05
6600,6.446785406504218e-05
6601,0.00012698214712510194
6602,9.857987289478546e-05
6603,6.754240761676301e-05
6604,0.00013076566047997656
6605,0.0002282096309125321
6606,0.00011655916138337953
6607,0.00018150834531670474
6608,3.607400485430946e-05
6609,8.900092419338019e-05
6610,9.71420071216691e-05
6611,5.512381920433438e-05
6612,0.00015429223380755298
6613,2.0475245908201733e-05
6614,0.00014858612237156766
6615,0.00014937026719590216
6616,0.00019721312951932648
6617,0.00012730547447341217
6618,8.314730004804318e-05
6619,0.00011306663651434341
6620,5.973185577512844e-05
6621,0.00018701207011527556
6622,0.00010672029496488336
6623,0.00010904579678872949
6624,0.0001622052568358595
6625,5.338678026877248e-05
6626,0.00013527844214108353
6627,0.00021972556389765206
6628,6.822756884843713e-05
6629,9.84613634288502e-05
6630,0.00012612594910635285
6631,9.374778710491359e-05
6632,0.00013786787272618896
6633,4.847378076507952e-05
6634,0.0002494172511616936
6635,0.0001002884256750753
6636,0.00012195027529226992
6637,0.00011966092444867137
6638,0.0001436324462743312
6639,3.5958685369268713e-05
6640,0.00010620374835499276
6641,5.972602754400819e-05
6642,0.00018762563623653882
6643,0.0003454894070070704
6644,5.3514427542271215e-05
6645,4.946384738009133e-05
6646,0.00022730190214301964
6647,7.481888909308357e-05
6648,7.51380822087941e-05
6649,8.622637549863927e-05
6650,0.00012621988757363978
6651,5.7402300120155965e-05
6652,0.0001813544199426607
6653,7.168268514603884e-05
6654,0.00015385797781042654
6655,5.2303302829287014e-05
6656,5.009122524893904e-05
6657,7.769221215017849e-05
6658,5.757318089401135e-05
6659,6.199324700920466e-05
6660,0.00010663983416258645
6661,7.00040024135855e-05
6662,8.553783734735781e-05
6663,0.0002361272361636593
6664,0.00014543591418585329
6665,0.00012826280734193265
6666,0.000432307133878975
6667,4.064260507109494e-05
6668,8.123320467294984e-05
6669,6.721665537995884e-05
6670,3.408756034637947e-05
6671,0.00015003649604848707
6672,7.49971762401383e-05
6673,0.00010816130789805796
6674,0.00012354739534085847
6675,6.63086347096651e-05
6676,8.068552518161333e-05
6677,8.115580631479631e-05
6678,0.0001524982115378727
6679,0.0002897577637337282
6680,9.908932755656092e-05
6681,0.00015224559599624212
6682,0.00013614512243294934
6683,7.973529945792212e-05
6684,8.998380137553542e-05
6685,0.00010875545342652694
6686,9.594114086822729e-05
6687,0.0001890317996060383
6688,0.00014139287175340463
6689,0.00016349758587075607
6690,9.738260737482388e-05
6691,6.614692407425268e-05
6692,0.00023080498591013465
6693,9.942580548528202e-05
6694,6.471164557752545e-05
6695,6.0537158538108294e-05
6696,0.00014097598027715627
6697,0.0003273518659014536
6698,0.00011237447169622757
6699,0.0001353476523719373
6700,0.00011634946372416651
6701,7.739140801564404e-05
6702,4.20508011320179e-05
6703,6.279051037348475e-05
6704,0.00021463074448500744
6705,5.817037121027222e-05
6706,4.5532570332246e-05
6707,0.00011453698423373556
6708,5.087858130424638e-05
6709,0.00011907180996090423
6710,0.0001961993359239694
6711,7.805049433256895e-05
6712,0.00015201619226962737
6713,0.00010630370272449853
6714,6.805823232352782e-05
6715,0.00021551307345500664
6716,9.067700171738868e-05
6717,0.00010265492615116825
6718,0.00030452908005307056
6719,0.00013736853716837368
6720,0.00012037747436127583
6721,4.491817085943125e-05
6722,6.669261770547953e-05
6723,0.00013245516682593763
6724,0.00018355919154994214
6725,0.00019552034838694456
6726,0.00011442524160820923
6727,7.901947259655622e-05
6728,0.00014096307562083812
6729,7.705813750555855e-05
6730,3.1783729592543414e-05
6731,0.00021705976294973092
6732,5.322540327000758e-05
6733,0.00018602508950391606
6734,9.180695565796118e-05
6735,0.00016325788681021992
6736,6.675083065387633e-05
6737,0.0001090017249806286
6738,0.00015618326945834087
6739,7.45342316722168e-05
6740,0.00018314670595420115
6741,7.242553827129945e-05
6742,4.741846219218187e-05
6743,0.00012746052519222204
6744,0.00010071455478264667
6745,0.00011898446932258817
6746,8.440554641603967e-05
6747,0.00011573698531993837
6748,8.83186177293491e-05
6749,0.00013108411658638256
6750,0.0001599468501270971
6751,7.242056541935621e-05
6752,0.00010216107709655952
6753,6.636139921062981e-05
6754,6.459358736727519e-05
6755,8.558499069269188e-05
6756,6.907898337325933e-05
6757,0.0002147376045954814
6758,0.00019243929810372265
6759,7.934300287360541e-05
6760,0.0002761347206693205
6761,9.785720701325225e-05
6762,0.0001603102579011955
6763,0.0001496295799347742
6764,4.7115171231975714e-05
6765,8.014912693624122e-05
6766,0.0001283051185135052
6767,0.000146419641324367
6768,6.42429284815336e-05
6769,8.035927380438297e-05
6770,6.827199158733416e-05
6771,0.00016756502749729342
6772,2.452457926020571e-05
6773,0.00017997858709946392
6774,5.674092835613752e-05
6775,0.00014112514739191836
6776,4.806345060258132e-05
6777,0.00011951532838125609
6778,5.782166278995402e-05
6779,5.285211840489552e-05
6780,0.0002970668542535214
6781,0.00028089679736921844
6782,6.450143787045926e-05
6783,0.00016128037613808577
6784,9.243163944805279e-05
6785,5.400142469359797e-05
6786,0.00026470117927700595
6787,7.746822755194282e-05
6788,0.0001139533039418444
6789,0.00010544269443645392
6790,0.00011292061092226346
6791,0.00011965324996012524
6792,7.70424503891524e-05
6793,0.00017843782172011343
6794,0.00011005901658615435
6795,6.733291390350956e-05
6796,0.00026659453155324726
6797,8.467855420072511e-05
6798,0.00010918891513353529
6799,0.00010667571604694197
6800,9.932120035371014e-05
6801,7.55161047248903e-05
6802,3.803225287836833e-05
6803,6.0893315519968464e-05
6804,0.0001187132090755889
6805,8.965979876322908e-05
6806,0.00011582988346440384
6807,0.00014218241934898796
6808,6.473659377862932e-05
6809,0.00030410916196413194
6810,0.00011684840200202228
6811,0.00015543418224371375
6812,0.00019912753351516657
6813,7.136216068275879e-05
6814,0.00010370835433461788
6815,0.00012925513602512706
6816,0.0001745699736780738
6817,5.975705311008114e-05
6818,0.00011016466014159061
6819,0.00014116692680688197
6820,0.0001343116380583503
6821,6.834423568065569e-05
6822,0.00012714004907139493
6823,8.528316758895583e-05
6824,9.563466096914418e-05
6825,3.828626848705827e-05
6826,0.0001463449280084428
6827,5.297734661313505e-05
6828,0.00019668038433478572
6829,7.158787371291124e-05
6830,0.0002136932525599004
6831,8.710121008248964e-05
6832,0.00015014307276918785
6833,0.00011172107288576331
6834,8.292866142449607e-05
6835,0.0001613704896269329
6836,0.00010928919917875266
6837,4.0830420561078395e-05
6838,9.297439089233397e-05
6839,6.909086886593018e-05
6840,5.3997488797874455e-05
6841,0.00015368657391633643
6842,4.782716451675268e-05
6843,0.0001365669492324019
6844,7.43026648558353e-05
6845,6.57840907564956e-05
6846,5.4966580593320066e-05
6847,5.349165519511827e-05
6848,0.0001576832896776531
6849,0.00014871553642378305
6850,5.521982303238637e-05
6851,6.455843532594608e-05
6852,0.00015238533905953097
6853,0.00016429970250450126
6854,0.00011258159935472958
6855,7.389896699462064e-05
6856,6.689763631770683e-05
6857,0.00014442190542387454
6858,9.451587334440023e-05
6859,0.00012209209881064572
6860,0.0001804097778187103
6861,4.494906908453489e-05
6862,0.00023000689974629092
6863,0.0001449636318224365
6864,9.963523287362779e-05
6865,0.00012177521601515015
6866,0.00012117753561368964
6867,6.915037299855129e-05
6868,0.0001579515492466979
6869,0.00015018963823993774
6870,0.00010217536997321511
6871,0.00024171205355965657
6872,0.00012105122696526812
6873,9.395726502033541e-05
6874,0.00018566279869179018
6875,0.00014539177137278133
6876,4.7061956548195784e-05
6877,0.00012205978462517877
6878,0.0001502725291720282
6879,7.042038984375556e-05
6880,0.00018993149630496653
6881,0.0001807620168057143
6882,0.0001829566411615489
6883,0.00011936170847883082
6884,6.919314522358485e-05
6885,0.00015422871090828432
6886,9.68835149119127e-05
6887,0.00010252609127396868
6888,7.056658019461985e-05
6889,0.00011405625676279784
6890,0.00010052644689517986
6891,0.00020525643967496477
6892,0.0002242169777676494
6893,0.00011876509119726243
6894,0.00022119620882244257
6895,0.00015036546307258257
6896,2.7371862422398506e-05
6897,7.6422178159858e-05
6898,9.68510762815367e-05
6899,7.700757563773025e-05
6900,0.00012618293390118487
6901,0.00017243903793860552
6902,0.00012239844742595755
6903,8.729296871662665e-05
6904,3.530525517320993e-05
6905,0.00011984759501612741
6906,0.00014388435048118153
6907,0.0001477775351780868
6908,0.0001019715596148808
6909,6.111831716559471e-05
6910,0.00016199528310332974
6911,0.00011269993879410059
6912,0.00011828748648526542
6913,0.00010538362768600059
6914,5.3182368344757765e-05
6915,7.438497801514223e-05
6916,3.350535248494645e-05
6917,6.679458666605293e-05
6918,9.308480988715767e-05
6919,9.007539548353132e-05
6920,0.00011061361718536004
6921,0.00010504226765549263
6922,0.00018661408033399338
6923,0.00014144207840258272
6924,6.542293906424525e-05
6925,0.0001283397207993761
6926,0.00012414823476691086
6927,0.00011124847889933598
6928,0.0001271321159738729
6929,6.832307692785707e-05
6930,5.548967644965783e-05
6931,9.225809648163029e-05
6932,8.376986839883512e-05
6933,8.405477318357232e-05
6934,7.302746391073728e-05
6935,0.00014027650348762502
6936,7.87547603214463e-05
6937,8.029804914119926e-05
6938,8.460291150283843e-05
6939,0.00013033172711493087
6940,3.9967819908019366e-05
6941,7.521419741040682e-05
6942,0.00013974959064256515
6943,6.804566150271322e-05
6944,0.0002471876484639083
6945,9.334055379960966e-05
6946,0.0001812747857363005
6947,0.00014698865575948694
6948,0.00018103450240227072
6949,8.294098479511055e-05
6950,8.574704441761889e-05
6951,9.95397701580475e-05
6952,9.874895584527925e-05
6953,5.285759911092751e-05
6954,0.00010857990755660455
6955,0.00013090361071365115
6956,8.16421748495136e-05
6957,7.651696375244297e-05
6958,7.725387712408589e-05
6959,9.168380347464387e-05
6960,4.168321862267483e-05
6961,5.426541526526576e-05
6962,6.063758485247642e-05
6963,7.964913159859043e-05
6964,0.00010853132303584014
6965,0.00023897187491285572
6966,6.368323089818061e-05
6967,8.062712448769431e-05
6968,0.00010198772454421981
6969,8.382207704948842e-05
6970,0.00013754925739859557
6971,8.529778943500775e-05
6972,0.0001454610831507879
6973,0.00024127019678456187
6974,0.00017362797878450346
6975,0.00014845472708828128
6976,3.8456957222769445e-05
6977,0.00017492719037570583
6978,0.0001620322219010735
6979,0.00010485462474581191
6980,0.00012060417508524064
6981,0.00010428913562246639
6982,7.225696819640913e-05
6983,9.74167080611145e-05
6984,7.139667594601686e-05
6985,3.991932830830718e-05
6986,1.688948910682168e-05
6987,7.758048085246123e-05
6988,0.00021393662180410839
6989,8.142586088968133e-05
6990,8.457144221590757e-05
6991,7.07081250351469e-05
6992,8.77748547423571e-05
6993,2.4243768662254925e-05
6994,0.00012349219578096675
6995,5.305250414271703e-05
6996,0.0001146623808860113
6997,5.8799866005512083e-05
6998,6.490132707148142e-05
6999,0.0001883473218434476
7000,0.00022962049615502775
7001,0.0002067218503797185
7002,8.213574408150543e-05
7003,6.354484043920712e-05
7004,0.0002913375608282977
7005,9.595345967696744e-05
7006,0.00020584303627769725
7007,0.00011718894288622215
7008,7.003363421329966e-05
7009,5.087085883413527e-05
7010,1.9663243433150344e-05
7011,5.666603840692565e-05
7012,0.00014894942257541916
7013,0.00025168663796662667
7014,0.00011588923192839197
7015,2.6908933154021408e-05
7016,0.00015711048122840583
7017,0.0001286099242243756
7018,0.0001381932063133814
7019,7.027034450185119e-05
7020,7.315310174707043e-05
7021,3.3931712793526044e-05
7022,0.00013454061621756474
7023,0.0003027522536225361
7024,0.00017807554995918814
7025,0.00019017032985039545
7026,0.00016935710148459015
7027,0.00023455427174209748
7028,9.567120280149521e-05
7029,3.8609087260031824e-05
7030,0.00016881481435403873
7031,7.889165287833594e-05
7032,0.0001770893154888024
7033,3.659196970957642e-05
7034,7.918583987737999e-05
7035,9.12781101104264e-05
7036,0.00014622352238582287
7037,0.00017396084578413283
7038,0.00013223566436324614
7039,2.987554797131646e-05
7040,5.2524538177469265e-05
7041,5.248207595371171e-05
7042,3.853703740548571e-05
7043,6.275724525611707e-05
7044,4.7407722628662667e-05
7045,7.596263498533135e-05
7046,6.808075015364137e-05
7047,3.631883035894599e-05
7048,5.6219593480442116e-05
7049,8.81174021685616e-05
7050,4.2010716017285596e-05
7051,0.00015018587818742954
7052,0.00019262563748687127
7053,6.160238609992606e-05
7054,0.00020311998456510005
7055,0.00013367107559562405
7056,0.00010872702230182936
7057,0.00015993276930667303
7058,0.00023266937507999939
7059,5.683243243734398e-05
7060,8.811119244995648e-05
7061,0.00013714513592900896
7062,0.0001312270107419566
7063,0.00013609139318725627
7064,0.00010645402839587775
7065,0.00011624507598135902
7066,9.292877925462916e-05
7067,9.289266340386673e-05
7068,0.00010471680168455359
7069,0.00024624729943421625
7070,0.00014277634767918574
7071,0.00011372667218746755
7072,0.0002613663929979811
7073,0.00010001634087743553
7074,0.0001372514764528641
7075,7.322744727726992e-05
7076,0.00011199198099427518
7077,0.00013751091950026838
7078,0.0001905217683000011
7079,3.6145547751801856e-05
7080,0.00012091195454000644
7081,3.721258822478732e-05
7082,4.7293897870927154e-05
7083,0.00018930436821442635
7084,0.0002448468835658246
7085,5.378088656379364e-05
7086,0.00024716331029229355
7087,9.531347810479512e-05
7088,0.00011282148853525813
7089,0.00016266564950768634
7090,0.0001212358195309708
7091,6.172389773183575e-05
7092,8.431127678463221e-05
7093,0.00016237994417277288
7094,0.0001651197317064641
7095,8.028478431353956e-05
7096,3.489976092187396e-05
7097,9.173470276368909e-05
7098,0.00015724426429244471
7099,6.0416635688918326e-05
7100,7.581038771237889e-05
7101,0.00015395732162736567
7102,9.468514161980974e-05
7103,0.00023341152982891419
7104,6.553055118822565e-05
7105,8.570570808772198e-05
7106,7.724004852955562e-05
7107,0.00014075133118776598
7108,0.00015430320953348174
7109,0.00017582783658441295
7110,5.7008244438878745e-05
7111,0.0001446756103450364
7112,0.00014654576604863876
7113,0.00010405679290819622
7114,0.00010936401128279348
7115,0.00010446238018892988
7116,0.00021785779745609493
7117,0.00015898512748978798
7118,0.00016462103504415046
7119,0.00025248861051389875
7120,0.00019391205557729797
7121,7.814280539245654e-05
7122,7.481881994270633e-05
7123,8.68764342029887e-05
7124,0.00018663367723908947
7125,3.2652805278753536e-05
7126,6.359883977682331e-05
7127,3.6675071632066134e-05
7128,0.00013166113457486017
7129,6.492815313839918e-05
7130,8.687163994860473e-05
7131,7.260917003000079e-05
7132,0.00010365808509581252
7133,7.257738418835995e-05
7134,0.00014502586452712064
7135,6.93451984572532e-05
7136,6.900271316839232e-05
7137,0.00011878445640841613
7138,0.00011892212204799984
7139,0.00016108488285790628
7140,4.9993753411243814e-05
7141,0.00012120664201782358
7142,0.0001123412401142096
7143,5.432564027480737e-05
7144,0.0001600189490988684
7145,0.0001423488290615211
7146,0.00013006393644893535
7147,2.8520320596634636e-05
7148,5.038107019211418e-05
7149,4.302721762615719e-05
7150,0.0001061179850097589
7151,0.00010346189881236299
7152,0.00012087798670996658
7153,5.526195224559119e-05
7154,0.0001382142700953131
7155,0.00012783774429344692
7156,0.00023594551939715432
7157,6.76200298428557e-05
7158,0.00011639705081843876
7159,0.0001507881337814135
7160,0.0001023283097958355
7161,0.00013943064738796112
7162,6.32848081115838e-05
7163,8.755844169580537e-05
7164,0.00019385192289573654
7165,0.00018627609935423738
7166,0.00022692018077639402
7167,7.17113316468484e-05
7168,8.372245590619461e-05
7169,6.20204378453973e-05
7170,4.085571870413935e-05
7171,9.413593774492222e-05
7172,0.0001198923977535795
7173,0.00013581363173129733
7174,9.775497656545738e-05
7175,0.00011701038413162247
7176,7.96800813125131e-05
7177,0.00015779661473593726
7178,7.071772326779766e-05
7179,7.297464820830956e-05
7180,7.692635164142135e-05
7181,5.9139925589455305e-05
7182,0.00011180819170233575
7183,6.458217348909993e-05
7184,7.784976349277022e-05
7185,0.00016037001228173342
7186,7.485840465519921e-05
7187,6.079980296057154e-05
7188,0.00034986312476976316
7189,0.00018684100062575824
7190,0.00017249997912890136
7191,6.96642872327792e-05
7192,6.51274765963286e-05
7193,0.0003345117258374459
7194,4.192933849809836e-05
7195,6.763599329879148e-05
7196,0.00010619188232471512
7197,9.765431903392344e-05
7198,4.3623170164221e-05
7199,5.0913469631367654e-05
7200,0.00010011161478384835
7201,0.00019180968441513007
7202,0.00031570943291963163
7203,9.842452377078597e-05
7204,0.0002494790697093586
7205,8.393738596768992e-05
7206,0.00012589158128113612
7207,0.00010706152661306984
7208,2.47745182659699e-05
7209,8.842725542414134e-05
7210,0.00017831185215093947
7211,0.0002807155112644056
7212,6.752817006506236e-05
7213,0.00023481472319314322
7214,9.538015575557045e-05
7215,9.351931239361755e-05
7216,0.00011861808757802634
7217,0.00018521662419000327
7218,0.00015305905300025537
7219,8.885699009828338e-05
7220,0.0001950618572730228
7221,8.507571875684641e-05
7222,0.0001162221026273161
7223,9.74399861800617e-05
7224,9.72358941855421e-05
7225,0.00028214890285129836
7226,5.04714637442654e-05
7227,0.00012003817367697392
7228,0.0001793824269181172
7229,6.689540455748978e-05
7230,0.0001301977392264766
7231,0.00021277250967563374
7232,0.00012697889430807028
7233,0.0001437935025973112
7234,9.666480860379687e-05
7235,0.0001465154734864355
7236,5.384653899721891e-05
7237,0.00015645302060063188
7238,5.530578348464381e-05
7239,0.00012491070876573344
7240,0.00011479020890298502
7241,0.00019828946149658635
7242,0.00013312513370292506
7243,0.00018271316845211948
7244,8.625450129440801e-05
7245,0.00011553446276924503
7246,5.028353554531351e-05
7247,0.00013227030472821418
7248,5.60511129708842e-05
7249,9.451389117010191e-05
7250,0.00015019179599729034
7251,0.00021695287497682913
7252,0.0001258803221284935
7253,5.167488372246682e-05
7254,3.4166174936231805e-05
7255,0.00010396465367735406
7256,6.375078888345085e-05
7257,0.00017272502555059114
7258,7.918439580238752e-05
7259,0.00010764790881861079
7260,7.851814508729046e-05
7261,0.00022990478252456323
7262,2.695378124209673e-05
7263,0.00014828244391103818
7264,9.566435569391543e-05
7265,0.00014633896389173434
7266,0.0001136350699423523
7267,6.790794113787474e-05
7268,0.00010050460156306416
7269,0.0003511687863462369
7270,0.0002214832749234884
7271,5.626519357787455e-05
7272,6.712125126817282e-05
7273,0.00010648148659643116
7274,0.0001922736029225534
7275,0.000256694577497427
7276,0.00017455168888144717
7277,0.00015332740667018307
7278,0.00014380102406134145
7279,0.00014161474888452208
7280,6.927245819291541e-05
7281,0.0001138994050181828
7282,0.0001010502476851665
7283,7.370545255522886e-05
7284,4.775871301258993e-05
7285,0.0001590243517827296
7286,0.00017762706752488827
7287,6.98717564908134e-05
7288,0.00020304884558194696
7289,0.00016632097694449939
7290,0.00016912371385173461
7291,8.661439606210044e-05
7292,0.00022986233596957204
7293,6.62501394496709e-05
7294,7.444726145151514e-05
7295,7.18617036272055e-05
7296,0.00013610574398058105
7297,9.444997972630708e-05
7298,2.4518832796867835e-05
7299,0.00014712618515496138
7300,4.286090378835741e-05
7301,8.222945818546307e-05
7302,0.00020510850093606126
7303,0.00020862120492051207
7304,0.00025753145373245105
7305,0.0001913584829646621
7306,4.416258389209006e-05
7307,0.00019731359285053926
7308,0.00020124277260737163
7309,4.2380922622450624e-05
7310,0.00010163270848467372
7311,9.35750480839281e-05
7312,0.00010236067239796931
7313,0.00011476906574853929
7314,0.0001699884198038108
7315,0.00020851061519469482
7316,3.711252267776305e-05
7317,0.00011151249310369359
7318,0.00016526213251679079
7319,7.661834045858811e-05
7320,6.923773443387202e-05
7321,0.00010697658605032434
7322,0.0001152203891090688
7323,0.00014055017301358705
7324,0.00013231226052794112
7325,0.00012653182535989063
7326,8.894229484057878e-05
7327,0.00011680016867336615
7328,2.1160779265510648e-05
7329,0.00010194730720643694
7330,5.548759079733545e-05
7331,4.707938429466097e-05
7332,0.00010918547506556301
7333,9.221011987873986e-05
7334,4.676929322452356e-05
7335,7.216560288319512e-05
7336,7.132561471694371e-05
7337,0.0002090843843591467
7338,6.814289569595768e-05
7339,0.00010237701303093146
7340,0.00010131098632123437
7341,0.00014667106683984601
7342,0.00010420553590679738
7343,5.089563966679747e-05
7344,6.981642572879327e-05
7345,0.00013325849091177573
7346,7.93021615405774e-05
7347,6.857735062398856e-05
7348,8.836975631144234e-05
7349,0.00025251090918222257
7350,8.360473703462144e-05
7351,9.430211359978243e-05
7352,7.52661607595627e-05
7353,5.262079319675757e-05
7354,0.0001936367920089234
7355,9.736431616539287e-05
7356,0.00011175953574737803
7357,6.474130014667772e-05
7358,0.0002339174781166601
7359,9.206794208911646e-05
7360,5.924104708932529e-05
7361,0.0002560558614232472
7362,0.00015205128072648486
7363,6.594185260737948e-05
7364,0.00012553299850172735
7365,7.741515497299932e-05
7366,0.0001255671048269278
7367,5.14251074148486e-05
7368,9.724348691415184e-05
7369,0.00012728046705094286
7370,8.953142097647837e-05
7371,4.8140684735295445e-05
7372,7.211743789604542e-05
7373,0.00010296006605196364
7374,0.0001028706818984885
7375,0.00012540063785663742
7376,6.637512754914059e-05
7377,0.00015401337387133904
7378,0.00011935951223846357
7379,0.00012797929387075283
7380,8.434817172001698e-05
7381,0.00011809067051962922
7382,7.182423110371977e-05
7383,0.00015489416898168415
7384,0.00014213243952339842
7385,0.00010982685044044001
7386,0.0002013234972628446
7387,0.0001902273514930153
7388,8.564244563250756e-05
7389,5.079718332103981e-05
7390,0.00012054888448952684
7391,7.672972752025204e-05
7392,0.00015242234816744405
7393,4.909340119407949e-05
7394,6.58928410242126e-05
7395,5.7117686501980577e-05
7396,3.686115089719535e-05
7397,7.553664810775922e-05
7398,0.00018837618485233304
7399,4.803445146525128e-05
7400,0.00010788759932432219
7401,3.998982912040686e-05
7402,0.00011334277742456948
7403,9.191132755388871e-05
7404,0.00011935942830538632
7405,5.464466721085064e-05
7406,6.44871505996156e-05
7407,0.0001113796451931892
7408,0.0001292580290407754
7409,0.00011839409445768387
7410,2.992791549217932e-05
7411,0.00012385044565458838
7412,7.144161369382964e-05
7413,0.00023227236325580575
7414,7.419939198364148e-05
7415,1.9724342814839134e-05
7416,7.48276408959268e-05
7417,9.661048432010946e-05
7418,7.653229105477192e-05
7419,4.007334774812584e-05
7420,0.00017714332002137872
7421,6.109288440523861e-05
7422,0.00013143570281979667
7423,0.0001605954436594247
7424,0.0002445024048045499
7425,0.00012625196015794067
7426,8.965799408148222e-05
7427,7.238325415739735e-05
7428,0.0001349151371644273
7429,8.130802970695615e-05
7430,0.00010670614823284334
7431,3.0831736826073595e-05
7432,9.027835517026948e-05
7433,3.0389369379966166e-05
7434,2.8115934998020967e-05
7435,7.452159615463934e-05
7436,0.00022159694929193126
7437,0.0002151011945591663
7438,3.7784660385704043e-05
7439,5.933153661308485e-05
7440,8.03361461719652e-05
7441,7.429625140710818e-05
7442,0.00016547874327827762
7443,0.00017844806107704335
7444,0.00010762520132116701
7445,7.418279899344208e-05
7446,6.60762884719351e-05
7447,0.000165370469555185
7448,0.0001400276328733049
7449,0.00018369891234327324
7450,8.518511707556974e-05
7451,0.00011163881966623886
7452,4.017067686156279e-05
7453,0.00015708442190421064
7454,0.00019501396612837333
7455,8.765528994290948e-05
7456,7.526983484894505e-05
7457,0.00016206426768954
7458,5.414469813418291e-05
7459,5.9817222369502816e-05
7460,4.600385470943302e-05
7461,0.0002791875430192368
7462,7.976430016983031e-05
7463,0.0001931087276432979
7464,4.833074073997522e-05
7465,5.44851078992562e-05
7466,3.346696296009192e-05
7467,3.731688479950002e-05
7468,4.6886648247579786e-05
7469,9.28848545780118e-05
7470,6.111356149929638e-05
7471,0.00019226800294976461
7472,0.0001264261026392324
7473,0.00016511259549433687
7474,0.00013350508777932994
7475,8.816445267594091e-05
7476,0.00013874422253767568
7477,7.616700406349106e-05
7478,0.00019181669424356138
7479,9.548385884577861e-05
7480,0.00024033813377239164
7481,0.00013113893249941673
7482,0.00016944047123261419
7483,2.744221777581805e-05
7484,0.00012164137926005547
7485,0.000397935908537141
7486,0.0001500152721211534
7487,5.939334337684856e-05
7488,6.350498072728834e-05
7489,0.00010565599647742587
7490,0.00011116997229636632
7491,0.00010719495883427667
7492,0.00010797043861939506
7493,0.00011372890615120322
7494,0.00019770264583921028
7495,6.96081284922848e-05
7496,6.0707601112930184e-05
7497,0.0001519267358489576
7498,3.854841788457343e-05
7499,0.00017349583279548878
7500,0.00010117523822047754
7501,0.0001328627459346745
7502,0.00014117065529843328
7503,5.592268040398069e-05
7504,5.938169366891529e-05
7505,0.00010771020304577408
7506,6.288746279524888e-05
7507,0.00012548383704962115
7508,8.359562562787664e-05
7509,7.209618385831216e-05
7510,0.00023645487773232322
7511,0.0001487401285257397
7512,8.790730290548198e-05
7513,3.823247180515261e-05
7514,0.00017147380137929138
7515,0.00011705427427066984
7516,9.544970036846521e-05
7517,0.00019076438591717517
7518,0.00015858411755106938
7519,0.0003123011061056342
7520,0.00014076353795582243
7521,0.00021208953726015834
7522,0.00019995982401536645
7523,7.950692030232365e-05
7524,8.017588001274525e-05
7525,0.00012327100051495453
7526,0.00010273847466653179
7527,8.474148445415054e-05
7528,0.00017751854225931012
7529,0.0001474119771508973
7530,0.00011775612594363256
7531,7.45726879751395e-05
7532,0.00020297253800309232
7533,3.26486535687471e-05
7534,0.0001195596519905712
7535,0.00019052901837915756
7536,8.282106600932089e-05
7537,0.00010816267813195631
7538,6.73314709410771e-05
7539,9.961403342900847e-05
7540,4.604022647299626e-05
7541,0.00015918718437808925
7542,0.00013064931590064656
7543,9.300016695846776e-05
7544,0.00018096410588796746
7545,0.00015484523284742014
7546,0.00022356489020493151
7547,7.254371931375137e-05
7548,0.00015833029912985534
7549,6.372159003099776e-05
7550,6.123609949603886e-05
7551,9.986831512653508e-05
7552,1.7795507982815986e-05
7553,9.941133613023164e-05
7554,8.022751644417496e-05
7555,7.949850584540363e-05
7556,8.785427630749658e-05
7557,3.4960272001936624e-05
7558,0.00011057613998812791
7559,0.000106985183670319
7560,3.4774750470317756e-05
7561,0.00013400707998671395
7562,0.00019974807896130876
7563,6.212820296208877e-05
7564,0.0001391928577330394
7565,0.00010458834014127842
7566,4.6263870142471844e-05
7567,3.962304740397026e-05
7568,0.00019408810261697354
7569,7.2623128502486e-05
7570,6.31032102623617e-05
7571,9.903188922566036e-05
7572,5.734158857494975e-05
7573,0.000193122106186793
7574,0.0001821265961750307
7575,9.881809044227878e-05
7576,0.00022522073500053818
7577,0.00014281837776936417
7578,3.7024146140859806e-05
7579,0.00010125240334187588
7580,0.00035207240577309046
7581,2.6388776667488988e-05
7582,8.22534161344884e-05
7583,6.651836836901463e-05
7584,0.0001121786316996766
7585,0.0001607559960515106
7586,5.817239516760461e-05
7587,7.375144441503069e-05
7588,6.738146519850053e-05
7589,0.00014265578967052043
7590,0.00010636261520556394
7591,9.763291665457736e-05
7592,0.00014921395264740495
7593,0.00014072349927009544
7594,0.00015384361892367845
7595,0.0001340527406390901
7596,0.00012685751357338314
7597,0.00031118200849851387
7598,8.044921137430253e-05
7599,0.0001210134416403069
7600,0.00013820061144434803
7601,0.00015221928138782552
7602,6.650256646477612e-05
7603,0.00013086866227051728
7604,0.00015629829318448017
7605,0.00020527501229477632
7606,8.813487695883813e-05
7607,4.637482278965087e-05
7608,0.0002514901406677437
7609,0.0001428920729290063
7610,9.442652831964324e-05
7611,7.512080342371894e-05
7612,8.19162233093623e-05
7613,9.980600883975116e-05
7614,7.988887409527253e-05
7615,4.039735070285221e-05
7616,0.00010881150285595052
7617,0.00014088489845301162
7618,0.00010628926813372472
7619,0.00013405589762042022
7620,6.978520455128345e-05
7621,0.00047353336190366106
7622,0.00020777422835993234
7623,0.00016272853381848616
7624,0.00023273669952138208
7625,0.0001537184775051419
7626,0.0001451522274129065
7627,0.00014951851442839578
7628,0.00011053314445638395
7629,7.018049174362533e-05
7630,6.736371609870336e-05
7631,0.00021740726221990595
7632,0.00011950334807472677
7633,0.00014543263089507078
7634,9.891054753446621e-05
7635,0.00011527541331649391
7636,0.0001385839410765052
7637,9.162592660234045e-05
7638,0.00016157665502262013
7639,5.377536236829515e-05
7640,0.00011337608765415182
7641,0.00023802416374207438
7642,0.00017780536359426465
7643,8.660449977416907e-05
7644,6.716231148166291e-05
7645,6.938970215568033e-05
7646,0.00017715901177429254
7647,8.145172706817614e-05
7648,3.169691339553164e-05
7649,0.0001866305737458865
7650,8.044885657741027e-05
7651,0.00011320573776527078
7652,4.786877718303887e-05
7653,5.6986369883198695e-05
7654,8.252518037426248e-05
7655,8.739846021149113e-05
7656,0.00012974645130346368
7657,0.0001396076364144541
7658,2.8552649477075006e-05
7659,0.00019062561239209115
7660,4.940669665341545e-05
7661,0.0001466729105043143
7662,0.00012316196180270694
7663,0.000195289594209751
7664,9.490922652968158e-05
7665,0.00017301241114410287
7666,7.155310357353327e-05
7667,9.032751749437892e-05
7668,9.295711710693439e-05
7669,8.496100727973201e-05
7670,7.060594566471858e-05
7671,0.0001730474380201984
7672,9.552545742171873e-05
7673,7.899413878365729e-05
7674,9.200709622340505e-05
7675,0.00011425381779760839
7676,0.0006212821304601357
7677,0.00012915594591210677
7678,0.0001145311594316683
7679,0.00010830317284589515
7680,0.00014835911266907452
7681,7.176196978081874e-05
7682,0.00011181402299328674
7683,3.306403760370563e-05
7684,0.0001160460216721166
7685,0.00014440488518641478
7686,6.98839193660262e-05
7687,7.125061648290377e-05
7688,0.00011067164951587408
7689,0.00022409714306062618
7690,5.3211686729094844e-05
7691,7.14483085320897e-05
7692,0.00022956974370326973
7693,0.00016367184369132988
7694,2.9354032048509117e-05
7695,7.736054911610475e-05
7696,0.0001127909643816883
7697,9.761168306184864e-05
7698,8.846432993522523e-05
7699,0.0003213418580228654
7700,0.00012609800507726418
7701,0.00011285526479561934
7702,3.1916000376617564e-05
7703,0.00010936958616142889
7704,8.593372966661335e-05
7705,3.61201726609592e-05
7706,9.243346559009648e-05
7707,7.23717130380757e-05
7708,0.00020572447596592413
7709,0.00020281312522675736
7710,5.8924406881328306e-05
7711,9.155244245661226e-05
7712,0.00011055690012440667
7713,7.854534833232722e-05
7714,3.587394607742305e-05
7715,3.877760625691983e-05
7716,0.00012796009967279843
7717,9.10724043247503e-05
7718,0.00022572304979581035
7719,0.00012755765675182912
7720,0.00015705612285646503
7721,0.0002698263676949355
7722,0.0002138463630467644
7723,9.621302533660762e-05
7724,0.00015101290405429284
7725,0.0001547342852766386
7726,0.00012505080646526716
7727,0.00014543792538291968
7728,6.767571563147253e-05
7729,6.123731370409769e-05
7730,6.923255308482328e-05
7731,0.00011144483125476597
7732,3.589778541743848e-05
7733,0.0001070502098229592
7734,0.00013365604479514143
7735,3.0042601938732306e-05
7736,6.0748542908508475e-05
7737,0.00010733835045980218
7738,0.0001287932507113074
7739,0.00012997421404169175
7740,0.00014076558563047136
7741,4.871487311071373e-05
7742,0.00013309396248660938
7743,2.2617610167902085e-05
7744,0.0002940855126769966
7745,7.072012298664326e-05
7746,0.00019877414368029962
7747,6.615326989137814e-05
7748,8.82258756810903e-05
7749,0.00012900814190616424
7750,0.00010857900916804068
7751,0.00014330564195040574
7752,4.017052764797264e-05
7753,4.360964991963715e-05
7754,0.00016844836391546953
7755,0.00014953238858189368
7756,5.247738769686639e-05
7757,4.187607642883768e-05
7758,0.00016527573430059143
7759,8.25872521451781e-05
7760,0.00017364654247863478
7761,9.983855974116981e-05
7762,0.00013060159224959766
7763,9.42242807267186e-05
7764,0.00010203582397789118
7765,0.0002058480437579965
7766,0.0002033937979847242
7767,9.066254656478012e-05
7768,5.914315188438052e-05
7769,0.0003430431162048326
7770,0.00015526222272988407
7771,0.00010758192899101444
7772,6.125212271458299e-05
7773,0.00012574205857772237
7774,0.00011571508554330024
7775,6.474957748306946e-05
7776,2.281369830332298e-05
7777,6.0564228911290366e-05
7778,5.9306920676581256e-05
7779,0.000233559344602092
7780,0.0001449620031557477
7781,0.00021842439107587784
7782,5.9913781409251047e-05
7783,0.00024048378406651077
7784,0.0001240371680759842
7785,7.753056900498905e-05
7786,0.00010513354951201055
7787,0.00013559777122318725
7788,0.00018970771504403126
7789,0.00015743967372907122
7790,0.00011019109198273323
7791,9.028501340154689e-05
7792,0.00014072955316806767
7793,9.717436579581484e-05
7794,0.00020166016418701274
7795,6.891419791610424e-05
7796,0.00013188456280446915
7797,3.373449703183998e-05
7798,9.183363567903219e-05
7799,8.962584832305034e-05
7800,0.0001133484100595692
7801,0.0001455109316260136
7802,0.0001102432098603312
7803,0.00022834252525719077
7804,9.891696810058127e-05
7805,0.00011832720996752119
7806,0.00020271195938889806
7807,6.656881832640621e-05
7808,8.814753026156798e-05
7809,0.00014362823974012866
7810,5.368494904462313e-05
7811,2.6512899082495827e-05
7812,9.779889251482519e-05
7813,0.00011893401179259541
7814,0.00010690491543164892
7815,0.0002766173399571747
7816,0.000286336051437886
7817,0.00020024034736503658
7818,0.00018464147960083586
7819,6.350343647502385e-05
7820,0.00024114200080623243
7821,3.849535396953704e-05
7822,4.192455471292711e-05
7823,6.322470392796287e-05
7824,9.580471052579176e-05
7825,0.0001001878550571701
7826,0.00013437088153850222
7827,0.00019853116379356107
7828,8.443253375013448e-05
7829,9.557005834682689e-05
7830,0.0002114246565136603
7831,0.00012922645135271546
7832,0.00011505637252988001
7833,5.6004374353278913e-05
7834,9.981663617273836e-05
7835,0.00012294071912486378
7836,9.491980841045413e-05
7837,0.0001772276539229264
7838,6.979599471253182e-05
7839,0.0001896537303388184
7840,0.0004595247342303945
7841,8.55970752628264e-05
7842,5.249694643727054e-05
7843,0.0002757837169895074
7844,0.0001113501139776282
7845,0.0002079357295842451
7846,4.636345480135222e-05
7847,6.172940640878872e-05
7848,7.241051936481378e-05
7849,0.00010500406042558214
7850,0.0002233686595147239
7851,7.250954937562458e-05
7852,7.031609933110338e-05
7853,0.00021200308284409462
7854,0.00013557093022135912
7855,0.0002809883259961582
7856,5.3179166366412386e-05
7857,0.00023448260418903124
7858,7.333586889056268e-05
7859,3.328881301922228e-05
7860,6.766483477974093e-05
7861,0.0001049371713593768
7862,0.00017521586445071017
7863,8.022665351655699e-05
7864,9.25525904237611e-05
7865,5.57100674103239e-05
7866,6.747362942969394e-05
7867,0.00017592242660293789
7868,8.695872979340976e-05
7869,0.00015692779600007064
7870,2.3527987527695448e-05
7871,0.0001173631851828042
7872,6.550321606445241e-05
7873,0.000113222261156441
7874,0.00012947964013634042
7875,0.00012828147934421962
7876,0.00016014358056043606
7877,0.00010028944404889839
7878,0.00024035192871727553
7879,4.16574761582032e-05
7880,9.211523346352403e-05
7881,0.0001399908436524223
7882,0.00015584546412196669
7883,5.221193496362794e-05
7884,0.00014797426544610714
7885,6.371408478016884e-05
7886,0.00014035104601349283
7887,9.235546677821059e-05
7888,9.809091203312456e-05
7889,4.4798555914798204e-05
7890,7.097574676077104e-05
7891,6.327968332646756e-05
7892,0.00016192357041572782
7893,0.00016336072147092148
7894,0.00013248188778183459
7895,4.451199892210985e-05
7896,0.00013143424766089807
7897,0.0001723189515342233
7898,0.00017939385266658428
7899,5.8436661215491764e-05
7900,0.00021955092140494518
7901,4.136769644247688e-05
7902,0.00014890722507500558
7903,0.00022353445991003945
7904,8.995541009894618e-05
7905,0.00021397103437316732
7906,0.0001655296095530855
7907,9.710391792037497e-05
7908,7.964632793482548e-05
7909,6.980527789315921e-05
7910,5.5439494627347065e-05
7911,0.00011910649185914869
7912,0.0002350361703653673
7913,5.7125464529433846e-05
7914,0.00021815440838522467
7915,6.337494765388094e-05
7916,1.988225485391564e-05
7917,9.21433145603159e-05
7918,9.359172207868225e-05
7919,8.329963789512817e-05
7920,3.591238639254998e-05
7921,0.00011859474212779156
7922,0.00014800268198823357
7923,7.829146381891164e-05
7924,0.00019374869145027005
7925,0.00010551262036531132
7926,0.00017457544835645727
7927,6.822589951524626e-05
7928,6.664612023992496e-05
7929,5.966445555829443e-05
7930,0.00012022182791200717
7931,5.512568940726624e-05
7932,5.185933582542507e-05
7933,0.00019609353048597198
7934,0.00021093520429142447
7935,4.4037258535004744e-05
7936,0.00010768718982557564
7937,6.304003518937997e-05
7938,5.4070201604161915e-05
7939,0.00012973508151789366
7940,0.00012695307629090408
7941,0.00015135628039129434
7942,0.0001304324397937872
7943,8.716114219335377e-05
7944,7.548813152225535e-05
7945,0.00014350168347226376
7946,0.00011033255011723069
7947,0.00012554576417030352
7948,0.00014772700803951792
7949,6.782071532606569e-05
7950,0.00016929977825274855
7951,9.45576589698179e-05
7952,0.00010900524538934633
7953,2.9988257946450364e-05
7954,5.655814726233632e-05
7955,6.936431943709392e-05
7956,4.8431687241040515e-05
7957,8.075163154865867e-05
7958,5.3587884154410425e-05
7959,8.973233661414521e-05
7960,0.00012185065519080193
7961,4.302231664435551e-05
7962,0.00017543614904223358
7963,0.00012088882704535035
7964,0.00010265633792906991
7965,0.00011427827935217067
7966,7.932671650977758e-05
7967,3.7789832190372874e-05
7968,0.00014989140443350197
7969,0.00010520449020265022
7970,9.926484788033218e-05
7971,0.00010772479901640355
7972,0.00025035208169717904
7973,3.103779244245351e-05
7974,9.070745140321579e-05
7975,7.878442264926278e-05
7976,9.42446092358126e-05
7977,6.797899407795039e-05
7978,0.00015187283499588908
7979,3.384305667637657e-05
7980,0.0001535299703770945
7981,8.33246498930896e-05
7982,0.00013555112928016267
7983,0.0001848509663972518
7984,0.00011552137811287263
7985,0.00015070606511421997
7986,0.0001402835741969972
7987,9.131687427638213e-05
7988,2.9232854005128144e-05
7989,4.867942753478684e-05
7990,7.54615025401854e-05
7991,0.00012464272437515337
7992,0.0001492667586126839
7993,4.345592438492694e-05
7994,0.00022089324931675032
7995,2.856646093298436e-05
7996,2.0167981813391247e-05
7997,0.0001738494332951438
7998,0.0001000012292807305
7999,0.00018795222590894137
8000,9.49695419271846e-05
8001,8.076439068008126e-05
8002,8.029335823556153e-05
8003,6.59977948605916e-05
8004,0.00017091315636816093
8005,0.00020622098807936747
8006,0.000142591447129147
8007,7.166778794086418e-05
8008,0.00016365719668637828
8009,6.903747304832521e-05
8010,5.1320738345110756e-05
8011,4.6883353235912754e-05
8012,4.4478921192140326e-05
8013,6.49784175493921e-05
8014,6.397998292624526e-05
8015,6.141561137759522e-05
8016,0.00015585221139090112
8017,8.424741055809942e-05
8018,9.050653034350776e-05
8019,7.090391895416149e-05
8020,0.00010707497318477055
8021,6.377655086258566e-05
8022,0.00011752838190269881
8023,0.00011532147097318188
8024,0.00013787120705537677
8025,9.39671713398253e-05
8026,0.00015809324474555774
8027,0.00011465688448208749
8028,8.000907675374392e-05
8029,8.052116405152648e-05
8030,6.0454764528548285e-05
8031,0.00013246342507391363
8032,0.00013259252436654493
8033,7.199501839693144e-05
8034,0.00010901548650119133
8035,0.00010855966168579333
8036,0.00027022938420820646
8037,0.0002000075035050512
8038,6.839025857294291e-05
8039,9.048477387967507e-05
8040,9.116006520278307e-05
8041,0.0001274565320553106
8042,0.00015096749514280334
8043,0.00013728109188455425
8044,0.0001780264858930071
8045,8.334202078668278e-05
8046,0.00011352181426745943
8047,4.572457746614242e-05
8048,0.00012100392721718383
8049,6.191739226610334e-05
8050,7.527234202544947e-05
8051,0.00011675386951607145
8052,0.00010627263056884395
8053,0.00019869567299004686
8054,5.6789430987580376e-05
8055,0.00010594704790560024
8056,0.00011119747151864432
8057,9.668247652316363e-05
8058,6.667267835138062e-05
8059,8.02474585397432e-05
8060,0.00014156972035176622
8061,0.0002621007411842671
8062,2.964172468636771e-05
8063,4.1383508300046496e-05
8064,0.00011045599799119687
8065,0.0002232901274571467
8066,0.0001514151221661013
8067,0.00015551756245783726
8068,0.0001186996242471933
8069,0.00011412557653777571
8070,9.39851370232533e-05
8071,0.0002038133557595741
8072,0.0001105131145818622
8073,0.00018198305485298227
8074,0.00014832420652233306
8075,8.856735839397446e-05
8076,0.00012423233716101802
8077,6.730078168602175e-05
8078,8.933871487512923e-05
8079,0.00013590831752900186
8080,0.00018961928213266015
8081,8.062080999418812e-05
8082,0.00018539656797730763
8083,0.0001261909443708337
8084,0.00011444687555689198
8085,5.932036867799709e-05
8086,4.378259441566534e-05
8087,9.160425112028628e-05
8088,9.691214953163594e-05
8089,0.00012661830795011072
8090,0.0001912076235671219
8091,0.00010825739521883524
8092,0.00010624700949710308
8093,0.00010559622438482873
8094,7.780405873232505e-05
8095,7.33304398148661e-05
8096,0.000161278831740728
8097,7.8680620577758e-05
8098,7.10951047438981e-05
8099,7.7832583773119e-05
8100,0.00013768148963546673
8101,5.782636105087422e-05
8102,7.31180110229683e-05
8103,0.00010735853254041046
8104,0.00014622027264311714
8105,0.00012660689081074044
8106,0.0002202111183885376
8107,0.0001241682081351264
8108,0.0001269578985298314
8109,0.0001156958508381588
8110,0.00015819918758550015
8111,5.354288493033e-05
8112,8.955935429155717e-05
8113,0.00010199188808033976
8114,8.440263701311371e-05
8115,0.00027530043871809237
8116,0.00016452400727554113
8117,0.000167447459139753
8118,3.928220103456265e-05
8119,6.597891832261e-05
8120,0.00011865956851462325
8121,0.0002669931279281237
8122,0.00017286929739979847
8123,0.00012860535060353699
8124,0.0001654217229170607
8125,6.062272774552609e-05
8126,6.452058131768594e-05
8127,0.00011771825904116887
8128,8.506357900647323e-05
8129,9.76057066624126e-05
8130,6.148386561520679e-05
8131,0.00018294007085022557
8132,0.00012190490120868319
8133,0.00013823505742054397
8134,0.00023179569600705434
8135,5.9492832319814116e-05
8136,0.0002172498073825131
8137,9.238253264291816e-05
8138,0.00018275108000874788
8139,0.0003606478408148868
8140,0.00016635762409361897
8141,1.487213592696041e-05
8142,0.00023102361024317068
8143,0.00016188026097927404
8144,2.3681306854583795e-05
8145,1.3216967623807284e-05
8146,0.00012471443847001805
8147,5.460943310563359e-05
8148,0.00011522739293446808
8149,5.0780551835946084e-05
8150,0.00013095227039664804
8151,0.00012296339017905315
8152,6.616303622889752e-05
8153,0.00024413632028092675
8154,0.00015566966085980694
8155,7.171147458942179e-05
8156,0.00016895747914214378
8157,0.0002405212621304797
8158,9.238534711661153e-05
8159,7.276178585065578e-05
8160,0.00011386276732251772
8161,0.00013121002954616823
8162,0.0002248852111034501
8163,0.00013034199075547716
8164,9.162011725812921e-05
8165,0.00011720504431021206
8166,0.00015176499125470856
8167,0.00019970363510788425
8168,5.1379725399158226e-05
8169,0.0001211431451400574
8170,0.00011634114588313033
8171,0.0001791105422945657
8172,0.00012705866625699433
8173,8.065304192371236e-05
8174,0.0001306666386084113
8175,0.00014298434999204682
8176,0.00018242968350580828
8177,0.00015704707312755433
8178,4.0966192286403875e-05
8179,5.632809345107265e-05
8180,4.949384831100029e-05
8181,0.00023622226729857958
8182,0.0002669217275729155
8183,0.00012530619357458791
8184,0.000101921153471029
8185,7.07881855122286e-05
8186,0.0001275528577137986
8187,0.0001293618302917391
8188,0.00015798539725586988
8189,7.118532803476446e-05
8190,5.4242700315228334e-05
8191,0.00010197835591143798
8192,0.00010740703022699737
8193,5.842639506772247e-05
8194,0.00010101309903084078
8195,0.00020290442696672953
8196,0.00019336062344673334
8197,5.441652106881313e-05
8198,0.00019173024248855623
8199,0.000136255478186913
8200,0.00018119666181378008
8201,8.651598940195253e-05
8202,8.333145356391049e-05
8203,0.00021014999937460144
8204,0.00014759170469457456
8205,5.253375249012984e-05
8206,0.00012034683733885292
8207,0.00010205356244450618
8208,6.859102864939845e-05
8209,6.746326029646227e-05
8210,8.896876798643408e-05
8211,7.806502930597906e-05
8212,6.460381471257382e-05
8213,0.00010169021683353748
8214,0.00012257601987364676
8215,0.00011850609240611655
8216,0.00011897536332926613
8217,7.927499004673856e-05
8218,0.000124806309586088
8219,8.971788042153794e-05
8220,9.365932012773504e-05
8221,0.00023459673869992428
8222,0.00011997335210548555
8223,5.4191657785057566e-05
8224,8.690077111497629e-05
8225,0.00018450728933363934
8226,0.0001228033436191168
8227,0.00018100158821459313
8228,5.6038310611022215e-05
8229,0.00012265960027418605
8230,8.671000098466983e-05
8231,4.523329727579742e-05
8232,9.083933192229705e-05
8233,0.0001251591862404203
8234,0.00014605520244571885
8235,8.09413692575215e-05
8236,0.00011432600942721673
8237,6.973216205941996e-05
8238,0.00013654488563350045
8239,3.649029234503746e-05
8240,0.00013342725811992272
8241,7.001802765741022e-05
8242,2.6646479693940587e-05
8243,0.00016267040262322804
8244,3.865144259677309e-05
8245,0.00013286740112785608
8246,4.492221143944698e-05
8247,0.00013133043007878214
8248,0.00017520810027742175
8249,8.797350962986299e-05
8250,0.00021899012565712985
8251,0.0001079598324021866
8252,0.0001293679649053999
8253,0.00017806820863625186
8254,0.00016831953298002285
8255,2.783529822795203e-05
8256,0.0001579825498880059
8257,9.023160557732805e-05
8258,0.0002562357525392929
8259,0.0001008265656314238
8260,0.000151855291260258
8261,0.00015632654265701037
8262,4.769221552997921e-05
8263,0.00022960607379663594
8264,0.00015192223732677325
8265,0.0001505844801817729
8266,0.000204260160447763
8267,6.226948329515086e-05
8268,0.00016024924749287418
8269,0.00012206473073810631
8270,6.403226815382464e-05
8271,0.00015539399383172767
8272,5.6900637254918275e-05
8273,0.00011596166729046253
8274,4.841518520984992e-05
8275,0.00010970397530540792
8276,5.4963536963949096e-05
8277,6.634560408770434e-05
8278,0.00012111006256326277
8279,4.5500004415194584e-05
8280,9.290315229966978e-05
8281,0.00010300180877074262
8282,0.0001486954358248636
8283,0.00014225085866935704
8284,0.0001301336580079513
8285,7.186180952903278e-05
8286,3.457319806801712e-05
8287,9.218260935504915e-05
8288,0.0001780337022237427
8289,5.707996942976354e-05
8290,0.00012767870998753447
8291,0.00031338658202441507
8292,0.00015369305815799035
8293,7.059850954644844e-05
8294,6.0096181051853606e-05
8295,0.00011200466363254595
8296,0.00011140049470342242
8297,9.539404759981328e-05
8298,8.872783759752092e-05
8299,7.532547355363179e-05
8300,6.982588174537211e-05
8301,0.0001119564997731278
8302,0.00012147940701741481
8303,0.0002666983864232628
8304,0.00019737387844561704
8305,0.0001308651411436359
8306,0.00011423521471137975
8307,0.00010714005592182196
8308,0.0001443423460705657
8309,4.6284346666568504e-05
8310,0.00016849226879345005
8311,5.842947497381339e-05
8312,8.516945903841143e-05
8313,0.00016907013604670085
8314,0.0001188874314968313
8315,2.852576177206198e-05
8316,0.0004680352832585034
8317,0.00020012373252364842
8318,0.0001475486489947865
8319,4.838446021856182e-05
8320,0.00012608619683954407
8321,3.296008736946007e-05
8322,6.457579818422779e-05
8323,0.0001487879743033538
8324,0.0001194737888833122
8325,9.38619068288869e-05
8326,7.763368898616435e-05
8327,7.947390272866994e-05
8328,0.00014938115466746406
8329,7.267055226611844e-05
8330,0.00011712692232221707
8331,3.461968570495447e-05
8332,6.169879596957972e-05
8333,7.512875864759813e-05
8334,9.0073084385093e-05
8335,9.806147365947341e-05
8336,0.00012099315548005739
8337,9.197058537772392e-05
8338,0.00023402790194305202
8339,4.749121646796696e-05
8340,0.00012991957452505802
8341,0.00018113965784552748
8342,7.533842073314043e-05
8343,0.00011287261656866315
8344,0.00020202331490121842
8345,0.00013714918994367647
8346,0.00012841009362784533
8347,0.00010101292050922192
8348,0.0002216058184997543
8349,5.86775804198876e-05
8350,6.932415092473873e-05
8351,0.00018128738629010144
8352,5.539175351441244e-05
8353,7.071364522818581e-05
8354,4.349747722865392e-05
8355,8.00416282510613e-05
8356,0.00014356029230481456
8357,7.590148428870459e-05
8358,0.00019400523547892962
8359,8.979509209710002e-05
8360,8.804372586135842e-05
8361,0.00020336002276887614
8362,0.0001635314126543272
8363,0.00013418083555968133
8364,0.00012718953075312718
8365,7.19363560160654e-05
8366,8.427058577689585e-05
8367,9.620746032813692e-05
8368,0.0001086174945797673
8369,0.0003648555795535098
8370,0.0001777001366526812
8371,0.00012410676344116727
8372,0.00014824676829990584
8373,9.814825002799212e-05
8374,0.00017428662666664206
8375,4.0339146923209894e-05
8376,0.0001731513627960899
8377,5.495226343246252e-05
8378,8.049435930098479e-05
8379,9.137575828610811e-05
8380,0.00010584025147070631
8381,6.479694902664654e-05
8382,6.0532280935261364e-05
8383,0.0001592564652804385
8384,4.2544556506306835e-05
8385,0.0001538007042552164
8386,8.594634309561867e-05
8387,6.748779608523155e-05
8388,0.00011391594085874613
8389,0.00011545927868687018
8390,5.651607473586772e-05
8391,9.573609513310626e-05
8392,7.728230757692032e-05
8393,0.00012060274973018819
8394,5.463775755161847e-05
8395,0.00010556141561673892
8396,0.00011810878128929127
8397,4.799096568410464e-05
8398,8.190197206824866e-05
8399,0.00011424325726465046
8400,0.00012537384781484214
8401,5.463425137538924e-05
8402,4.1556066125545476e-05
8403,0.00012334347250281746
8404,9.325495578278043e-05
8405,6.838169538676467e-05
8406,6.782080289813098e-05
8407,1.0085768242404587e-05
8408,0.00011199236128957572
8409,0.00013231129401609156
8410,0.00011795387539220373
8411,7.548111659800914e-05
8412,7.793783983292591e-05
8413,0.00014282249639744086
8414,7.326748198606392e-05
8415,0.00010269693913811112
8416,0.00018010675478065502
8417,9.744763500551616e-05
8418,0.00020155352790792485
8419,0.000150686873217378
8420,0.00028310994161604564
8421,4.4234742734432047e-05
8422,0.0001554774571424269
8423,0.00018354435529459922
8424,9.600749973283137e-05
8425,0.0001506051871438655
8426,9.0283309870151e-05
8427,0.00014236132831699498
8428,2.7739331489632337e-05
8429,5.652317617567932e-05
8430,0.0001517737498511148
8431,0.00023145683306779807
8432,0.00019186086265793488
8433,0.0001558430569467277
8434,0.0002675517658086313
8435,0.00010699729914867676
8436,0.00010067341247007203
8437,6.541926917627708e-05
8438,9.517507956141218e-05
8439,0.00011588723505147992
8440,6.968776294836287e-05
8441,0.00013192237758427242
8442,0.0001334351314891623
8443,0.00011556474891498769
8444,6.951318793908173e-05
8445,9.7990464530431e-05
8446,4.50606138734387e-05
8447,0.00047428799270057516
8448,0.00010500138788131002
8449,4.201381721081134e-05
8450,6.082940649194525e-05
8451,0.00012693016242737245
8452,9.07330843492037e-05
8453,0.00010044336582623037
8454,5.9559874768285535e-05
8455,0.00013700764587340754
8456,0.00011274381464155845
8457,0.00011043248994641943
8458,0.00012885477499442
8459,0.00011569525033045334
8460,7.755591688065924e-05
8461,0.00021992525423047098
8462,4.9832075014020975e-05
8463,4.06973416092081e-05
8464,6.008191850947116e-05
8465,8.148392375088166e-05
8466,0.00011460999122750997
8467,0.00012706454158392812
8468,9.33602603063538e-05
8469,8.347646598932793e-05
8470,0.00011400628616542422
8471,9.699210066371689e-05
8472,5.275928933185247e-05
8473,0.00010141121571345465
8474,0.00019417612297500174
8475,0.00020743898630398852
8476,7.817167264579545e-05
8477,0.00013245401526867134
8478,4.576449127594486e-05
8479,7.68025890335947e-05
8480,0.00011230988960939579
8481,5.775379980463643e-05
8482,5.618823062904387e-05
8483,3.8453174129818745e-05
8484,0.00011255526413477045
8485,0.00013009422224733835
8486,9.388988597674075e-05
8487,0.0002543929263103659
8488,0.0001224470588190013
8489,0.00036465353449236263
8490,0.00017575905764077068
8491,2.676559856315537e-05
8492,0.0001900477461025132
8493,8.443712501512066e-05
8494,0.00015581161437012222
8495,0.0001479346525234064
8496,0.00010182762906222946
8497,0.00028144211699233294
8498,0.00014941304850658806
8499,0.00010193139586632885
8500,0.00012011830906025718
8501,8.967341946613174e-05
8502,0.00012418421130671264
8503,6.937419369453337e-05
8504,8.793421079648295e-05
8505,3.8237228889747874e-05
8506,8.724592005811242e-05
8507,0.00014321540934425213
8508,0.00013119083901460995
8509,0.00015181960610799927
8510,0.00010570108636581704
8511,0.00019522144354745214
8512,0.00010008818070779654
8513,0.00017470998550536893
8514,7.743236793362598e-05
8515,0.00010606844468739077
8516,8.264593401410822e-05
8517,8.599111018632932e-05
8518,0.00013263892509201712
8519,0.00019600359560767796
8520,6.149229218123902e-05
8521,8.028326438009966e-05
8522,1.5053737061145397e-05
8523,9.282938015759063e-05
8524,0.0001276006913612142
8525,2.121531484830435e-05
8526,8.623754655858136e-05
8527,0.0002174129249057369
8528,6.48040209424837e-05
8529,0.00011425809467826627
8530,0.0001542091036609443
8531,4.761609776117296e-05
8532,4.174682801007698e-05
8533,0.000563185240850978
8534,7.335769969184785e-05
8535,0.0002187758391100868
8536,8.776180792663525e-05
8537,0.00015214325152566887
8538,7.058893777503331e-05
8539,0.00012142125286125422
8540,9.445224348636683e-05
8541,9.376140364455348e-05
8542,0.00014186424547966444
8543,0.00016156937106514565
8544,7.116723313484139e-05
8545,0.00015730094384021286
8546,5.245094365399783e-05
8547,0.00012421629642314118
8548,5.839168915096629e-05
8549,0.00013118161272462355
8550,0.00013067673754484235
8551,7.851347066290039e-05
8552,6.802755359522109e-05
8553,6.811880550649476e-05
8554,0.00017926907242310223
8555,0.00013850375731549953
8556,0.0001691355293410543
8557,0.00014171708331051135
8558,6.125191470266466e-05
8559,0.00016799142159427093
8560,3.058829437760113e-05
8561,8.669400653104603e-05
8562,0.0001123813837883646
8563,0.00013607156790534773
8564,0.00015801548966819096
8565,9.12705290340764e-05
8566,9.181039031654092e-05
8567,6.740342641456728e-05
8568,3.951202115908186e-05
8569,9.912932708455304e-05
8570,8.332329978165289e-05
8571,6.0179038927046e-05
8572,0.00010253030461753043
8573,5.582033022058464e-05
8574,0.0001543890333804796
8575,0.0001406344267725185
8576,7.971402971095173e-05
8577,7.98787885196285e-05
8578,6.102711299093121e-05
8579,9.82531690483586e-05
8580,5.6329823774935624e-05
8581,5.124946431594017e-05
8582,7.716821334751387e-05
8583,0.00011097337927956931
8584,0.00012457771014513953
8585,0.0001436094867356499
8586,8.58928160944215e-05
8587,7.07543921058543e-05
8588,0.00015455927013369397
8589,3.4227313261667145e-05
8590,8.193435690642625e-05
8591,3.344687392626903e-05
8592,9.224423876015496e-05
8593,7.633163298952946e-05
8594,3.248273954058561e-05
8595,9.565067279654587e-05
8596,0.000136349361748547
8597,7.299525896790924e-05
8598,4.889503204562809e-05
8599,9.94383904832818e-05
8600,0.00013475363885030966
8601,3.174247729911257e-05
8602,0.00016901245270129148
8603,8.273345803567014e-05
8604,0.00015714678930396758
8605,0.00010647189682773044
8606,5.5809230236339705e-05
8607,0.0002752131062720353
8608,0.00013171176555680473
8609,0.00012636142139306223
8610,5.445993202136869e-05
8611,0.00011301382078172682
8612,0.00011207763222185671
8613,0.00010011757457379675
8614,0.00018869698260079505
8615,0.00015271855115550585
8616,0.00016991314861158322
8617,0.00010669994063407661
8618,0.00010811890220226973
8619,0.00018077074644538997
8620,0.00014206386523640742
8621,5.353360827862448e-05
8622,0.00012318931849538507
8623,3.648067284337699e-05
8624,0.00022042945547679957
8625,0.00013833515422387985
8626,5.318281972656375e-05
8627,9.510785212784774e-05
8628,9.31570353875192e-05
8629,9.029690394889067e-05
8630,2.6084628288322762e-05
8631,0.00012873747079681592
8632,0.0001108515653398382
8633,0.00016642442301452554
8634,0.00023253390074759044
8635,2.9779841520602622e-05
8636,0.0001734224601770029
8637,5.5472795291767405e-05
8638,0.00021871649515201036
8639,5.706292936572605e-05
8640,5.22879840792813e-05
8641,0.00016269841545755518
8642,0.00017283818320675858
8643,0.00013721528175392178
8644,5.29541956044934e-05
8645,0.00014186681185259526
8646,0.0001986082091901573
8647,9.872747839602129e-05
8648,0.0002463143684090363
8649,0.00020663650046611455
8650,0.00023105971330802353
8651,0.0001842022042883332
8652,7.543013762422094e-05
8653,0.0001077919636498052
8654,0.0001966064088700505
8655,0.00011411047039597551
8656,0.00015447703615375233
8657,0.00010806413922718966
8658,0.00011131554885946123
8659,0.00014523413616854055
8660,0.0001068633540747502
8661,0.00012156804411678465
8662,0.00011150022823759569
8663,0.00014308672173715323
8664,7.8257663436865e-05
8665,0.00017862097344584986
8666,0.00015495240523814843
8667,0.00030756540194325053
8668,6.516902552630537e-05
8669,0.00010207121103793777
8670,0.000106924833884321
8671,0.0003418260662930962
8672,6.12784000140274e-05
8673,0.00010861705574721471
8674,6.33215550550761e-05
8675,7.528369722720715e-05
8676,0.0002879804286177779
8677,2.8703944394774256e-05
8678,0.00012013746235005334
8679,0.0001266222508358364
8680,0.00011672226934798777
8681,0.00019665006379846237
8682,0.00016437288305037024
8683,0.00021464904761598597
8684,0.00015166196234796988
8685,9.585555054636186e-05
8686,6.283880699140566e-05
8687,0.00011965759144128726
8688,5.665920700461347e-05
8689,0.0001252929967729966
8690,8.78994957838155e-05
8691,0.00011400787661706599
8692,2.2712831326262253e-05
8693,5.393236182104892e-05
8694,0.00010181084928228582
8695,6.787682466494489e-05
8696,0.0002597232013762112
8697,7.692761743737352e-05
8698,0.00012171525484719553
8699,0.00011325139572066302
8700,0.00010005132262411764
8701,0.00011196322917928976
8702,0.00019178608449803872
8703,0.00017394921517216674
8704,0.0002437537698783283
8705,5.060460582508702e-05
8706,9.189448252930656e-05
8707,7.216686535704131e-05
8708,0.00016299943017720507
8709,7.304070176665007e-05
8710,7.051421293621281e-05
8711,0.00014169081601054639
8712,7.927877257206311e-05
8713,0.00013671179812692216
8714,0.00021141411064578487
8715,0.00019125853456208509
8716,0.0001274948736682188
8717,3.808441085461297e-05
8718,0.000265216924619869
8719,4.612055989503705e-05
8720,0.00016241105318626846
8721,0.00012135683236929279
8722,0.00010559880759097044
8723,2.98858848969498e-05
8724,0.00015166129410021544
8725,3.258173517066423e-05
8726,9.545572290492232e-05
8727,7.332864170621274e-05
8728,0.00011481438092571614
8729,0.00010493926862495513
8730,0.0001392805188127566
8731,0.00010033363458201583
8732,0.0001820339575575017
8733,0.0001783424207744284
8734,6.840371826285088e-05
8735,0.00014755946025782145
8736,0.0002605672775973989
8737,0.00014734498933392893
8738,0.00033184244687377155
8739,0.00012548025649100484
8740,7.222885287567463e-05
8741,0.00016832313726669184
8742,9.78846909731745e-05
8743,5.653854295946472e-05
8744,0.00010961712598462768
8745,5.301777200158394e-05
8746,0.00011550194916386139
8747,0.00011724106796226068
8748,6.081068046454689e-05
8749,0.0001150834543424077
8750,0.00012429932732057749
8751,6.188667025002037e-05
8752,6.6440302659728e-05
8753,2.9969412948988878e-05
8754,0.00012622469982783558
8755,0.00014286414667344886
8756,0.00014587256647528762
8757,0.00017892324889794587
8758,0.0001240397898395542
8759,0.00010014041289558248
8760,0.000138694511788625
8761,0.00014980864606332835
8762,0.00022156067484705463
8763,2.6277301493512945e-05
8764,0.0001937188957591269
8765,8.023377601962747e-05
8766,0.00030640650894748296
8767,0.00014653676229746076
8768,9.449577074174668e-05
8769,0.0001125113390458324
8770,9.424105814935345e-05
8771,0.00017544906720859014
8772,0.00019813132362352757
8773,0.00012184836529456817
8774,5.782001757562989e-05
8775,4.607382630907237e-05
8776,0.00012032673600984704
8777,0.00026425091581202
8778,7.983876290617686e-05
8779,7.01025211939523e-05
8780,0.00011858872139132485
8781,0.0001545798219890997
8782,0.00018877979876062996
8783,0.0001508986936425683
8784,0.00015331746333584024
8785,0.00016656990134782324
8786,6.247176859954059e-05
8787,0.0001611419033173646
8788,0.0001427753699345948
8789,7.494966700285176e-05
8790,8.70986524954676e-05
8791,8.187791201942922e-05
8792,0.00016757494255450065
8793,7.012764262551926e-05
8794,3.5457510874794464e-05
8795,7.826823742422319e-05
8796,8.162531643356883e-05
8797,0.00019026877018494352
8798,0.00011386602484830046
8799,0.00036144695832719963
8800,0.00018898608568800322
8801,8.575002122167608e-05
8802,0.00022629769885944336
8803,0.00015662149157284126
8804,0.00013898206835271168
8805,0.00011430950997304886
8806,0.00029364156527715536
8807,0.00017057757648512766
8808,0.00011755781978253847
8809,0.00026890273739151255
8810,7.574167663751477e-05
8811,0.00020338763366696433
8812,0.00023946702377952944
8813,0.0001961587412464719
8814,4.6517918125973694e-05
8815,6.821982430924008e-05
8816,0.0001038914807911415
8817,8.805351846989575e-05
8818,7.937949698262306e-05
8819,0.00016810236126290988
8820,0.0001379116750921822
8821,7.454881750118813e-05
8822,0.0001331837661595054
8823,0.0002879768489899537
8824,5.481622774039536e-05
8825,0.0001345393845025815
8826,0.0001199192180166762
8827,0.00026204326182789427
8828,7.260399278034035e-05
8829,0.00016022113828249287
8830,4.989617707199498e-05
8831,8.152896309093191e-05
8832,6.920462460210014e-05
8833,0.00011843068438473873
8834,0.00012040256442499435
8835,0.00017293043621076525
8836,7.393900623100733e-05
8837,0.00011616110980539003
8838,0.00010622677008294196
8839,0.0003508000939284937
8840,4.3527787318561046e-05
8841,0.0001096378066205821
8842,6.205998476418735e-05
8843,0.00012930291293740024
8844,9.223582834080476e-05
8845,0.00013661468261826868
8846,0.00017906990730614462
8847,4.537230623912788e-05
8848,2.7482248065812238e-05
8849,0.0001547432215697516
8850,0.00013910189571410397
8851,0.00012432056150544975
8852,0.00013297507752915374
8853,6.753125956977759e-05
8854,0.0002512388641726178
8855,0.00017920923154636688
8856,0.0001542527774208999
8857,0.00013161337385244015
8858,0.00027948380308915396
8859,0.00010869231049397548
8860,8.276014832605066e-05
8861,0.00011159214976177215
8862,6.729574851743365e-05
8863,0.0002594053693536665
8864,0.0001557572550540664
8865,0.00015466378647586236
8866,0.00011357381799779652
8867,5.203833495177684e-05
8868,0.0001202078341374061
8869,0.00013474158828640024
8870,9.141068670362005e-05
8871,7.079449424904202e-05
8872,0.00011848492955584648
8873,2.0767778021904775e-05
8874,4.669073010250947e-05
8875,5.2430699743023024e-05
8876,8.161452138914308e-05
8877,0.00017769513495996908
8878,0.0001798616445268542
8879,0.00017010785999693054
8880,6.43925720617609e-05
8881,0.00010004252545276626
8882,0.00011081068647724718
8883,6.864636523754819e-05
8884,0.00012600078857937048
8885,7.343078603469765e-05
8886,0.00010462712370982353
8887,3.676131515748539e-05
8888,0.00010118195622403191
8889,7.847023684950743e-05
8890,0.0001665923677501889
8891,9.655789944091314e-05
8892,0.00012925890588630742
8893,0.00010309502786696868
8894,0.00010742921470833335
8895,9.805869387679649e-05
8896,7.703866222647697e-05
8897,0.00016938775381086357
8898,8.170523411257517e-05
8899,0.00017000627410064458
8900,0.00016921921911498364
8901,0.0001239578079143614
8902,3.45251980694252e-05
8903,9.107707141216218e-05
8904,0.00011453237695349535
8905,3.513327321623285e-05
8906,4.2995205866985586e-05
8907,0.00024968134340868395
8908,0.0001567368171293652
8909,0.0001679278569126651
8910,0.00015224978325370693
8911,0.00010580457355304038
8912,0.00019296309599847394
8913,0.00019673498812163308
8914,6.965439871244423e-05
8915,9.859734252289563e-05
8916,0.00011296964735265828
8917,0.00011080985729578944
8918,0.00010617962118906114
8919,0.000225670117017442
8920,0.0001405585657007447
8921,0.00023328878722135392
8922,0.00011763782334527617
8923,0.00013844003307940915
8924,0.00017287664242037227
8925,0.0001756218707972244
8926,0.00015091733672926213
8927,4.6734616488159055e-05
8928,0.00011636239561784817
8929,6.829937055792255e-05
8930,0.00013823499404629633
8931,0.00011729785613996224
8932,7.570570552247838e-05
8933,0.00010288094576778804
8934,9.835596913149896e-05
8935,0.00019889934563948808
8936,0.00021661505616714296
8937,9.391206279091509e-05
8938,0.00012121765173986779
8939,3.593545828816236e-05
8940,7.044831365621882e-05
8941,8.700299539559561e-05
8942,0.00020604700672020474
8943,0.00022330616817094995
8944,6.9236373645774e-05
8945,5.150417961887747e-05
8946,8.200468812189515e-05
8947,9.57996190077055e-05
8948,0.00010643943677629959
8949,0.00011764585958076115
8950,8.202708960323913e-05
8951,0.00020964335215015016
8952,8.616940385850162e-05
8953,0.00015998673241774658
8954,6.823760233521792e-05
8955,0.00012519108255382055
8956,3.633053945917335e-05
8957,0.00015412299803794935
8958,0.0002357289053374312
8959,0.0001576578545980949
8960,0.00010927369260107825
8961,0.0001259355536110633
8962,9.484587315248658e-05
8963,0.00020462809502775486
8964,5.1616724979342274e-05
8965,0.0002841384023885891
8966,5.545848235412879e-05
8967,0.0003154828236096445
8968,0.00019836942533007977
8969,0.00023577692647520137
8970,0.00010881243784717306
8971,0.00010804523974418842
8972,8.12389517635984e-05
8973,8.557514512369226e-05
8974,0.00020927219083673423
8975,9.390253616534484e-05
8976,0.00014581604307792914
8977,6.898191185951878e-05
8978,0.00025278825458547493
8979,0.00011214744427235328
8980,8.39823337174268e-05
8981,0.00012765092823784107
8982,0.00019390543683266932
8983,0.00018883382815940077
8984,0.00011345755249443927
8985,0.0002932933461364486
8986,7.201092332471048e-05
8987,0.00016326857198419744
8988,0.0001273355241891127
8989,0.00016512327145396983
8990,5.501370020003216e-05
8991,0.00010882124556200313
8992,0.00021173795441899532
8993,0.00019080200669395697
8994,0.00010905161300175973
8995,3.780696516271243e-05
8996,0.000127538581205059
8997,4.6985701969260685e-05
8998,0.0001623680984367126
8999,6.997564286397254e-05
9000,8.674005718281344e-05
9001,5.49837986743447e-05
9002,5.702278978065095e-05
9003,0.00012200694770040174
9004,6.056361894264785e-05
9005,0.0002361627132508431
9006,0.00019460071913761162
9007,0.00016651211986768631
9008,7.461366930176775e-05
9009,0.00013608773156751762
9010,5.409742188157734e-05
9011,0.00013226683850600443
9012,0.00024470712986283873
9013,5.0680600903575565e-05
9014,9.677535706041538e-05
9015,0.00014295301200425748
9016,0.00014128430450287226
9017,7.40141205643511e-05
9018,0.0001151882151460697
9019,6.421984866705944e-05
9020,0.00016952278910211963
9021,0.0001061579304359099
9022,8.403238646923705e-05
9023,4.673258825079005e-05
9024,0.0001753886220879253
9025,0.00012513970840073236
9026,0.00010374190891846635
9027,0.000203383988943534
9028,0.00015709036551242027
9029,6.633727434494073e-05
9030,9.99230154988069e-05
9031,9.443861948945216e-05
9032,4.6707684927075456e-05
9033,5.894316756786393e-05
9034,0.00016879697832248013
9035,4.4489806721871936e-05
9036,4.735403574512767e-05
9037,0.00016609418584209745
9038,6.176461717753411e-05
9039,5.2590311036793485e-05
9040,0.00010303910580364289
9041,0.0002255551208291349
9042,0.00016953284404947193
9043,0.00012096200621137499
9044,3.311121410960811e-05
9045,0.0003173748719284081
9046,0.0001367816156129301
9047,0.00011145572403250369
9048,0.0002155514716849937
9049,0.00012289420113298556
9050,9.471287270955779e-05
9051,7.781867444810975e-05
9052,8.768500715635107e-05
9053,0.00012636849330529483
9054,6.658076568984313e-05
9055,6.84874108960066e-05
9056,0.0001542844276620388
9057,9.90876344723267e-05
9058,0.00011689713396829754
9059,0.00016742742739479948
9060,0.0003463824192099332
9061,6.110969783367056e-05
9062,8.952157117506827e-05
9063,4.5246145566344365e-05
9064,9.943682602024868e-05
9065,0.0001212961782630371
9066,5.078252136701897e-05
9067,7.625077670618725e-05
9068,5.688508980816032e-05
9069,5.668082079288908e-05
9070,5.7361326338611714e-05
9071,0.00016515822544463705
9072,5.502211329680037e-05
9073,0.0001367244489122733
9074,0.00037889014674128123
9075,8.951082864116194e-05
9076,0.00020245519928607778
9077,0.00016538462312410757
9078,9.518787930603282e-05
9079,6.546422629321303e-05
9080,0.00010018097500715947
9081,9.933123251633506e-05
9082,0.00014822709121784823
9083,0.00017155938428138693
9084,7.44756508269605e-05
9085,8.29575631192664e-05
9086,8.544893749502286e-05
9087,8.166656522702863e-05
9088,0.00012394005202293556
9089,0.00018661892000380707
9090,0.000127213079902987
9091,0.0002059445256132984
9092,9.628531351803177e-05
9093,0.00011456814030570457
9094,8.654062691794542e-05
9095,4.5344522754649204e-05
9096,0.00017902559387902655
9097,0.00018336961072719666
9098,6.483237780515187e-05
9099,7.861464042584322e-05
9100,0.00019956134595243075
9101,3.268598783387355e-05
9102,0.00011830814321845732
9103,6.315250582538273e-05
9104,0.00012306314510660937
9105,6.133344891594603e-05
9106,0.00014411330021454454
9107,0.00010574739063271772
9108,0.0001631633035408837
9109,9.16926913934409e-05
9110,0.00017263040679325601
9111,0.00014952542657634414
9112,0.00020962208011861855
9113,0.00011780700286414216
9114,0.000118385081430278
9115,0.000148484960035794
9116,0.00013507622907867197
9117,0.00014076278022812406
9118,8.420246532902213e-05
9119,0.00031665202395652205
9120,0.00016150711441328603
9121,7.011611757261915e-05
9122,0.00011340887166391335
9123,3.9400569853150665e-05
9124,6.364427114047253e-05
9125,7.382998805923454e-05
9126,7.982423128201493e-05
9127,1.3380806789178898e-05
9128,0.00018793066913252735
9129,0.0001877897781001273
9130,8.756642014228473e-05
9131,0.00010846935481015381
9132,0.00020575691570629755
9133,0.00010700906455778585
9134,0.00018015911581140606
9135,5.169299625590723e-05
9136,0.0002287187655467127
9137,6.762475640617302e-05
9138,0.00016385526132560584
9139,5.977214006759669e-05
9140,0.0002619767633968665
9141,0.00010956041741940899
9142,0.00010885452390049571
9143,0.0001777033108434189
9144,0.00011435373601432075
9145,0.00015271443850281655
9146,6.362819299154661e-05
9147,0.00023904633664949577
9148,0.00021112608354668502
9149,8.334963619197762e-05
9150,7.025473277298416e-05
9151,0.00014485396043812044
9152,8.935387363017663e-05
9153,8.096659494536845e-05
9154,0.00015534030845305887
9155,8.696176936045341e-05
9156,0.00011311422059609783
9157,6.552432393881375e-05
9158,4.1618390320935126e-05
9159,9.837524025690048e-05
9160,6.0724601714853104e-05
9161,5.0212621665997814e-05
9162,6.568139902512423e-05
9163,4.2168768650444394e-05
9164,8.140786786897848e-05
9165,0.00041353530210724333
9166,0.00012493999682641201
9167,3.198568750854325e-05
9168,8.722962072781752e-05
9169,9.15423045771437e-05
9170,0.00011862698869969325
9171,5.282939065134952e-05
9172,0.00011939085177579347
9173,0.00022373324489022252
9174,0.00016424570793906927
9175,0.00011390185885207207
9176,8.259037494912163e-05
9177,0.00013725848857608496
9178,0.00011397407099517758
9179,0.00014900081313195024
9180,0.00016766952127976126
9181,8.2843115216056e-05
9182,9.098636298290158e-05
9183,8.9492518891808e-05
9184,3.581098289144112e-05
9185,7.791820008722584e-05
9186,0.00015435864963498402
9187,5.438427132387713e-05
9188,0.00014455674850796533
9189,5.322944883046165e-05
9190,4.706836044231729e-05
9191,5.454650373536445e-05
9192,0.00010326262375680986
9193,0.00028118906169159557
9194,0.0002796266352832562
9195,4.250606711023994e-05
9196,0.00040641715778531515
9197,7.567000025647872e-05
9198,0.00019878978425955752
9199,7.406328697858026e-05
9200,6.617911850526419e-05
9201,0.0001746946103295103
9202,0.00012770873630978761
9203,0.00030205625153121104
9204,4.265269724286578e-05
9205,5.110141637555045e-05
9206,9.230159082666276e-05
9207,0.00014725309107021893
9208,0.00015813836301470792
9209,0.00010641161156149739
9210,0.00017299467366237666
9211,0.00018459265669864845
9212,0.00012483436113003675
9213,5.120820358819814e-05
9214,0.00017499089320952347
9215,0.00020205827681648062
9216,3.9774856623501986e-05
9217,0.00010792094406804762
9218,0.000142675592683362
9219,0.0001619312776541939
9220,4.081592524313816e-05
9221,7.558241345065984e-05
9222,4.5565464486217285e-05
9223,9.556151666911297e-05
9224,8.25510912837021e-05
9225,3.585256806010879e-05
9226,0.00016834857154404722
9227,7.628888733625784e-05
9228,0.00012378625730407607
9229,0.00028690050775677953
9230,0.00011606004314444674
9231,5.233421637556887e-05
9232,0.00020629777283025002
9233,0.00013733834022683632
9234,0.00014573453973755593
9235,8.69714875806845e-05
9236,0.00021496582471947366
9237,7.36751054032787e-05
9238,0.00011694694505580876
9239,6.64182604871784e-05
9240,0.00015589156342610041
9241,0.00021131724030745287
9242,6.410229747630115e-05
9243,0.00014661503788942186
9244,4.305655396512445e-05
9245,0.00012091763070508384
9246,0.00012757092204596923
9247,6.285585526953482e-05
9248,0.0001445693372314034
9249,0.0001654115050714113
9250,5.5472203576344245e-05
9251,0.0001557878158306882
9252,7.295101025628023e-05
9253,7.732312313187783e-05
9254,6.24495904092941e-05
9255,0.00012013392796605341
9256,0.00024753785165204125
9257,6.509861726950575e-05
9258,6.442471278739515e-05
9259,7.620397564710114e-05
9260,9.9552951098512e-05
9261,0.00014141410809800242
9262,0.00010343831653405909
9263,8.03370848744774e-05
9264,7.58661523616217e-05
9265,9.157794382670159e-05
9266,0.00021862005858845553
9267,4.3320951784872404e-05
9268,0.00017080892325735308
9269,0.00013302362076445163
9270,0.0001474984661162063
9271,0.00013438679218321178
9272,0.00014254237606221441
9273,0.0001303545548086724
9274,0.00012654868412252874
9275,5.05569334143902e-05
9276,7.215576200205933e-05
9277,2.633707754875127e-05
9278,0.00011269931248406736
9279,0.00016534281282303833
9280,3.6615610530205806e-05
9281,0.00014245364241319684
9282,0.0001379177713836166
9283,0.00014922512412323625
9284,0.00010264492021547598
9285,6.924823523448822e-05
9286,0.00011962182659019409
9287,8.072212850193628e-05
9288,0.00010233226906228555
9289,4.515925331497649e-05
9290,5.97366817430445e-05
9291,6.480292866912368e-05
9292,8.918452547696777e-06
9293,8.147125112566488e-05
9294,0.00011806792013318978
9295,0.00013131602838105445
9296,7.937369286063444e-05
9297,5.3080341079783e-05
9298,0.00012661657998401028
9299,4.8636477209930405e-05
9300,5.746493649215465e-05
9301,5.090321089332801e-05
9302,5.206897757592511e-05
9303,0.0001194941382925424
9304,4.779550813540385e-05
9305,7.434616671806373e-05
9306,7.995182783342713e-05
9307,0.00011235029362028262
9308,6.896192944985156e-05
9309,0.00012039055662778117
9310,0.00010537208349644277
9311,0.00019748340157965558
9312,0.00017365926737132804
9313,7.898273984706494e-05
9314,9.108397030657875e-05
9315,0.0001061709616812078
9316,3.476706679701167e-05
9317,0.0001425777402959999
9318,8.66455928378792e-05
9319,4.5784978201297633e-05
9320,0.00010034494903219334
9321,0.00018660706091746843
9322,0.00017810243331852526
9323,0.0001327275909946356
9324,0.0001126756973125593
9325,0.00014608043458363965
9326,0.00016280462210063924
9327,1.4780047759996733e-05
9328,9.489805130933888e-05
9329,4.363959069042245e-05
9330,2.3281878474177668e-05
9331,9.022727706719471e-05
9332,0.00031920624881496266
9333,0.00016411706665872973
9334,7.046908583204601e-05
9335,3.547020091212434e-05
9336,0.0002146226537693707
9337,0.000173607471693955
9338,0.00016441850084684267
9339,1.877984058776658e-05
9340,6.534473076036901e-05
9341,0.0001132645101693851
9342,6.413929885781185e-05
9343,5.8472075430890394e-05
9344,6.916892862867298e-05
9345,0.00014702770073001897
9346,5.2592275530026773e-05
9347,0.00021073604442908183
9348,5.36230522982981e-05
9349,2.9458616530077623e-05
9350,6.773285150478855e-05
9351,7.653786573314178e-05
9352,3.5902452333625e-05
9353,6.958930693287977e-05
9354,6.984722448937888e-05
9355,2.096796119225192e-05
9356,0.00021329240277615037
9357,0.00019398385108451512
9358,9.513143826220944e-05
9359,0.00011549972467461231
9360,7.301881641388844e-05
9361,7.000631699954198e-05
9362,4.324660028533888e-05
9363,0.0003056788248541227
9364,5.284762462031561e-05
9365,0.0002044030416515604
9366,0.00012491883678028597
9367,0.0001356531942636058
9368,5.926142255430063e-05
9369,0.00022475821784573473
9370,0.0002664032862259596
9371,3.911940245846474e-05
9372,0.00020154062003392204
9373,5.078765774156313e-05
9374,3.4454239249724394e-05
9375,0.00011411468318521412
9376,0.00016800955454904595
9377,8.808864965756575e-05
9378,4.527373135387118e-05
9379,5.2160512557748715e-05
9380,9.104159217395547e-05
9381,0.00015407499951786095
9382,9.113905745460521e-05
9383,0.00025989402224085124
9384,0.0002029160619789426
9385,0.00013587032916587846
9386,4.293524897469689e-05
9387,8.302319777349941e-05
9388,0.0002166580173424425
9389,0.0001483792563138964
9390,0.00018551916494600424
9391,0.0001742931375995832
9392,0.00010966852016065527
9393,0.00021301965155227638
9394,6.892098514164614e-05
9395,9.466117075617674e-05
9396,0.00014072529840439534
9397,0.00035520790055936023
9398,8.104954186033895e-05
9399,0.00012173057502879489
9400,6.21021217038055e-05
9401,3.817459724623124e-05
9402,0.00011424789909931657
9403,0.0001811722971264098
9404,4.940518293219704e-05
9405,5.0150617176161725e-05
9406,0.00012206305440362296
9407,0.00015208316756817365
9408,0.00024250997046522144
9409,0.0002166066006363247
9410,0.00011697371627536845
9411,8.142236485295108e-05
9412,0.0001985329767531261
9413,0.00010450463940400046
9414,5.3656989666961245e-05
9415,4.934562346730061e-05
9416,0.00010325845942421722
9417,0.00012750932197308227
9418,0.00024307002370159582
9419,0.00011167035140772798
9420,0.00021877260329429045
9421,6.437432317385758e-05
9422,2.4886227687277295e-05
9423,0.00018886392722339425
9424,0.0001101547004412503
9425,2.1833801874472692e-05
9426,6.534168348825042e-05
9427,8.914810828996549e-05
9428,6.718868510778242e-05
9429,0.00011589335848134852
9430,0.00021087113316140484
9431,4.349134800801288e-05
9432,0.0001559308408768822
9433,0.0002153326452837856
9434,0.00020204319518692395
9435,0.00018144618317802856
9436,8.474812914398603e-05
9437,0.0001134812058742588
9438,7.965796119525716e-05
9439,8.906054411841007e-05
9440,0.00012827127761934354
9441,9.578712411036646e-05
9442,4.641976317509625e-05
9443,0.0002130831617368814
9444,6.847898368640836e-05
9445,0.00010804390251225289
9446,4.433255227330067e-05
9447,8.813303163572575e-05
9448,7.339032250465638e-05
9449,9.54272602438937e-05
9450,0.00011161542863969711
9451,0.0002054024236256692
9452,3.608304652356908e-05
9453,0.00010024213001774143
9454,7.736615790787367e-05
9455,0.00011787058314225934
9456,0.00014881728394632875
9457,8.411674355993059e-05
9458,9.440180590457566e-05
9459,0.00010600617034208783
9460,0.00017496446263843673
9461,7.870762641016432e-05
9462,0.0001674688240589089
9463,3.616451805612644e-05
9464,9.185865600490293e-05
9465,9.149998861910002e-05
9466,7.527624838929922e-05
9467,9.659726976305828e-05
9468,6.887961495341033e-05
9469,0.00017002520094058473
9470,0.00012056833826035717
9471,0.0001243016733394621
9472,0.00015195088990997168
9473,0.00013783727723032165
9474,8.922325278131308e-05
9475,0.00011410369148267265
9476,0.00019592516061142545
9477,0.00011277938359865943
9478,0.00011956041931162194
9479,0.00012055994104131826
9480,3.552859278474298e-05
9481,0.0001188147901251404
9482,7.336743936474964e-05
9483,0.0001847254968883563
9484,9.600793941107153e-05
9485,0.00020620603175711783
9486,0.00017870308823152636
9487,0.00019485050664269348
9488,0.00017146582067683501
9489,4.234499781627546e-05
9490,0.00015598393567987348
9491,0.0003366579097538316
9492,0.00010178896296117782
9493,0.0001823920756800545
9494,8.767698918807944e-05
9495,5.7854021125453436e-05
9496,0.00015067181955872466
9497,5.253337044843102e-05
9498,0.00012379464655935292
9499,4.6008000083768113e-05
9500,4.015492847232309e-05
9501,9.469410313291823e-05
9502,0.00021503317703071664
9503,8.986106681103126e-05
9504,3.89645346218247e-05
9505,8.027509976223471e-05
9506,0.00011719682530091953
9507,6.225881345119899e-05
9508,0.00027597336680120063
9509,0.00010013704205165649
9510,7.237556773999045e-05
9511,4.96000855468498e-05
9512,0.00025126917744227787
9513,0.00010984669280116063
9514,0.00013204499696087936
9515,0.0003752104837973538
9516,0.00010578811284922527
9517,0.00023696937136576872
9518,0.00013776660754950248
9519,0.00014979293243688795
9520,0.00023760919333964628
9521,0.00016375217964122857
9522,0.00016726598237667544
9523,0.0001095657756740307
9524,0.00014780477441941154
9525,0.00011448306105990599
9526,0.00021697546351951257
9527,0.00013406783157617297
9528,9.875711145548802e-05
9529,5.1375764587869284e-05
9530,3.339044427031397e-05
9531,0.00013465386151585677
9532,8.216430854775016e-05
9533,0.000132916484675657
9534,7.011896545679902e-05
9535,0.0001238511921310164
9536,0.00011245460908704479
9537,0.00013476513531858223
9538,0.00019178506033358192
9539,0.00011990310276869142
9540,0.00026804554195545676
9541,2.240517238065151e-05
9542,0.00018632625332199137
9543,3.140607946687838e-05
9544,0.00010952541164027294
9545,0.0001379127642356908
9546,0.00016007827322352724
9547,0.00014565326080865344
9548,0.00012434652647719618
9549,0.00018884240239453072
9550,0.00012672136204022646
9551,8.959448690081904e-05
9552,3.7136884686196085e-05
9553,0.00018819322874306907
9554,6.009276314012049e-05
9555,8.261514372327171e-05
9556,3.76729749951797e-05
9557,8.698813947428672e-05
9558,0.00012912167083577804
9559,0.0002731652214742895
9560,0.0001449777138233718
9561,6.608172579410749e-05
9562,0.00023057194843455322
9563,0.00012863337298544877
9564,0.0003169422085574865
9565,0.0001777415258416782
9566,0.00016343246594588005
9567,9.493007209391145e-05
9568,0.0001604900979185732
9569,0.00012186671145004547
9570,5.9744436204247286e-05
9571,0.00011542134405078858
9572,0.00017350462561180438
9573,0.0002786153611156015
9574,0.00012965667330419486
9575,8.860927017215271e-05
9576,0.00021805460293340405
9577,0.00010728684866909183
9578,9.004710917603467e-05
9579,7.245052307929403e-05
9580,8.374411450690337e-05
9581,9.448266689088299e-06
9582,5.997262453241909e-05
9583,0.00012749319384965956
9584,0.00013572475254816773
9585,0.0001315493313195937
9586,0.00011098497101427102
9587,0.0001222129163022739
9588,0.00012684977444990831
9589,0.00023568072393027181
9590,5.320477106437801e-05
9591,0.00016502049187748713
9592,7.49055471890695e-05
9593,0.00013500050251397528
9594,0.0001899121949739143
9595,8.272183017857738e-05
9596,0.00013926718716087642
9597,0.00017639858420410607
9598,0.00017023595523163102
9599,0.0002254480871011927
9600,4.72146880868891e-05
9601,5.808315958065907e-05
9602,7.198549767364936e-05
9603,0.0002603905357099919
9604,7.395234977774296e-05
9605,0.0001796329228660082
9606,4.929880029363386e-05
9607,6.235527565950585e-05
9608,7.495398028508233e-05
9609,7.735435516487678e-05
9610,7.49776850373371e-05
9611,0.00010028355698434552
9612,0.000142116695725743
9613,7.68777362183209e-05
9614,0.00023933134988843196
9615,0.00024220347737100617
9616,8.67470023672112e-05
9617,0.00014468325836349886
9618,0.00013573948022908348
9619,0.0001410182103961462
9620,7.743240009651851e-05
9621,0.000140505398134588
9622,6.132588545526121e-05
9623,0.00015715947309083894
9624,0.00018422795067474376
9625,0.00011724534348717302
9626,4.513056571789515e-05
9627,0.00010500159373524923
9628,0.00013358524676759448
9629,0.00013935464851504712
9630,7.937655170101775e-05
9631,0.0001199154222433839
9632,0.00020193345909402463
9633,0.0001228814746891727
9634,6.676238469894671e-05
9635,0.00010019763739217337
9636,0.00013158064218660317
9637,0.00013150937380657869
9638,0.00014939711930251633
9639,0.0004122237210705575
9640,0.0001009555031252732
9641,5.202033197416224e-05
9642,0.00010640098165180857
9643,8.774529003829482e-05
9644,5.1761407842883354e-05
9645,0.0001228023836723124
9646,0.00010966681468219195
9647,5.794866174502614e-05
9648,4.825585418534463e-05
9649,0.00014672619843287784
9650,0.0001664408277006676
9651,0.00014256847796615234
9652,7.157952214736468e-05
9653,0.00016547716654742128
9654,6.819348386714809e-05
9655,0.00019567678014480535
9656,8.503856347780018e-05
9657,0.00010272430400855156
9658,0.00010843253094542824
9659,0.00014962235734078942
9660,5.0329908904696195e-05
9661,6.428614658848256e-05
9662,0.00011021862591176534
9663,5.9185164567434946e-05
9664,0.00013483492044835313
9665,0.00010475312594526739
9666,8.029570353477196e-05
9667,8.942915803535026e-05
9668,8.155013988899709e-05
9669,0.00016170999896806772
9670,0.00017889196333051272
9671,0.00016355474034327757
9672,0.00021230384228348054
9673,0.00019446585407466733
9674,0.0002354329449979264
9675,0.00016608532107034659
9676,0.00014070335437557635
9677,0.00015853960132685378
9678,2.976913587629244e-05
9679,0.00012305936066715913
9680,7.959936625569006e-05
9681,8.26804232285134e-05
9682,0.00012479062032614083
9683,0.00011515252214214922
9684,4.538500600230293e-05
9685,0.00011423871707503497
9686,5.651180212424198e-05
9687,0.00010920568652086576
9688,7.004894311989887e-05
9689,0.00021659804861719713
9690,6.234767079094544e-05
9691,8.151291390215906e-05
9692,2.8208580874044152e-05
9693,9.897622958793282e-05
9694,8.888873307805976e-05
9695,9.994822158582014e-05
9696,6.577702968015736e-05
9697,0.0001471914565869698
9698,0.00012082286326906926
9699,0.00013890656885623696
9700,0.0001536787068343497
9701,8.353027672651998e-05
9702,2.6176189545076e-05
9703,0.00016565033093673048
9704,0.00010446940447967801
9705,5.839991630387809e-05
9706,0.00010068749571828152
9707,0.00010705059680691071
9708,5.7435931835256406e-05
9709,6.215714895390857e-05
9710,9.236671175077564e-05
9711,8.115413708173365e-05
9712,0.00026142116934060877
9713,0.00013649336630155686
9714,0.00010839102689624473
9715,8.744879449307922e-05
9716,0.00014296607433623483
9717,4.323469418584041e-05
9718,9.14852568129101e-05
9719,0.00011215871668251045
9720,6.136826151091199e-05
9721,0.0001097874220002985
9722,2.959732790338082e-05
9723,0.0002045353282327925
9724,6.269571136878084e-05
9725,2.6389279082096064e-05
9726,0.00013673500346378823
9727,0.00011773925124835681
9728,3.688521015999684e-05
9729,0.00010077238745013524
9730,6.448114937974712e-05
9731,0.00012618070427497361
9732,0.00012816843941011906
9733,0.00010059747077176654
9734,0.00010315990929284357
9735,9.584876726093469e-05
9736,7.070438302214806e-05
9737,0.00029245381728166436
9738,0.00010298455688098377
9739,5.7735558576365875e-05
9740,0.00011997650694279004
9741,9.103020877739071e-05
9742,0.0002592694373797516
9743,0.00010407407086112471
9744,0.00011447960552520748
9745,0.00013262198242277107
9746,5.278106291648212e-05
9747,0.00012522473333421096
9748,0.00013916193216710135
9749,0.00013379499840646507
9750,7.242753092952526e-05
9751,0.0002230773253367114
9752,0.00019958484238344272
9753,0.00013690071208540423
9754,0.00026804884821094035
9755,0.0002087800284306027
9756,0.00019091898858129995
9757,0.00028339926286957776
9758,4.402573638192326e-05
9759,2.44729990455048e-05
9760,0.00017247576220322085
9761,6.667483737485989e-05
9762,0.0001786284461801244
9763,5.9092697805043494e-05
9764,8.989579645728012e-05
9765,0.00019613428589876895
9766,0.0001792969492041649
9767,0.00015778558653289522
9768,0.0002360632733237522
9769,0.00013807200436106667
9770,0.00012837355974703243
9771,5.821675422611309e-05
9772,0.00013664843416772321
9773,3.621433603295382e-05
9774,0.0001831926758693411
9775,0.00021599776084432295
9776,0.00014424470793123978
9777,7.374594029646234e-05
9778,9.564047166235814e-05
9779,0.00014530049770698354
9780,0.0002936143227201165
9781,4.526713197151272e-05
9782,8.527586812990562e-05
9783,0.00012256217859019973
9784,6.636603876109388e-05
9785,8.582346437616314e-05
9786,0.00011129400187027048
9787,0.0002477267423080334
9788,0.00014206793676440965
9789,7.400332810371204e-05
9790,6.854171995470258e-05
9791,0.00011383030962041087
9792,0.00015491559776057695
9793,0.00011963771363053763
9794,3.267992747001793e-05
9795,7.432309442184298e-05
9796,0.0001182517232480857
9797,0.00012512418014385462
9798,0.0001325049936115805
9799,0.00014334517584254746
9800,9.645491860314666e-05
9801,0.00012417402740794647
9802,0.00016077689347673396
9803,6.18005612261082e-05
9804,7.67375624803161e-05
9805,5.4770310921255985e-05
9806,0.0001896388949005565
9807,0.00012813468931591727
9808,0.00019374226254251182
9809,0.00010980422666256709
9810,0.00014397833918428592
9811,7.221612906954469e-05
9812,8.626428070991024e-05
9813,9.4142058885282e-05
9814,0.00024419282634241085
9815,6.613984915653821e-05
9816,9.912620835374016e-05
9817,9.609461950589708e-05
9818,8.3448110360163e-05
9819,4.547353915649563e-05
9820,0.00011923397017389432
9821,0.00026370528948920283
9822,0.00018200934437586632
9823,1.609440350414224e-05
9824,0.00011848663188071822
9825,8.500381496563706e-05
9826,0.0001751401029394737
9827,0.00012787880577553337
9828,2.4618170794122867e-05
9829,0.00010347829021337822
9830,8.253506151162953e-05
9831,0.00015327707772999787
9832,4.658135041872028e-05
9833,0.00015549352936851827
9834,4.055448132306407e-05
9835,0.0001277886440624443
9836,6.165127964886474e-05
9837,9.931748477554265e-05
9838,9.525632074389055e-05
9839,0.0001116986643722232
9840,8.752146123511087e-05
9841,0.00027096365228185444
9842,5.101508120197643e-05
9843,0.00015462080713470869
9844,0.00011122376160212235
9845,2.344993446546454e-05
9846,0.00015125980366509828
9847,0.000123140452331958
9848,0.000227305075246385
9849,0.00021209935509878435
9850,0.00010501751515139816
9851,7.975933255779328e-05
9852,5.915773712291117e-05
9853,0.00019818751657945326
9854,0.00017744350485807652
9855,0.00016755924007222397
9856,5.7620653636822375e-05
9857,0.0001704556020734568
9858,2.8088557421972796e-05
9859,0.00010705371560756842
9860,0.00023718706615815987
9861,6.968512641986025e-05
9862,8.402288894476378e-05
9863,9.41052153800625e-05
9864,6.512819600053326e-05
9865,0.00014101790974402657
9866,6.839762484955116e-05
9867,0.00021736814859351668
9868,0.00022972058260876659
9869,0.00015460966516568392
9870,0.0001863182668352331
9871,0.0001532237544843829
9872,0.00017116142020628735
9873,5.925784605197362e-05
9874,0.00010089190925976766
9875,9.183059110689384e-05
9876,8.120895684903063e-05
9877,0.00010787637562966008
9878,0.00012113843542932226
9879,8.178387777000195e-05
9880,7.522344814308889e-05
9881,6.317309770232637e-05
9882,6.689765932248144e-05
9883,4.8044392935058836e-05
9884,0.00023433427720209607
9885,2.3115110282701433e-05
9886,0.0001337978408736253
9887,0.00022577054624146724
9888,0.0001353688725461579
9889,3.662366407062013e-05
9890,5.648132545295499e-05
9891,0.00020500672900903276
9892,4.6708723468373555e-05
9893,9.637863897411744e-05
9894,0.00010596305644380855
9895,5.6817146695462806e-05
9896,0.00012058703115006681
9897,5.1088918088193525e-05
9898,0.00016189592766269791
9899,0.00015538342639214058
9900,8.236635047920679e-05
9901,0.0001227768796388673
9902,0.00012122551451846144
9903,4.032885084801922e-05
9904,0.0001077422027632566
9905,0.00014893516276952542
9906,7.358032654532863e-05
9907,0.0001345596050697953
9908,2.3592702217802658e-05
9909,0.00013535261694917056
9910,0.00014170759530045002
9911,0.0002377959774478146
9912,0.0001373801807799152
9913,0.00010567873476459315
9914,9.224029324276905e-05
9915,6.267666513986805e-05
9916,0.00021206436500062947
9917,7.994635766755154e-05
9918,0.0001329459428556031
9919,5.078242836251532e-05
9920,0.00010061813831554801
9921,8.67145739753053e-05
9922,0.000334437712516256
9923,0.00011726601387788999
9924,0.00021733433367388582
9925,0.00012497733191267732
9926,3.95750934498738e-05
9927,5.3478072696874025e-05
9928,7.138164092908454e-05
9929,7.232610261884219e-05
9930,0.00015257127894502352
9931,7.226811527416283e-05
9932,9.518666452918253e-05
9933,0.00017125151645049522
9934,1.8534142230859437e-05
9935,0.00011558782301308352
9936,7.856412449187768e-05
9937,0.00013344431562490458
9938,0.0001292202191200505
9939,0.00010665970459105942
9940,4.216208071997222e-05
9941,0.00030552981592248655
9942,7.300097904476315e-05
9943,0.00013709479581491292
9944,0.0001465254211521833
9945,7.39424219978177e-05
9946,0.00021068749878080177
9947,9.364283639995187e-05
9948,0.00011973119822310996
9949,5.707062565293292e-05
9950,0.00012971307126811277
9951,5.329080923171897e-05
9952,4.085961500740902e-05
9953,5.928827422222298e-05
9954,9.176197900807024e-05
9955,8.61935740987939e-05
9956,0.00022128878764421988
9957,0.00013039947467047047
9958,0.0001014229826897286
9959,4.6234901207048716e-05
9960,0.00022199398150083013
9961,0.00012429652695390375
9962,0.00011789662336289346
9963,8.959383095900649e-05
9964,6.681495384987761e-05
9965,0.00014419588593036229
9966,6.115388856872731e-05
9967,0.00018963660462715664
9968,6.10481349632127e-05
9969,7.92111786391596e-05
9970,7.894038912489821e-05
9971,0.00011488058458874511
9972,0.0001662424322883655
9973,4.9649440307229274e-05
9974,9.349441497215745e-05
9975,0.0001086104045454466
9976,0.00011090695472171526
9977,0.00018553028123592907
9978,0.00014417317596158983
9979,0.00012256739212091372
9980,0.00014925031760355567
9981,0.00012040879799151112
9982,0.00011032006623972954
9983,0.0003280235215556631
9984,0.0001445813101457851
9985,6.342730681243459e-05
9986,8.640416742093596e-05
9987,4.965691820080191e-05
9988,0.00020987893352548742
9989,0.0001943631257341748
9990,4.859780286974887e-05
9991,9.853485093651391e-05
9992,0.00015199626538233926
9993,0.00016900747081374258
9994,0.00021680981350160645
9995,2.4752811086251462e-05
9996,3.3598448627614705e-05
9997,0.0002433908675468331
9998,0.0001044653370092212
9999,0.00012853781191917547
10000,0.00018500784100594078
10001,1.712228061963284e-05
10002,2.994660156591078e-05
10003,8.468973240791958e-05
10004,0.00016498385192990743
10005,0.00014298675611916682
10006,0.00014423533445608554
10007,0.0001448235980819848
10008,0.0001874622286050832
10009,0.0003156227009094477
10010,0.00018864066631657983
10011,4.8427871719030783e-05
10012,4.7084699335047376e-05
10013,9.926943426333086e-05
10014,8.720636434452062e-05
10015,0.00014907777581327786
10016,2.7113086819661584e-05
10017,7.596318290880296e-05
10018,0.0001712073896765676
10019,8.627684629052915e-05
10020,0.00030025016838688295
10021,0.00015192006539815406
10022,0.00015756280206524422
10023,0.00016251579679010274
10024,5.364712330875291e-05
10025,5.162458763023082e-05
10026,0.00023223740297042818
10027,8.003734731315746e-05
10028,8.052761027048346e-05
10029,8.302192784704352e-05
10030,0.0001487535236471428
10031,9.50426116593968e-05
10032,0.00018526029379676968
10033,0.00016154354271415844
10034,0.00020476132142147605
10035,5.914902817252064e-05
10036,0.00012749124152166012
10037,0.00011209516598834068
10038,4.543707598828807e-05
10039,9.805958897408683e-05
10040,4.652305225000796e-05
10041,9.836689435880538e-05
10042,6.010048173536107e-05
10043,0.00017573116823662086
10044,4.099076316647661e-05
10045,7.444773237173287e-05
10046,0.00011752309868844661
10047,4.982269558404227e-05
10048,0.00010486180598228269
10049,9.935336969204713e-05
10050,0.00016163759642044543
10051,6.195779857561361e-05
10052,7.581955947832043e-05
10053,0.00012733580087602824
10054,0.00013730663316073547
10055,0.000104004221092676
10056,0.00016301080015621987
10057,0.00013695474480488568
10058,0.00016631550698635125
10059,0.00015039069900157592
10060,5.8050877119622954e-05
10061,6.675935224504347e-05
10062,6.903987259106971e-05
10063,0.00015991062794955252
10064,5.1023326255777625e-05
10065,6.609627506986582e-05
10066,7.751906597677607e-05
10067,2.831196833116478e-05
10068,0.00012431456287825027
10069,0.00022790072512450123
10070,0.00010462506180737071
10071,0.00014080433841161174
10072,2.5921941885828e-05
10073,0.00011081840269865802
10074,0.00025150749999254757
10075,8.751607327605733e-05
10076,0.00013348252192833078
10077,9.84958906551135e-05
10078,0.00015979991400855457
10079,8.773670982279763e-05
10080,6.883270917280998e-05
10081,0.00014216845679351648
10082,0.0002525307063047476
10083,0.0001358267060936411
10084,6.957367465449077e-05
10085,0.00018543561347497632
10086,0.00013700207469173476
10087,0.00012584649328956906
10088,8.109295608530034e-05
10089,5.687634071178895e-05
10090,0.00013933500082615258
10091,5.950515075900918e-05
10092,7.59422446207093e-05
10093,0.00010974828411702728
10094,9.635753360665962e-05
10095,5.515303698049826e-05
10096,0.0001650142160458731
10097,5.909955625808925e-05
10098,0.00026775821593461393
10099,8.693529493012392e-05
10100,7.935015270873802e-05
10101,0.00011588844239740697
10102,0.0001071298407834249
10103,0.00027363223260061607
10104,5.5759237935396394e-05
10105,5.321509293733496e-05
10106,0.00014778579188609055
10107,0.00015162848352232153
10108,9.927382119083165e-05
10109,7.782572970861862e-05
10110,6.764697355873052e-05
10111,0.00015176782114339332
10112,6.43260419671767e-05
10113,7.647402400606112e-05
10114,0.00032916117733434644
10115,4.1826217447111026e-05
10116,0.0001235103415757837
10117,0.00010814123727421661
10118,0.00019927376594510425
10119,9.489370454146498e-05
10120,0.00017548267850011774
10121,0.00014100839642409323
10122,0.00010775068443334891
10123,5.3094363807201714e-05
10124,6.364829788895702e-05
10125,6.940891032946538e-05
10126,4.577048359894907e-05
10127,3.96991753354815e-05
10128,0.00010701855378252267
10129,4.274606351477215e-05
10130,2.6877469805642374e-05
10131,5.2547510315302775e-05
10132,0.00029223923543968014
10133,9.887284683325268e-05
10134,0.00011239021014673419
10135,7.952150659899608e-05
10136,6.89725495807454e-05
10137,7.272293870129771e-05
10138,0.0002217215926410556
10139,4.641362692539678e-05
10140,5.919349542804486e-05
10141,8.14279825072941e-05
10142,9.490683595272946e-05
10143,0.00023691699060232374
10144,0.0002568653110702971
10145,5.586780730555245e-05
10146,5.337954789308451e-05
10147,0.00014643932188405681
10148,8.442449791101585e-05
10149,4.8926618564123275e-05
10150,9.141215672380617e-05
10151,0.0001068541506707688
10152,4.872414686722668e-05
10153,0.00012690508153696942
10154,0.0001088104110229156
10155,7.838666711214449e-05
10156,3.686061507646535e-05
10157,6.460201223743481e-05
10158,0.00027217245580277226
10159,0.00022618320421525628
10160,0.00017822539578712243
10161,0.00013948112307748912
10162,0.00016100149755945983
10163,9.113096813843661e-05
10164,0.00010452235963075145
10165,0.00016238762890496438
10166,0.0001198545833926131
10167,0.00015516964907659632
10168,0.00010756109334220365
10169,5.4149521845813645e-05
10170,0.00017193278856617484
10171,6.173627101595618e-05
10172,0.00010936526412017341
10173,0.00013088413051704566
10174,8.3320439578148e-05
10175,0.0001234320348384117
10176,3.9615289202701635e-05
10177,0.000149064053669569
10178,0.0001782776184941948
10179,0.00015376534168347163
10180,6.350106655949382e-05
10181,9.19391223724456e-05
10182,0.00017401940242531364
10183,6.269907514889071e-05
10184,0.0001532754580532743
10185,0.00022128272192825985
10186,2.9097726600049916e-05
10187,0.0001490272000639363
10188,0.00021310040609341527
10189,0.00011136208058582672
10190,0.00014903328027873766
10191,6.198888558841834e-05
10192,0.00022968584902193862
10193,0.00010156948957708019
10194,8.942806270931494e-05
10195,0.00011251237949288302
10196,9.982953447376204e-05
10197,9.721904109151888e-05
10198,0.00018595928711948455
10199,0.0001897203750483112
10200,5.9440900053955974e-05
10201,0.00022542875159077552
10202,0.00011962163990876938
10203,7.071008133599483e-05
10204,9.520334942153239e-05
10205,7.044016352234598e-05
10206,7.227517958965061e-05
10207,6.860640310606379e-05
10208,0.00011415322474541798
10209,0.0001279495254249254
10210,0.00023270297448471031
10211,0.0001824509004953643
10212,4.945907644075872e-05
10213,0.00014249689682290312
10214,0.0002076818460178967
10215,0.00011024334803605085
10216,0.00015028341984612808
10217,2.212748299744773e-05
10218,0.00010807605351651961
10219,0.0001393826861083061
10220,7.140735002553261e-05
10221,0.00013001094525840167
10222,0.0002135806802677202
10223,0.00019821389000079738
10224,0.00012541147542142483
10225,0.00012058146187946147
10226,0.0001653500881631621
10227,5.633974647219643e-05
10228,0.00018476845980601063
10229,4.9545626542303724e-05
10230,0.00010000254280670155
10231,0.00023799942842841275
10232,0.00010900120974238196
10233,7.586214677433941e-05
10234,0.00018925306553174237
10235,6.140764027706027e-05
10236,0.00025417886032968274
10237,0.0002077011711602072
10238,3.2795863796902516e-05
10239,0.00015324678898355888
10240,0.0001946237956794237
10241,0.0001570780186051083
10242,8.647312087075816e-05
10243,0.0002697403268653274
10244,4.0993980564599534e-05
10245,3.915427703876874e-05
10246,0.00014111464632505485
10247,6.55749483317821e-05
10248,0.0001610160934991971
10249,9.988439249541396e-05
10250,0.00011005615091415984
10251,0.00017957700858080037
10252,0.00024252125586417446
10253,6.042524124264938e-05
10254,0.00013051907720036944
10255,8.838793896193565e-05
10256,0.0001397413414578222
10257,5.799656231571548e-05
10258,0.0001284956365292366
10259,2.796223340679735e-05
10260,7.868505401136116e-05
10261,5.242070508506897e-05
10262,9.324681601264365e-05
10263,0.0001412329860606962
10264,5.306140533872266e-05
10265,4.5722132971994364e-05
10266,4.287299703129104e-05
10267,0.000164119735337493
10268,0.00017666076083868367
10269,7.804324866970416e-05
10270,5.361271803900099e-05
10271,7.51396930942498e-05
10272,0.00019525210340053543
10273,9.912266564906697e-05
10274,8.058687725378373e-05
10275,0.00010301647812317834
10276,0.0002286228899838078
10277,7.381445850793746e-05
10278,8.265236136932102e-05
10279,6.34983166066276e-05
10280,5.302428094968832e-05
10281,4.5267404521174464e-05
10282,0.00010673113181130627
10283,0.00023654777361786032
10284,7.908345308420766e-05
10285,4.2410731436173926e-05
10286,7.557654653930567e-05
10287,0.00015209737282821534
10288,0.00016516283879104465
10289,4.706135271335021e-05
10290,0.00016395357024497295
10291,8.997162064890375e-05
10292,8.715615836974561e-05
10293,5.2238857889546386e-05
10294,0.00015173294590716338
10295,0.00013926561946948178
10296,0.0001010556258835099
10297,7.878985707177253e-05
10298,5.8629454997278485e-05
10299,0.00010757344895200571
10300,0.00017155340546730151
10301,0.00024873209733953047
10302,8.426808479871025e-05
10303,6.344264263725421e-05
10304,0.0003266366053781502
10305,1.933119345406164e-05
10306,6.929024669758504e-05
10307,0.00014617581167437833
10308,9.554264126478903e-05
10309,7.830747735735573e-05
10310,8.482208632322852e-05
10311,0.00016108486905753482
10312,0.00013692331852070173
10313,0.00017048553246554223
10314,8.79749779577133e-05
10315,0.00010561629955032423
10316,0.00011074350913893404
10317,9.991065458918125e-05
10318,7.677112289774657e-05
10319,0.00013103810224349903
10320,9.432967211318486e-05
10321,7.35601663661565e-05
10322,6.691029691893201e-05
10323,0.00020228277167646874
10324,7.998910250068781e-05
10325,1.488530408569914e-05
10326,0.00010336964350493355
10327,0.0002070210100437552
10328,6.868115971866602e-05
10329,8.642589629205347e-05
10330,9.422408330056538e-05
10331,5.401446023573397e-05
10332,9.668661714970641e-05
10333,0.00012518208492204078
10334,0.00015868613512371094
10335,1.9378464766196377e-05
10336,8.097858929253894e-05
10337,2.9215149853424527e-05
10338,8.118292552804644e-05
10339,0.00010551155104874927
10340,6.403387221761594e-05
10341,0.0004187516891385076
10342,6.055076086833144e-05
10343,5.8150556496671014e-05
10344,0.00015151297301426537
10345,0.00011675290824505167
10346,0.0001167105794435808
10347,0.0001426452514609925
10348,0.00010699080240023762
10349,9.95230102715065e-05
10350,0.00016060795685335713
10351,0.00015622207034120752
10352,0.0002750596146707862
10353,9.754185316298639e-05
10354,0.00010650026698946472
10355,0.00013949602087497007
10356,0.0001939937982005804
10357,0.00018641916467708694
10358,8.964320971768732e-05
10359,0.00015032301668574597
10360,0.00019776700213406629
10361,8.594483478170389e-05
10362,7.266754621882214e-05
10363,8.507359972685702e-05
10364,4.969533772439091e-05
10365,0.00018115365981077056
10366,0.0001744201966456948
10367,0.00015214650712110073
10368,0.00012938078780234065
10369,6.436384004638595e-05
10370,6.881609355870741e-05
10371,0.0002752782383295515
10372,0.00014626183246138128
10373,6.923839994091776e-05
10374,4.249339788491347e-05
10375,0.00014738458221573122
10376,0.00017986631133039749
10377,0.0001594558749571647
10378,0.00014060341346086217
10379,9.874458344987252e-05
10380,0.00019389052499049593
10381,0.00015242049650748734
10382,7.482642887819254e-05
10383,0.0001842734988021578
10384,0.00011298596686654865
10385,0.00010706319205531681
10386,0.0001231700141920898
10387,5.130615524507601e-05
10388,7.425431979144284e-05
10389,8.122726575083318e-05
10390,9.997062715164249e-05
10391,4.93485480338453e-05
10392,0.0001005254000423866
10393,0.00020952157911071902
10394,0.00010664351434684844
10395,0.0001534283422719026
10396,0.0002927894822972151
10397,3.114440515733845e-05
10398,7.95380579763108e-05
10399,0.00010601060591369778
10400,9.338432285516731e-05
10401,0.00013335386351975015
10402,0.00010891567526908892
10403,0.00014506265675001714
10404,0.00040289369750408724
10405,8.438063599251268e-05
10406,0.0001027200795878188
10407,0.00026147279248818847
10408,3.136217013359917e-05
10409,0.00010887786703371785
10410,7.124492274056764e-05
10411,3.390483716864382e-05
10412,5.795475180217869e-05
10413,0.0001233070873798898
10414,4.072476633234439e-05
10415,0.0002698547233590209
10416,0.00010447054581868077
10417,6.505869549807599e-05
10418,8.082427387118899e-05
10419,0.00015809902767580737
10420,8.300987805875891e-05
10421,6.730682212498248e-05
10422,6.162374781555639e-05
10423,0.00012337103746477244
10424,7.337049715832991e-05
10425,2.4817256368349706e-05
10426,0.00010057223177706717
10427,0.00016796653798772324
10428,0.00012435046491292038
10429,0.00013559213424721184
10430,6.652737257589808e-05
10431,5.1903506120023185e-05
10432,4.4966039852175016e-05
10433,0.00019833273612332593
10434,8.771982503514423e-05
10435,0.00013796258624223286
10436,9.456575374011527e-05
10437,0.0001456184237161742
10438,8.618103267386999e-05
10439,9.627584713485369e-05
10440,9.429627921548958e-05
10441,0.0003043460718311607
10442,5.184009150829976e-05
10443,0.0001523608791853262
10444,8.317720666810492e-05
10445,0.0001412162499059582
10446,0.00022181501480005408
10447,0.00014149278464192772
10448,0.00017530942846850236
10449,0.00013134871868790708
10450,8.644188617959738e-05
10451,0.00011562476347035831
10452,4.4840549396454604e-05
10453,0.0002473093745731636
10454,9.17500421884033e-05
10455,0.0002093901613139411
10456,0.00011683785206430269
10457,9.278854363492415e-05
10458,6.0218114676983294e-05
10459,0.00010573845902391057
10460,0.00016354337047820865
10461,0.0002306380742570604
10462,0.00014466970821515565
10463,0.0001650061351970865
10464,2.5159573921028355e-05
10465,0.00012022008769527098
10466,0.00030223280295493446
10467,5.026559002604038e-05
10468,9.242310302424185e-05
10469,0.00028052995035402866
10470,0.00012409572119911276
10471,9.13962756427516e-05
10472,0.00014525363933887985
10473,0.0001247390434845608
10474,0.00019269063419258706
10475,2.2434439086189783e-05
10476,5.8824574772893144e-05
10477,0.00013739644728147794
10478,0.00027893519100447467
10479,4.676783054585912e-05
10480,8.148361671759884e-05
10481,0.0001675988993141018
10482,0.0001199046547542449
10483,0.00019408640692939407
10484,0.00012012537598338458
10485,0.00020449138576379653
10486,6.726656332320349e-05
10487,0.00010788070565399242
10488,0.00023021257170162103
10489,5.66452258182252e-05
10490,0.00021215543638644765
10491,6.69436488598308e-05
10492,0.00014159415044394188
10493,0.0001343948471679338
10494,0.0001417935233983825
10495,6.677953603559394e-05
10496,9.452901578210383e-05
10497,0.00018645805199796414
10498,1.7398380185395296e-05
10499,4.115402901239002e-05
10500,0.00018242846947187638
10501,0.00017231964866043492
10502,9.803742078017005e-05
10503,0.00014001358291074214
10504,0.0002061374585799212
10505,5.436737968900539e-05
10506,6.805421237097485e-05
10507,0.00015436364689944628
10508,5.0549999188146705e-05
10509,0.00015702856153286513
10510,0.00011767840731567016
10511,0.00016071458244405667
10512,0.00011484849728831707
10513,0.00015886989000119274
10514,0.00017326743619612813
10515,7.300726005016731e-05
10516,0.0001432253266282569
10517,6.833324718075916e-05
10518,0.00011379075919652858
10519,0.00013189092686612274
10520,9.217635456496785e-05
10521,4.4689705812987685e-05
10522,0.00013640723785372915
10523,5.2958076767823655e-05
10524,0.0001055658044025734
10525,5.662912051436622e-05
10526,0.0002402400584398211
10527,9.936756885320276e-05
10528,0.00014355307873636328
10529,0.0002086542721230817
10530,0.00017874068757128134
10531,7.135133386122445e-05
10532,0.00014533581122796768
10533,6.773490311129618e-05
10534,0.00015467786179867331
10535,6.125279119835819e-05
10536,6.08272957684533e-05
10537,0.00011812244648312049
10538,0.00016109840157666036
10539,0.0002589726759344144
10540,6.49016373866023e-05
10541,0.00010597620487499876
10542,9.849120033665111e-05
10543,0.0001448822453638177
10544,8.959596793810524e-05
10545,0.00031508479521154893
10546,8.020017609412249e-05
10547,0.00011435082497417713
10548,0.00011628064406067162
10549,0.00015872572434660317
10550,8.46737152496924e-05
10551,0.00018783047969112736
10552,2.904867232718323e-05
10553,0.00010425316425194251
10554,9.6343573510572e-05
10555,7.837467139082239e-05
10556,8.492856815818554e-05
10557,3.9932483118941435e-05
10558,2.0462241488040632e-05
10559,0.0001798205064793839
10560,5.9337895623449446e-05
10561,9.060511587583584e-05
10562,0.0001637118529276267
10563,0.00010716068509492602
10564,0.00011801430215191461
10565,0.0001091147046136922
10566,0.00014018410598786964
10567,4.169028166895116e-05
10568,0.00012488979315876156
10569,9.446578854684644e-05
10570,4.3495228551037473e-05
10571,4.521675451800517e-05
10572,7.687235958966888e-05
10573,4.6315167811740963e-05
10574,0.00014709260847824626
10575,0.0001043661738531371
10576,9.329000781069503e-05
10577,0.00010652402613901477
10578,6.211986726915985e-05
10579,2.7884412215487702e-05
10580,6.183198733393484e-05
10581,0.000194538075505154
10582,8.872923106600895e-05
10583,0.00012073263322062419
10584,4.818415923002463e-05
10585,5.2116852921590655e-05
10586,0.0001767349074191754
10587,0.0001078680664134388
10588,0.00011766131860828794
10589,0.00012273956213982126
10590,0.0001971006963589002
10591,9.152105351438065e-05
10592,3.970664127249401e-05
10593,0.00010127694255148041
10594,0.0002217012926598886
10595,9.686707145288192e-05
10596,0.0002862069394761108
10597,4.7174926954280985e-05
10598,0.00011581244891589122
10599,0.00011313348537943492
10600,8.432009661360495e-05
10601,0.00038063841074606974
10602,0.00017587963895767357
10603,5.995132561138297e-05
10604,0.00018753963634100305
10605,0.0001145301653599332
10606,3.346550760535398e-05
10607,0.00023934664040339582
10608,0.00012959898644309802
10609,6.565925136377721e-05
10610,0.0001695784399050736
10611,3.166429527719677e-05
10612,5.800118741659685e-05
10613,0.00015903277516107075
10614,9.725084792623338e-05
10615,0.0001837739497708277
10616,0.00012939376223259204
10617,0.00016845100842893565
10618,0.00016769499561834615
10619,0.00010425698965215744
10620,0.00011029714484500588
10621,0.0001574936220568076
10622,2.8075915426018e-05
10623,4.201726951337518e-05
10624,7.001722371640454e-05
10625,0.0001789523395554413
10626,7.358867748996917e-05
10627,0.00020460981364118092
10628,0.00014750603736211657
10629,0.0001705515631497326
10630,5.764722865208923e-05
10631,0.000316872080300474
10632,7.812667048378861e-05
10633,0.00010400610521306671
10634,7.760906452269812e-05
10635,1.4689835042838371e-05
10636,0.00010381877218102789
10637,6.498878354889689e-05
10638,4.6244218789680966e-05
10639,0.00011393627503672036
10640,0.00013716599022554568
10641,9.637304999678631e-05
10642,0.0002335439872631771
10643,0.00014578486373713288
10644,7.858163911701692e-05
10645,0.00011637922149263054
10646,0.00021771553572366557
10647,4.571562219493962e-05
10648,0.00013303583776895384
10649,0.00011214944055937206
10650,4.946850969486715e-05
10651,0.0001946803268748445
10652,0.00014628022934423253
10653,9.535170747469564e-05
10654,5.690591821705999e-05
10655,9.05695424941662e-05
10656,0.00023873316567733053
10657,0.0001774194024504431
10658,5.7745947433119965e-05
10659,0.0001875804342930607
10660,0.0001043128377908463
10661,0.00023352082425994982
10662,8.496121258879955e-05
10663,5.128142020329936e-05
10664,0.00012004469420499877
10665,0.00021056070441317857
10666,9.918924921230634e-05
10667,9.615871861464595e-05
10668,8.700908071883067e-05
10669,0.00022556603529938496
10670,5.0911129924696586e-05
10671,0.00022408036842512817
10672,0.00022502659517469368
10673,0.0001704606651327524
10674,0.00017243936963167415
10675,0.00013521735676471296
10676,3.394638360968648e-05
10677,0.00014910263924888066
10678,0.0002076247574421202
10679,8.424732175213971e-05
10680,0.00023891024449896074
10681,7.759616582991577e-05
10682,0.0003399976659144626
10683,8.760187103917916e-05
10684,0.00015408696790060531
10685,6.844420199890111e-05
10686,0.00011040048527406628
10687,3.685970654166175e-05
10688,5.6020458059043463e-05
10689,0.0001969106205132364
10690,5.484776320751389e-05
10691,0.00010555847020947638
10692,4.53319679381308e-05
10693,0.0002115428635830804
10694,8.893111840906742e-05
10695,6.395248022338142e-05
10696,0.00017129489239287347
10697,7.207921003594027e-05
10698,0.00017690197815393503
10699,5.455935072316877e-05
10700,7.409911918319608e-05
10701,0.00018663061251819385
10702,9.287977029176159e-05
10703,8.641950885257581e-05
10704,3.6256091810858544e-05
10705,0.00014362744892439913
10706,0.00015540571778776576
10707,9.757673887985119e-05
10708,8.946239057160142e-05
10709,0.00013197554201809764
10710,0.00023588601424729267
10711,9.525141314180327e-05
10712,0.0001694735429991715
10713,5.78428518159056e-05
10714,5.444472039608503e-05
10715,9.014877911256496e-05
10716,0.00012567606459817888
10717,0.00010891700660707768
10718,9.097370152285585e-05
10719,0.00042944045156357625
10720,0.00012300500461624522
10721,9.246284460155235e-05
10722,9.305937055935823e-05
10723,8.621579660385151e-05
10724,7.52380865459954e-05
10725,0.00015067950112702822
10726,4.46651629147349e-05
10727,5.4918642609132944e-05
10728,0.00020780756961126496
10729,0.0003488412181956723
10730,0.00018280318898551457
10731,8.517922671236803e-05
10732,0.00011499303831316747
10733,7.597908157006408e-05
10734,2.6464908541371875e-05
10735,0.00012876689323375364
10736,5.235211608134497e-05
10737,7.169897078764083e-05
10738,0.00017576399729973035
10739,8.971573634557557e-05
10740,7.402541961211771e-05
10741,5.172227127106398e-05
10742,0.00017685455713606666
10743,0.00015287530280632175
10744,0.00013511907053947642
10745,0.00014929873459363144
10746,0.00013128026065091047
10747,0.00022393396231825882
10748,5.648770408920054e-05
10749,8.133386289005523e-05
10750,0.00012882664322150011
10751,0.00012552310697114453
10752,4.592960301338375e-05
10753,0.00010369724127188105
10754,0.00014946120552495473
10755,0.00021171156719914557
10756,2.7440230041449406e-05
10757,0.00019608183154494124
10758,0.00010084216570625843
10759,8.990869435981398e-05
10760,0.00015819115475083697
10761,7.794760380380774e-05
10762,5.8998322709241016e-05
10763,6.726222038902778e-05
10764,3.403328466483985e-05
10765,8.030520657970348e-05
10766,0.00018911165510447883
10767,0.00013280708129926507
10768,0.00019519194452898977
10769,0.0001692412468712983
10770,8.858130588185848e-05
10771,3.544802085217387e-05
10772,0.0001043754680495634
10773,0.00010298123918665091
10774,9.22258254482633e-05
10775,0.00011480509964505685
10776,8.89226090654958e-05
10777,0.00014356705823899204
10778,0.00013523346585367466
10779,5.87663399862348e-05
10780,5.980801566945496e-05
10781,0.0001158892295690431
10782,3.8706762884046074e-05
10783,3.205422364153345e-05
10784,8.852114897636743e-05
10785,0.0001382625874356065
10786,6.833037007250205e-05
10787,0.00023282272150802475
10788,0.00011541597700315552
10789,0.0001724066832613833
10790,3.031057550080617e-05
10791,9.258578018920481e-05
10792,8.199995110855988e-05
10793,9.01729328137045e-05
10794,0.0002284537201173134
10795,0.0001640927442734603
10796,0.00020035308853868489
10797,6.0932800642635813e-05
10798,0.00012337909208152563
10799,9.690956986765871e-05
10800,8.365991866897311e-05
10801,0.00010443000438257118
10802,0.00031331143940019254
10803,8.00489219740252e-05
10804,0.0001740296652075408
10805,9.13796709626095e-05
10806,0.00012323698297428125
10807,0.00010459943545206441
10808,8.077010996370692e-05
10809,7.324393588508956e-05
10810,5.682523526260444e-05
10811,5.8020215347224194e-05
10812,6.863131297375833e-05
10813,0.00019110352189811563
10814,0.0002077856502125999
10815,0.00010434389554837007
10816,6.598552535522128e-05
10817,5.155841958885408e-05
10818,0.00011771968033576582
10819,0.00022636290311996447
10820,7.044974462555866e-05
10821,0.0001432432719769716
10822,0.00015844993352342549
10823,0.0001648688291832224
10824,0.0001938267163934013
10825,0.00011505045047281663
10826,7.697465461906376e-05
10827,0.0002500109175074516
10828,5.088172067144104e-05
10829,7.40420484155736e-05
10830,0.000451503044681388
10831,0.0001488554616181688
10832,0.00029304854826657295
10833,0.00012622039554276209
10834,9.985237703850544e-05
10835,0.00010166408875299953
10836,0.00015494582286502525
10837,6.0487335332442775e-05
10838,0.00011817209297570846
10839,7.723900397500354e-05
10840,7.980913006562347e-05
10841,5.505264537578827e-05
10842,8.944558043888274e-05
10843,0.000211224239700119
10844,9.564826461732248e-05
10845,0.00019898826104832482
10846,7.430887587729232e-05
10847,5.2885595270166295e-05
10848,9.760935557326015e-05
10849,0.00014022513118802828
10850,0.00015601278243889907
10851,0.00014176270260917405
10852,0.0001092708370917711
10853,2.8974932055613775e-05
10854,0.0001030528673133203
10855,9.787363937064789e-05
10856,2.670213634626934e-05
10857,0.0001121832037368014
10858,0.00020438128720425358
10859,6.661607578069124e-05
10860,7.022052944877992e-05
10861,0.00018923102746983686
10862,1.62511246971858e-05
10863,8.074264834191475e-05
10864,9.608406211231194e-05
10865,6.260641107707152e-05
10866,5.31519169330366e-05
10867,0.00012092177916252416
10868,0.0002363724393507984
10869,4.840455853210817e-05
10870,0.0003159214682664584
10871,0.00019770560538830083
10872,7.076953713440728e-05
10873,6.68210309089611e-05
10874,8.104259316683356e-05
10875,1.9563458062975848e-05
10876,7.066953034010938e-05
10877,0.0001302386676524228
10878,0.00029693860735191
10879,5.324677991448682e-05
10880,0.00010269721497885614
10881,0.00023417918862617213
10882,0.00015242235788306936
10883,0.00014489536016260815
10884,0.00018903128516711755
10885,0.00015177550472915438
10886,0.00013537464696327742
10887,7.658960752705374e-05
10888,3.461243718959241e-05
10889,0.00010010309014497757
10890,1.9206067947895735e-05
10891,0.00013714217125619755
10892,0.0001868157338446944
10893,9.847403028765119e-05
10894,0.00017620030251165434
10895,0.00010275342861765357
10896,8.834000916261463e-05
10897,8.147330825360181e-05
10898,0.0003913451117106785
10899,8.205077685479123e-05
10900,0.00013316930442759222
10901,6.882400174785643e-05
10902,7.027115310514818e-05
10903,5.2068519850518186e-05
10904,0.00022371321419983376
10905,6.698106886360541e-05
10906,6.652288783754996e-05
10907,4.140118089860957e-05
10908,5.7130957322090724e-05
10909,9.51928025990365e-05
10910,0.00020091046508315078
10911,0.00014581563302722573
10912,0.0001029634924292498
10913,0.0001025314906379054
10914,0.00010333988449678667
10915,7.451363775634166e-05
10916,0.0001304716287509892
10917,0.0001114625185857362
10918,6.804703653500967e-05
10919,7.038719416017733e-05
10920,0.00010534526944297226
10921,7.515065928093496e-05
10922,0.00017519113289509526
10923,8.749670842025692e-05
10924,0.00016479419115695442
10925,7.519073647221587e-05
10926,3.094103074030878e-05
10927,5.9759694300909634e-05
10928,6.362844689158359e-05
10929,0.00016128426190193068
10930,0.00011176836873083953
10931,0.00014472680613005325
10932,5.371597515348994e-05
10933,0.00015938631131409033
10934,0.0001867204027828563
10935,0.00012592351627505887
10936,0.00012189647491634075
10937,0.00026217502051758705
10938,0.00016807265014404647
10939,3.740876703088092e-05
10940,0.00013501840103003268
10941,0.00015446962830469054
10942,0.00015201861244734717
10943,6.244245107039239e-05
10944,8.561628900923499e-05
10945,8.920952206538974e-05
10946,0.0001355172279246274
10947,0.00014033014792343124
10948,8.202975483282401e-05
10949,6.718041721556538e-05
10950,2.8638311829324856e-05
10951,3.6516886662259036e-05
10952,9.841493095041426e-05
10953,0.00011806889339340989
10954,6.941001293659762e-05
10955,4.6983855718023805e-05
10956,0.00010122850428425269
10957,7.961555761736177e-05
10958,0.0002505681572829949
10959,0.00015603556388337706
10960,0.00016324618297170542
10961,6.016128240226814e-05
10962,0.00010307662241741148
10963,0.00018725302258030808
10964,3.602154458073631e-05
10965,0.0001231565176815493
10966,4.704539333638692e-05
10967,0.00011965996441872962
10968,0.0001601109923795617
10969,0.00019048193216651354
10970,0.0002477054304064443
10971,0.0001217738567309529
10972,5.660216442606979e-05
10973,0.0001361530944610648
10974,7.319167568175157e-05
10975,7.652110564983725e-05
10976,7.927552491186831e-05
10977,4.034735769202029e-05
10978,0.00015762572732254596
10979,4.432506279696005e-05
10980,8.329554595504678e-05
10981,0.00014676773194805312
10982,0.0001201364801905616
10983,0.0002051117574001841
10984,0.00039522829130100395
10985,8.564501409132434e-05
10986,0.0001408427038924276
10987,0.00010408846969540373
10988,4.635928709463825e-05
10989,0.00012362489945154522
10990,7.079221387083285e-05
10991,0.0001189769968158555
10992,0.0003998257512373086
10993,3.9266969886242696e-05
10994,0.0001684930725770985
10995,7.182088669319809e-05
10996,7.727693147474321e-05
10997,9.037940906070918e-05
10998,6.662889687892649e-05
10999,0.00012262475611528084
11000,0.0002756926177883977
11001,7.718635989397422e-05
11002,4.940424418821587e-05
11003,0.00013704106732056714
11004,8.374359108770922e-05
11005,0.00011199608937228287
11006,7.909268684606339e-05
11007,3.5522303129568934e-05
11008,3.0091240676954278e-05
11009,0.00015475423745038233
11010,7.454114997118798e-05
11011,0.0002904433940299322
11012,3.745702875466658e-05
11013,0.00010593128463207105
11014,0.00015561297898442005
11015,0.00021708112792306783
11016,7.625066067680711e-05
11017,0.00014398854840997886
11018,5.1947541052240095e-05
11019,0.00011981780584117997
11020,6.48212948057042e-05
11021,6.556541399577394e-05
11022,7.014284157567687e-05
11023,5.148072496840864e-05
11024,4.2758689453682865e-05
11025,7.514629235657804e-05
11026,0.0001187167985216106
11027,7.828747577503741e-05
11028,4.9137441168107865e-05
11029,0.00011856811454801262
11030,0.00022253438655091674
11031,7.507573879599181e-05
11032,9.011004907584093e-05
11033,3.740148195334088e-05
11034,0.0001570826941504499
11035,0.00012062694382908098
11036,0.00012096588552141995
11037,8.167966959332068e-05
11038,7.5413364956375e-05
11039,4.511842396902293e-05
11040,6.852603044045726e-05
11041,9.32737658865315e-05
11042,0.00022466239332265115
11043,0.00011172318350185964
11044,6.235923085446176e-05
11045,5.736341352259368e-05
11046,0.00017567271168532713
11047,0.00010259663001658357
11048,8.152021668254842e-05
11049,1.987051888776919e-05
11050,0.00012877587478046874
11051,7.957158867131212e-05
11052,5.692054337669194e-05
11053,3.543534153829406e-05
11054,0.00010507459304867648
11055,0.00012267519629923765
11056,0.0001471869313364254
11057,7.750106115028208e-05
11058,0.00011457376771748468
11059,0.00010853440585394161
11060,0.00013033907273347727
11061,3.8178719364002285e-05
11062,0.0001333427574385465
11063,0.00020256858441582195
11064,0.00020569235245568613
11065,9.832167711817542e-05
11066,0.00014432431237433404
11067,9.63943163236282e-05
11068,0.00014796653428847975
11069,0.00014507320685260494
11070,0.00013665935920265416
11071,0.0001244243082860733
11072,0.0002455434622395832
11073,6.413340750274935e-05
11074,7.131811363355299e-05
11075,0.0001369566079075377
11076,5.158506801778486e-05
11077,7.937362457235468e-05
11078,4.0086599552442715e-05
11079,1.4146671913871172e-05
11080,0.0001660970661875587
11081,0.00014498837270838887
11082,0.00013083412300557204
11083,0.00015415166269864652
11084,0.00015062163535428847
11085,0.0001316815912256624
11086,0.00010099138927248302
11087,3.600314959647462e-05
11088,7.918576306225456e-05
11089,0.00014907323360735048
11090,9.810282879903582e-05
11091,4.890792711034149e-05
11092,6.076725397134379e-05
11093,0.0003243210881849594
11094,3.797288698770404e-05
11095,7.444551400222755e-05
11096,3.1108951136221386e-05
11097,9.515433743988096e-05
11098,0.00011815510447053831
11099,5.279911206759817e-05
11100,0.00028987067815539855
11101,7.30735849701768e-05
11102,9.107417206573402e-05
11103,0.00013625917719600178
11104,2.3675922277323657e-05
11105,4.500673011323703e-05
11106,0.00015642123601732698
11107,0.00019807357037930967
11108,7.4546360443722e-05
11109,9.70472294357944e-05
11110,7.120744131635935e-05
11111,7.338626137395421e-05
11112,0.0001298602578814802
11113,5.495923522133911e-05
11114,0.00013242967606209063
11115,7.494405147459415e-05
11116,0.00013405480151485488
11117,0.00031685158173490823
11118,0.00017109655678244795
11119,7.701605450592562e-05
11120,6.0042800303919684e-05
11121,0.00010382741115036426
11122,8.39328421939914e-05
11123,0.00017350097022381084
11124,8.620317412036833e-05
11125,0.0001059896719584987
11126,0.00010586357049527889
11127,0.00014753042812358969
11128,7.180535166523101e-05
11129,9.463692296030923e-05
11130,8.090762210679966e-05
11131,9.317135094311535e-05
11132,0.00011800593116231207
11133,7.255141797857202e-05
11134,3.591564400828019e-05
11135,6.256424569010855e-05
11136,9.725068630454064e-05
11137,0.00012019760763923442
11138,0.00016581256021539132
11139,0.00010248221337182968
11140,5.3590685354976635e-05
11141,0.00014178301024230996
11142,0.0002026750495565341
11143,0.00020125715456996554
11144,3.796341719841796e-05
11145,0.00013924627132327888
11146,8.271518939041163e-05
11147,8.981746037704818e-05
11148,0.00010694558052064043
11149,0.0001949694160413143
11150,0.0001658471914533706
11151,7.486951060680027e-05
11152,0.0001107922320389197
11153,8.182142637404312e-05
11154,6.285666854867079e-05
11155,0.00010940386240882523
11156,3.872429811618495e-05
11157,0.00012978648504170174
11158,7.029677199103084e-05
11159,0.00012250093651453372
11160,0.00010720965024189913
11161,0.00023739027634287128
11162,0.00017039495385202548
11163,0.00015602485672887035
11164,0.0001234870761183645
11165,0.00015546112732628447
11166,0.00016359141726795897
11167,0.00013089126397333904
11168,0.0001931303106115414
11169,0.00028003055308401637
11170,0.00011578945619141437
11171,0.00021069190334161724
11172,0.00013137234724018226
11173,0.00014111853427750491
11174,0.00019529772714706412
11175,0.00013842870894418348
11176,0.00025338895468763174
11177,0.00016816687166802335
11178,6.68786142642761e-05
11179,0.00014415462571582566
11180,3.8585832419917824e-05
11181,3.0271497313566662e-05
11182,4.3344509070960574e-05
11183,0.0001193269305763969
11184,0.00019508887865977642
11185,0.0001881313899026274
11186,0.00011127057013446481
11187,6.1012190727639755e-05
11188,7.327100363576202e-05
11189,0.0001728099331263206
11190,5.377862959036615e-05
11191,6.970928947629393e-05
11192,8.306707516385802e-05
11193,7.028250778093014e-05
11194,8.487282675237036e-05
11195,8.401585553373384e-05
11196,0.00018664531633135205
11197,9.018947711750673e-05
11198,6.208844279306474e-05
11199,8.627143259126952e-05
11200,7.08942147891735e-05
11201,0.00010160311256544934
11202,7.74202733204975e-05
11203,7.364650905917487e-05
11204,0.00014203172653276183
11205,7.511127107752076e-05
11206,0.0002326792438692764
11207,8.278157114611592e-05
11208,8.701080958588109e-05
11209,0.0001354256804927083
11210,0.00018330000103725948
11211,4.0551624087659743e-05
11212,3.2562267694140466e-05
11213,5.096485745862528e-05
11214,0.00011414109438935811
11215,6.062277650852476e-05
11216,7.100445031981089e-05
11217,7.827577192327743e-05
11218,0.0001427834871071366
11219,0.00015533457126320964
11220,2.291478486241644e-05
11221,7.760640811493001e-05
11222,0.00016108229097766777
11223,0.00014219896193045815
11224,5.894631463245376e-05
11225,0.0001310019868394616
11226,8.361770273124174e-05
11227,0.00010100204297234701
11228,0.0002533713089730895
11229,0.00018196451610388576
11230,4.614397622186841e-05
11231,9.115421920350686e-05
11232,0.00020752939687269695
11233,7.042776754288722e-05
11234,0.00014927832854819554
11235,0.00012604897034968743
11236,0.00011023614194012046
11237,4.526830136072831e-05
11238,4.910723934338993e-05
11239,0.0001615388214602865
11240,0.00011750052658852103
11241,0.00015149358498570587
11242,0.00024676724731596583
11243,7.762812494336479e-05
11244,6.613238908280482e-05
11245,7.737681249393781e-05
11246,0.0001909591133486641
11247,0.00019478048123012926
11248,7.372658007773482e-05
11249,0.00012396776142108005
11250,9.705020464080299e-05
11251,0.00024520700865710937
11252,0.00022341856622095922
11253,0.00025071452713886974
11254,0.00011544548320346164
11255,0.0001509272972585327
11256,0.00021641486143952264
11257,5.417856219455762e-05
11258,6.977605129035355e-05
11259,9.227636366042328e-05
11260,7.909821300732637e-05
11261,7.699546310462979e-05
11262,0.00011249257403887723
11263,0.00012512483670743563
11264,0.00016113945558511795
11265,9.553065476189362e-05
11266,5.31207903453933e-05
11267,0.00010969981913457162
11268,7.162237008144498e-05
11269,0.00021285928133422895
11270,4.9344510378801945e-05
11271,0.00016000771151635236
11272,0.00011780492953643117
11273,3.1713805919233204e-05
11274,2.7814117567453787e-05
11275,0.00010093050697527147
11276,0.00011813945823041587
11277,0.0001713688513973008
11278,0.00015585338124377184
11279,8.298569615376004e-05
11280,3.308426634888891e-05
11281,0.00012581146287314246
11282,7.030074665971596e-05
11283,0.00014136223016198153
11284,3.891214380498674e-05
11285,0.00022260241230436423
11286,0.00012370157101538977
11287,8.7574575880298e-05
11288,0.00011264912487894061
11289,0.00018842822329613343
11290,8.611626085455688e-05
11291,8.971784624906347e-05
11292,0.00018944962794993698
11293,8.240117191391436e-05
11294,0.00011768850663889866
11295,0.00015651955711978578
11296,0.0001655239301321566
11297,0.00012588377923157567
11298,0.00010455637338907742
11299,2.8596151962395133e-05
11300,6.985752398779454e-05
11301,3.340608655189558e-05
11302,0.00019083352489750088
11303,4.516367555348189e-05
11304,0.0002222435127790318
11305,0.0001100536061502597
11306,0.00022657884150067428
11307,5.802275309236376e-05
11308,0.00018504443748208993
11309,0.0002654156402350644
11310,8.620374057829826e-05
11311,3.6956373635509756e-05
11312,0.00011590905587105375
11313,0.00022123664324690288
11314,0.00023606782467716037
11315,0.00010658865484748105
11316,5.458795986368645e-05
11317,4.7721881145704896e-05
11318,0.0001340443540757176
11319,0.0001485373843683777
11320,7.216984358871664e-05
11321,6.868296656689731e-05
11322,0.00012115888918306269
11323,0.00014894959439488444
11324,5.9670830005840136e-05
11325,8.26030636162386e-05
11326,0.00015796368912293285
11327,6.350819836589754e-05
11328,6.969605072748404e-05
11329,9.588186328940711e-05
11330,0.00015959339967522697
11331,8.396117347328549e-05
11332,5.89429588021171e-05
11333,0.0002090858572881171
11334,0.00010644658754559795
11335,9.635460367553861e-05
11336,6.641434782863557e-05
11337,7.493555611595575e-05
11338,8.76098084518596e-05
11339,7.260070161672215e-05
11340,0.0001583124236192437
11341,0.00022109428397050062
11342,0.00024232235257117216
11343,0.000133853489226157
11344,7.913324682482443e-05
11345,6.576307484179797e-05
11346,0.00013866637075333102
11347,0.00020971678032731975
11348,0.0001317167479894324
11349,0.00015481647585935916
11350,0.00040425230730595934
11351,8.556116803230208e-05
11352,0.0002501380558954815
11353,0.0001729247864397618
11354,7.078831310858599e-05
11355,0.0001445181249897207
11356,0.00010068597683780276
11357,7.528839970090324e-05
11358,0.00034446283619030203
11359,7.787953618334367e-05
11360,0.00020156867661335172
11361,0.00010752900980097639
11362,7.749651898834632e-05
11363,0.00010655360761232013
11364,0.00011818104969016963
11365,9.187521776192623e-05
11366,0.00012983585315497345
11367,7.031431340294649e-05
11368,4.9417148246682946e-05
11369,0.00010686290267440288
11370,0.0001095658159037478
11371,9.459820794749187e-05
11372,9.617241090577849e-05
11373,7.25192473638902e-05
11374,6.717307649961195e-05
11375,0.00023475440940314368
11376,0.00026406829368808536
11377,0.00022585762574561403
11378,7.17165089619231e-05
11379,0.0002107467827465901
11380,0.00021519880471466136
11381,5.6063634859268395e-05
11382,5.208701906215732e-05
11383,0.00014806567692215143
11384,5.2259006842167656e-05
11385,5.147553966979314e-05
11386,0.00014911443052423854
11387,0.0002178766223828757
11388,0.00010571932678959878
11389,0.000198061535019765
11390,0.00014645556676237497
11391,0.00019804011904657286
11392,8.822122463573697e-05
11393,0.00012901633638222096
11394,0.00027850203567147394
11395,6.831479197347196e-05
11396,0.0001087506156364524
11397,7.295954029256556e-05
11398,0.00022859695005794157
11399,0.0001642009778270503
11400,8.623511207253477e-05
11401,0.00012901973516785573
11402,7.815793662698722e-05
11403,0.00018940763604742564
11404,0.0001582843130989944
11405,0.00012895666603049814
11406,2.0851851592442323e-05
11407,4.718270305200124e-05
11408,0.00014977335104953546
11409,0.00017424783872658145
11410,0.00011542269944087223
11411,0.0002122636802869259
11412,0.00013877152672669754
11413,6.346785574092031e-05
11414,7.424033734518982e-05
11415,9.494867126298823e-05
11416,7.124234473311229e-05
11417,9.664869066343535e-05
11418,0.00024166506659470524
11419,0.00019232499108240788
11420,7.474178272639071e-05
11421,0.0001059369732094052
11422,8.320216474568666e-05
11423,0.00017164952373402025
11424,6.604785816817813e-05
11425,0.00010303586615666982
11426,0.00014143399722685613
11427,0.00015778153986705187
11428,5.887948430055783e-05
11429,0.00011063235360538828
11430,0.00013845650265505854
11431,9.341396133567908e-05
11432,0.00011444264610933028
11433,9.566858043703529e-05
11434,0.0001180713245535622
11435,9.367205788995515e-05
11436,6.106564551359067e-05
11437,0.0003480859474293867
11438,0.0001014650571745444
11439,8.888368027119827e-05
11440,7.245306027454074e-05
11441,9.941712817960253e-05
11442,5.9789739264924294e-05
11443,7.680471059890903e-05
11444,2.4291749683000688e-05
11445,0.00011885022834734536
11446,0.00010347973337632354
11447,0.0001820216193312551
11448,0.00015414676794536496
11449,5.115182303074226e-05
11450,0.0001725942223618349
11451,0.00011649315066249017
11452,6.337740534127653e-05
11453,0.00010844639008248434
11454,0.0001476483803646912
11455,9.747934928728072e-05
11456,0.00012673696223200237
11457,0.00010673788744072646
11458,0.0003710062777432507
11459,9.6247302999765e-05
11460,0.0002762045871128458
11461,5.400117815575734e-05
11462,4.721461659341928e-05
11463,9.517575615886544e-05
11464,6.116735557350209e-05
11465,8.595209023188938e-05
11466,0.00012833448224699662
11467,6.503255242610217e-05
11468,0.00014894589484247452
11469,0.00012474156775965414
11470,0.0001556208093884999
11471,0.00014746531307662566
11472,0.00015326967907484246
11473,0.00010418444453283482
11474,6.67512081742766e-05
11475,0.00017227728345377166
11476,8.233962521369909e-05
11477,7.91172811050784e-05
11478,0.0001241755702111928
11479,0.0001589047969724009
11480,0.00010567436017130911
11481,0.00010647582144989836
11482,0.00012215460930130813
11483,7.264759232702606e-05
11484,0.00016707566571253353
11485,7.603231786041925e-05
11486,7.584512134540007e-05
11487,7.973070911570662e-05
11488,0.00017121587020318672
11489,0.0003547200238023159
11490,6.467995291601915e-05
11491,5.601448363116039e-05
11492,7.740163208009229e-05
11493,0.00010687665535312627
11494,0.0001703130283956328
11495,0.00015274606369996974
11496,5.136665268082321e-05
11497,0.00014165808550702346
11498,5.282943886265789e-05
11499,7.918481432620393e-05
11500,5.070873231688882e-05
11501,5.535137767249803e-05
11502,9.880832002952479e-05
11503,5.857525206358052e-05
11504,0.00018817764676340416
11505,0.00017756406078577052
11506,0.00024698574917144403
11507,0.0001119512266132468
11508,8.512331548784771e-05
11509,0.00012115921258980371
11510,8.019564860121159e-05
11511,0.0001187311426750879
11512,0.00012044230884333755
11513,0.0001790671650708104
11514,0.00012293034198987424
11515,0.00014097325854447358
11516,6.798264019901705e-05
11517,0.00015858495832055504
11518,0.0001404903791629215
11519,0.00020241686173518917
11520,0.0001309172500254787
11521,8.444008997260284e-05
11522,6.576015201003024e-05
11523,0.00017278527807200719
11524,9.069704573675308e-05
11525,8.88146750580488e-05
11526,7.085201398337307e-05
11527,7.653665008247681e-05
11528,0.00015692738546942915
11529,1.820775790433342e-05
11530,0.00015172048966691627
11531,5.0137421874589636e-05
11532,0.00015472504874733967
11533,0.00010184096210819841
11534,0.00012108975365352639
11535,5.833748165909476e-05
11536,3.9690780924962094e-05
11537,4.394820160702443e-05
11538,8.299056604632123e-05
11539,0.00014968573032020447
11540,0.0002519744816845355
11541,6.284158446922935e-05
11542,8.745385128276112e-05
11543,0.00013774003863731814
11544,0.00012199871669564986
11545,0.00023028533625273908
11546,9.520115091826134e-05
11547,8.797048058462696e-05
11548,0.00013260346175231658
11549,8.186196419089384e-05
11550,0.00010298058608717694
11551,8.123604898175254e-05
11552,6.0506938844206336e-05
11553,0.0001044218885487711
11554,0.00010288465267806964
11555,9.962541230979275e-05
11556,8.58355518037631e-05
11557,4.4575638014398955e-05
11558,0.00015886177281674983
11559,6.873869309098977e-05
11560,0.00017378271828619017
11561,9.459087707323078e-05
11562,0.00013321519588843962
11563,0.00014612647213168236
11564,5.955856452740304e-05
11565,9.258438600847752e-05
11566,8.972289758495759e-05
11567,3.541199765209132e-05
11568,3.475157181436408e-05
11569,0.00020105973766982186
11570,5.162205163337495e-05
11571,0.00010822329999291482
11572,6.784518022933361e-05
11573,4.246792241176461e-05
11574,0.0001428308895415515
11575,8.125040153687658e-05
11576,0.0002446938802675898
11577,0.00010484805142071682
11578,0.00017946440185457154
11579,0.0002344946249363135
11580,0.00021470330765109376
11581,0.00035291503328221355
11582,5.144119301838042e-05
11583,0.00010905496235357064
11584,0.00019748984218511157
11585,0.00016715974831191585
11586,3.6548678937239026e-05
11587,0.00011665880722321723
11588,9.915407997920873e-05
11589,0.000212010499089892
11590,0.00013563380627918084
11591,4.059507629532396e-05
11592,6.976859786446132e-05
11593,0.0001764099550937664
11594,7.391473847259056e-05
11595,0.00018784206804908624
11596,0.00021222334065327362
11597,8.103180713704086e-05
11598,0.0001145886110795691
11599,7.183020135544814e-05
11600,9.978146594072166e-05
11601,5.021571388063693e-05
11602,0.00011046203565363319
11603,0.00011889399326725047
11604,5.218956241272292e-05
11605,0.00016364592409364017
11606,0.00013678269010712258
11607,0.00016361217042715445
11608,0.00011284428880673647
11609,0.0002504176538091595
11610,9.928465742444807e-05
11611,9.844283739952535e-05
11612,0.0001300660124936516
11613,9.529510026900106e-05
11614,7.66604271773574e-05
11615,8.753527937579461e-05
11616,5.6123061324737475e-05
11617,8.975263446316446e-05
11618,0.0002511981985706645
11619,0.00021431186485133873
11620,0.00012971307186812654
11621,4.528372599934059e-05
11622,0.00013902341666485
11623,4.876377579105863e-05
11624,0.00015296632758588305
11625,0.0001834637162639067
11626,5.0167435719735326e-05
11627,0.00013610374372135237
11628,8.530159477236239e-05
11629,7.953458411803647e-05
11630,0.00010929550280054194
11631,6.226617606390559e-05
11632,0.00021387763457826273
11633,0.00015251955841604896
11634,0.00014308125494396504
11635,0.00014642859016248327
11636,0.0001437229577333017
11637,0.00011257407903654095
11638,4.3605999360958706e-05
11639,8.31934193425849e-05
11640,8.847537994284495e-05
11641,0.00015717097061487394
11642,0.00017208772273732666
11643,0.0001065840828444931
11644,0.00020077664456114418
11645,9.13469120014471e-05
11646,0.00013262125604305362
11647,3.075543595045354e-05
11648,6.667017259167454e-05
11649,4.813208903577026e-05
11650,0.00017176230069406502
11651,0.00013331734220008314
11652,7.635896885506915e-05
11653,0.00012884791435568694
11654,0.00017911785879707362
11655,3.095911704195459e-05
11656,0.00014665045708141578
11657,0.0001304439758094063
11658,0.000308069044472308
11659,0.0001694366534673947
11660,4.022553968925058e-05
11661,2.1421004424139488e-05
11662,0.00013915043298102876
11663,0.00011167706906020021
11664,0.00019822736849700161
11665,0.0001698741763725857
11666,9.962786612948915e-05
11667,0.0003194907277552001
11668,0.00021707231690545984
11669,0.0001025937596861125
11670,7.961370335976724e-05
11671,7.202208756264441e-05
11672,0.00015548032728842338
11673,0.0001290882472795279
11674,0.00010292053429197748
11675,9.861139202230438e-05
11676,0.00015377935029562185
11677,0.00018477879114280329
11678,7.459498151578045e-05
11679,0.00013869919232165938
11680,8.818907702208537e-05
11681,5.020483097965503e-05
11682,0.00012531904313190173
11683,4.6367608504714544e-05
11684,5.340990822763803e-05
11685,0.00012631164771236924
11686,8.176691242382077e-05
11687,4.176037593770725e-05
11688,9.693307794627666e-05
11689,0.0001275752641824076
11690,0.0001257304294835603
11691,0.00011716190424286609
11692,7.947424706290768e-05
11693,9.434507116527565e-05
11694,0.00010730790768271559
11695,8.205769727032028e-05
11696,3.280424677892887e-05
11697,0.00010705405892896096
11698,0.00013564871173976905
11699,8.11169377930201e-05
11700,0.00013382033277243015
11701,2.710570972346111e-05
11702,0.00019560334295708087
11703,4.1365918044785524e-05
11704,0.0001298457653558813
11705,2.668701075402634e-05
11706,0.00013007772957898862
11707,4.409708304639661e-05
11708,0.00014569435375167913
11709,0.00015529005059171768
11710,0.00013253750172540955
11711,0.0001613956342786532
11712,0.00037636911897755664
11713,0.0001342949666950854
11714,0.00016744446271854094
11715,9.965350572427279e-05
11716,0.00018459205023509538
11717,9.984925072901173e-05
11718,0.00016898684068908143
11719,7.340489022975827e-05
11720,0.00016097113774738372
11721,8.32950989042039e-05
11722,9.579806658054488e-05
11723,0.00017114862093885072
11724,0.0002306642360873686
11725,5.6977207899641764e-05
11726,3.00561782958634e-05
11727,9.547319677129839e-05
11728,6.5935068286557e-05
11729,0.00021239892959685678
11730,0.00014713367925555933
11731,0.0001884200247859078
11732,3.742179238440802e-05
11733,0.0001069277236583554
11734,0.00010348313323243755
11735,0.00012564569417929664
11736,0.0002311731593343576
11737,0.00017064554024948754
11738,2.561796017131402e-05
11739,0.00016901464237193745
11740,3.018291723733147e-05
11741,0.00015491012535301556
11742,2.4372038332295708e-05
11743,5.647926187088299e-05
11744,0.00019249555542506314
11745,0.00017804563016274086
11746,4.7726380111388596e-05
11747,5.770123413838836e-05
11748,0.00020999192237351597
11749,8.622449949345328e-05
11750,0.00010052466636340729
11751,0.00018254327743852278
11752,9.199553037018007e-05
11753,0.00012949843262491788
11754,6.526123302179012e-05
11755,7.619000554067449e-05
11756,0.00017086996715047476
11757,0.0001276603355442033
11758,6.866492121856749e-05
11759,0.00011192225250473209
11760,9.26857117011749e-05
11761,4.9516209309072825e-05
11762,6.475151599758414e-05
11763,5.450361389833454e-05
11764,5.016875047590563e-05
11765,3.780537861950639e-05
11766,6.722146464059476e-05
11767,0.00013228062388275853
11768,0.00029769470153994467
11769,0.0001468715129631539
11770,4.541217234917109e-05
11771,7.874215209635905e-05
11772,3.545039096537525e-05
11773,8.237225174108554e-05
11774,0.00017505086949388127
11775,0.00012489789295284717
11776,0.00015644679613150263
11777,0.00018292832476279221
11778,9.652648046195741e-05
11779,4.408700228310822e-05
11780,0.000122633695130965
11781,0.00010016385712793453
11782,8.389345143374491e-05
11783,0.00013912296792217819
11784,6.92473917677199e-05
11785,7.852918301381659e-05
11786,0.00010422347684763178
11787,0.000140935660431356
11788,0.00020763370882620808
11789,5.1098045677149784e-05
11790,0.0002751188143063657
11791,0.00022357651864300744
11792,0.00018430568043789516
11793,0.00027043004689755723
11794,0.00013185804915564404
11795,7.456595926392748e-05
11796,0.00010015615288991433
11797,0.00010987606935840635
11798,0.00015704084885533214
11799,0.000144690165518952
11800,2.958660432412271e-05
11801,0.00021003969969330235
11802,0.00017660916522783932
11803,7.375843788007291e-05
11804,9.529492322984873e-05
11805,6.694156356931752e-05
11806,0.00019239425890568392
11807,7.240307029077342e-05
11808,7.127644607631441e-05
11809,8.375928345168162e-05
11810,8.247948303412437e-05
11811,7.58526047681872e-05
11812,9.766992785323783e-05
11813,0.00015303588146470075
11814,1.384410303198486e-05
11815,0.00011945225746528966
11816,0.00013924081098122906
11817,0.00028772550261684947
11818,4.796811492264761e-05
11819,0.00014894727183660034
11820,0.00015033074716455807
11821,6.241113606103848e-05
11822,0.00016632482152616017
11823,0.0001459283902461463
11824,0.00011169470020941782
11825,8.348872593747213e-05
11826,7.677993710665099e-05
11827,0.00013134352962254075
11828,8.589252925014735e-05
11829,0.00019766919282863092
11830,7.492557069802636e-05
11831,0.0001760037663327942
11832,0.00016133411294060658
11833,0.00010693822727038335
11834,0.00010484304178734661
11835,5.7062739313924103e-05
11836,5.548125147117542e-05
11837,0.00011014587847350734
11838,0.00011674290278753183
11839,5.726191328674536e-05
11840,6.287640209428622e-05
11841,0.00013070608650044165
11842,0.0001790186559080097
11843,8.003179072844612e-05
11844,4.556943916028311e-05
11845,4.8733939995136114e-05
11846,9.556885283402836e-05
11847,4.6258617843588645e-05
11848,4.5325397426807674e-05
11849,0.00010313822177602806
11850,0.00012766186093898563
11851,0.00014293611649560404
11852,0.00031910418446312507
11853,8.824843884719457e-05
11854,9.685012369169699e-05
11855,0.00014170563202424663
11856,3.742215996877964e-05
11857,0.00012354058694761158
11858,3.442858403948999e-05
11859,0.0001917137604470882
11860,0.00011604710506584468
11861,0.0002158278444541396
11862,1.3592296725423811e-05
11863,6.707153964782757e-05
11864,6.500895794874055e-05
11865,0.00010130308437206981
11866,3.98003499595165e-05
11867,0.00013216720087996892
11868,0.00011325422710705927
11869,0.00010755798470210489
11870,0.00016036016836875616
11871,0.00011967206773755987
11872,0.00010223515370549107
11873,0.0002722613798031833
11874,6.947370764919273e-05
11875,0.0001417846636725553
11876,0.00018817097542478005
11877,0.0002151008020800267
11878,0.00013323139218931557
11879,0.00013248455294833365
11880,6.706127680305635e-05
11881,0.0001790526503599735
11882,0.00010363705137815315
11883,7.678889517521181e-05
11884,8.832027332885007e-05
11885,0.0001136358246961753
11886,4.427485988399056e-05
11887,2.599185472408595e-05
11888,0.00011087192449789769
11889,0.0001303213111615878
11890,0.0002845318479371347
11891,0.0002566470957937821
11892,0.0004936662603072708
11893,0.0001530977405367954
11894,6.828353373441868e-05
11895,0.0001294333073229494
11896,8.571221768388206e-05
11897,0.00011189315882918107
11898,5.8278165772546155e-05
11899,0.00018838106582673512
11900,0.00019785990432967196
11901,4.023638830821185e-05
11902,0.00011754609519559295
11903,2.3284328416935065e-05
11904,0.00011143889270795198
11905,0.00010691155803257124
11906,6.497964593875985e-05
11907,9.196600936229836e-05
11908,0.00012338729375845775
11909,0.00015200575989581915
11910,2.813368569593165e-05
11911,0.0001502987955592454
11912,0.00029066861373129636
11913,0.0001263700940941138
11914,0.00018664066020232707
11915,0.00020650619818172403
11916,0.00015243415603589353
11917,0.0001347418330685593
11918,0.00013121823533233498
11919,0.00010583329141802798
11920,0.0002367218813758819
11921,0.00014773684082253712
11922,0.0001749047267091184
11923,8.423253442180477e-05
11924,0.00010447483801060179
11925,0.00011518613667848897
11926,3.905856247926143e-05
11927,0.00019332499580957294
11928,5.319276937237595e-05
11929,5.614788838984384e-05
11930,6.257444077521011e-05
11931,0.00025386900656987305
11932,5.25744661221728e-05
11933,0.00010426448999002782
11934,0.00013736663084560211
11935,8.715373638190437e-05
11936,6.13609322646974e-05
11937,0.0001259991155343307
11938,0.00012743362861915904
11939,0.00021544623808877078
11940,0.00018841299488559713
11941,8.185669410011682e-05
11942,3.287388643698046e-05
11943,0.00023698904836431226
11944,0.00015544601676218675
11945,0.0001176817479756504
11946,5.38825368439379e-05
11947,0.0001669380230101765
11948,5.322236021044998e-05
11949,0.0002781513290001388
11950,0.00018951287376128538
11951,5.668263116135192e-05
11952,0.00017056925778148884
11953,0.00020424959223268617
11954,0.00011946842688268919
11955,0.00020502895631567086
11956,4.752243569286195e-05
11957,6.352827607933677e-05
11958,0.00010733891146970319
11959,0.00014512791810587366
11960,0.00024040538107210498
11961,0.00013407247557338888
11962,0.00016357189605994252
11963,0.0001378853340108705
11964,0.00021913121418544665
11965,3.267039862274628e-05
11966,0.00021784986122248842
11967,0.00016206690689341512
11968,0.00023795230499021466
11969,5.866293626845785e-05
11970,8.54574692279741e-05
11971,0.0001696353493279264
11972,5.927926003109271e-05
11973,0.00014126147134754742
11974,2.5803258794180035e-05
11975,0.00010146443714837737
11976,0.00021701814356656876
11977,0.00012586232013190956
11978,5.889268179076079e-05
11979,0.00010501874511231495
11980,0.00015727423204727189
11981,0.00011498747833467408
11982,8.57975171539792e-05
11983,0.0002240971187404328
11984,0.0001433658756044559
11985,6.653050633752158e-05
11986,0.00021833081910883879
11987,6.449680981658644e-05
11988,0.00011177088044799128
11989,9.357345871304162e-05
11990,7.7245817459525e-05
11991,9.941223670970085e-05
11992,0.00011490573527779794
11993,0.00016778701122928651
11994,5.829621472949433e-05
11995,9.820765047275257e-05
11996,0.00016625923768011477
11997,4.0694625958598174e-05
11998,0.00011182179768183595
11999,7.414226681027026e-05
12000,0.00011114069597906466
12001,9.755912526244154e-05
12002,0.00015325400615548025
12003,8.349962530670353e-05
12004,8.743365953149226e-05
12005,0.00010423337346874117
12006,0.00017288281285228574
12007,0.00015239203324905274
12008,0.000159338976938122
12009,0.00019077794010492145
12010,4.8167994112160065e-05
12011,0.00020282855841822884
12012,0.0002496360559465832
12013,0.000191960486393621
12014,8.546313808757399e-05
12015,7.663102091482855e-05
12016,0.00017728063530851314
12017,8.235721446583075e-05
12018,0.0001816991043839094
12019,5.148179213993982e-05
12020,6.407540474436514e-05
12021,7.064801815007975e-05
12022,0.00016127541499594354
12023,0.0001283689265405174
12024,4.305290841009559e-05
12025,0.0001388742480284894
12026,7.286515431111341e-05
12027,0.00020103096253884368
12028,0.00014047679297968536
12029,8.491821350505886e-05
12030,3.350780266564639e-05
12031,6.121588740752618e-05
12032,8.045015443962029e-05
12033,7.862034763592797e-05
12034,0.00018328069468707609
12035,0.00019568527942747283
12036,3.7646834370839217e-05
12037,7.725223163835971e-05
12038,8.1215645817206e-05
12039,0.00014172587571227414
12040,8.31068367401682e-05
12041,0.0002506042173894064
12042,0.0001644596407776258
12043,0.0001432975946855212
12044,7.490285099720767e-05
12045,5.945273469414222e-05
12046,0.00015850352172219794
12047,0.00014670211073676602
12048,0.00010755154904950268
12049,0.00010866348106818739
12050,8.04956437632313e-05
12051,0.00013265421755688855
12052,9.257908337381308e-05
12053,0.00012817982384232256
12054,0.00027956486675071243
12055,0.00015148289537584853
12056,8.231997040826212e-05
12057,4.474414937647059e-05
12058,8.20973880034565e-05
12059,0.00015090291484750728
12060,0.0001344270977618634
12061,9.900007179410402e-05
12062,0.00011288539556798992
12063,0.00030001112924188443
12064,0.00012624136900462365
12065,0.00022483109839899993
12066,6.89396358141409e-05
12067,7.533223215377596e-05
12068,0.00010103092779398541
12069,0.00021543429607098324
12070,7.846104427275478e-05
12071,0.00012267791990822183
12072,8.237037417589606e-05
12073,0.0002497472408334042
12074,4.7526729080250456e-05
12075,0.0001663505233889906
12076,0.00015967920317307206
12077,0.00015810905006173362
12078,4.021795398425744e-05
12079,0.0002379714479886629
12080,0.00015451365373502627
12081,0.00019931097611164582
12082,3.0585991487513543e-05
12083,0.00012663738921649419
12084,0.00010761952637170087
12085,9.801266095548687e-05
12086,0.00020181769170434763
12087,0.000131990256930412
12088,4.006885450008697e-05
12089,5.024135002858968e-05
12090,9.895706685205343e-05
12091,4.282745507754046e-05
12092,7.343382649693872e-05
12093,0.00022854127716571827
12094,0.0001222540220391391
12095,0.00024327900020750694
12096,0.0001449588836774886
12097,5.98195795831795e-05
12098,8.810032231573575e-05
12099,0.0001473439256361432
12100,0.0001498028112103956
12101,0.00021788273476419664
12102,0.0001611634825010016
12103,0.0003188390507454103
12104,0.00011521952274734946
12105,4.32668831572492e-05
12106,0.00019280720186471556
12107,0.0002754561749614455
12108,0.00018005698416675436
12109,9.197498390444453e-05
12110,0.0001728159594204321
12111,0.00017401536153640056
12112,0.00020682825436773038
12113,5.509727062682543e-05
12114,0.00013871489577776613
12115,6.0410087080080843e-05
12116,7.802455514740303e-05
12117,5.106313751850698e-05
12118,0.00026644840180575693
12119,0.00013561044096071503
12120,2.6726348413683034e-05
12121,8.393866589489998e-05
12122,3.9886482206242185e-05
12123,0.00023291091625257448
12124,0.0001601043038539063
12125,4.974427588298246e-05
12126,0.00015531886072290364
12127,0.0002443132545944754
12128,7.030662023186428e-05
12129,0.00012817509590496063
12130,5.989729483877914e-05
12131,8.226454426687916e-05
12132,0.00015594872290506986
12133,0.0001412944055568223
12134,3.9366296868165496e-05
12135,0.000160958564608043
12136,6.455179952775208e-05
12137,3.081726487852505e-05
12138,6.273959376578256e-05
12139,0.00010486962484128887
12140,0.0001920960147457169
12141,0.0001758459106648862
12142,7.896066913640082e-05
12143,4.293160311173533e-05
12144,0.00014476895544233113
12145,9.756652720823408e-05
12146,0.0001369154659112647
12147,0.00016064150182192673
12148,6.209709606056964e-05
12149,0.000257050363646229
12150,1.682944252063603e-05
12151,0.00013422525714631013
12152,0.00010596937842580453
12153,0.00011852227331499188
12154,0.00026404658690581647
12155,6.90853817950936e-05
12156,6.60611547278352e-05
12157,0.0001231875626994016
12158,5.506927178397106e-05
12159,0.00030469479515075887
12160,6.735633300451724e-05
12161,4.013037186809392e-05
12162,0.00012354870533309994
12163,0.00011153299756109642
12164,0.00020410438162615698
12165,0.00015445266734939866
12166,6.993474760413749e-05
12167,9.780220567459065e-05
12168,0.00020112647342099364
12169,0.00010218531090694553
12170,0.00015300440276111302
12171,9.757454458154651e-05
12172,0.00014588609334352005
12173,3.494224123530238e-05
12174,0.00034593178216803087
12175,8.81931762046836e-05
12176,4.063897450409161e-05
12177,0.00019768852989159535
12178,0.00020147517098104302
12179,0.00014963912124271302
12180,7.19997074199861e-05
12181,7.440524268399946e-05
12182,0.00013035836070596815
12183,0.00011811216068242903
12184,0.0001433758842656449
12185,5.7271847119724724e-05
12186,9.074966696059628e-05
12187,0.00010475963152168592
12188,0.00018835320909363029
12189,0.00013911941044187628
12190,4.7085804059532545e-05
12191,0.00015835576860188648
12192,7.958389175504702e-05
12193,8.72117226806676e-05
12194,8.844828041798654e-05
12195,6.78799054746061e-05
12196,0.00014536567908932717
12197,0.00020022597123375122
12198,0.0001768839554823434
12199,6.852173133173156e-05
12200,6.262936350120132e-05
12201,9.38514098254405e-05
12202,9.426885409981816e-05
12203,0.0001634485209045972
12204,0.00012317218042428422
12205,0.00010047580866642095
12206,0.00027193881779064434
12207,7.570773393569018e-05
12208,0.0001067179479236464
12209,0.00017567668871942252
12210,0.0003154861183606455
12211,0.00011577338661159203
12212,0.0001198541069304271
12213,9.085244235035691e-05
12214,0.00011174040096291551
12215,6.900900514830229e-05
12216,6.0316506763375475e-05
12217,4.564674858690506e-05
12218,8.066614807426665e-05
12219,7.615424930904187e-05
12220,6.836422415864634e-05
12221,5.626926964989769e-05
12222,8.47904620585323e-05
12223,0.0002651974571844406
12224,4.302303891253017e-05
12225,0.00011130727925213517
12226,4.887400002083458e-05
12227,0.00014944768363922808
12228,0.0002496376325905455
12229,0.00025785030842999173
12230,0.00011454482304968185
12231,4.926917458592386e-05
12232,7.586210900413731e-05
12233,0.00016928241399034925
12234,0.00021369475265249754
12235,6.271791987971768e-05
12236,4.6153530019627596e-05
12237,8.161926351857085e-05
12238,5.4133023869983035e-05
12239,1.9024247731115616e-05
12240,0.00019161999021109327
12241,0.0001023584106023452
12242,0.00012714956466188898
12243,0.00019509035811185682
12244,0.00010817339109196174
12245,7.564877458921817e-05
12246,0.00016025346031358216
12247,0.0001379621365096874
12248,0.0001050993842233649
12249,0.000147827796573096
12250,9.502281193956338e-05
12251,8.332693662928309e-05
12252,0.00014793586992522482
12253,8.252586562541499e-05
12254,0.00023500493833179164
12255,0.0001250569021350101
12256,6.719209186005736e-05
12257,7.728147823810383e-05
12258,0.0001714140871523428
12259,0.0001585517466049411
12260,7.517704828505678e-05
12261,9.449351485265681e-05
12262,0.00015186102017678325
12263,0.00010976274575903891
12264,0.00019582528162372518
12265,0.00010142850572483051
12266,0.0001949542814984885
12267,8.902788623801395e-05
12268,0.00014024632036185368
12269,0.00013037810818328249
12270,2.821687532611248e-05
12271,8.084481740883636e-05
12272,8.370475930192411e-05
12273,0.00012745545397810959
12274,5.062447306938876e-05
12275,0.00017289517320473097
12276,7.256372507390766e-05
12277,7.007609321255283e-05
12278,5.020953338456167e-05
12279,8.214644552899711e-05
12280,3.736163472596735e-05
12281,9.875650789999463e-05
12282,0.00029945447343949556
12283,8.972172217012697e-05
12284,0.00013026867195422719
12285,6.813420612080466e-05
12286,0.00011239934723951522
12287,5.662974237997697e-05
12288,9.85156968155606e-05
12289,6.409487086241011e-05
12290,0.0001533848696012959
12291,0.00011314302320081047
12292,0.00013392996657176102
12293,0.0001031275168175468
12294,0.00014697055195211328
12295,5.762469071193446e-05
12296,0.00016632317551054467
12297,0.00022737557851543132
12298,0.0001061581385115018
12299,0.0001366200323886106
12300,0.00015807211893060705
12301,0.00020138395998511646
12302,0.0001348305920389866
12303,2.1419947737168295e-05
12304,5.5427335459473117e-05
12305,0.00012042073316644752
12306,0.00024694772581514493
12307,7.041021692206714e-05
12308,6.923649417040972e-05
12309,3.215286440348552e-05
12310,0.00010188199375453614
12311,6.80844488021787e-05
12312,0.0001839500311061736
12313,0.00020761859825360176
12314,0.00016109719278871058
12315,5.329697241419993e-05
12316,0.0001488762070897837
12317,0.00014655572268894003
12318,0.00015699552593420984
12319,0.0002776410420782643
12320,7.618423306094615e-05
12321,3.8922342380957764e-05
12322,7.204024864454806e-05
12323,0.00011806702947495624
12324,0.00013448348927373735
12325,7.935129890231567e-05
12326,0.0001666623528386621
12327,2.1359712108616073e-05
12328,0.00017063837193457364
12329,0.00018199105818762098
12330,0.00012263162121053486
12331,3.679436091071589e-05
12332,4.779021532628724e-05
12333,0.0001457723008930675
12334,8.788447128194656e-05
12335,4.579041737838838e-05
12336,0.0001288683425190481
12337,0.00010244580382574529
12338,5.853077340999724e-05
12339,0.00024215011745597008
12340,0.0001702710557511023
12341,0.00015557661722219842
12342,0.00014888565919278588
12343,0.00010215874471757578
12344,5.8653930543485734e-05
12345,0.00020027949640292545
12346,4.900111584669632e-05
12347,0.00018383886271923906
12348,0.00013321172082445839
12349,0.00012592388989444254
12350,0.0001747828468506887
12351,5.66520030987202e-05
12352,7.809210148385551e-05
12353,8.512894409996332e-05
12354,9.63536882511452e-05
12355,0.00012309844402201336
12356,7.68833152218625e-05
12357,8.958263838911934e-05
12358,0.00013651479515370643
12359,0.00016616775083403142
12360,0.00023828277101851163
12361,0.00017950172882692897
12362,0.00021679705009380843
12363,1.8609494892263777e-05
12364,0.0002855235163888575
12365,0.00010209750748841709
12366,9.588155244811643e-05
12367,0.00027194435022879837
12368,0.00021215269308653165
12369,8.634441868801267e-05
12370,0.00012064063873923683
12371,0.00011104219738408501
12372,0.0001656402945338547
12373,6.889921753205356e-05
12374,7.318493184124984e-05
12375,0.00010403388498029324
12376,0.00015570495936603255
12377,7.759923757471972e-05
12378,9.444885966765022e-05
12379,0.00014249725923969696
12380,0.00011469568241080413
12381,6.237462716848637e-05
12382,6.468278723114654e-05
12383,0.00014752683662862031
12384,9.224114213469594e-05
12385,0.00017372207895214665
12386,0.00017136878492387622
12387,8.442689799345276e-05
12388,0.00019535495255016894
12389,0.0002002756168912896
12390,8.253254822803879e-05
12391,0.0001491991994568511
12392,7.234930727380877e-05
12393,0.00017106919421286106
12394,0.00014913878393170505
12395,0.00017017978121612975
12396,9.551047700222522e-05
12397,0.0001870573837275842
12398,5.9119561899688116e-05
12399,0.00021795630860305934
12400,7.845460334552128e-05
12401,7.44330872096287e-05
12402,0.00010397928311631268
12403,9.042538462426434e-05
12404,2.932147316335983e-05
12405,0.00017118017471627687
12406,8.219919546812204e-05
12407,0.00015411711030600289
12408,0.0001457028338623389
12409,6.589206206805504e-05
12410,0.00010559069878994317
12411,0.0001491714077638331
12412,0.00019375628293640462
12413,0.00010954241178108567
12414,0.0002404621029646863
12415,9.142880522206531e-05
12416,5.201107849542572e-05
12417,8.804191321235736e-05
12418,0.00014133950404939267
12419,0.00010396775761204275
12420,8.651191317670924e-05
12421,0.0002890793401247574
12422,8.703135087502972e-05
12423,7.525051744506866e-05
12424,0.00012617289593047371
12425,3.579411719378022e-05
12426,6.357221535448793e-05
12427,2.4151717248841215e-05
12428,9.159113433581908e-05
12429,9.58970884913238e-05
12430,0.00010301719197627737
12431,0.00015350990019237664
12432,0.00011427234861671837
12433,0.000129866843419512
12434,0.00010994166225746559
12435,0.0001349636447284035
12436,0.00017982726483197154
12437,5.7390554675171534e-05
12438,0.00019996052348440332
12439,0.00013886958432359587
12440,1.30385372942872e-05
12441,0.00012484979646629283
12442,8.657322768553067e-05
12443,6.728283929795111e-05
12444,8.234690616815718e-05
12445,8.747300277508474e-05
12446,8.070617739424222e-05
12447,0.00012045367803558081
12448,0.00019616268731384998
12449,0.00011394003459626429
12450,4.428571057677004e-05
12451,0.00013066324065554605
12452,0.00016821316409608225
12453,8.587201904941226e-05
12454,0.00012765026601292521
12455,0.00010274595767189703
12456,0.00012559651563570244
12457,0.00010103674766358682
12458,0.0001513370882799714
12459,0.00019103741111669832
12460,8.33761245174318e-05
12461,0.00010783798732987411
12462,0.00012941609986389033
12463,6.145449410372974e-05
12464,8.072613521032057e-05
12465,0.0002225385230800943
12466,0.00012908134306821757
12467,3.806487790007115e-05
12468,0.0002400133978025421
12469,0.00035285465581908404
12470,6.125047302131e-05
12471,7.806299947188687e-05
12472,5.6486773783814855e-05
12473,0.00022880514074686398
12474,0.00011371030458506227
12475,8.026342542694801e-05
12476,6.560081881570165e-05
12477,0.00010762682715344227
12478,0.00012363768252371851
12479,4.576548137623223e-05
12480,0.00015174901970457775
12481,0.0001596846841661048
12482,7.772469976418707e-05
12483,6.491119225581367e-05
12484,6.994119056763655e-05
12485,0.0001217097072345206
12486,0.00013365398139630828
12487,0.00021448081820582053
12488,0.00018966967051898523
12489,0.00022309292262674222
12490,7.944246365874969e-05
12491,7.91402959261202e-05
12492,6.604616466254358e-05
12493,8.17259733885408e-05
12494,0.00020059074578204197
12495,0.00027771295407493104
12496,8.603204941332774e-05
12497,0.00013497926967686422
12498,4.743521400652215e-05
12499,0.00011164883223051207
12500,7.474404695651887e-05
12501,0.00022092159014482464
12502,5.387314690155557e-05
12503,0.0001403089668139984
12504,0.0001529935498073644
12505,7.616633762195119e-05
12506,0.00019914402213680303
12507,5.253928966969514e-05
12508,0.0001750710576320827
12509,5.260441433295714e-05
12510,0.00016849520753630512
12511,8.36745503134566e-05
12512,0.00010951532264521596
12513,0.00012065931880265928
12514,8.473527321494598e-05
12515,5.587730375556398e-05
12516,0.00014470058015294575
12517,8.424217393378762e-05
12518,0.00016690101122207086
12519,3.794264804005442e-05
12520,0.00010216709236761941
12521,0.00014230694667311477
12522,5.504569057544899e-05
12523,0.00015248777181189912
12524,3.372305442159914e-05
12525,7.761993157135852e-05
12526,0.0001911987501336683
12527,0.00011171206071877619
12528,6.255173470128435e-05
12529,0.0001556493315679865
12530,0.00010037062161454837
12531,0.0001553610213808102
12532,0.0002894536557507852
12533,7.689061973495577e-05
12534,5.1613800887122885e-05
12535,9.431321300311789e-05
12536,0.0001865925338470725
12537,7.702563550437664e-05
12538,0.0002629429670195252
12539,0.00010422521154191238
12540,7.379179000254178e-05
12541,0.00016038241625553512
12542,0.0002735876187059349
12543,0.00010499590576451966
12544,0.00010702456766710151
12545,6.829217406423326e-05
12546,0.0001077335255170109
12547,0.0002841496485896672
12548,5.253479738736852e-05
12549,0.0001526370085216578
12550,0.0002103238052819639
12551,7.022669365689207e-05
12552,0.0002816621749137384
12553,0.00023093469180680826
12554,0.00011772446677149444
12555,8.362215976785149e-05
12556,0.00027807521783231915
12557,6.225111672444396e-05
12558,7.832146749058561e-05
12559,7.018827852704716e-05
12560,0.00010806548085213184
12561,0.00017506674860236356
12562,6.901710152326944e-05
12563,9.689652006783763e-05
12564,0.00016075634818901014
12565,0.0001306812165655711
12566,0.0001502453168801482
12567,4.162897564168271e-05
12568,0.00021599485488701505
12569,0.00014734797641659673
12570,4.600264152853062e-05
12571,0.00016939197130196712
12572,0.00010823989156901415
12573,9.093169243054964e-05
12574,0.00017196460493109115
12575,0.0001383617994918225
12576,0.00014307044687299537
12577,0.0002017469078920646
12578,0.0001319401510931091
12579,7.272965009237368e-05
12580,2.5799446249549955e-05
12581,4.4239633862886896e-05
12582,5.809349367499745e-05
12583,7.395766500343633e-05
12584,0.0001144056814272348
12585,0.00020046212553981294
12586,4.620210203136064e-05
12587,7.93743623413815e-05
12588,8.616097292205149e-05
12589,0.00010998206916520184
12590,0.00011924039754989244
12591,9.804311047536395e-05
12592,0.00016385313157610745
12593,0.0002340727799752814
12594,2.0043679183905153e-05
12595,9.059397922924991e-05
12596,0.00011431922768106558
12597,7.95575567903972e-05
12598,0.00019659785901373096
12599,7.20371558924382e-05
12600,9.790948750707274e-05
12601,0.00012367231338358822
12602,5.032554289845285e-05
12603,0.00021943063843108396
12604,9.24771346870495e-05
12605,0.00011876918603374451
12606,0.00029312193493722836
12607,5.641142043338402e-05
12608,8.055607803314396e-05
12609,6.586120175362855e-05
12610,0.00022438447541185024
12611,0.00016576653804231299
12612,6.233131212281045e-05
12613,0.00015656212198970266
12614,0.00011958026428579039
12615,4.0792787540327736e-05
12616,9.141516212342198e-05
12617,0.00012491415186856222
12618,5.317557838360111e-05
12619,0.00014478177549084523
12620,0.00010407442989435418
12621,7.356578556486621e-05
12622,0.00019650518233783892
12623,0.00020518010994994646
12624,0.00015698955237797586
12625,0.00012683353282199705
12626,0.00022587226677061648
12627,4.9307659678110186e-05
12628,8.187260508763011e-05
12629,0.00016355374449119798
12630,3.0090303753277317e-05
12631,0.00014921660127669123
12632,0.00015377708895760866
12633,0.00011236475993221833
12634,0.000291241903848284
12635,0.00039291636210778125
12636,9.125625046346844e-05
12637,3.48209818944933e-05
12638,4.662667994621793e-05
12639,9.647038435161076e-05
12640,0.00010384543260986944
12641,0.00017932363308618656
12642,5.668934712920499e-05
12643,0.00018344270637708676
12644,8.601211917245302e-05
12645,0.00012774553170279628
12646,0.00017387251764723854
12647,3.063908714985544e-05
12648,0.0001255921735151086
12649,0.00014281328502895637
12650,7.908133278519976e-05
12651,0.0001446102466854942
12652,0.00016937304952835836
12653,7.447257103503977e-05
12654,7.460450215706423e-05
12655,0.00012395887593661282
12656,0.00011233944886798522
12657,8.787784769235262e-05
12658,4.374819364530702e-05
12659,7.295688969722506e-05
12660,0.00010520456836762902
12661,0.00013776633343766213
12662,0.00010171284805630048
12663,0.0001875336306386949
12664,0.00010315280040418235
12665,6.771583210621454e-05
12666,0.00025009012228090276
12667,0.00014179023204279205
12668,0.00012672625018929996
12669,9.042429298248883e-05
12670,0.00017527834600055778
12671,0.00012029932080653227
12672,8.020410419994684e-05
12673,4.741328792699818e-05
12674,8.727962453468839e-05
12675,0.00016313740555108728
12676,5.59105328683313e-05
12677,0.00010556816515781767
12678,5.4194233984839374e-05
12679,0.00014818157459874412
12680,5.8672632842604516e-05
12681,0.00011098110341886875
12682,0.00022745109938451905
12683,5.904473850379043e-05
12684,7.770976052345724e-05
12685,0.0001748524937941089
12686,0.00011176034371904204
12687,0.00021476412214876917
12688,8.11034554360015e-05
12689,2.0123510803965258e-05
12690,0.00021375704786633578
12691,9.091360371505172e-05
12692,9.499953255844673e-05
12693,9.283813885598584e-05
12694,6.629957475230416e-05
12695,5.8475918167370264e-05
12696,0.0001827947368298518
12697,8.799576064617436e-05
12698,0.0001969624444971274
12699,0.00020689184810463904
12700,0.00014416952673636273
12701,6.668188767680772e-05
12702,0.00018763051633778938
12703,7.918939749019852e-05
12704,8.603361875521347e-05
12705,7.207545920537227e-05
12706,8.342069558501877e-05
12707,0.00020414626870051924
12708,6.080247416415795e-05
12709,0.0001260938730509748
12710,8.765844365324247e-05
12711,6.147207374044853e-05
12712,0.000128501266760883
12713,6.976512633221209e-05
12714,7.546232279102282e-05
12715,0.00012404827543477205
12716,0.00011060156890914711
12717,0.0003221372975498573
12718,6.196741104049305e-05
12719,0.00011137715578894646
12720,7.970381196547807e-05
12721,0.00011825198142137093
12722,0.0001408625458347601
12723,0.00028279302093444893
12724,3.987543221897984e-05
12725,0.00014423887007301378
12726,6.678393942119982e-05
12727,0.00010173252790402035
12728,0.00012328272840594803
12729,7.576267214508218e-05
12730,6.617898585864384e-05
12731,0.00010951657430741018
12732,0.00013098897180476796
12733,0.00013947106626441795
12734,0.0001358727355308354
12735,0.0001239415565665371
12736,0.0002775011982811681
12737,4.522677613499403e-05
12738,7.438990205350829e-05
12739,3.748875721646624e-05
12740,0.0003258245198273503
12741,0.0001271914283793361
12742,6.180456167056266e-05
12743,0.00011003969368414158
12744,0.00011143266378246645
12745,0.0001961562858569881
12746,0.00016139867322642235
12747,0.00010130324376441831
12748,5.6453638109665235e-05
12749,5.403413382304259e-05
12750,0.00011926708641409612
12751,0.00010403441757399602
12752,0.00029622249749209213
12753,0.00031943269078627803
12754,7.972617051827002e-05
12755,0.00010553097559244506
12756,0.00010243002762340546
12757,2.4152052795406226e-05
12758,9.266656976423358e-05
12759,9.630793816279174e-05
12760,4.374024237113802e-05
12761,0.0001113874416146826
12762,0.00031112778500286395
12763,8.543951123830038e-05
12764,9.618439141075887e-05
12765,0.00011416777086677468
12766,4.6479284216346e-05
12767,0.000146625021725584
12768,0.0001787696061705177
12769,0.00016109052440254582
12770,9.023702454100066e-05
12771,0.00011764765007433921
12772,6.06764880844534e-05
12773,0.00011654984035126394
12774,0.0001485792557827114
12775,0.00011869461825855495
12776,0.00012163435755012446
12777,4.4736671499062545e-05
12778,9.560073817519368e-05
12779,0.00016108656361082295
12780,9.461466656381636e-05
12781,0.00014159691099721347
12782,0.00014615772741814138
12783,9.696665940550506e-05
12784,0.00017811035593525893
12785,4.8454131898536764e-05
12786,0.00014780358759548332
12787,4.925447283063769e-05
12788,9.34049853937507e-05
12789,5.57077442380972e-05
12790,0.00012854560313328446
12791,0.00019474056785803652
12792,0.0001550318724423033
12793,7.912136571527004e-05
12794,2.8467614491158343e-05
12795,8.715301399503034e-05
12796,8.155077800617351e-05
12797,0.00021356758109946012
12798,0.00011022326269555967
12799,0.00010863258421416047
12800,7.212848656813833e-05
12801,0.00011647859720826754
12802,7.349641486622197e-05
12803,8.811631065818851e-05
12804,0.00019060044388097305
12805,0.00015646141544786466
12806,9.932498290839588e-05
12807,8.239135648896963e-05
12808,8.008233036526097e-05
12809,6.930110093824255e-05
12810,0.00037511362712161803
12811,0.0001692787716164474
12812,0.0001760824961311198
12813,0.00010714220715477068
12814,0.00013906626130092168
12815,0.00020155915784533386
12816,0.00010604169984419237
12817,9.883533455893866e-05
12818,0.00010277219540552837
12819,8.788877280443938e-05
12820,7.709797931977768e-05
12821,6.775090889641987e-05
12822,0.00011019799131301319
12823,0.00016698252553327253
12824,9.637351641293063e-05
12825,0.00031695780110653867
12826,0.00018635852282792496
12827,0.00012443042121396602
12828,5.412185704473741e-05
12829,0.0002037623818841084
12830,4.006148757413141e-05
12831,0.0002551318591916828
12832,0.00015500092116634484
12833,8.199929712326531e-05
12834,0.00011829856037778982
12835,9.36338519650794e-05
12836,0.00015521249130671314
12837,7.382579854198708e-05
12838,0.00015196499813155157
12839,7.126359460793892e-05
12840,7.428503269379826e-05
12841,6.432398989085784e-05
12842,4.508392549718686e-05
12843,0.00011824345156924573
12844,0.00015714554656961975
12845,0.00011421113536121275
12846,0.00012776390584476552
12847,6.197131572144711e-05
12848,9.303553040323572e-05
12849,0.00017208426222478505
12850,5.985096890597748e-05
12851,0.00014576165276956074
12852,3.841287045679631e-05
12853,9.802799860653259e-05
12854,8.315405906907469e-05
12855,0.00010392507295636453
12856,0.00010299542742420368
12857,6.657146983818527e-05
12858,6.169275569392218e-05
12859,0.0001262294414588667
12860,8.656130911800441e-05
12861,0.0003506038695958268
12862,0.00015814714349955732
12863,0.00011074065681332211
12864,2.917388888544517e-05
12865,5.3433524043145685e-05
12866,9.381429380603311e-05
12867,9.759322481350811e-05
12868,6.317669351167885e-05
12869,6.782857387550905e-05
12870,0.00010829771840431959
12871,0.00010068501121673565
12872,6.64348894119061e-05
12873,6.76317848435636e-05
12874,0.00010192571317892704
12875,8.492484732408507e-05
12876,0.00013440116151690665
12877,0.00011750452560860761
12878,8.095160926793952e-05
12879,0.00012664249298360272
12880,8.34685265767136e-05
12881,0.00014692463922255013
12882,8.327504635104036e-05
12883,0.00013326123401006452
12884,5.837005619317905e-05
12885,0.0003144428434602221
12886,0.00012629485215104712
12887,0.00013293831626967487
12888,0.00014132990046136025
12889,0.0002312729274984567
12890,7.991213846280366e-05
12891,0.00013599012782195498
12892,0.00014215518469327742
12893,0.00014107918701315072
12894,5.0719438599459255e-05
12895,0.00024325158493235217
12896,0.00013186849978767285
12897,0.00016591321302795165
12898,0.00013625114726213548
12899,0.0004211467030320212
12900,9.746171272098854e-05
12901,7.980152086873695e-05
12902,5.016121195912766e-05
12903,6.230622765571937e-05
12904,8.120909414996628e-05
12905,7.775139184451328e-05
12906,0.0001778339545106638
12907,7.318879495808396e-05
12908,5.43965756486253e-05
12909,0.00013718819042387863
12910,0.00010795649022011132
12911,0.0001068527981043192
12912,0.00019595944027866864
12913,0.00012769207206647456
12914,0.00021183783681580354
12915,4.424026628384747e-05
12916,0.00031736972498652846
12917,4.9868304589315105e-05
12918,4.669157042161545e-05
12919,0.00023669652310846578
12920,0.00011159912467920107
12921,3.8775664334112014e-05
12922,0.0001342382943299711
12923,9.741985840438351e-05
12924,0.00010927645692606643
12925,5.940673567610524e-05
12926,9.484281973132473e-05
12927,0.00017759196293471545
12928,0.00018661833698475002
12929,7.353977465196391e-05
12930,0.00018274377487906702
12931,0.00012436521733020988
12932,5.1898660865498146e-05
12933,0.00016094139179634727
12934,6.312826729922111e-05
12935,6.959578806485498e-05
12936,7.932766894938405e-05
12937,5.015004364151906e-05
12938,0.00016055587870896816
12939,0.00016755944530574737
12940,0.00012809602451670913
12941,7.586987876738101e-05
12942,8.107122970170828e-05
12943,7.432281879671534e-05
12944,9.051608918915336e-05
12945,9.107277038711194e-05
12946,0.00010369628863436618
12947,0.00010517104451608426
12948,6.785865238179033e-05
12949,0.0001691820182373304
12950,9.198685541693882e-05
12951,4.3984244804788716e-05
12952,0.0001966184139966368
12953,0.00012871137607820037
12954,0.00011572392097058272
12955,8.967340755462199e-05
12956,7.18384975251494e-05
12957,2.960479790981993e-05
12958,3.351913012127332e-05
12959,0.00011946706359679475
12960,3.34288174710808e-05
12961,7.443662637264316e-05
12962,0.0003017621773216811
12963,0.00011165492539198141
12964,0.00013733021765019836
12965,0.00012451925317512818
12966,7.67405028294318e-05
12967,5.306299044791581e-05
12968,9.096477007060259e-05
12969,0.0002250732641399979
12970,0.00013115591216200791
12971,0.00021591600683427183
12972,0.00010627054588478788
12973,0.00013405019457978472
12974,9.975626959465571e-05
12975,4.621713377891423e-05
12976,3.1507988733200336e-05
12977,0.0001514751192398215
12978,9.934001284785597e-05
12979,0.00023056850289169964
12980,0.0001598522561755598
12981,7.871536318305583e-05
12982,0.00033453766041689856
12983,3.865336638267444e-05
12984,0.0002051044997451622
12985,8.595081306421909e-05
12986,0.00012469143377457357
12987,3.264502502829316e-05
12988,0.0003358268813230391
12989,0.0001696449396073754
12990,0.00012933513292002333
12991,0.00016258393320457777
12992,0.0001499166054199343
12993,0.0001040462250654619
12994,9.975281218388066e-05
12995,6.842897887994851e-05
12996,0.000206981284407675
12997,0.0002001156768059746
12998,4.747294871843337e-05
12999,0.00014618390594116026
13000,5.669414592396972e-05
13001,9.262160882893584e-05
13002,0.0002281087083666624
13003,0.00010105330929571359
13004,0.00010541395085710281
13005,0.0003318369334122535
13006,9.202378563288258e-05
13007,0.00013848674382817055
13008,0.0001815419637607272
13009,0.00013005863714422538
13010,9.595555097311293e-05
13011,0.00023047080085656334
13012,5.119032050452445e-05
13013,4.6249901589204536e-05
13014,5.2634644681267664e-05
13015,0.000170844959860783
13016,6.986429626759137e-05
13017,8.318838631351044e-05
13018,0.00011923185576652147
13019,7.021891255552629e-05
13020,5.7738969502226e-05
13021,0.0002071069458369661
13022,0.00015035871243428457
13023,0.00015399727588071601
13024,0.00016434030257265266
13025,0.00025128195915020415
13026,0.0002312722462314319
13027,0.00019845689578828907
13028,7.822579527032812e-05
13029,7.722205014530964e-05
13030,2.4874278067441122e-05
13031,8.099990307125589e-05
13032,0.0002427540268567539
13033,5.516351040091849e-05
13034,0.00014985954513803133
13035,0.00010968804080046683
13036,0.00011540581103218418
13037,0.0001681142207792591
13038,0.00015871514845193307
13039,8.373597348734069e-05
13040,0.00024339822409667376
13041,3.707639115087129e-05
13042,0.0002002108310896393
13043,0.00025284150400635056
13044,0.00015666685975582173
13045,0.00010285324975308071
13046,0.00012289719023667495
13047,0.00019887721822898715
13048,9.149749371116026e-05
13049,0.00014652029380117428
13050,0.00013349146021403703
13051,9.684482481225042e-05
13052,0.00012683546799618727
13053,0.00018846429395490456
13054,8.147990947047859e-05
13055,0.00021559179101676227
13056,6.57934341700454e-05
13057,2.95512236898951e-05
13058,9.9832370596172e-05
13059,0.00014902337719907932
13060,0.00014161392412831441
13061,0.00024320647621755152
13062,5.548377233811399e-05
13063,9.069375103063015e-05
13064,9.363701953724053e-05
13065,4.7124429535088214e-05
13066,0.00014098693817345706
13067,7.562356406433488e-05
13068,0.00013514570554381685
13069,4.987509721489089e-05
13070,0.00010276803495301936
13071,0.00011430461843472572
13072,0.00024357657714257927
13073,9.435629302712648e-05
13074,8.41916468091056e-05
13075,8.59026081884364e-05
13076,9.647945668211547e-05
13077,4.699564708818678e-05
13078,0.00016707972532690674
13079,0.0001712481310785667
13080,0.00015041892836994508
13081,0.00014756802854044816
13082,0.00021180407806388783
13083,0.00033460868413731594
13084,7.500679956001318e-05
13085,0.0001584845129572362
13086,5.2637094784164435e-05
13087,0.00013690356503805033
13088,0.00021397828315881525
13089,0.00014085904313219236
13090,8.527586966052514e-05
13091,0.0001462684784264192
13092,0.00014959876504035314
13093,0.0002424909597022852
13094,0.00015591312297479428
13095,9.594855520754378e-05
13096,0.000216258820813629
13097,6.297672664571741e-05
13098,0.00018828483664573955
13099,0.00010883337026605248
13100,3.6378058341946816e-05
13101,0.0001664221956055284
13102,0.00011138194122959838
13103,9.703780875748423e-05
13104,5.185715168393428e-05
13105,4.418954451933015e-05
13106,9.721796776339403e-05
13107,0.00011771478072460177
13108,0.00020636360872034517
13109,0.00018062657867019588
13110,0.00010591678608542979
13111,2.138398327640304e-05
13112,4.193958282274881e-05
13113,0.00016524903252767005
13114,0.0001365881230925307
13115,9.479397727262059e-05
13116,7.682675759861539e-05
13117,0.00011453552778366249
13118,0.00020716608903849273
13119,0.00011959470313191839
13120,0.0001620564506308292
13121,0.00011926381168594492
13122,7.009022691871672e-05
13123,0.0002216623467861885
13124,0.00016978398292812267
13125,7.303105768498942e-05
13126,0.00013869343083313082
13127,0.00020186825679791294
13128,9.67873838984825e-05
13129,6.552562120785685e-05
13130,4.465914644948131e-05
13131,0.00010281736800545548
13132,0.0001598302210671816
13133,0.0001428944775531813
13134,4.069418052475312e-05
13135,9.325533392369528e-05
13136,0.0002111735132501226
13137,0.00010527974482286066
13138,0.0001262392136920498
13139,5.282810949371054e-05
13140,0.00012358505528998695
13141,7.925558194320425e-05
13142,8.184128742702724e-05
13143,0.00013525713284090707
13144,0.0001374899983062954
13145,2.0784323359313622e-05
13146,0.0001606868659474231
13147,0.0001291007779604863
13148,8.34751046807369e-05
13149,0.00017201380314634
13150,4.9173770236164086e-05
13151,0.00023548975884333286
13152,0.00011066962867051252
13153,9.080132029763081e-05
13154,0.00019293404811730736
13155,0.0001692204599903694
13156,0.00010759034781080033
13157,1.3478512100255051e-05
13158,0.00011253593639779285
13159,7.717075555247218e-05
13160,5.927887705139558e-05
13161,0.00011566187328328655
13162,0.0001614027320177304
13163,9.66395856709845e-05
13164,0.00015371376973320733
13165,5.8311609788774635e-05
13166,0.00015667125320932012
13167,0.00013403869010909653
13168,4.3786845333351526e-05
13169,0.0001398174465931228
13170,0.00013845954223817107
13171,0.0001691438102387472
13172,8.630887428457517e-05
13173,0.0001533510225042481
13174,0.00012750967873815676
13175,8.810067871116328e-05
13176,5.3684673260976696e-05
13177,9.984355954168858e-05
13178,0.00017941023520407162
13179,0.00012989002901079658
13180,3.930182774722555e-05
13181,5.600199074724848e-05
13182,9.461976987657781e-05
13183,0.00016943837000085537
13184,0.00028316731952923285
13185,0.00014399517956253688
13186,0.00028359392704216174
13187,0.00011118299106971082
13188,7.096761497326667e-05
13189,4.237398230551552e-05
13190,3.994743772293963e-05
13191,9.15679329191827e-05
13192,0.00016261520015805356
13193,6.844633537207939e-05
13194,4.671302552597175e-05
13195,0.0001502527006616439
13196,8.268710727317544e-05
13197,0.00011053434259180667
13198,0.00019471656289284854
13199,8.38280753811653e-05
13200,3.169928087407612e-05
13201,0.00015174850486338777
13202,0.0003961423833935881
13203,0.0001012021795013531
13204,8.76881304109225e-05
13205,8.255152741138918e-05
13206,0.00011218589205604318
13207,8.45656184993104e-05
13208,0.00012473558985989653
13209,0.00013826839702483064
13210,0.00024864481789607824
13211,7.783547063680622e-05
13212,9.11047074871073e-05
13213,7.54790230783941e-05
13214,2.3327923948129498e-05
13215,0.0001250094867277648
13216,0.00030412534477382834
13217,0.00012541315792093246
13218,0.00014511241354542103
13219,0.0002615164309735753
13220,7.812755053948216e-05
13221,7.329452016756022e-05
13222,6.791418001454801e-05
13223,9.927046119274655e-05
13224,0.0001388282364096627
13225,5.40712460862264e-05
13226,5.330624813474784e-05
13227,0.0001783383431649876
13228,0.00011566566202321984
13229,0.0002325404375857383
13230,8.621873548685442e-05
13231,0.00021040838424229131
13232,0.00012629545026172898
13233,9.071112302462984e-05
13234,0.0001434610581309113
13235,9.082140289604063e-05
13236,0.00019528920129980212
13237,8.95180541919077e-05
13238,8.275926014371892e-05
13239,9.45644930367111e-05
13240,0.00026719156084089804
13241,7.973863912268762e-05
13242,8.475301601639849e-05
13243,4.1513727350997866e-05
13244,8.798829740473407e-05
13245,7.976336317479784e-05
13246,0.00010488960813837896
13247,0.0001466029490230734
13248,5.7440269547710445e-05
13249,0.00010951449934806136
13250,5.4649329475079494e-05
13251,7.194373930372623e-05
13252,7.661134684988027e-05
13253,0.0001962061613966675
13254,8.270822344847695e-05
13255,6.873870036601779e-05
13256,0.00012600198185464716
13257,5.618337865068011e-05
13258,6.310279499498628e-05
13259,0.0001105117480911433
13260,6.0975115570120515e-05
13261,0.00018871671397701457
13262,3.4056558679384006e-05
13263,7.995185962642035e-05
13264,0.00018110446571943648
13265,0.00011171193696405497
13266,3.712604557889181e-05
13267,8.269261735446445e-05
13268,4.701854810035512e-05
13269,7.783954539899521e-05
13270,9.876407677335489e-05
13271,0.00012986608079216142
13272,5.8534250185496607e-05
13273,0.00026219147483107837
13274,6.398314671268985e-05
13275,0.00011310722823739213
13276,4.854946143827584e-05
13277,0.0001313338626700038
13278,0.00012953680257044709
13279,0.00016106062713624927
13280,0.0003201089357288853
13281,6.368240060513188e-05
13282,7.481358294698635e-05
13283,3.2329518668356414e-05
13284,0.0002205130492216404
13285,0.00022288246231806085
13286,0.00032857353825429717
13287,0.00010662036664984451
13288,0.00020415428226164945
13289,7.63680273389133e-05
13290,0.00024146807811548473
13291,0.0001354601592322572
13292,0.000117806829189823
13293,6.071829650640329e-05
13294,7.319592856720547e-05
13295,0.00018089245092057536
13296,7.780090928540086e-05
13297,9.163283802040008e-05
13298,0.00019307651104525508
13299,0.0002678109164624093
13300,8.511193314464938e-05
13301,5.503446532207884e-05
13302,0.00010369117522980896
13303,8.79031537197899e-05
13304,0.00010407017939485394
13305,6.280391725350826e-05
13306,0.00013294750781150111
13307,7.722282538826128e-05
13308,5.31001155064257e-05
13309,0.00017868707116113318
13310,6.594645479603058e-05
13311,9.827694054974636e-05
13312,5.3854132402633165e-05
13313,0.00016575425195166052
13314,6.867644720087023e-05
13315,8.739413304454174e-05
13316,0.0002828746345084096
13317,2.333763841103746e-05
13318,8.321558588833677e-05
13319,0.00015065136370713398
13320,9.568564474811613e-05
13321,7.219831670622453e-05
13322,4.51002909326429e-05
13323,9.009856778228145e-05
13324,0.0002340033430096882
13325,0.00014087521866898428
13326,8.681378043250833e-05
13327,0.00019497987850466018
13328,0.00017016601333578183
13329,0.00018335086213475233
13330,9.316562538028225e-05
13331,0.00011411137258406037
13332,0.00023419843866220017
13333,8.76176182831225e-05
13334,0.00016139115941614049
13335,0.00016629275384321643
13336,0.00011110906872322779
13337,0.00015770900428394979
13338,0.0001595536091894268
13339,0.00015489052461063383
13340,0.00014145741263741065
13341,7.96489843298633e-05
13342,0.00023405456328819222
13343,0.0001347225475008504
13344,0.0002755397646650549
13345,0.00017782055205917954
13346,0.00023722095545326835
13347,7.969849902969201e-05
13348,0.00017259339656855698
13349,0.00013580200344561624
13350,0.0002147474332922339
13351,0.00014790817520165189
13352,0.0002245355548878578
13353,0.00026197879357776286
13354,0.00012542441911499993
13355,0.0001730881405196008
13356,0.00022104548033989634
13357,0.00015093482817415675
13358,0.0002600439290375968
13359,0.0001258638439730222
13360,0.00010717932545534842
13361,0.00012813219838347164
13362,0.00021919779742949114
13363,0.00014582690309875615
13364,8.822640652886903e-05
13365,0.00013979704812913877
13366,2.951448121303587e-05
13367,6.0429107287225274e-05
13368,5.836611757437682e-05
13369,7.545593098105775e-05
13370,0.00010856517481713779
13371,0.00025886338628304875
13372,8.027559799068999e-05
13373,0.00014652186900417818
13374,6.510438074464281e-05
13375,4.6344109336425556e-05
13376,0.00012814717966945803
13377,0.0001235814638753145
13378,0.00013054438836513222
13379,5.944665527416406e-05
13380,0.00011488537291642422
13381,5.5264616708193876e-05
13382,9.142371075831622e-05
13383,6.019553195625202e-05
13384,9.347393475877706e-05
13385,0.00012883588213695584
13386,4.9111867380704626e-05
13387,0.00011968094916704823
13388,2.9545874595314227e-05
13389,8.512250953742076e-05
13390,0.00016952533289810198
13391,0.0001649609874533762
13392,0.00018995379476530367
13393,0.0001948436980674956
13394,0.00015962587449832666
13395,7.789151496383736e-05
13396,0.0001245373281898764
13397,0.00015094938605865872
13398,7.284214703583921e-05
13399,0.0001317969366771837
13400,0.0001626020827292379
13401,0.00011828009970189241
13402,6.989897193207066e-05
13403,0.00013834143658910183
13404,0.00013482051071929093
13405,0.00016437642704635242
13406,0.0001922196699784408
13407,0.00011157093481455846
13408,0.0001102588823254449
13409,0.00024669461297578937
13410,0.000152672793599754
13411,3.7673591428617536e-05
13412,7.162889653009358e-05
13413,8.340879945746392e-05
13414,7.794552037619435e-05
13415,0.00019717471178263993
13416,3.5998049190378214e-05
13417,0.00012087533548865221
13418,0.00014605013536098872
13419,5.14617626104584e-05
13420,6.725572771398525e-05
13421,0.00010339555193764576
13422,0.00020314736067114788
13423,0.00011759671976092938
13424,0.00034127455525598965
13425,0.0001283774609037767
13426,8.454028263758895e-05
13427,3.7078844055196274e-05
13428,6.909623743439572e-05
13429,5.1695051187655716e-05
13430,8.41505073251654e-05
13431,0.0001544548960374361
13432,0.00015202281821194742
13433,0.00022623619742561266
13434,7.375395595065683e-05
13435,0.00021934450836941935
13436,0.00021420361290420823
13437,0.00019199088759034672
13438,0.00020570907773876399
13439,4.050390333063749e-05
13440,0.00014373076613658357
13441,8.425041618523248e-05
13442,0.00010698192385663479
13443,0.00011090092773421966
13444,0.0001422636496020366
13445,5.7489417550738415e-05
13446,0.0002762179984880961
13447,7.6139612500282e-05
13448,6.319286975411725e-05
13449,9.522077259560383e-05
13450,8.908801538458419e-05
13451,0.0001991160102573697
13452,0.00013757106733982525
13453,0.00012737228847605546
13454,6.447020215757268e-05
13455,4.144276905116199e-05
13456,8.052706906559674e-05
13457,0.0001471948652706472
13458,0.0001625619922303802
13459,0.00018311884784077032
13460,6.465777279495753e-05
13461,0.00011261024374299414
13462,7.20062774277797e-05
13463,0.00013189652640914723
13464,8.79393206675518e-05
13465,0.00013457475928164563
13466,8.692964368720539e-05
13467,3.7903361631357156e-05
13468,7.260694167126626e-05
13469,0.00010507625113189621
13470,9.172529368319421e-05
13471,0.00038234487360614425
13472,0.00028570975352719337
13473,4.813708864831576e-05
13474,0.00017308020550552724
13475,5.416102938408998e-05
13476,6.582470026024153e-05
13477,0.00011895778189251275
13478,0.00019126394695048426
13479,0.00010573724849088784
13480,0.00022459172675088094
13481,0.00017281125405296905
13482,0.00015050012339971834
13483,0.0001259959996818753
13484,0.0001837051607714876
13485,4.74257106381476e-05
13486,8.166389055245163e-05
13487,9.451166773447384e-05
13488,0.00016657098141488737
13489,0.00016414156256007217
13490,8.459543347161353e-05
13491,0.0001757678749312848
13492,7.919096478911613e-05
13493,0.0002310345411551112
13494,0.00012411285690233837
13495,2.992439487150518e-05
13496,6.194458916847654e-05
13497,0.0001390920156229325
13498,0.0002219771950702194
13499,3.606179409792539e-05
13500,0.00021986007286642432
13501,0.0003091650185461162
13502,7.810820706823988e-05
13503,0.0001135975689631169
13504,8.720970987573802e-05
13505,2.4240495734676384e-05
13506,0.00014559874453371895
13507,9.941963656890531e-05
13508,8.715276610833574e-05
13509,0.00011954475158349056
13510,6.173926095696117e-05
13511,0.00011405780989457887
13512,3.475076422552071e-05
13513,5.5991923079820236e-05
13514,8.26670711566944e-05
13515,0.00014716633842605788
13516,0.0002009004138429981
13517,0.00012863400637292053
13518,0.0001879785594903289
13519,7.791599951783296e-05
13520,0.00014751402152543813
13521,9.525334571205695e-05
13522,3.287958561737808e-05
13523,0.00010986335969461188
13524,9.525823771417059e-05
13525,9.22971056378148e-05
13526,9.893047290448483e-05
13527,5.885003453872868e-05
13528,6.330442419820036e-05
13529,8.04006231028995e-05
13530,0.0001410429651247319
13531,0.00011111714364853132
13532,5.396475063049537e-05
13533,0.0001748389396403614
13534,5.029954346700607e-05
13535,7.862821612080184e-05
13536,0.00012305796985641681
13537,0.00013656208146877282
13538,0.00016056488670869104
13539,0.00012784947317706201
13540,0.00013382345171423967
13541,5.225939297694685e-05
13542,0.0001055764904354068
13543,0.0002420199626369774
13544,1.2878340727434647e-05
13545,7.155894185717384e-05
13546,7.356983450481456e-05
13547,6.593443713932797e-05
13548,6.893972658065908e-05
13549,0.00016899358409532404
13550,0.00010380472589251451
13551,5.982541722558456e-05
13552,0.0002038137228694973
13553,7.087123461916858e-05
13554,4.734248866642873e-05
13555,9.537067674537606e-05
13556,0.0001902347463154784
13557,0.00016145851940840757
13558,7.234931791061211e-05
13559,3.6718288151037925e-05
13560,0.00019390079011557507
13561,0.00015573543422669973
13562,6.98159034052817e-05
13563,0.0001602254674612639
13564,8.9909170697301e-05
13565,0.00012760675020548662
13566,0.00014048687418947772
13567,7.680436102242341e-05
13568,7.974403832053305e-05
13569,9.513809763743034e-05
13570,0.000508115933820682
13571,0.00012690507880313578
13572,0.00011144250808561558
13573,0.00018769676178418594
13574,9.492758232957107e-05
13575,4.7577714684605925e-05
13576,8.095965315954317e-05
13577,5.130425723721236e-05
13578,5.2743932753564734e-05
13579,5.733145400958207e-05
13580,0.00018001781958915615
13581,9.101039932489875e-05
13582,4.3493230360202185e-05
13583,0.00018060433414259465
13584,7.805763986958248e-05
13585,7.77898792030514e-05
13586,7.205794652910404e-05
13587,7.622827125401067e-05
13588,7.481887586686334e-05
13589,7.321792904040219e-05
13590,0.00015510715981364342
13591,0.0001375376316851861
13592,8.950831068438781e-05
13593,0.00016827901593617907
13594,0.00012232648672095024
13595,0.0002133412771819528
13596,0.0001442953209886799
13597,0.00018436688509285327
13598,0.00011229944153878034
13599,0.00012201655711850467
13600,6.982577232532861e-05
13601,7.686078343088125e-05
13602,9.980886930442782e-05
13603,0.00016113495494604523
13604,0.00022414772491595927
13605,0.00022309326803745668
13606,0.0001285061099228458
13607,0.00011874070579683557
13608,0.0001383223322109368
13609,0.00016025976603853032
13610,0.00013129073375589293
13611,8.531195707413565e-05
13612,8.359320001264139e-05
13613,0.00011573428174636307
13614,9.23827890337547e-05
13615,0.00010805861429507679
13616,0.00012441045924188333
13617,9.005858011270359e-05
13618,0.00015362719716316268
13619,0.0001332655658033733
13620,8.065468892459689e-05
13621,4.8650028470540436e-05
13622,0.0001763429506979232
13623,0.00013836895888071492
13624,0.00023533241516455732
13625,0.00014424969626648614
13626,0.00012362153239413846
13627,0.00011192535460804334
13628,8.949532961034868e-05
13629,0.00014725548026758135
13630,7.616689065344683e-05
13631,3.850318685731621e-05
13632,9.850202560232769e-05
13633,0.0001126030586763921
13634,8.298192100306057e-05
13635,0.00021810006810584758
13636,2.462214256012428e-05
13637,5.89045913557257e-05
13638,0.00010041850839383831
13639,0.00020368919133223405
13640,8.761877791358033e-05
13641,0.00013434393661319012
13642,0.00013271985060995552
13643,6.368562641964516e-05
13644,0.00010588964514912565
13645,8.207315693916515e-05
13646,0.00013024706762395171
13647,6.718934564361672e-05
13648,0.00015542872991896142
13649,5.477360075561224e-05
13650,6.682945699731755e-05
13651,9.780675879831816e-05
13652,0.00010048307267909106
13653,0.00015297739657532179
13654,3.853347641492135e-05
13655,6.444547607268621e-05
13656,0.00012901208160979576
13657,9.260052242460686e-05
13658,0.00010654118826051614
13659,0.00012034630134648291
13660,0.00011607900776555001
13661,9.458018366298191e-05
13662,0.00016831650448226386
13663,0.00011879910975139063
13664,5.135984358595294e-05
13665,0.0001430636082679005
13666,9.463383809366055e-05
13667,5.6488032278783296e-05
13668,7.598834185644396e-05
13669,0.00010187206789458206
13670,0.00010497975401675748
13671,6.306418026912574e-05
13672,4.2758273515285046e-05
13673,0.00028283605707346435
13674,0.00010798131222686517
13675,0.0002142924252002812
13676,0.00010334065010590697
13677,0.00012220041487339352
13678,0.0001422070803985159
13679,0.00014230401329393418
13680,0.00010415525268113689
13681,0.00014321390659306248
13682,0.00012834940439815048
13683,9.961228764820623e-05
13684,0.00012794049038447538
13685,0.00011398992382666508
13686,6.340255389800446e-05
13687,1.6264545045998978e-05
13688,0.00016462569874125415
13689,7.221398340061133e-05
13690,0.00015170641843836522
13691,0.000184531802634009
13692,6.347692219897238e-05
13693,7.939738379566976e-05
13694,0.00012736746546554605
13695,0.00011088005485155873
13696,4.628960468533779e-05
13697,0.00011904369458080217
13698,0.00021464194264689208
13699,3.435530750818505e-05
13700,8.817068255853272e-05
13701,0.0001711509903336876
13702,6.473037739283568e-05
13703,0.00022524300578204872
13704,0.0002093097516620235
13705,0.0004706142951760895
13706,6.378468981103235e-05
13707,0.0001282940852769211
13708,7.537569994060565e-05
13709,3.9348588064169703e-05
13710,6.861728113527048e-05
13711,0.00010081307930096334
13712,0.0001366425731166217
13713,2.5501154850757473e-05
13714,7.830188573516887e-05
13715,6.877493105323808e-05
13716,0.00020340316397129472
13717,0.0001447382968080564
13718,0.00022480734478257127
13719,0.00015638741106844666
13720,0.0001585422527902249
13721,0.00021906883273170878
13722,8.052108434568854e-05
13723,0.00019215814497096795
13724,4.038281772147954e-05
13725,0.00010013982785820566
13726,6.564246419320462e-05
13727,7.956650327116592e-05
13728,0.00014156885203862383
13729,4.134013296046001e-05
13730,0.00012015992908124458
13731,2.7966244886860755e-05
13732,0.00010650473367693573
13733,5.771057531227975e-05
13734,0.00015227882727254492
13735,0.0001214162898944394
13736,7.19251588349542e-05
13737,0.00026531400439250627
13738,6.653292246429564e-05
13739,0.00012185076029957176
13740,0.00013692044698919027
13741,5.891442878539208e-05
13742,0.00010374440317046778
13743,8.347238494462365e-05
13744,6.182765171100752e-05
13745,9.043078702123295e-05
13746,0.00012396471785128016
13747,0.00010438980639749737
13748,4.210165483644279e-05
13749,9.45118663459721e-05
13750,0.0004040330151761846
13751,0.0001342179253943321
13752,0.00011036720392216753
13753,0.0001489809748522446
13754,4.754117375770549e-05
13755,7.069042390503112e-05
13756,0.00016535493697353754
13757,0.0001445101023742973
13758,9.362743191700205e-05
13759,0.00015343264829110833
13760,9.210395587510063e-05
13761,0.0001295077541573681
13762,4.348277504733e-05
13763,0.00013814718492922236
13764,1.3969247288576075e-05
13765,6.115905346001174e-05
13766,6.975418138390431e-05
13767,0.00019095688341615148
13768,0.0002317502430375362
13769,7.323184648934215e-05
13770,6.880799296891984e-05
13771,0.00012206333473341807
13772,0.0001089689060710358
13773,5.225372007819438e-05
13774,0.00016112826836124224
13775,0.00011481587830493016
13776,9.063525247676347e-05
13777,5.05663894712856e-05
13778,0.00011546528485697749
13779,9.443451096482252e-05
13780,0.00012432037596518748
13781,8.213323102524885e-05
13782,0.0002445769107413199
13783,0.0001246153759872423
13784,5.3447489418526795e-05
13785,0.00015715664564367856
13786,0.00013069695034011438
13787,0.00019445394640910113
13788,8.326576516420344e-05
13789,3.5057602980198405e-05
13790,0.00021367339045393324
13791,0.00018473541193934318
13792,0.00014957713551693374
13793,0.00016824714202241445
13794,6.879569891148355e-05
13795,0.00015263333430700116
13796,0.00011722189270366851
13797,5.502568955147009e-05
13798,6.406851940667213e-05
13799,0.00010152888702141244
13800,0.00023283941486331697
13801,0.00016190774800590757
13802,6.512032851133364e-05
13803,3.342376247668029e-05
13804,0.00015075865874817973
13805,2.68946198418992e-05
13806,0.00014320694290886893
13807,7.741576231479135e-05
13808,0.00015185613824590546
13809,0.00010669071191092745
13810,9.922861756807093e-05
13811,0.00012578074710270553
13812,8.549536757892585e-05
13813,7.64041591199312e-05
13814,6.065527608005908e-05
13815,9.860520198570064e-05
13816,0.0001031976052089425
13817,0.00011757894235928886
13818,8.764990967746222e-05
13819,0.00012435962656372857
13820,0.00012842154200157335
13821,0.00012746419293684834
13822,0.00017233908399505874
13823,7.028951937000855e-05
13824,4.458515668589939e-05
13825,0.0001108362064612636
13826,9.66850902147197e-05
13827,0.0002534689157780692
13828,8.319823650437447e-05
13829,0.00014248737504903215
13830,0.00011413912718673151
13831,6.483133910202904e-05
13832,4.347187743976678e-05
13833,0.00015839520380593784
13834,0.00012180743455715253
13835,0.00018332714490704126
13836,6.347904642740655e-05
13837,9.786925643151084e-05
13838,4.189718337939774e-05
13839,0.00013590032559003648
13840,0.0002446218869119962
13841,0.00015130355022094442
13842,9.161009857427931e-05
13843,0.0001433696251799337
13844,2.7072432162411208e-05
13845,9.696888285105432e-05
13846,1.697794868995673e-05
13847,0.00012906601471009314
13848,5.371154140259928e-05
13849,0.00020734347176993274
13850,0.00010136433579331559
13851,8.01917702385845e-05
13852,5.4111201626010874e-05
13853,0.00010546722416777908
13854,8.815620659489603e-05
13855,4.089294938221833e-05
13856,3.768069377451038e-05
13857,0.00018511728720200848
13858,0.00010114024100043883
13859,3.216538469692415e-05
13860,7.027157197036969e-05
13861,4.409610788846605e-05
13862,0.00015473227153564307
13863,9.193007839903558e-05
13864,0.00011017456759449036
13865,0.0001444673447133674
13866,0.00010162786751234643
13867,8.813699384714057e-05
13868,0.00017929851817416099
13869,9.940948365229075e-05
13870,8.827114053584233e-05
13871,0.00013779367092090468
13872,0.00022409521715032005
13873,0.000127388075228845
13874,0.00012021186359843734
13875,9.005374511821908e-05
13876,0.00016400604629705225
13877,9.840198436379953e-05
13878,0.00010974308853570878
13879,0.00020889148819375005
13880,8.048434523004038e-05
13881,0.00015084021231877515
13882,9.5790416425744e-05
13883,0.0001238976873675562
13884,8.98927730134544e-05
13885,0.00023584185253207337
13886,0.00014572708064055604
13887,8.654538962629133e-05
13888,0.00024222503354818522
13889,9.341776726446289e-05
13890,3.6158797306943194e-05
13891,0.00014559543705964048
13892,0.00017682905162299186
13893,0.00011881767937691792
13894,3.674225343526754e-05
13895,0.00019980434904522552
13896,0.0001007236804902008
13897,0.0001296597186517614
13898,0.0002984419177464941
13899,5.407874222547218e-05
13900,7.657490515970273e-05
13901,5.02879055734519e-05
13902,4.0761631522710175e-05
13903,0.00019766065583356622
13904,0.00018880809054009164
13905,0.00027133874718136895
13906,0.00011519400690436099
13907,0.000273559827375257
13908,0.00020863127852219272
13909,8.875652516292007e-05
13910,0.00010729789671920872
13911,9.917542076893327e-05
13912,0.0004375822453462355
13913,8.63936875257261e-05
13914,0.0001615620332084502
13915,0.00021235368490990898
13916,7.530045264183217e-05
13917,3.992258166512264e-05
13918,0.000200828179947182
13919,0.00011629801078099413
13920,0.0002851135047407625
13921,2.9430507686985182e-05
13922,0.00010220569245602152
13923,7.19719118148871e-05
13924,0.0001738662395486339
13925,0.0002776502775520332
13926,6.838863545261599e-05
13927,0.0001371544836400847
13928,0.000264747616236955
13929,8.705701023526023e-05
13930,9.21731046397988e-05
13931,8.740445592307641e-05
13932,9.549767985233256e-05
13933,8.405779462231867e-05
13934,9.937135284285753e-05
13935,0.00014792335146996872
13936,9.744070344001663e-05
13937,0.0001410765895569848
13938,0.00016243665229062054
13939,7.029373227478187e-05
13940,9.785330484072807e-05
13941,0.00027312534880806304
13942,8.392286133189952e-05
13943,0.00010940329893793538
13944,0.00011134466536548336
13945,2.250900756754908e-05
13946,4.959247523895602e-05
13947,0.00014891866030966125
13948,4.509453706041715e-05
13949,0.00013887790253348792
13950,0.00010780444847037153
13951,7.961021167981127e-05
13952,0.00016510711886743014
13953,0.0001268620629958506
13954,8.946931471158147e-05
13955,0.0001803423967417209
13956,5.397052390934646e-05
13957,0.0001114840412340549
13958,9.893489473446375e-05
13959,6.300956445862136e-05
13960,0.00010676540754241144
13961,0.0002013892377078845
13962,2.0730636863548202e-05
13963,3.649304633737709e-05
13964,5.649473911391771e-05
13965,8.127898575208866e-05
13966,0.00012484422452776879
13967,5.800579467956748e-05
13968,8.206499173831578e-05
13969,0.00017791583421720064
13970,6.052571042818847e-05
13971,0.00011111409653431874
13972,0.00011761798169723472
13973,5.7832830019327925e-05
13974,4.992740637352947e-05
13975,0.00010918079630069686
13976,0.00020054240595944217
13977,0.00011079164637476212
13978,9.957818676506465e-05
13979,8.558206733536811e-05
13980,9.422696694115952e-05
13981,7.439762158931027e-05
13982,0.00010540164483602101
13983,0.00011859602557949088
13984,5.325664219134905e-05
13985,0.00035463501905418754
13986,0.0001586938010667414
13987,7.319787035322604e-05
13988,7.684333214798363e-05
13989,5.131776993116097e-05
13990,3.793155675102785e-05
13991,0.00010548992817836791
13992,0.00023969944095844536
13993,5.484540887757712e-05
13994,0.00012390249492089515
13995,6.0591212827354295e-05
13996,8.213569907112805e-05
13997,8.338249072025665e-05
13998,0.0001006284982486952
13999,9.664952857080815e-05
14000,0.00015953554938337458
14001,0.00012254938025608826
14002,0.0001393614043301442
14003,0.00011680187249541302
14004,7.328629492330537e-05
14005,0.00017243456641716505
14006,8.49564510108747e-05
14007,0.00014742890729532824
14008,8.249457942322273e-05
14009,6.974705831450882e-05
14010,4.845663243531278e-05
14011,0.00016591559628832128
14012,0.00012679588405815561
14013,5.849201135075076e-05
14014,0.0001660445535840369
14015,0.00023830699188566706
14016,4.532436156502017e-05
14017,4.1170464835138934e-05
14018,0.00015632201160543623
14019,0.00013184734463003497
14020,9.000246929159969e-05
14021,0.0003216764803807492
14022,0.00011579526228721204
14023,0.0001340221812824978
14024,0.0002991567780122724
14025,0.00017954996665642175
14026,7.806008126421782e-05
14027,0.0002109017899000393
14028,0.00018274360384309382
14029,5.162396131859086e-05
14030,6.950077258909625e-05
14031,0.0001466916299926573
14032,0.00016092596091269714
14033,0.00012877170386383632
14034,0.00020692265005532764
14035,3.859550511089529e-05
14036,0.00010556182710092432
14037,9.781725550483973e-05
14038,6.525878107720525e-05
14039,0.0002369077645410309
14040,9.593517229339306e-05
14041,3.1161320519576465e-05
14042,0.00019472133197162247
14043,9.772149526723813e-05
14044,0.00022873424652578847
14045,0.00011995944573224776
14046,8.140062611774734e-05
14047,0.00019888268510523434
14048,0.00014875193228215265
14049,0.0001412953248075483
14050,0.00011726820080390744
14051,5.7296238659483494e-05
14052,0.00012345400004631996
14053,0.0001828737484176588
14054,6.301367945626867e-05
14055,0.0001547121709536362
14056,0.0001970929326880778
14057,4.516218661376372e-05
14058,0.00025090367727778146
14059,4.7891848232003855e-05
14060,0.00016234251899232015
14061,0.00010716138117769112
14062,8.013645709005444e-05
14063,9.056189598530153e-05
14064,0.00014931943136442196
14065,0.00018123674069140435
14066,5.384762330561334e-05
14067,0.00015218787426589072
14068,0.0004775937907886362
14069,7.215952905900837e-05
14070,8.107270529270454e-05
14071,6.0991891796605474e-05
14072,7.835212402990417e-05
14073,0.00014996671594423412
14074,0.0001970608874190593
14075,9.164276160493708e-05
14076,7.023896042109338e-05
14077,4.30068258485148e-05
14078,0.0001815773438949135
14079,6.733238632782545e-05
14080,9.997272771422805e-05
14081,3.255028397426427e-05
14082,7.322359353990384e-05
14083,0.00018806730287112189
14084,8.129649399585041e-05
14085,0.00011475179592942126
14086,4.701654794949289e-05
14087,9.521469741361147e-05
14088,2.6475379030138384e-05
14089,3.384558613847975e-05
14090,0.00021180666051324136
14091,0.00010312964606175675
14092,0.00010721765273649712
14093,0.00010113874458851478
14094,0.00023645900944231052
14095,8.007886180293978e-05
14096,7.580787488793135e-05
14097,0.00016841996747610726
14098,6.753325585121373e-05
14099,0.00021649058530328515
14100,0.0002619963962182223
14101,4.6777928017885265e-05
14102,9.360937444275011e-05
14103,0.0003012135251549904
14104,3.8081917092673684e-05
14105,4.592613592432718e-05
14106,0.0003717061583190446
14107,0.00011396102043286588
14108,0.00015753811153846665
14109,4.810697007700126e-05
14110,0.00011234231761067678
14111,8.446657997405553e-05
14112,6.192378219668135e-05
14113,5.6133378704066254e-05
14114,9.602865947669014e-05
14115,6.284930177673047e-05
14116,7.287127111358391e-05
14117,8.418117200490385e-05
14118,0.00011338552634715892
14119,0.00019540470754075866
14120,0.0001262584232962317
14121,3.940746726608682e-05
14122,0.0002587112941484357
14123,6.49466201413518e-05
14124,0.00016855164325121132
14125,2.9803212563615407e-05
14126,9.825109275102998e-05
14127,0.00011874061240698121
14128,9.100108593494572e-05
14129,4.651301684783694e-05
14130,0.00011757084683083118
14131,6.38168938129519e-05
14132,0.0001319501779081986
14133,9.989545942302517e-05
14134,0.0001311293806148664
14135,7.460653459526768e-05
14136,6.822650864095857e-05
14137,0.0001616478556718013
14138,0.0003115859138692493
14139,0.00015143161991804747
14140,0.0001623417650084761
14141,0.000158970689443377
14142,2.603990191532639e-05
14143,0.00010667522285390367
14144,8.102728464108446e-05
14145,0.00015342313806363564
14146,4.038969220318687e-05
14147,0.00018522880755838047
14148,0.00024162958975863777
14149,0.00012804019855344284
14150,0.0001318314457903822
14151,0.0002814364685243354
14152,0.00012408579086475434
14153,9.315865920409858e-05
14154,0.00012021819110900974
14155,0.0001738749553298613
14156,5.612895035756163e-05
14157,0.00010768760219836584
14158,0.00023074390286984263
14159,6.564746784337799e-05
14160,0.000130606526847948
14161,0.000107869894171208
14162,8.06507281689017e-05
14163,0.00010540433274811202
14164,6.002259132242422e-05
14165,8.911629444804341e-05
14166,0.00022316867227093417
14167,0.00010182725045625509
14168,9.882525069045443e-05
14169,0.00018315733819779725
14170,0.0002705886703317413
14171,5.40263473625187e-05
14172,0.0001323856214788414
14173,0.0001421152892632619
14174,0.00014476101574552438
14175,5.0999638740865156e-05
14176,0.00013840726533028203
14177,0.00016188356488134765
14178,0.00011409689008503308
14179,4.97700327266678e-05
14180,0.0002804023104987886
14181,0.00013015795879690227
14182,0.00028306031113411567
14183,0.00010536947518657378
14184,0.00018779646975511082
14185,9.890225506652207e-05
14186,9.199416206905214e-05
14187,0.00010281232083054112
14188,7.706839448305857e-05
14189,0.00015258554500917703
14190,4.679112423458908e-05
14191,6.44070270662526e-05
14192,0.00010855781726788603
14193,5.8281188811097873e-05
14194,0.00018453737902488843
14195,0.0001143761949961207
14196,4.914512311553668e-05
14197,0.00011639367750849693
14198,0.0001378124756668007
14199,9.688457042895176e-05
14200,9.422204205728359e-05
14201,0.00021745395669200827
14202,0.00017824239017318546
14203,0.00010502182263468706
14204,0.00011944127213006301
14205,0.00012068970514718008
14206,9.950264005452054e-05
14207,0.00012416456608208197
14208,0.0002035382484285238
14209,0.0001607042104519703
14210,0.00011274825803119697
14211,8.639010967585425e-05
14212,7.610664934746372e-05
14213,4.2533042906191865e-05
14214,8.685279099603694e-05
14215,0.0001652812306232807
14216,7.020987565741121e-05
14217,7.456360249133876e-05
14218,8.755251222565223e-05
14219,0.00015659951789514351
14220,0.00016711209426693716
14221,0.0001227729528407436
14222,6.617239193351977e-05
14223,0.00019339709107164785
14224,0.00021804463334216986
14225,0.00013971908204768942
14226,7.111922870805665e-05
14227,0.00011007776247793022
14228,0.00013538126617866105
14229,7.997621346753729e-05
14230,6.251019561347298e-05
14231,9.889538621624199e-05
14232,0.00015663006753080728
14233,7.023203732069585e-05
14234,2.0647141197113504e-05
14235,0.00019209422931378426
14236,0.0001472729541709085
14237,0.000294492933404071
14238,0.0001587079771445694
14239,4.959169972201199e-05
14240,6.391405398043171e-05
14241,7.506817799391206e-05
14242,0.00010661888801984773
14243,8.18235495771132e-05
14244,7.508024599412933e-05
14245,0.00012418145366861104
14246,0.00011667631554121395
14247,0.00017732534896223567
14248,0.00010126839668751623
14249,0.00012637939247873932
14250,6.810932841665095e-05
14251,6.669326349846885e-05
14252,0.00019567232501451907
14253,7.865392620796748e-05
14254,0.00021233370960831654
14255,0.00016025765050667174
14256,0.00013394312172516313
14257,0.00011018371551454728
14258,0.00010186413243905703
14259,7.246973973613373e-05
14260,0.00013338743513628597
14261,0.00011023909841120493
14262,0.00030855351962233966
14263,0.0002464439984104447
14264,4.013537885720274e-05
14265,7.55360364405772e-05
14266,0.00013437188863367895
14267,7.424609177210282e-05
14268,6.833300119210879e-05
14269,0.00018154944183305423
14270,0.0001435363322928
14271,0.00048376615674125295
14272,4.7302489628637794e-05
14273,0.00025823866544680914
14274,7.634071834468616e-05
14275,2.8228379552050344e-05
14276,0.0002086613666750805
14277,8.147586811080139e-05
14278,0.00016871561241762914
14279,0.00013492571956479624
14280,0.00011703472180074163
14281,4.607636208921851e-05
14282,7.234970181212712e-05
14283,0.00010980396339285328
14284,0.00030090142413625076
14285,9.651335052287267e-05
14286,0.00025719396797676397
14287,0.00026769041375638056
14288,9.626740471302039e-05
14289,0.00011576328798637743
14290,4.980461056671478e-05
14291,6.676522072094761e-05
14292,0.00024181097134334556
14293,4.705011287945439e-05
14294,0.00013225654283015865
14295,0.0002837938311374001
14296,8.23897958728046e-05
14297,0.00010261652315573464
14298,0.0001307089891571646
14299,8.796669046390937e-05
14300,0.00014484647542648956
14301,0.00014162962915494903
14302,7.977647083159656e-05
14303,4.134076082637351e-05
14304,0.00021171838291067656
14305,1.8426076801434183e-05
14306,0.00012671007199685584
14307,0.00015152038473838366
14308,5.649121386637732e-05
14309,0.0001171973187339662
14310,0.00013416837808105035
14311,8.863758844142826e-05
14312,0.0001254107447704422
14313,9.357516253499776e-05
14314,4.685937128188098e-05
14315,0.00022304352500197855
14316,0.00015587815487336186
14317,8.395964887367025e-05
14318,0.0001990061422987283
14319,0.00012378018168010167
14320,0.00025037013010022945
14321,0.00016195759550958512
14322,8.437428123927253e-05
14323,2.803359512521349e-05
14324,0.00018086655738085386
14325,0.00024215959409857647
14326,0.00010336180440717692
14327,9.027381325411429e-05
14328,0.00010233594172825204
14329,4.349024454775304e-05
14330,0.00017706824360355186
14331,7.11503739463098e-05
14332,0.0001526621619491543
14333,9.499140254737537e-05
14334,7.35078244554682e-05
14335,5.8351923184102905e-05
14336,0.000184733856483188
14337,9.122333196516352e-05
14338,7.818961380361454e-05
14339,5.8069123981682725e-05
14340,7.671268621644695e-05
14341,0.0001722506043281822
14342,9.464131843428826e-05
14343,4.7184841598079144e-05
14344,0.0002962971370436976
14345,0.000210928490539675
14346,0.00015381336747874268
14347,0.0002550335108022765
14348,0.00010089949896155625
14349,0.0001096525140098166
14350,6.037511481869004e-05
14351,0.00018722454270842252
14352,4.961256843274122e-05
14353,0.00013651706326256463
14354,9.604973787377532e-05
14355,9.187807181847485e-05
14356,0.00019542524799603814
14357,7.294793232276851e-05
14358,1.1973643885099036e-05
14359,0.00021216835020006596
14360,0.00010742528285861977
14361,0.00018794567626609135
14362,6.44393330762227e-05
14363,0.00011251069316983343
14364,4.5485364379914915e-05
14365,0.000172033945994888
14366,0.00024810618227747794
14367,0.00010276011713362678
14368,8.059460693254786e-05
14369,0.00013243527363137407
14370,0.00014898880532498074
14371,0.0001322980098706628
14372,6.810381070085123e-05
14373,0.00014799913305128242
14374,9.335092420499359e-05
14375,2.9698008017256864e-05
14376,0.00010954127175660313
14377,0.0001163338745116045
14378,0.00024375377288941272
14379,0.00022586118327547295
14380,4.0857519597813986e-05
14381,0.00017656035149647107
14382,0.0001435705240789099
14383,0.00023227044803784966
14384,6.898108186431322e-05
14385,0.0002482154670917088
14386,6.276073607629733e-05
14387,4.511444127708623e-05
14388,0.00016893212524875104
14389,0.00011487789507873229
14390,0.0002370638485288021
14391,0.0001114590951130854
14392,5.323552993753756e-05
14393,0.00013853755742301998
14394,0.00012263394648578073
14395,0.0001449595692533934
14396,8.53100102279505e-05
14397,0.00010816311790583913
14398,0.000141951307431827
14399,9.32833511864296e-05
14400,0.00013276558558756468
14401,0.00010763611108507225
14402,0.00016641144033086199
14403,0.00010310830617780195
14404,8.190449610108574e-05
14405,0.00014840709653551258
14406,0.00011445268386830534
14407,0.0002801879366433551
14408,0.0001875811205457659
14409,8.931509501388891e-05
14410,0.00010554509686373282
14411,5.5765785109692243e-05
14412,0.00010685758726452649
14413,6.725279157725077e-05
14414,3.3913878782557335e-05
14415,0.00010715236915907083
14416,0.00011364233860171637
14417,0.0002480206068861153
14418,8.421020328779736e-05
14419,0.00021357233932003096
14420,0.000231747476357715
14421,6.192903137912218e-05
14422,4.802841459130443e-05
14423,6.812298042780533e-05
14424,9.734339186218118e-05
14425,5.673148400447267e-05
14426,0.0001556347155430838
14427,0.00013609189565235339
14428,3.5641423686206446e-05
14429,0.00010434335731104806
14430,0.00016332642221354024
14431,9.410060933682557e-05
14432,0.000136482909178655
14433,7.040618767334304e-05
14434,3.063351998612787e-05
14435,4.0085126051070426e-05
14436,9.44291621931909e-05
14437,5.603271075711318e-05
14438,0.0002258788256898237
14439,7.966996564008296e-05
14440,6.966580840944972e-05
14441,8.541789545482982e-05
14442,5.431472106021299e-05
14443,1.8845853432139506e-05
14444,3.995646197881843e-05
14445,7.250615021525527e-05
14446,0.00010264324213311117
14447,0.0001266409954206206
14448,0.0002714247744663221
14449,0.0002307091474908624
14450,7.596313702092438e-05
14451,0.0001903590337060179
14452,3.430155867922565e-05
14453,0.0003633194682875279
14454,5.394290867784269e-05
14455,9.321247634362278e-05
14456,0.00029429363262031236
14457,0.00013844818584897494
14458,6.871951897763588e-05
14459,0.00015817620644188648
14460,7.435775071256907e-05
14461,4.8426059718657855e-05
14462,0.00011397408135256127
14463,0.00018238169106811816
14464,6.951567877512644e-05
14465,0.00013385037412867222
14466,0.00014116394277428754
14467,4.537620273978522e-05
14468,0.00019737048005835992
14469,0.00019863872544778084
14470,3.6556135787257496e-05
14471,0.0001089886766941599
14472,7.225939055770208e-05
14473,7.622109111526347e-05
14474,0.00013296482950482397
14475,0.00013111929136056357
14476,0.0001421718635975477
14477,6.228010434281434e-05
14478,8.751396448933241e-05
14479,8.42433381990092e-05
14480,8.56194340187815e-05
14481,0.00012467595744769012
14482,0.000162556284941852
14483,5.666374898502705e-05
14484,2.1437608353808862e-05
14485,0.00012330460589419394
14486,4.7308551866484926e-05
14487,0.00013824373803668753
14488,0.00018473468377971567
14489,9.929176432579394e-05
14490,4.85834731523466e-05
14491,0.00011259135361605273
14492,3.569153335072867e-05
14493,4.051160153024203e-05
14494,2.4895446600372265e-05
14495,0.00013268101767444597
14496,0.00015293779146826613
14497,0.00019165528036937685
14498,9.777077333482256e-05
14499,0.0001461263041455255
14500,7.90466988381741e-05
14501,0.00020420406552641498
14502,5.283396581499575e-05
14503,5.222116182242096e-05
14504,7.172374383024503e-05
14505,0.00011255360208447362
14506,0.00010783607698098359
14507,0.00012396037633329515
14508,3.217437788288617e-05
14509,0.00016260999480861794
14510,5.2141674799039035e-05
14511,0.00022717600778593547
14512,0.00011295610067847491
14513,0.0002512784731227052
14514,0.0001282322203414812
14515,0.00017381679034386485
14516,0.0002057921877895599
14517,9.550974229172854e-05
14518,4.5346290609555845e-05
14519,7.440357875338122e-05
14520,0.00021778560643292706
14521,0.00032096057046432147
14522,5.7176518886511364e-05
14523,6.926391746890938e-05
14524,0.00016073559003555802
14525,5.733600659002801e-05
14526,7.424649419385376e-05
14527,9.777178588610933e-05
14528,8.308485094050773e-05
14529,0.00011638787756192296
14530,0.000220162651680715
14531,0.0001051621676279759
14532,9.234585220151024e-05
14533,3.885130844034792e-05
14534,6.793588128467945e-05
14535,0.00010123083321441979
14536,0.00019993579580080575
14537,0.0001323827874184554
14538,3.819354705213693e-05
14539,0.00012109408870684984
14540,8.575121251456366e-05
14541,4.689957055404548e-05
14542,0.00014393091412060363
14543,8.852947046086279e-05
14544,5.412850752578169e-05
14545,0.0001262350237534463
14546,5.6766326027625814e-05
14547,7.260380971766577e-05
14548,5.664762002889474e-05
14549,0.00015622180135807642
14550,5.0588650225345013e-05
14551,0.00016472526710167672
14552,0.00015440595534341666
14553,6.94600846782662e-05
14554,1.6875250309393584e-05
14555,0.00015482917666590702
14556,0.0001411108996258253
14557,8.095323764788402e-05
14558,0.00017299800464890965
14559,3.835331733304134e-05
14560,8.914545100290753e-05
14561,0.00022380157978531918
14562,0.0001963971834529996
14563,0.00020401350048544534
14564,7.619861358229373e-05
14565,0.0002560505971047939
14566,0.00012175136120361694
14567,0.00011151407309951612
14568,0.00011157754799108378
14569,0.00014750422649764043
14570,0.00011395691967558402
14571,6.388566191186918e-05
14572,1.8805054343610667e-05
14573,0.0002836618201830033
14574,5.026273372113576e-05
14575,4.987650790509714e-05
14576,7.040237570149176e-05
14577,5.5024352230588636e-05
14578,0.0001664990488325351
14579,0.00010733172875642534
14580,0.00017084895925747632
14581,0.00010187237428728072
14582,0.00021664899691504184
14583,0.00015280975197706656
14584,0.00015745214750089942
14585,0.00032360550716628946
14586,9.977526456576959e-06
14587,0.00016172942224957113
14588,0.00012160206885371394
14589,3.352168931347816e-05
14590,6.394119824759734e-05
14591,6.052342800969724e-05
14592,4.787674689826775e-05
14593,0.0001718098146062654
14594,0.00010958830970426601
14595,0.00012268327552025635
14596,0.00024332604235081226
14597,9.233728534996561e-05
14598,0.0001342377994335621
14599,0.00012420550659733115
14600,0.0003991924027372317
14601,0.0001536982803008374
14602,0.00016213435035557726
14603,5.152988417845283e-05
14604,0.00011484260539051397
14605,9.425022731800341e-05
14606,0.00010299374164375035
14607,0.00011656119191623522
14608,0.000192308035653354
14609,0.00013717654236823564
14610,9.481632965340534e-05
14611,0.00012420618054989326
14612,6.0957029855272415e-05
14613,0.00010104182248337867
14614,8.206711316232219e-05
14615,5.650608196568781e-05
14616,0.00014288978871432155
14617,8.041469847124931e-05
14618,0.0001286804147159011
14619,0.00012987803488034212
14620,9.010783813353775e-05
14621,8.978891914249486e-05
14622,9.810847958972272e-05
14623,1.818502438893334e-05
14624,4.612864251795728e-05
14625,0.00013990521841666205
14626,9.865423050319301e-05
14627,4.8396099033841934e-05
14628,0.00014439213324980507
14629,6.143952904712813e-05
14630,0.00019155757997618695
14631,0.000130747373967071
14632,0.00017685098543846343
14633,7.590992388394692e-05
14634,7.756446554463261e-05
14635,0.00014077176250414084
14636,0.0001032745263554471
14637,0.00022029229131748974
14638,0.00019246882815830994
14639,9.404657641418479e-05
14640,0.0002116132985614724
14641,0.00017135240024174748
14642,0.0001242960146382506
14643,0.00013380281364086196
14644,6.414715921711446e-05
14645,9.922655671730685e-05
14646,0.00011550047924937082
14647,0.0001612101190741404
14648,7.65869888901222e-05
14649,0.00011739762058884798
14650,7.603707499420406e-05
14651,0.00013872805942096865
14652,7.441318719198688e-05
14653,6.77570413691327e-05
14654,0.00019653928340250993
14655,9.27726910978927e-05
14656,7.030710460656975e-05
14657,0.00014945387865903357
14658,4.334707782008407e-05
14659,5.379378520683944e-05
14660,6.10475630203543e-05
14661,3.120232825494448e-05
14662,7.096469945307442e-05
14663,8.030080466767189e-05
14664,6.167379837420589e-05
14665,0.00013073385098375266
14666,0.00015764501361047314
14667,0.00013571005512190095
14668,0.00010641994373978307
14669,8.265076010582384e-05
14670,0.0003354120575611042
14671,0.0001805936116024061
14672,0.00010971824814596552
14673,0.00018947830866710216
14674,0.00011528544755331985
14675,0.00020005926625848
14676,3.8143700279298244e-05
14677,8.973901352653223e-05
14678,0.00012524582417478583
14679,0.00013616755147624176
14680,0.00011506219075082543
14681,7.956702127910077e-05
14682,0.00011057200799291884
14683,7.297054620311023e-05
14684,0.00011379906823301966
14685,3.695153643927938e-05
14686,8.134489569314547e-05
14687,0.00010878327335225708
14688,0.0002193987620883771
14689,0.00011721853409108024
14690,8.880044604182216e-05
14691,6.156071625736608e-05
14692,4.60984766569912e-05
14693,9.881772115122215e-05
14694,8.587284512699402e-05
14695,3.3999290478510526e-05
14696,0.00011656270831197216
14697,0.00013418610381102377
14698,0.0002295756347309027
14699,9.614799165761159e-05
14700,0.00011392166741398345
14701,5.387285186799955e-05
14702,0.00011854529393709322
14703,0.00020953229767074386
14704,0.00016021593062835783
14705,7.215705593282805e-05
14706,0.0001382810960741591
14707,0.0001336274861657049
14708,0.00013150458082214245
14709,2.5485275349286724e-05
14710,0.00015613571756505274
14711,0.00013876683127382218
14712,0.00010055017742952161
14713,0.00015198061284539945
14714,5.495898599228651e-05
14715,0.00011958843331864816
14716,0.0001688957355258511
14717,0.00013761080350403935
14718,9.246543194750732e-05
14719,6.0412491709850114e-05
14720,0.00011259920142203527
14721,7.456166624366308e-05
14722,0.00013215643548096615
14723,9.526863254692117e-05
14724,0.00018689872738722596
14725,0.0003678714829494368
14726,0.00037426587735015567
14727,8.594994483677005e-05
14728,0.00015346817230387692
14729,7.74477029146203e-05
14730,8.961707921767214e-05
14731,0.0001092905228771613
14732,0.00018430486239835476
14733,7.565132733509933e-05
14734,0.00048223795763642166
14735,8.791334073887655e-05
14736,5.14680873017816e-05
14737,9.98683433201628e-05
14738,7.012885879301658e-05
14739,6.68629406936513e-05
14740,0.00012994866326258216
14741,9.493050333811742e-05
14742,0.00013703040009619978
14743,0.00012682144034467692
14744,9.284830225818742e-05
14745,0.00012219415903381897
14746,0.00013506664911465543
14747,0.00012249642604722922
14748,0.00020886149675755018
14749,6.985466370677094e-05
14750,6.348380468221497e-05
14751,9.996855298463045e-05
14752,5.70539126328768e-05
14753,8.634279924483462e-05
14754,0.00017687172221554723
14755,5.032384957716728e-05
14756,0.00016521820480605372
14757,0.00030340323961702863
14758,0.00011826239995972035
14759,7.46758819402103e-05
14760,0.00013762924628644692
14761,3.622161608208353e-05
14762,0.00010581137207415247
14763,0.00010569134334440384
14764,7.941609136243682e-05
14765,8.954653809211741e-05
14766,6.155896958226412e-05
14767,9.60038941875797e-05
14768,2.2936273245521264e-05
14769,0.00014205099360874832
14770,3.636791591737231e-05
14771,0.00017164760279829468
14772,0.0001153783470077736
14773,0.00028639546894310337
14774,0.0001051310869025433
14775,4.0311205288102057e-05
14776,3.203499476524376e-05
14777,0.00010560589995519303
14778,2.4072095212878525e-05
14779,0.00011798396112538434
14780,0.00014960886156300613
14781,0.00010474674708989337
14782,0.00013718107528807005
14783,0.0001291761217137309
14784,8.19143225543577e-05
14785,8.540196255102609e-05
14786,0.00011414823292345952
14787,0.0001365052765388545
14788,0.00021902166184239845
14789,9.653879394251263e-05
14790,7.016361560641427e-05
14791,7.22790803094579e-05
14792,0.00013530485701927932
14793,0.0001051114434347846
14794,0.00017717468383375242
14795,0.00012354751188094128
14796,4.780607823391656e-05
14797,9.067982443559747e-05
14798,3.4729827163035975e-05
14799,0.00010231888309677694
14800,0.00016270794648136434
14801,0.00011424209815746411
14802,0.0002020090034758288
14803,0.00022904433904460226
14804,0.00023186257093017772
14805,7.620713965231913e-05
14806,0.00013975912298238842
14807,9.068151336270125e-05
14808,9.179122736378663e-05
14809,8.935407160015587e-05
14810,9.898168876752445e-05
14811,7.140659253233858e-05
14812,0.0002984782798420092
14813,0.00022348031214607136
14814,0.0003319096247595304
14815,0.00023495323164373708
14816,4.966510185527635e-05
14817,0.0001709350471224782
14818,0.00015711429474662207
14819,0.00014452969912850526
14820,0.00011905594309957228
14821,6.584259177759257e-05
14822,7.579815514810927e-05
14823,9.303718939462524e-05
14824,9.644028487885461e-05
14825,0.00010613788041486451
14826,0.00014861951402772426
14827,0.00019408701237982044
14828,0.00011425915029254712
14829,0.00012709937686219096
14830,0.00011431993796658972
14831,4.068833398323736e-05
14832,9.408781257330531e-05
14833,5.647953875931983e-05
14834,4.2161486755045414e-05
14835,0.0001687359589694871
14836,0.00011919499011726175
14837,0.00018348105300344691
14838,0.0002024844838599189
14839,7.233471637762594e-05
14840,0.0001090169028543715
14841,7.273078559295964e-05
14842,8.306497717865623e-05
14843,6.864935844913477e-05
14844,0.00038100386149596624
14845,0.0003947055662043407
14846,0.00010154523054517172
14847,0.00010375634409430665
14848,8.516641857326526e-05
14849,0.00011160119554635754
14850,4.675164428722219e-05
14851,0.0001504497603348456
14852,0.00016411087050251656
14853,0.00016718047463435722
14854,6.1562687069796e-05
14855,0.00014959727584434426
14856,0.0001016357867425083
14857,0.00012252909986230887
14858,5.8706389484404706e-05
14859,0.00011793709488432702
14860,4.605348962620335e-05
14861,8.129938123114676e-05
14862,0.0001302647488785249
14863,7.237797168866436e-05
14864,4.55017896619436e-05
14865,0.0002253393935779649
14866,0.0001293083882271157
14867,0.00010500945109819136
14868,5.609167268382065e-05
14869,9.229183075866283e-05
14870,5.8698132665609726e-05
14871,0.00013535159165403162
14872,0.00012011687528266393
14873,0.0001936958715835963
14874,0.00021508500415572668
14875,0.0002965128827907513
14876,8.883174776854193e-05
14877,7.770439004059912e-05
14878,5.052841328863077e-05
14879,0.00023946564410503833
14880,0.00024799206676199377
14881,3.586326136592827e-05
14882,0.00011275807643179485
14883,4.7505812140328715e-05
14884,0.00010308120415496833
14885,0.00020920865516570194
14886,0.00016506371257918372
14887,0.00011290428841564408
14888,0.00014843335687885395
14889,6.914036433910528e-05
14890,8.505348478717099e-05
14891,9.892783286370251e-05
14892,0.00015377132993815322
14893,4.222505979415713e-05
14894,9.20862673120634e-05
14895,0.00021579414201728937
14896,0.00019781078668040217
14897,0.00012810835088147875
14898,7.567444294230894e-05
14899,0.00010117257713041491
14900,9.327512935649708e-05
14901,0.00020735523076102644
14902,0.00036782860497993133
14903,0.00012046949258598767
14904,0.00017848606520084778
14905,0.00022356833046284724
14906,0.00012138137117234952
14907,0.00015772829691540195
14908,0.00019182357829725235
14909,0.0001222370977648734
14910,0.00011918720364478376
14911,0.00011952895567171432
14912,0.00027665773022627916
14913,0.000257293431523865
14914,0.0001427662742927254
14915,0.00011989305537040524
14916,0.00022654165244752092
14917,0.00010860304242281905
14918,0.0001442430117656022
14919,3.977290780912105e-05
14920,5.606854141286422e-05
14921,0.0001582248123544952
14922,0.00010595695528605752
14923,6.852015429587939e-05
14924,7.71588880070806e-05
14925,0.00015959735872772635
14926,5.490163094698885e-05
14927,4.6734734344037466e-05
14928,0.00025170558786294736
14929,5.210143121081088e-05
14930,0.00010065202813361016
14931,9.967241698201932e-05
14932,2.7297764487518347e-05
14933,5.508532897030948e-05
14934,9.340008940890069e-05
14935,7.822510693783016e-05
14936,0.0001450037508988313
14937,4.733407121742032e-05
14938,0.0001349643641910488
14939,5.301395491924576e-05
14940,0.00029060714197341725
14941,0.00015823740936833283
14942,4.1857052955595735e-05
14943,0.00011238244871512881
14944,0.00010420224922364624
14945,0.00017725467861406924
14946,4.81566128140085e-05
14947,3.0514863044285058e-05
14948,0.00011214417214052352
14949,0.0002466029424854618
14950,4.9767299548046015e-05
14951,0.00011667792520031192
14952,0.00010558281991093333
14953,7.230323305583997e-05
14954,9.161123725880364e-05
14955,0.0001481921036845238
14956,0.00012107743801124193
14957,3.477162924928756e-05
14958,5.94003307726803e-05
14959,9.031379003181699e-05
14960,8.170386701572855e-05
14961,0.00011075365247565405
14962,0.00011761520748734602
14963,0.00011905781657960962
14964,0.00014032908307656794
14965,0.0003144588765451018
14966,4.16742091564461e-05
14967,0.00021044102034770162
14968,0.00010190120468385976
14969,0.00010866807567262348
14970,0.00020103810972028725
14971,0.00015999306838859357
14972,0.00012591181867829048
14973,7.054881615552625e-05
14974,9.264455838296517e-05
14975,9.140100750106986e-05
14976,0.0001524999516329427
14977,0.00026273446283322084
14978,9.391564706329574e-05
14979,6.820483822847514e-05
14980,9.984198685275935e-05
14981,4.8720961526099844e-05
14982,9.695142952327208e-05
14983,9.166725290492958e-05
14984,0.00015057322339062662
14985,0.00020797369293904482
14986,0.00012883696243127607
14987,0.00012359135959033116
14988,3.589946585157525e-05
14989,0.00012647232170618681
14990,8.937954076564034e-05
14991,0.00017909801613703752
14992,5.4470243285379654e-05
14993,4.2197728414667596e-05
14994,6.033107139543737e-05
14995,0.00016272822813045187
14996,2.851416013466673e-05
14997,0.00013421425401119016
14998,0.00014463217013152652
14999,0.00028344446028837766
15000,0.0001678464748739291
15001,9.365934493124725e-05
15002,0.0002408810324206311
15003,0.0001547046414551687
15004,9.271546740808836e-05
15005,0.0001222670974274911
15006,0.00015263311735327906
15007,6.798890198721887e-05
15008,8.116168312963991e-05
15009,0.00017075498432634484
15010,7.636494480060811e-05
15011,0.00012244822854679368
15012,0.00010974474068301102
15013,0.0001588501449731135
15014,0.00014825743430189143
15015,6.113199664638071e-05
15016,4.63031804194533e-05
15017,4.27131143229289e-05
15018,0.00015301544427245636
15019,8.110875555304069e-05
15020,0.00010479768633634207
15021,0.0001544807421172485
15022,0.000261229166028716
15023,0.0001380790663805219
15024,3.787013940279282e-05
15025,5.795923164239257e-05
15026,9.784460567465299e-05
15027,0.00012193730739302802
15028,0.00010260917446789016
15029,9.231641651118874e-05
15030,0.00011263161111052677
15031,6.706344006461184e-05
15032,0.0001507878224650024
15033,0.00027829597028737726
15034,9.859383939827633e-05
15035,0.00012168727858881912
15036,0.00015455084286462276
15037,0.0001245394126531887
15038,0.00011406682985508649
15039,4.24718651297844e-05
15040,8.445836237525747e-05
15041,0.00013530830217512187
15042,0.00024059394092542941
15043,5.61830022488702e-05
15044,8.594185142297007e-05
15045,9.384320371230884e-05
15046,9.976743940266745e-05
15047,0.00010596401500170159
15048,0.00015070115105977286
15049,0.00010604709911235916
15050,0.00027735803845730213
15051,0.00010146863773663614
15052,0.0002085797029984647
15053,9.945160080140802e-05
15054,0.00012315046609872728
15055,7.316328506045722e-05
15056,2.8021331470354082e-05
15057,7.534632951159168e-05
15058,4.635241078235541e-05
15059,7.568890298640104e-05
15060,6.053347781165943e-05
15061,7.490097919808867e-05
15062,0.0001818889828781072
15063,7.048309328540656e-05
15064,0.00012520901904704108
15065,0.00021088048501008032
15066,5.848641924103094e-05
15067,6.691028843559202e-05
15068,8.413993676290043e-05
15069,0.00013074310596695172
15070,8.435998238869349e-05
15071,0.00032522438170561513
15072,4.813931495327831e-05
15073,3.493371293366304e-05
15074,8.451455962743043e-05
15075,8.707617626365948e-05
15076,0.0002956990469355262
15077,6.952180754874366e-05
15078,5.380848388705999e-05
15079,0.00010971034124341854
15080,0.00012901040846215306
15081,0.00014457700722927456
15082,0.00012935683814140533
15083,7.608461215327257e-05
15084,9.16148969239688e-05
15085,0.00016184008222624278
15086,0.00011075108204197975
15087,0.0002558855193739102
15088,9.879977424561556e-05
15089,0.00011167612461204015
15090,4.514128828224915e-05
15091,1.540138267560128e-05
15092,0.00010739611110741927
15093,0.00016956075372914298
15094,6.315706825343538e-05
15095,0.0002584524483952606
15096,7.077934094918255e-05
15097,9.957634463876553e-05
15098,0.000170767601079009
15099,8.636085119274845e-05
15100,0.00010548042265457192
15101,6.403334801172175e-05
15102,0.00016054417634110026
15103,8.162401734839295e-05
15104,0.00024861635159908996
15105,0.0001443091567752078
15106,0.00010011161884952675
15107,0.00014915051042062408
15108,0.00018190847420043008
15109,0.000154081047677231
15110,0.00016526899069872384
15111,4.8721777490063016e-05
15112,9.610539819920949e-05
15113,8.560587301024133e-05
15114,0.0001590692501126996
15115,0.00013205531661269446
15116,0.00014612479589480988
15117,7.729187908617655e-05
15118,7.643368413538413e-05
15119,7.599293854444512e-05
15120,0.0005312636211935685
15121,8.198348366298412e-05
15122,8.806507962358792e-05
15123,7.557061913073555e-05
15124,7.032768536119528e-05
15125,7.860041699779655e-05
15126,7.212523370837556e-05
15127,0.00025877624142644985
15128,5.4921464787471976e-05
15129,6.924523745472376e-05
15130,0.00011572046181535661
15131,0.00012069603280578757
15132,0.00023803823736262807
15133,0.00011094154599872005
15134,0.00010903644984591489
15135,0.0001191640472567639
15136,7.012128252957333e-05
15137,0.00012777229124336152
15138,0.00022177985382294983
15139,7.113451264361415e-05
15140,0.00014311532305564484
15141,0.00010268806573142228
15142,9.164956273388105e-05
15143,0.0001644368312748964
15144,0.00011093760128270692
15145,0.00012057914283836445
15146,0.00011257353323131202
15147,0.00013557747009629168
15148,0.00013095157544836894
15149,0.000181324461796774
15150,7.221408398662776e-05
15151,9.328244254503453e-05
15152,0.00018885912935228595
15153,0.00016318908420405977
15154,0.0001286426356913393
15155,0.00023637688854454429
15156,0.00021274838384335027
15157,0.0002150670610840174
15158,0.00012977186540976212
15159,9.498439111160545e-05
15160,0.0001323097072625158
15161,0.0002014332501308173
15162,0.0003202643256931161
15163,0.00011820535322382341
15164,4.75983347935692e-05
15165,0.00014005583184021516
15166,0.00018320334531311269
15167,2.151531610803177e-05
15168,4.496106302753995e-05
15169,0.00013622071232191862
15170,8.132769841106989e-05
15171,0.0001632758768100769
15172,2.5062231686462243e-05
15173,0.00010781932511251909
15174,7.239411993672991e-05
15175,0.0002954511511832068
15176,0.00011712486011102147
15177,0.00011530372453075235
15178,0.00014849678495224556
15179,0.00013752295748347508
15180,0.00018700375771166862
15181,0.00015855323199352598
15182,8.823341661727028e-05
15183,7.57068452720892e-05
15184,0.00010495506620083079
15185,8.832198000414086e-05
15186,0.00018003423885577615
15187,2.7232521151113485e-05
15188,3.4768016906879207e-05
15189,0.00013709157954364977
15190,5.02008919665341e-05
15191,6.736581890580766e-05
15192,0.00015691150419632749
15193,0.00011714003484092815
15194,0.0001948963516331823
15195,6.705615829415672e-05
15196,0.00010334661976726524
15197,0.0003465858369435479
15198,8.573123081892042e-05
15199,9.996193124901502e-05
15200,7.630994168360772e-05
15201,0.00011984241146342585
15202,8.176502544863215e-05
15203,8.438232575737934e-05
15204,9.674466844372329e-05
15205,8.238610322695305e-05
15206,0.00014656396638914817
15207,3.805369596391777e-05
15208,9.44703785875859e-05
15209,0.00018744022702116015
15210,8.22134446737834e-05
15211,0.00013626444806836844
15212,0.00016297084812849394
15213,6.774668645089218e-05
15214,0.00012153195334512654
15215,9.485227499995069e-05
15216,0.00010724071951845985
15217,0.00010129213049280785
15218,0.00016611891292330985
15219,0.00017022913866433402
15220,5.3732607531632e-05
15221,0.00011364217994474729
15222,0.00031012053585035643
15223,7.770319016486619e-05
15224,0.00020063253187915082
15225,0.00013398984651142817
15226,5.4605297593041535e-05
15227,6.21317661961695e-05
15228,0.00013237410632570523
15229,0.00012444486548313506
15230,6.31783529825446e-05
15231,0.00015376366230096473
15232,8.463119488772389e-05
15233,8.0844825206736e-05
15234,2.8700330787475102e-05
15235,0.00017249835164344216
15236,8.352746437027543e-05
15237,0.00020213669804949023
15238,0.00022991280116039625
15239,0.0002691477477334475
15240,8.938332593485226e-05
15241,7.44048176784194e-05
15242,0.00012745348315619715
15243,0.00011159526568987892
15244,0.00014479452866516298
15245,9.257274665334644e-05
15246,0.00014457225266372258
15247,0.0001853734291648931
15248,6.928229271250664e-05
15249,5.732060247601722e-05
15250,0.00014121220189293766
15251,0.00013102762651347216
15252,9.31208790887195e-05
15253,6.929517624791201e-05
15254,3.960272934267327e-05
15255,6.138412007210484e-05
15256,8.483821599035585e-05
15257,0.00020085184027186838
15258,0.0001538654920487999
15259,2.5279653597248846e-05
15260,0.00017161098963065313
15261,0.000278401538944053
15262,0.00013416170471235506
15263,0.0001553737154533583
15264,0.00015161848926124554
15265,3.476222051812626e-05
15266,0.00022565545014383703
15267,5.634823496372275e-05
15268,7.499481009544853e-05
15269,5.8043776644622663e-05
15270,0.0001200679310412039
15271,0.00016817872696273483
15272,0.0001118192884271237
15273,8.782194753585104e-05
15274,0.00011338646476707215
15275,4.820252969150207e-05
15276,0.00016851306457300042
15277,0.00011734388464740795
15278,0.00011219355626290626
15279,0.00010719109506655844
15280,0.00018960454282444504
15281,6.86534407397024e-05
15282,0.0001458206152474162
15283,6.44565957785781e-05
15284,0.00010551639546459277
15285,0.00013838330279462898
15286,8.694113058488594e-05
15287,0.0001323043268058342
15288,7.565709365327201e-05
15289,0.00029921796480081927
15290,0.0001834089610859263
15291,0.00010389501947746353
15292,5.956965932610884e-05
15293,0.00010418565682367365
15294,6.575671443944886e-05
15295,2.4289195739850012e-05
15296,4.063781095779649e-05
15297,6.528189889712229e-05
15298,0.00047796385084247696
15299,0.00016728084915105908
15300,0.00010305450505540432
15301,8.814216658553642e-05
15302,7.304309048852155e-05
15303,5.183579015241988e-05
15304,9.026766651529893e-05
15305,5.076372424781186e-05
15306,5.744255701843833e-05
15307,5.5559406401601134e-05
15308,0.00015887088828729992
15309,9.728812773252975e-05
15310,0.00015134022212662598
15311,0.0002356864059198992
15312,0.0003986114918146702
15313,0.00015375351870840914
15314,7.534935135872228e-05
15315,8.850771747378892e-05
15316,5.957347620156889e-05
15317,9.609781541818989e-05
15318,4.5970444718005696e-05
15319,0.00010026548291913422
15320,8.429447967876619e-05
15321,0.0001114036044119459
15322,0.00016870377420703735
15323,6.719087053113241e-05
15324,4.3141484637275026e-05
15325,0.00010661702745368018
15326,0.00011566385410595883
15327,8.629155475614375e-05
15328,0.00019227831541403543
15329,0.00010332519190836796
15330,0.0002061925426700316
15331,9.734472269018829e-05
15332,0.00012607605658853865
15333,0.0001673335190993941
15334,0.00010971500430159356
15335,0.00010485543170991541
15336,6.615937637952506e-05
15337,0.00016212391061720896
15338,9.111998795987543e-05
15339,7.8150065403687e-05
15340,9.559514937831532e-05
15341,5.407902551584858e-05
15342,3.0049852889174077e-05
15343,0.0001800179321403769
15344,2.950221163888296e-05
15345,9.32511459059351e-05
15346,8.824173276887158e-05
15347,0.0001176548156482042
15348,0.00020576729040411458
15349,9.962155446502572e-05
15350,8.104370123243368e-05
15351,2.4064015654046746e-05
15352,0.000152007785647892
15353,0.00019476377491867473
15354,7.793804750587133e-05
15355,9.386454697167815e-05
15356,0.00010486677808922097
15357,7.33625438809559e-05
15358,7.547766733812108e-05
15359,3.804214081043298e-05
15360,0.0002062516700310868
15361,5.386889477706174e-05
15362,0.0002433175386577064
15363,0.0001526089654023442
15364,7.364313192479684e-05
15365,5.9661771076603816e-05
15366,0.00011204597527480243
15367,5.4806150636459e-05
15368,7.603258654218308e-05
15369,4.455174078688874e-05
15370,0.00013959408885591069
15371,0.000218928954634031
15372,7.99598438810049e-05
15373,1.4706946481992593e-05
15374,0.00019205070761870062
15375,7.378070517630612e-05
15376,0.0001535092439555592
15377,9.409529214341661e-05
15378,0.00016216592407001932
15379,7.915422438516389e-05
15380,0.00014315771921956722
15381,5.1236610587881696e-05
15382,0.00012497127668714597
15383,6.564880900460142e-05
15384,8.822020045677669e-05
15385,6.920517649496311e-05
15386,0.00010816912570028509
15387,0.00010309925915356983
15388,8.067106479139969e-05
15389,3.80647530911094e-05
15390,0.00010847503515769737
15391,0.00027677900044402687
15392,3.427891579303662e-05
15393,4.951610654602267e-05
15394,0.00011925838744829148
15395,7.419160746776112e-05
15396,8.195826254393318e-05
15397,0.00025033027820729384
15398,0.00015401547629133802
15399,7.802140429731533e-05
15400,9.981390368757922e-05
15401,4.059694383226156e-05
15402,0.00010546076292902898
15403,9.772686133651376e-05
15404,9.106755877285764e-05
15405,0.00011400475528167168
15406,0.00018951891779241077
15407,0.00012773491997034042
15408,8.805661081334203e-05
15409,0.0001655252105394205
15410,0.00018784650412270612
15411,0.00020069095194927012
15412,7.27257794256926e-05
15413,8.325801649231197e-05
15414,0.00010209415351974233
15415,0.0001119877035832806
15416,0.00020633655088932664
15417,6.153584488698244e-05
15418,0.0001876096259341733
15419,0.0001100518442659769
15420,6.7058005283021e-05
15421,8.241032943553246e-05
15422,0.00011476460507516784
15423,8.130904860295627e-05
15424,7.644238238512574e-05
15425,8.324565562340242e-05
15426,8.889247241155519e-05
15427,0.00010563387603985266
15428,6.245198654699251e-05
15429,1.5974182572644113e-05
15430,9.343682238285077e-05
15431,0.00015906156199812566
15432,0.00024249555031281755
15433,5.9656042233501255e-05
15434,0.0001290376794000784
15435,8.307651892455899e-05
15436,0.00018154114228021207
15437,0.00014287431351756188
15438,7.651833827963056e-05
15439,3.509346008556677e-05
15440,4.063395756726198e-05
15441,5.9418717957440637e-05
15442,0.00015915186734282246
15443,0.0001279723772453982
15444,0.00011872145090318446
15445,5.3139334820985865e-05
15446,0.00013773105022626478
15447,8.96650059864884e-05
15448,4.4088780121115976e-05
15449,7.218919377913735e-05
15450,8.991132702088159e-05
15451,7.115994711598452e-05
15452,8.825411745252272e-05
15453,4.194945052640595e-05
15454,0.0005003332562628966
15455,0.00012659212395413206
15456,2.178494333733373e-05
15457,5.6349675337403416e-05
15458,0.00010760654016992573
15459,0.00013004715148023233
15460,0.00011919282453350784
15461,9.483015685917834e-05
15462,0.00017809336812176874
15463,0.00010221908198795705
15464,0.0001302122400713901
15465,0.0002454063903817635
15466,4.5781395571541534e-05
15467,5.2015674599998105e-05
15468,0.00015330031673022247
15469,0.00012973652260307977
15470,0.000127487121735619
15471,4.656009002637226e-05
15472,0.0001631602642949625
15473,0.00014487653680630871
15474,7.713545872768592e-05
15475,7.612254143954928e-05
15476,7.018195149324693e-05
15477,2.3178705623642447e-05
15478,0.00012553493993159106
15479,0.00013940304855663787
15480,0.00012629021886716567
15481,8.634485176224614e-05
15482,0.00012186844459941237
15483,0.00020088572027231717
15484,0.00010542434761240196
15485,9.121964396889112e-05
15486,2.7025413895547243e-05
15487,0.000113437808377088
15488,0.00010028849302272758
15489,6.265762413436383e-05
15490,8.695363051441157e-05
15491,0.00018880250611894402
15492,6.096213389860628e-05
15493,0.0001085903637520412
15494,9.681345205661258e-05
15495,0.0002448399710130821
15496,0.00024485491193227077
15497,0.00019485123036985203
15498,0.0001394384980414224
15499,9.66928091865927e-05
15500,5.301952831301557e-05
15501,6.82944490652386e-05
15502,0.00019057278119999715
15503,7.377696511750361e-05
15504,6.985174241117119e-05
15505,0.0001493130822001701
15506,0.0001390819626819822
15507,6.917182694482623e-05
15508,0.00012715421541812652
15509,0.0002731463208407231
15510,0.0001695777312743939
15511,0.00013482626160616303
15512,0.00011240420491029356
15513,8.713627081962329e-05
15514,0.00016131341038374406
15515,0.00015275712083631947
15516,6.957902665513148e-05
15517,0.0001478969869019604
15518,3.9636969870235276e-05
15519,0.00010916660377210927
15520,0.00014847234061137246
15521,0.0001314348350104798
15522,7.554804866734888e-05
15523,0.0001116851361114884
15524,0.0001159890923419917
15525,0.00041559042767060723
15526,7.578530209750839e-05
15527,4.7358203389217235e-05
15528,8.272964963155515e-05
15529,0.00012039223674526395
15530,0.0002344627294444887
15531,6.278990431615948e-05
15532,0.00013220908344658698
15533,0.00011637507858814536
15534,0.00012398096456141307
15535,0.00015368341913478197
15536,0.0003619382652061892
15537,2.53654145507405e-05
15538,0.00016019889823080266
15539,4.857005332023965e-05
15540,0.0002496337219992011
15541,0.0003240194962820996
15542,5.396479422374912e-05
15543,0.00026778248444580286
15544,0.00021341732670311306
15545,0.00015377142803517474
15546,0.0001601889189056494
15547,0.00010725875865509729
15548,9.270523188708667e-05
15549,0.00012456359376692482
15550,8.724231808192444e-05
15551,0.0001259792430366067
15552,0.00011139560769529158
15553,0.00017881037160076755
15554,0.00024271744893705616
15555,0.00020674239170151697
15556,0.00011083453584194612
15557,0.00028260778633661153
15558,0.00014900221934088375
15559,0.00014268566667927126
15560,0.00016064265203149811
15561,8.006402499991189e-05
15562,8.329355498334891e-05
15563,0.00010184030017528303
15564,0.00012609485975708106
15565,9.346632324481412e-05
15566,0.00010181286463911285
15567,6.360312837178624e-05
15568,0.0001414208254785836
15569,0.00013173456467613088
15570,8.335764887287917e-05
15571,8.304608628190761e-05
15572,0.00013195519025574175
15573,4.411037595383656e-05
15574,0.0004114182824196918
15575,0.00021605947197683896
15576,6.01574414144115e-05
15577,0.00012112701276575027
15578,0.0001171136287815103
15579,3.742444246081751e-05
15580,0.00015660199967773648
15581,0.00015839995426910152
15582,5.8919338510984945e-05
15583,9.005461536838854e-05
15584,0.00012395021876746275
15585,8.060005645579324e-05
15586,4.6620988730657885e-05
15587,8.844565410241906e-05
15588,0.00023988027086975153
15589,6.683847206523571e-05
15590,0.00020318996147349275
15591,6.563010763837244e-05
15592,6.11667281689668e-05
15593,0.00018624809702488403
15594,0.00010878460182435175
15595,0.0001637752975271769
15596,0.00016384219898083824
15597,4.285860880365496e-05
15598,9.066197838615697e-05
15599,0.00012716289509507697
15600,0.0001605474812714614
15601,6.352370773821548e-05
15602,5.768657615194742e-05
15603,0.00015237686934675687
15604,0.00010757555330535875
15605,9.072452513619249e-05
15606,0.0002615673897070573
15607,7.941575979234008e-05
15608,7.221175341009091e-05
15609,0.00017555651983792615
15610,0.00013255103565624465
15611,0.00013562587223803327
15612,0.00034973546513514866
15613,0.0001260032693933181
15614,0.00011081343810405345
15615,0.0002805728404943405
15616,0.00011062636153455184
15617,0.00011114072558622294
15618,0.00021831235898251195
15619,0.00012241988924753603
15620,7.65094533346589e-05
15621,0.0001469730325499984
15622,8.230424778079321e-05
15623,8.716725723652096e-05
15624,7.384062990093194e-05
15625,4.497706369833712e-05
15626,0.00020144229452590966
15627,0.00010514040879995136
15628,9.192253926067552e-05
15629,4.179879557392068e-05
15630,0.0001950627410712824
15631,0.0001369550711620702
15632,5.4931541951084006e-05
15633,7.45946053252292e-05
15634,0.0001394242468224109
15635,8.445180440520599e-05
15636,0.00013293631156556735
15637,0.0001652715272834058
15638,0.00011128644585520423
15639,0.00015581874304118672
15640,0.00019446832688584993
15641,5.319581772894879e-05
15642,0.00018249036552826127
15643,0.0001900464068403667
15644,7.969059141952035e-05
15645,0.00012084650780964203
15646,8.241640641499606e-05
15647,0.00014599104806282522
15648,1.436670722680955e-05
15649,0.00019604980251466275
15650,8.345085804671993e-05
15651,0.0001023811705502452
15652,0.0001314122332137315
15653,0.00012034200582057847
15654,0.00013002184762125592
15655,8.050784528553885e-05
15656,3.077589340163758e-05
15657,0.00017484468308571148
15658,0.00020665116855671483
15659,0.00014749272515967617
15660,4.935091443316597e-05
15661,2.4364650042100564e-05
15662,6.335806665664505e-05
15663,6.649677322286473e-05
15664,4.0437132931765624e-05
15665,0.0001542291468121066
15666,7.934004193690399e-05
15667,9.205980854556386e-05
15668,0.00013327697715233457
15669,0.00014107832890950664
15670,6.78555904644873e-05
15671,7.71256275970263e-05
15672,0.00017419714159134646
15673,0.0001555390976162434
15674,4.766684978113244e-05
15675,7.829044389292589e-05
15676,0.00011403504190311638
15677,6.915687279397678e-05
15678,0.00014866459206560733
15679,8.885787662765853e-05
15680,3.221353461989634e-05
15681,0.00011748247010146403
15682,0.00011967451700929497
15683,0.00010582458673872168
15684,6.834377419733571e-05
15685,4.89882534902962e-05
15686,2.0089432378852093e-05
15687,9.023302529940882e-05
15688,3.564616966019474e-05
15689,7.68001895383935e-05
15690,6.0927210507771446e-05
15691,4.2090338227855e-05
15692,0.00032749075382630275
15693,9.702535520979779e-05
15694,0.00010475086018223303
15695,0.0001434134009342266
15696,4.8735469650920205e-05
15697,0.00013910499099730605
15698,0.00024979324285923326
15699,0.00017958113459098004
15700,5.317956718153616e-05
15701,0.00023643194693832417
15702,6.171580775582631e-05
15703,7.546989058483937e-05
15704,3.6925416841053865e-05
15705,9.717078178850063e-05
15706,0.0001363273574345637
15707,0.00010190212553714391
15708,5.7381361295071455e-05
15709,8.941265491219882e-05
15710,6.968057507389257e-05
15711,8.256061538650983e-05
15712,8.78827372082968e-05
15713,0.0001580755470443884
15714,0.00016588079052208055
15715,6.582782425836617e-05
15716,6.0103449294328315e-05
15717,6.862441122905152e-05
15718,9.330266103846393e-05
15719,9.779178415464039e-05
15720,0.00019844071056633486
15721,0.0001419002581286696
15722,0.0001268344655948371
15723,7.015929417609692e-05
15724,0.00015061185606491967
15725,0.0001339406669125004
15726,8.446834418248113e-05
15727,6.587092879854632e-05
15728,0.00015757765877985448
15729,0.00021044499545565623
15730,6.859830401839941e-05
15731,0.0001980642349878893
15732,0.00032016198663861484
15733,6.886232272619826e-05
15734,5.7263745565250756e-05
15735,6.746059208557933e-05
15736,3.071766308414378e-05
15737,9.879254870085046e-05
15738,0.00013435644880881956
15739,0.00018320080689550317
15740,0.00021407173892871778
15741,6.774166449873296e-05
15742,6.432950258679614e-05
15743,0.00019435375325221942
15744,7.524318574688516e-05
15745,8.562860606754572e-05
15746,0.0001534892959588856
15747,0.00011328211198964456
15748,6.552363322085112e-05
15749,0.00012794972688550814
15750,0.0002596572681089957
15751,0.0001254146898672311
15752,7.609803671187455e-05
15753,0.00012260822773435139
15754,0.0001852107816050079
15755,0.00012509367502101844
15756,0.0001695466615433299
15757,9.097609591812439e-05
15758,0.00020491053230089421
15759,0.00012038095638902168
15760,6.538561338767278e-05
15761,9.106059373565984e-05
15762,0.0001031474528566831
15763,0.00011678069527053456
15764,0.00026621485810724994
15765,7.646618350651223e-05
15766,4.747097481611249e-05
15767,0.00016454267045530865
15768,3.8576434504202506e-05
15769,6.1542127200026e-05
15770,4.5214023336268564e-05
15771,3.743874559836328e-05
15772,0.0001030988441793865
15773,1.8140794098768085e-05
15774,0.0001001367676426023
15775,6.947963763019728e-05
15776,7.269121572478026e-05
15777,9.66955935880693e-05
15778,0.00016735703049835837
15779,7.556998992787465e-05
15780,6.224062106046769e-05
15781,3.798387613663817e-05
15782,0.00014453162105885415
15783,8.783264767123061e-05
15784,0.00016191285411739457
15785,0.00013716412076645072
15786,6.345670927722823e-05
15787,0.00017542689735111815
15788,5.7337700598078185e-05
15789,0.0001437436198926657
15790,9.352634475043934e-05
15791,5.83772421126403e-05
15792,7.648900514586624e-05
15793,9.615588407852045e-05
15794,7.158910710029185e-05
15795,4.032872871514237e-05
15796,0.00024714280050757353
15797,6.150020231796162e-05
15798,0.00011972354022054945
15799,6.926905001095476e-05
15800,0.0002548051735696425
15801,5.88805476335173e-05
15802,0.00019944831135679223
15803,5.853801197953185e-05
15804,6.372728332368437e-05
15805,0.00013880908040059077
15806,0.00025265897999427096
15807,0.00010464060427622933
15808,6.468199660997266e-05
15809,0.0003844199628285783
15810,0.00018568973429818796
15811,9.89340597285319e-05
15812,0.0002843891269804951
15813,0.0003074756120695075
15814,2.523665201397684e-05
15815,5.604451009567456e-05
15816,6.761723185404233e-05
15817,3.4064263417257236e-05
15818,5.183433125868958e-05
15819,7.471350515349387e-05
15820,8.68762179909417e-05
15821,6.168521626426281e-05
15822,0.00012077132406968543
15823,9.55334408187648e-05
15824,0.00010531802324283986
15825,0.00010450092540139618
15826,0.0001270222673942075
15827,0.00010208948512548074
15828,0.00013366200388901958
15829,0.00012873188591274766
15830,8.761316509104144e-05
15831,8.931433542224138e-05
15832,6.724707548468005e-05
15833,0.00015986152581564625
15834,0.0002455256191746725
15835,0.00012064525528606046
15836,7.020578241780204e-05
15837,0.0001393243490703569
15838,7.761762097995688e-05
15839,0.00015470387765961053
15840,5.144234324473683e-05
15841,0.00012522071303199017
15842,0.00018244385925450976
15843,0.00016913352194118975
15844,0.00010921580190045602
15845,0.00017721688391775817
15846,0.00015237700300049065
15847,0.00020900871965252093
15848,9.313774696476383e-05
15849,6.379204900605867e-05
15850,8.730629147362493e-05
15851,2.84705149142733e-05
15852,6.463925420766462e-05
15853,0.00010539879456402831
15854,0.00012189027396002716
15855,8.128241901703899e-05
15856,7.140143399475203e-05
15857,8.786397040940306e-05
15858,0.00014457645834774457
15859,0.00013532944354087984
15860,7.998294414302057e-05
15861,0.00012933673348920066
15862,0.00014746988204428424
15863,4.1185041307971834e-05
15864,3.137241963898588e-05
15865,3.441664013853847e-05
15866,5.6229232840034566e-05
15867,0.00015119889662304763
15868,9.726889250772942e-05
15869,6.155205148367137e-05
15870,0.00013694247555827535
15871,0.000284993114712203
15872,6.680168081757902e-05
15873,0.0002153870375826831
15874,7.447976986238618e-05
15875,0.0001026401935689649
15876,7.871822304049983e-05
15877,0.0001955026354955151
15878,0.00023282687394829334
15879,0.00022997316104507646
15880,0.00021420060254498453
15881,4.627965594649985e-05
15882,0.00013931710084400382
15883,7.852628386761885e-05
15884,0.00017567452481326095
15885,7.598196243084063e-05
15886,0.00010674578685039241
15887,0.0001477601879699567
15888,0.00015246600516798374
15889,6.60676698217478e-05
15890,0.00014776104834087012
15891,0.00011456518083224103
15892,8.55064262952248e-05
15893,9.145202502989696e-05
15894,5.473632317484848e-05
15895,0.0001251860150478728
15896,0.00019404298244629376
15897,3.97989860079467e-05
15898,0.00015165625689818056
15899,0.00011597672622750362
15900,6.809406588126194e-05
15901,0.00010204461963786546
15902,9.37826566600001e-05
15903,8.39358495591202e-05
15904,0.00011566464935740258
15905,0.00014316806743906003
15906,6.778931049268079e-05
15907,0.00014919849066960647
15908,0.0002043342519348929
15909,0.00014365005087642988
15910,0.0001550109057903728
15911,3.2272941082514256e-05
15912,0.0002134464713629568
15913,0.00011082652885549397
15914,0.0001759501536240212
15915,8.1271071319375e-05
15916,5.600844041270477e-05
15917,6.344041107314162e-05
15918,0.00021700301585249684
15919,0.0001503539482090161
15920,7.280183040734245e-05
15921,2.8136855121813612e-05
15922,0.00011756062185201352
15923,5.909750684157351e-05
15924,0.00018917122891361633
15925,4.271930212510548e-05
15926,0.00025046457526884443
15927,0.00023242443138582654
15928,0.00023880245874407247
15929,0.0001292164665340712
15930,0.00020510813548912363
15931,0.00015807811360001202
15932,0.00018523465982814952
15933,7.28720407902471e-05
15934,0.00014457376686081714
15935,0.00017556477343951126
15936,8.976581852978465e-05
15937,7.877595474401912e-05
15938,0.00023093075013192694
15939,0.0001041694076765462
15940,0.00012243214622715745
15941,0.00010661780448344371
15942,0.00015757425084138014
15943,0.00024533670049042665
15944,8.818490686440621e-05
15945,0.00012806506926711495
15946,0.00021868278704318712
15947,0.00013518100156133847
15948,0.00012321656102679262
15949,0.00021177616144815888
15950,0.00020686176906152683
15951,5.73057704179486e-05
15952,0.00010650987070952495
15953,0.0001010393960807661
15954,7.625424922034588e-05
15955,0.00017777410340289503
15956,0.00024949063827727484
15957,9.4902668094113e-05
15958,0.00012339210471727557
15959,0.00010693509364673382
15960,0.00014957289866718887
15961,0.00010641892716668019
15962,7.574474602126825e-05
15963,0.00010270608631984902
15964,0.00011213083689372332
15965,0.00017419801775669602
15966,0.0001293672514710849
15967,7.449963691131776e-05
15968,9.288053341230642e-05
15969,8.61264350595856e-05
15970,9.14662833923742e-05
15971,4.198677803094533e-05
15972,6.1027162134657524e-05
15973,5.077746414609315e-05
15974,6.166653498865516e-05
15975,3.003580544486438e-05
15976,7.522980704834935e-05
15977,4.240089922906748e-05
15978,0.0003298897936774452
15979,1.3512202320846712e-05
15980,8.209343629769252e-05
15981,0.00012040794342352217
15982,0.00013669682123766574
15983,3.4229684998833955e-05
15984,7.998209130497727e-05
15985,0.0001274592966632
15986,9.502170360926273e-05
15987,0.00017276402233768506
15988,0.00027203062049682193
15989,0.00016093162827728624
15990,0.00013580437083832527
15991,0.00012444061166672253
15992,6.348097377830275e-05
15993,0.00010399919582971412
15994,0.00014533469632252194
15995,4.229720681321403e-05
15996,0.0001316160121809542
15997,0.000551717102147025
15998,6.967849677318612e-05
15999,0.00010623397405740536
16000,4.4593925917835376e-05
16001,9.079469948934706e-05
16002,9.90443078139275e-05
16003,0.0002038810935426321
16004,0.000141251061941506
16005,0.0002292632394262656
16006,7.899087297481701e-05
16007,8.455854463938837e-05
16008,8.137743211300779e-05
16009,2.154873366935045e-05
16010,0.0001560571954093919
16011,0.0001350940590383478
16012,3.1316097864342054e-05
16013,0.00017690970729805882
16014,0.0001792587351152094
16015,9.80525715844551e-05
16016,0.00013493203311216117
16017,4.780657685445903e-05
16018,0.00015500313292214702
16019,0.00022208449309216492
16020,0.0001435429777785049
16021,0.00011635966106028861
16022,4.773737824004893e-05
16023,0.00012543888226549115
16024,0.0002517740004613524
16025,0.00020029786578021854
16026,0.00012760924133425433
16027,0.0001932481954276654
16028,0.0001235472508370374
16029,7.194781776020628e-05
16030,0.00020993649028071764
16031,0.00021922578717856818
16032,7.01991381264587e-05
16033,6.699899933323953e-05
16034,4.366001108273908e-05
16035,0.0001375214297832236
16036,7.56227272389129e-05
16037,0.00010403116524865109
16038,0.00014088548841812993
16039,0.00014775523937730865
16040,0.00011514160946249519
16041,5.8432842800537156e-05
16042,0.00010939973174832217
16043,0.00015397441854290042
16044,8.415195613277295e-05
16045,8.644749370335736e-05
16046,0.00013257732082677396
16047,0.00014873645306173264
16048,0.00026198172400775343
16049,0.0001640030416381857
16050,3.3530075719400096e-05
16051,0.00014001862490363985
16052,0.00012200800557006912
16053,0.000158495401604756
16054,0.00018882864918816814
16055,4.618862251381515e-05
16056,5.270121521313274e-05
16057,5.816511520871012e-05
16058,3.8525300311949924e-05
16059,5.470814819373385e-05
16060,0.0001711168661113896
16061,8.863484778238026e-05
16062,6.897582942588889e-05
16063,0.00013649476968328588
16064,8.14852889638033e-05
16065,8.822274234310285e-05
16066,0.0001113134569739525
16067,6.721797387645176e-05
16068,0.00011491024573714656
16069,0.00022653771929866795
16070,6.762353653606863e-05
16071,5.295557512006432e-05
16072,6.267331813298194e-05
16073,0.00016495476745967007
16074,0.00012041425502729284
16075,0.0001183743860551718
16076,0.00014924987211287292
16077,0.00018994549895930956
16078,6.4624255856632e-05
16079,0.0001010510442734665
16080,7.397639564404824e-05
16081,7.372790737198782e-05
16082,5.248036931237669e-05
16083,1.184823665461471e-05
16084,0.00019114605711966092
16085,8.302085141275715e-05
16086,0.00011818286970720265
16087,3.716161358944865e-05
16088,9.440578383879983e-05
16089,7.869906596586188e-05
16090,0.00010483355331110618
16091,7.028434354683877e-05
16092,0.00018997240586197093
16093,9.726074830746553e-05
16094,3.8357833192750795e-05
16095,3.087453716619528e-05
16096,0.00026086788086347165
16097,7.097436032582731e-05
16098,7.490894336558015e-05
16099,0.00019351207085643786
16100,0.00011745129735251937
16101,0.00016197968652508063
16102,5.457313840817373e-05
16103,0.00016787568155236262
16104,0.00013259630615627895
16105,0.00011410719683758904
16106,8.069758235016774e-05
16107,9.072937314878038e-05
16108,0.00010692406882804764
16109,8.638236197323355e-05
16110,6.62676759772853e-05
16111,0.00010870116127551851
16112,0.00015669600402653448
16113,5.741577538552948e-05
16114,9.219772413172465e-05
16115,0.000193800627388364
16116,1.0420189999141015e-05
16117,0.00010256734103857471
16118,0.00012526341777678303
16119,7.79875444928327e-05
16120,7.159256692647629e-05
16121,0.00013119064892802142
16122,5.5592221865756363e-05
16123,0.0002794563729390176
16124,6.682721927457596e-05
16125,0.00014259659513381575
16126,5.4184458082252884e-05
16127,0.000130833460014211
16128,8.264439352084368e-05
16129,9.914443433935863e-05
16130,0.00010543049408142023
16131,0.00017187475643410527
16132,8.330439353399445e-05
16133,2.8404213800057486e-05
16134,5.29437022317696e-05
16135,0.00020936761000995945
16136,0.00012544182043564358
16137,8.944388877273507e-05
16138,0.00020286218081581251
16139,9.955626705155221e-05
16140,4.627705742867687e-05
16141,0.00012317178921176654
16142,8.77754921364414e-05
16143,8.75631200468657e-05
16144,0.00014287836475007656
16145,0.0003543853296074896
16146,5.779077532169171e-05
16147,0.00011571760705821875
16148,4.928683455503303e-05
16149,5.6592657650365483e-05
16150,0.00018161107322015266
16151,4.65921797762151e-05
16152,0.00016087157618169964
16153,0.00018196541813093376
16154,8.052219150819363e-05
16155,3.188853852813671e-05
16156,0.00010162582174870691
16157,0.0002034545300282524
16158,0.00017674911687743283
16159,0.00017976654741769246
16160,0.00027148730391161836
16161,5.941318179934789e-05
16162,7.743743724552451e-05
16163,9.353625358999775e-05
16164,0.00019738043798920159
16165,0.00010354828837678874
16166,0.0001410331479011672
16167,0.00020716407196634138
16168,3.779454457803505e-05
16169,0.0001347784214142078
16170,0.0001340551836957075
16171,0.00014257563584922655
16172,0.0001306403560393409
16173,8.073365001062734e-05
16174,8.645428140560541e-05
16175,3.78245217571283e-05
16176,5.186193330951894e-05
16177,5.1016289212347295e-05
16178,0.0001201430164397224
16179,0.00013041622716492273
16180,3.5253212783962606e-05
16181,7.636042812840849e-05
16182,5.6478812824541856e-05
16183,4.7286767069238024e-05
16184,9.894967399559767e-05
16185,0.0001789494610165349
16186,0.0002650881939050766
16187,0.00025434186681319966
16188,6.240806968959896e-05
16189,5.5021822911842944e-05
16190,0.0001486946373633647
16191,0.0001021620803625551
16192,7.76663896640438e-05
16193,9.997530712237409e-05
16194,7.591197275636153e-05
16195,5.4581132128424336e-05
16196,0.00010841390366297349
16197,5.596064554341268e-05
16198,0.00011837447690322657
16199,0.00023265585759281606
16200,5.7804609539014854e-05
16201,7.723000139956053e-05
16202,0.00018718634591082838
16203,0.00011346820801000028
16204,0.00013136553403885414
16205,0.00012132421203457153
16206,2.9475962127561207e-05
16207,8.492104837041711e-05
16208,7.547492773492549e-05
16209,0.00011619670786909648
16210,0.00010445043817142874
16211,8.610321159287689e-05
16212,4.630892590305337e-05
16213,7.684962408930417e-05
16214,0.00010522228433191221
16215,7.8557476154885e-05
16216,0.00011531663593756382
16217,0.00012106366807569783
16218,3.47745132195367e-05
16219,5.9303049837209064e-05
16220,5.8577275552505725e-05
16221,9.799193171982937e-05
16222,6.191990333314655e-05
16223,7.56163979520446e-05
16224,0.00012079532646741503
16225,6.499346014755573e-05
16226,0.00016919271412940972
16227,0.000210230484374954
16228,7.673036573841375e-05
16229,5.247798639270638e-05
16230,7.638591638110943e-05
16231,8.086314939131672e-05
16232,0.0002242689076154536
16233,0.00010216290329828402
16234,0.00013470305642358872
16235,7.059778616197088e-05
16236,4.8253211615806645e-05
16237,0.00015863266229532041
16238,0.00021942304876843499
16239,0.00011474881715233906
16240,9.325360250395941e-05
16241,0.00019643899204616706
16242,0.00027833859504888906
16243,0.000314537832661929
16244,8.924881340435053e-05
16245,0.000146997001442974
16246,3.90949647060169e-05
16247,0.00010245541044078006
16248,4.9156735562871126e-05
16249,8.024763941842308e-05
16250,0.00013631648374211281
16251,0.00010951704830747994
16252,0.0001454122091118098
16253,9.7444852764653e-05
16254,0.00024103972772629068
16255,0.0004022488783902502
16256,9.610146010527808e-05
16257,0.00011919441088600446
16258,0.0001551468167934825
16259,0.0001029075677860152
16260,0.0001051328289769637
16261,0.000130392606507566
16262,0.00017539227568427382
16263,0.0001345257616142558
16264,0.00015062371919953178
16265,0.0001394595624164355
16266,0.00015099228446057147
16267,0.00019899651612797082
16268,0.0004386642862209787
16269,9.639406869997519e-05
16270,3.421114163226e-05
16271,9.199712844014474e-05
16272,0.0001345612307287935
16273,7.530933829666474e-05
16274,3.0179036023720062e-05
16275,0.00010856039401753838
16276,0.0001799896030908116
16277,0.00017139548399718575
16278,7.89508178899855e-05
16279,0.00010572310514084926
16280,8.890108098308255e-05
16281,0.00011076014247347864
16282,8.226275140025706e-05
16283,0.00012131534348235314
16284,9.796885150875171e-05
16285,5.311776794233205e-05
16286,0.00012350000261723132
16287,9.949788851590516e-05
16288,9.053617311314617e-05
16289,0.00011596621764028823
16290,8.58129944027462e-05
16291,7.219781470334743e-05
16292,0.00018687125379165278
16293,0.0002790637709173381
16294,7.628840367451879e-05
16295,4.767065857486686e-05
16296,0.00011222032410554911
16297,6.620787659288385e-05
16298,0.00024949376318253826
16299,0.0001138689540275695
16300,0.00024981287488766207
16301,0.00019394149272497296
16302,9.163581408186676e-05
16303,0.00010657747038615653
16304,5.508469184225551e-05
16305,8.83694395255886e-05
16306,0.00019704947114733645
16307,6.0526166459310965e-05
16308,3.292445297866244e-05
16309,0.00025624169552980046
16310,0.0002988199413604436
16311,0.00010929424375284626
16312,6.996647056745112e-05
16313,9.660669592281699e-05
16314,1.633294061039505e-05
16315,0.00012130187384031331
16316,0.00010707701099088021
16317,0.00019329511550995955
16318,4.666309606021386e-05
16319,8.331784215834394e-05
16320,0.00011590161758072667
16321,0.00010828656681791805
16322,0.00013970330480787713
16323,7.531950582241301e-05
16324,0.00011304483019414825
16325,0.00014337059627079316
16326,0.00010760029377347079
16327,8.538534022491799e-05
16328,0.00012283290228151179
16329,8.451818029854323e-05
16330,5.4326790992524573e-05
16331,0.00014681077468008935
16332,0.0001344693400627615
16333,0.00018753428845699556
16334,4.397189217758284e-05
16335,0.00010589639248121391
16336,5.0495821904248684e-05
16337,4.992075923266879e-05
16338,7.532459207647064e-05
16339,0.00012434085808220636
16340,9.190010600601062e-05
16341,4.472842968664973e-05
16342,8.06480767789087e-05
16343,5.7156978902034674e-05
16344,0.00015432136164323285
16345,0.00010807018913101554
16346,0.00017484725661253737
16347,0.00011559321037878128
16348,7.972779384335851e-05
16349,8.971672041248186e-05
16350,8.742504167157653e-05
16351,9.280598414592619e-05
16352,8.209090374633604e-05
16353,0.0003531381061494838
16354,8.832198187009652e-05
16355,6.810184333558659e-05
16356,0.00017819703360555207
16357,0.00021869762623977419
16358,0.00016687599003748752
16359,7.751001998750829e-05
16360,9.288174177688884e-05
16361,0.00016419547762317786
16362,6.795269941626491e-05
16363,0.00013933813328426855
16364,0.00019513685201620273
16365,4.1004654395905956e-05
16366,3.122956870957789e-05
16367,5.8324544361040056e-05
16368,0.0001616065012664828
16369,3.678971399961307e-05
16370,9.611173401091927e-05
16371,0.00011409070139971469
16372,0.00010567463148144818
16373,7.859406833499673e-05
16374,0.00023665529164099727
16375,4.095744622778349e-05
16376,0.0001296070777549686
16377,5.799768859793522e-05
16378,0.0002842356342752637
16379,9.168022579462794e-05
16380,3.6829124597995146e-05
16381,0.0001694705784355082
16382,0.000155205287052349
16383,0.00025709451158401184
16384,5.7367344353000175e-06
16385,6.082866459511322e-05
16386,0.0001854755564252482
16387,7.175479158042086e-05
16388,7.424741353703127e-05
16389,6.847235189772976e-05
16390,0.00016481987644425297
16391,9.74012996131622e-05
16392,9.326432272586734e-05
16393,7.857715092827139e-05
16394,0.00015062640522989012
16395,0.00012029207532001996
16396,4.602928842919297e-05
16397,9.41292527309545e-05
16398,5.8476086887311514e-05
16399,0.00021935962644471316
16400,0.0001328452501705873
16401,8.667815265626713e-05
16402,0.0001848441110902475
16403,0.00015366135254170078
16404,6.59873202772186e-05
16405,0.0002380615473059282
16406,0.00034764522023854094
16407,5.2289997188303536e-05
16408,0.00011104106524997431
16409,3.1818727703564805e-05
16410,9.454304447463298e-05
16411,0.00013992126484969346
16412,0.0001590021055106008
16413,4.644128399359081e-05
16414,4.5321743448364525e-05
16415,5.647096998907453e-05
16416,9.847851621419628e-05
16417,0.00011232014742759357
16418,0.0001448209349508392
16419,4.8625278252077984e-05
16420,0.00016156213334103054
16421,0.00014294903366086873
16422,9.807990811747076e-05
16423,4.52093302087525e-05
16424,9.03429431585763e-05
16425,0.0001455216778056233
16426,0.00011600902945869282
16427,0.0001414430518612313
16428,0.00010038557566043927
16429,0.00015992750643397744
16430,7.683026758348549e-05
16431,0.00014826440734924765
16432,9.793108927499928e-05
16433,0.00011132937316767808
16434,7.305740932087791e-05
16435,0.00014318540467871775
16436,0.00016128874798521803
16437,0.00011115768188658706
16438,0.0001612226195594456
16439,6.331212880667508e-05
16440,0.0001068296970031233
16441,7.918217182653633e-05
16442,0.00011508161370595155
16443,0.00015935450722486655
16444,8.570336821024153e-05
16445,9.156710895515492e-05
16446,9.87801063353608e-05
16447,8.42452918869341e-05
16448,0.00015248817256975427
16449,0.0001498696024454229
16450,5.58627531656183e-05
16451,0.00015764466396780407
16452,2.9627972169963698e-05
16453,3.168558627172056e-05
16454,0.00019685298241887145
16455,6.979439732964196e-05
16456,0.0003169520637427534
16457,9.006002544422053e-05
16458,0.0003342806572927576
16459,6.187071569845085e-05
16460,8.802838772660731e-05
16461,0.00012079747702774801
16462,4.864839754646645e-05
16463,5.083582311228977e-05
16464,0.00014254015195461637
16465,4.970075444176842e-05
16466,7.429167604798521e-05
16467,0.00020745655238650594
16468,4.7368647689735854e-05
16469,7.523488686412705e-05
16470,5.624949669879908e-05
16471,0.00010715266043414247
16472,0.0002007370223506029
16473,0.00014777894111009794
16474,4.1988797583101715e-05
16475,0.00012140117536466575
16476,5.6408473732711465e-05
16477,3.0068183200188124e-05
16478,7.296649637537302e-05
16479,8.271936797889493e-05
16480,7.577322493624047e-05
16481,7.817546800345185e-05
16482,0.00016763367098846147
16483,9.074921286272392e-05
16484,0.0001716617705932411
16485,9.602252632304592e-05
16486,4.2221340079790244e-05
16487,4.6537089939378406e-05
16488,6.482463960022142e-05
16489,0.0002692365776108135
16490,0.0001767738349747129
16491,0.00012214522935072877
16492,0.00017328336301180826
16493,4.040524980739943e-05
16494,6.0662881828721626e-05
16495,2.7236717035163834e-05
16496,0.00013008987721630356
16497,0.00015244350412261555
16498,0.00013393227017517465
16499,0.0002110664790527
16500,8.821132592159344e-05
16501,0.0001549621708990417
16502,0.00016437315649622287
16503,0.00017221226052568562
16504,8.105185182564006e-05
16505,0.00011446742592436282
16506,9.372365811215369e-05
16507,0.00017281863640292478
16508,6.752222903656259e-05
16509,9.527795363249681e-05
16510,0.00034453453968684466
16511,5.8100739577161655e-05
16512,0.0001074823557190412
16513,8.292874540205692e-05
16514,3.683511892292212e-05
16515,5.005560996111835e-05
16516,0.0001383233777616914
16517,8.870606510138584e-05
16518,5.492124677152866e-05
16519,0.0001560319341684725
16520,0.0001294571508853092
16521,5.591396341565142e-05
16522,0.0001254533262943129
16523,0.0001878800100557272
16524,0.00013171864388866568
16525,8.782010762239549e-05
16526,9.232641073617976e-05
16527,0.00012589108887223256
16528,0.00024206028189411094
16529,6.11972786610491e-05
16530,0.00030491317917948887
16531,6.2433311712734e-05
16532,0.00011444053631722771
16533,5.594748758238227e-05
16534,0.00014635508546643886
16535,8.90710457073753e-05
16536,9.705664306653562e-05
16537,8.574523368177423e-05
16538,8.826250450670336e-05
16539,0.00015189236637955312
16540,2.8455466054668403e-05
16541,0.00011364796059260835
16542,0.00010689104793767154
16543,5.897448486110608e-05
16544,9.28482176319881e-05
16545,0.0001674591595197886
16546,0.00010733417699433805
16547,0.00015723597799289618
16548,0.00017277063608617593
16549,5.808894820801673e-05
16550,3.826823326383538e-05
16551,0.0001123487916219095
16552,8.404429271385716e-05
16553,9.81170857502835e-05
16554,0.00011189785200703945
16555,0.00032716134201715946
16556,3.919142811127729e-05
16557,7.243744211203836e-05
16558,3.500685787456904e-05
16559,0.00021306151637505427
16560,7.284095774193978e-05
16561,0.00011732411968912213
16562,0.00010439060557501356
16563,0.00017263207992811394
16564,3.3149672972783786e-05
16565,0.00020291125981729199
16566,0.00021107648548096108
16567,9.197646224837109e-06
16568,6.482150647602974e-05
16569,5.710359936977308e-05
16570,7.562350906683407e-05
16571,0.00019886365157270283
16572,0.0001729726410250945
16573,0.00010797440846593571
16574,0.0002971811270003545
16575,0.00011052389506387424
16576,0.00020214869859145636
16577,8.045672715868589e-05
16578,0.00012972985420961822
16579,0.00012544149182957146
16580,0.00010294115021723027
16581,5.841305139319029e-05
16582,5.501114868368656e-05
16583,4.706210154243858e-05
16584,0.00012032166260877121
16585,3.1777295279665395e-05
16586,0.00010396933489962521
16587,0.00011996368878295437
16588,8.322761023769174e-05
16589,0.00017309500491622133
16590,8.710774724677865e-05
16591,0.0001652516718233011
16592,6.943352587202648e-05
16593,0.00010751205088895707
16594,0.00019062346163511344
16595,0.00012215430678846363
16596,0.00015490294703531993
16597,4.546887771597727e-05
16598,9.864546096112957e-05
16599,3.0120431873647754e-05
16600,5.6592912846884565e-05
16601,3.062412503018055e-05
16602,0.00022584262001659153
16603,0.00011707565644925684
16604,4.244545557193821e-05
16605,5.8523851468862115e-05
16606,9.562473982316091e-05
16607,0.00014276705947283033
16608,0.00020190227434496347
16609,0.00017244664306736223
16610,0.00010204997546853497
16611,8.53930308928762e-05
16612,0.00011883531763930835
16613,5.891207145491427e-05
16614,0.00021276942500338955
16615,8.963156347274762e-05
16616,0.00011039216270747847
16617,9.234856192010748e-05
16618,0.00011171963981705732
16619,7.669516439197692e-05
16620,5.404688855402572e-05
16621,0.00017813814082076593
16622,0.00010127793498026868
16623,9.018779063485314e-05
16624,0.00011738061917839537
16625,0.00012950937729252842
16626,8.873110995135389e-05
16627,7.852343040978078e-05
16628,9.259525715413363e-05
16629,7.664650594937747e-05
16630,0.00017783116820812455
16631,4.066221641481296e-05
16632,7.481487929414137e-05
16633,0.00021937018681701098
16634,5.107395421927532e-05
16635,4.5199836373901585e-05
16636,7.827739298011489e-05
16637,9.746731191272039e-05
16638,0.0001728818546993332
16639,0.00013767492771636254
16640,4.863528347396847e-05
16641,8.702315656481515e-05
16642,0.00018634762194802
16643,0.00017583091713191105
16644,0.0001993383722978972
16645,8.508767181420475e-05
16646,9.096446415854509e-05
16647,0.0001030188202487786
16648,0.00021806639425270933
16649,8.275639718757918e-05
16650,0.0002932214145311515
16651,0.00014336227674978331
16652,0.00014525294716826636
16653,0.0001308965613535568
16654,0.00010465874209834924
16655,7.228165651753487e-05
16656,6.571346555431977e-05
16657,8.102096720894929e-05
16658,5.234831459982605e-05
16659,0.0001259246498300818
16660,8.496053999162502e-05
16661,0.00031616221627557984
16662,0.0001043259949465894
16663,9.573059851888026e-05
16664,0.00021686563342342765
16665,3.922950364266216e-05
16666,7.149395431236065e-05
16667,8.670537054728806e-05
16668,9.320135722659713e-05
16669,0.00014971007413205144
16670,0.00013512194775428918
16671,9.880649489998453e-05
16672,9.602235099738624e-05
16673,7.259065203426768e-05
16674,0.00012872451024500668
16675,0.00011668532489522362
16676,0.00019223941257314972
16677,3.2330980804162446e-05
16678,0.00021409164913676913
16679,0.00016037853025556583
16680,0.00012311411721305948
16681,0.0004558786979278514
16682,4.47452890155884e-05
16683,0.00010655322713339283
16684,0.00015293771254588605
16685,5.818868443699696e-05
16686,2.7538949266947958e-05
16687,0.00011881882552808904
16688,0.00010154820827865092
16689,0.00012119371203499609
16690,0.00011908935447428212
16691,6.410420532748884e-05
16692,8.888210102985621e-05
16693,7.446727414457866e-05
16694,7.88173619334029e-05
16695,2.409565946979554e-05
16696,8.668188852022629e-05
16697,0.0001630186687419795
16698,0.00010063262814127015
16699,6.369878769472188e-05
16700,0.00011996193403866511
16701,0.00011414194567694205
16702,5.6746852388494344e-05
16703,6.412398876979505e-05
16704,4.6032895653572056e-05
16705,0.00010392924755402379
16706,0.00020045085437110993
16707,0.0001611706986004851
16708,5.2209971982116424e-05
16709,0.00011528477857403725
16710,6.928499703971549e-05
16711,0.00014618916533704423
16712,4.682922615429925e-05
16713,8.981749451613789e-05
16714,0.00011989624417295092
16715,2.7749000865548923e-05
16716,8.621755796349431e-05
16717,9.22272851042323e-05
16718,0.0002545725437365955
16719,0.0003655221618449165
16720,8.024006860331216e-05
16721,6.824674992074231e-05
16722,6.658516369872512e-05
16723,7.045492013797359e-05
16724,7.304183040941051e-05
16725,5.927181387272634e-05
16726,2.678154710713059e-05
16727,0.00013102470849621096
16728,6.79889066249574e-05
16729,0.0004364046440690847
16730,0.00015385007448238662
16731,0.00011386740560374754
16732,0.0002585413925381982
16733,0.0003263919726217534
16734,0.0001176335126777126
16735,5.510193557275255e-05
16736,0.00013077828440211453
16737,0.00015368922051790421
16738,5.545865837979994e-05
16739,0.00015009761305710058
16740,0.000105455793244796
16741,6.18844580479482e-05
16742,5.373617692462888e-05
16743,0.0002573651612288955
16744,4.198424684317715e-05
16745,0.0001507801903401336
16746,9.201968744451185e-05
16747,0.00012412760918077676
16748,6.918053836109003e-05
16749,6.571693167875217e-05
16750,0.00015053313350268398
16751,4.2176790570568134e-05
16752,3.888791506856643e-05
16753,0.00014101592660072635
16754,0.00037831005614227185
16755,0.0002509407158403843
16756,6.252921250416289e-05
16757,0.00017739130953756962
16758,6.947646031307236e-05
16759,7.429678698867438e-05
16760,0.0003375458004128221
16761,4.186711990424776e-05
16762,0.0002481041206591378
16763,4.9448794718905475e-05
16764,5.920708753435388e-05
16765,9.187398245228566e-05
16766,0.00010433159547407303
16767,3.7425650212855104e-05
16768,0.00012431764948112926
16769,0.0001223613752091985
16770,0.000165145009308275
16771,2.7232945543810458e-05
16772,0.00019645292883940346
16773,9.597667779822364e-05
16774,0.00016158909745183416
16775,0.0001954478398509221
16776,5.8700125340768686e-05
16777,0.00015077649680917082
16778,8.012550161967528e-05
16779,0.0001449975028276092
16780,0.00019862276660124215
16781,6.710972180128194e-05
16782,0.0001025026794795553
16783,0.00014994378950797428
16784,8.766995823853231e-05
16785,7.113577079332033e-05
16786,8.34114540681234e-05
16787,0.00010318983244358178
16788,0.0001639767645311614
16789,0.0001023949491504612
16790,0.0001378461272066378
16791,9.868226204348983e-05
16792,6.0312881900110855e-05
16793,6.0453472894052014e-05
16794,0.0002505524703186783
16795,0.00012203214070569453
16796,5.902634039904841e-05
16797,0.00015669324087619815
16798,6.733332655023916e-05
16799,0.0001520839865052294
16800,0.00013809553426636186
16801,6.891144945654116e-05
16802,0.0002813579749580882
16803,0.00040747211600534783
16804,7.436957737347387e-05
16805,0.000137630247827158
16806,0.00012501415439432128
16807,0.00010013665080939308
16808,0.0001895344389782358
16809,5.729567147016437e-05
16810,7.23843741236982e-05
16811,2.8794955519024563e-05
16812,8.32679579557945e-05
16813,5.940663273421298e-05
16814,0.0001245469793036592
16815,0.00023991246394106105
16816,9.900620854602608e-05
16817,0.0002467717855035568
16818,8.379358953430508e-05
16819,0.00017908141292943637
16820,3.8820617126456915e-05
16821,0.0001463454655504257
16822,0.000118574751485329
16823,0.00010139795080304634
16824,0.00010912411523318746
16825,0.00013425578325375358
16826,0.00017817446402587222
16827,0.00013896889850173875
16828,2.660398402922156e-05
16829,4.089481925348471e-05
16830,5.549152032955513e-05
16831,0.00027030584065347466
16832,7.342921377570728e-05
16833,0.00018436601809718235
16834,6.774099101799615e-05
16835,7.346192339401892e-05
16836,9.289773377422822e-05
16837,3.267530183793602e-05
16838,0.00016060471612821983
16839,5.192698388601853e-05
16840,3.159714654974272e-05
16841,0.00015802590725756655
16842,0.00013870484608472766
16843,0.00015823191438829964
16844,0.00019462993223994028
16845,0.00011647435570353842
16846,5.8451938889714455e-05
16847,8.899004856332937e-05
16848,0.0001162189618400106
16849,0.00018737591139190548
16850,0.00014222194442437875
16851,0.0001249706972173913
16852,0.00012944323266742146
16853,7.893801487901677e-05
16854,7.475691154242325e-05
16855,5.073651175108333e-05
16856,7.38888856996923e-05
16857,4.929028702237155e-05
16858,0.00015746220154153634
16859,0.00017324057694865605
16860,0.00023745972890215012
16861,0.00016574763087087014
16862,0.00025629530336942634
16863,7.495115176916976e-05
16864,0.000145224235318183
16865,0.00013538280738832801
16866,6.453605150436559e-05
16867,0.00021392052445328016
16868,3.970335798715092e-05
16869,0.00019719090068142953
16870,0.00014887218638470675
16871,0.00012196701975576746
16872,0.00017548136625790647
16873,0.00019652134310636614
16874,0.00012859726663274644
16875,8.253384263691764e-05
16876,0.0001047110492211271
16877,4.144743751056512e-05
16878,5.193919759931416e-05
16879,5.732932958078327e-05
16880,5.431676749821269e-05
16881,0.0001544224175743214
16882,0.00010476840999004133
16883,5.16422138393613e-05
16884,7.606795599777296e-05
16885,0.00018790544022946243
16886,0.00018242913783650145
16887,1.8314950542043908e-05
16888,9.696566961894945e-05
16889,6.057496256927852e-05
16890,0.00012918102673480016
16891,7.05226705749134e-05
16892,1.3571520581614347e-05
16893,5.836241052744169e-05
16894,0.00021770794567721612
16895,9.612688355194093e-05
16896,0.00019365256387114332
16897,5.204610188245729e-05
16898,0.0001260180320886348
16899,5.9318759591694763e-05
16900,8.962385697484367e-05
16901,8.701534290321058e-05
16902,0.00032903998264670467
16903,5.792154353438009e-05
16904,4.0595209498293774e-05
16905,4.91294016311531e-05
16906,0.00014114795723739823
16907,0.00011355163874508048
16908,0.00021984235356311397
16909,0.00019998927137671962
16910,7.19258890020387e-05
16911,7.8626366701829e-05
16912,8.634978912691837e-05
16913,7.511974585866407e-05
16914,5.5480622268766114e-05
16915,7.759426266114652e-05
16916,0.00017077759431244333
16917,0.00013240679355912033
16918,3.1725349661436096e-05
16919,0.00014936437963024095
16920,6.805565633590847e-05
16921,9.53356331531823e-05
16922,8.77938278102071e-05
16923,8.622954093289343e-05
16924,0.00015721009084874332
16925,0.00012340731289163105
16926,3.1308310547384045e-05
16927,8.814706903449536e-05
16928,8.42260427881872e-05
16929,0.00010274238311305053
16930,7.8077318146419e-05
16931,0.0001157551370961882
16932,0.0001303197922841105
16933,0.00020722457942865202
16934,0.00015444939310173923
16935,0.00019934660093483302
16936,0.00015406047321441397
16937,0.0001715359401451226
16938,0.00018156547333574485
16939,0.00015727057703546964
16940,0.00015449791663717084
16941,6.003981947936453e-05
16942,7.089597430060605e-05
16943,0.0001458387210404477
16944,9.227606664586329e-05
16945,0.0001499361135180394
16946,5.322781154023349e-05
16947,0.00016881810767409292
16948,0.0001508504481122805
16949,0.00010323712748444691
16950,0.00028852347994659733
16951,0.00012314278471459755
16952,5.2726451661341455e-05
16953,0.00011956883487633242
16954,7.204711691619009e-05
16955,4.2098655680363935e-05
16956,8.310821514514319e-05
16957,0.0002159665630128959
16958,9.946838376825623e-05
16959,7.454178667698151e-05
16960,9.460794027323449e-05
16961,7.277074611279984e-05
16962,0.0001346016821764564
16963,8.015533997593569e-05
16964,0.0001494139686386278
16965,0.00011803034872514752
16966,0.0002898293814645331
16967,3.586747350694815e-05
16968,3.407201966862403e-05
16969,4.414744982059628e-05
16970,7.915441074415509e-05
16971,2.867581227130181e-05
16972,0.00014632372835456637
16973,5.2671440143140045e-05
16974,0.00011484926557917547
16975,1.895281429093001e-05
16976,6.509189589438596e-05
16977,7.84361642719726e-05
16978,4.280082472747663e-05
16979,9.645420394090471e-05
16980,0.00019028796700843337
16981,0.00012714259412344175
16982,7.938523942910149e-05
16983,0.00018468042047399557
16984,0.00015048932429849687
16985,3.819505579500372e-05
16986,6.165691082613204e-05
16987,9.74445267471053e-05
16988,0.00011346762618095397
16989,4.4229141077588765e-05
16990,9.333591390949137e-05
16991,5.374744407395446e-05
16992,5.3346862479910354e-05
16993,0.00014865369458057164
16994,4.928947825922955e-05
16995,5.131757402844743e-05
16996,6.224767318126526e-05
16997,0.00019296402863197814
16998,0.00016267074096298684
16999,0.00020830054200631393
17000,4.1234615872787954e-05
17001,6.94979060661051e-05
17002,0.00011208061455857655
17003,2.278396611876715e-05
17004,0.00011877496825650676
17005,0.00017979492336674693
17006,6.626423885830732e-05
17007,0.0001082242136457506
17008,7.435069772160436e-05
17009,7.475009877322669e-05
17010,0.00017434203936697845
17011,0.00014558988306516847
17012,0.0001682669919797819
17013,7.6516451091078e-05
17014,7.36492344008588e-05
17015,0.00023059359625521075
17016,7.596965822622642e-05
17017,0.00016550696600734944
17018,4.9032019014802544e-05
17019,0.0001480484760332558
17020,0.0001672299141252632
17021,0.0001609321505280429
17022,4.0514632613037955e-05
17023,7.247761417743019e-05
17024,4.284273266910773e-05
17025,5.0302554533240426e-05
17026,0.00011815994159348095
17027,5.206203163697279e-05
17028,0.00011482201981202777
17029,0.00014019318160473666
17030,3.8445997042764216e-05
17031,0.00012809516762455285
17032,0.00010373229670488114
17033,0.00010580386793408656
17034,0.00017281238401873223
17035,5.3307160106311255e-05
17036,0.0001398595488167437
17037,5.980887585961305e-05
17038,8.510850953177261e-05
17039,0.00012767234815958963
17040,0.00010488686519497465
17041,0.0001059344880972895
17042,7.982900109540028e-05
17043,0.00012683787739626337
17044,0.00025403245917161844
17045,0.00011029138724106104
17046,0.0001871034885673133
17047,5.278333817692642e-05
17048,4.54195209231648e-05
17049,5.5522416444211256e-05
17050,6.825827796401838e-05
17051,0.00018161115000734065
17052,0.00016852910358679748
17053,0.00015754222754650658
17054,8.382236153273974e-05
17055,0.00010440728745262783
17056,0.0001351921138098013
17057,9.992029775178504e-05
17058,2.0807505962222646e-05
17059,6.177798541568785e-05
17060,9.625652925231412e-05
17061,8.645498738773491e-05
17062,1.6099934024261386e-05
17063,9.526385513174005e-05
17064,7.866823824199563e-05
17065,0.00012596532239842265
17066,6.460776443570201e-05
17067,0.00015748284281469062
17068,5.4458450372431764e-05
17069,7.562109325359724e-05
17070,5.379105731430985e-05
17071,5.242221557410383e-05
17072,0.00011345965565332253
17073,5.154663156864197e-05
17074,0.00010166501746790291
17075,9.56859473335009e-05
17076,9.619033049172533e-05
17077,5.8157015087157224e-05
17078,8.115702212578658e-05
17079,0.0001921107055775192
17080,4.205794900820406e-05
17081,9.307061792658277e-05
17082,0.00012665537001040525
17083,0.00012036893302770812
17084,0.0002119528482340656
17085,0.0001103113444738139
17086,0.00016504108526309129
17087,0.00013975337837545207
17088,7.386853184421373e-05
17089,0.0001493259614230435
17090,0.0001223389454651343
17091,8.771319355530975e-05
17092,8.636848963642118e-05
17093,0.00017878715889544739
17094,0.00014390236236222975
17095,6.015091391827817e-05
17096,7.531175140746347e-05
17097,0.0001570353438954099
17098,7.734807147291655e-05
17099,9.411948776637461e-05
17100,8.527268240087613e-05
17101,0.00019758010950872467
17102,9.386421734169965e-05
17103,0.00012040957634023028
17104,8.973287127841461e-05
17105,0.00012233379336860456
17106,0.00030976853126819294
17107,9.443700726270078e-05
17108,0.00010859741386865941
17109,4.616204928829528e-05
17110,0.00020461921774694706
17111,0.00016479385496441482
17112,9.494294179684274e-05
17113,5.493891717338845e-05
17114,3.386495427572447e-05
17115,8.891990622353542e-05
17116,3.4834161082049e-05
17117,0.0001948245033288411
17118,8.296534267562934e-05
17119,0.00014173355784659905
17120,8.460948196450967e-05
17121,0.000123022488862918
17122,3.69358106920753e-05
17123,0.00016280975759557683
17124,4.588675636948599e-05
17125,0.00018157263833093676
17126,7.599863012298425e-05
17127,0.00019423203291367032
17128,5.366501751257007e-05
17129,7.827355321339636e-05
17130,0.00032126909164567776
17131,8.366288974210048e-05
17132,0.0001649771914724499
17133,5.412606281697234e-05
17134,0.00017988471503418014
17135,0.00016176361359866481
17136,8.232097042531911e-05
17137,7.057213006763302e-05
17138,0.00012258470234698858
17139,0.00018647447565084993
17140,0.00011160371489413737
17141,0.00016909923293770526
17142,0.00012501332079010538
17143,0.00011660552185505124
17144,7.685580921973783e-05
17145,0.00011878233194572277
17146,0.00010584218323259723
17147,0.00010314833341356447
17148,0.00021451516163494556
17149,0.0001042768273208696
17150,0.00011881797060480474
17151,0.00021675115537463013
17152,0.00016176966849223957
17153,3.465029408580604e-05
17154,0.00015999479141193536
17155,1.7765281704068797e-05
17156,0.00014885773165412828
17157,4.753015112882179e-05
17158,0.0003246003479594581
17159,0.00011819084215986558
17160,0.00013066429803121652
17161,0.00011293776705814345
17162,0.0002494732839534476
17163,0.00016518578025733488
17164,0.0001435811438425421
17165,0.0002265002963833331
17166,0.0001438252501227007
17167,0.00020713896804972474
17168,7.709760228034701e-05
17169,8.238355524855994e-05
17170,0.00010862510257464612
17171,9.834260175419816e-05
17172,0.0001483002782263583
17173,0.00011546796573041443
17174,0.0001408645524128641
17175,0.00015315775621705044
17176,6.185433253477231e-05
17177,5.320685685539109e-05
17178,0.0002154195740742443
17179,7.183736585424804e-05
17180,0.00010781071211843535
17181,0.0001726415024799217
17182,9.634573407590824e-05
17183,7.245812015468334e-05
17184,4.767477072809472e-05
17185,0.00019713916247003765
17186,0.00023679483613310142
17187,8.431676186971258e-05
17188,0.00016123829494486724
17189,6.203676754183985e-05
17190,0.00017326858184162465
17191,0.00027085551665725037
17192,8.068625873248104e-05
17193,0.00010404244005665005
17194,8.315409891212752e-05
17195,6.742060074307459e-05
17196,0.00014068584370520597
17197,0.00010702686970898785
17198,0.00027262087809831287
17199,9.531022027209628e-05
17200,0.00021838850558117602
17201,0.00011149968501809093
17202,0.00012147279409282821
17203,0.0001170083824620671
17204,4.006871768733242e-05
17205,0.00020901675309115012
17206,6.212796701141774e-05
17207,0.00010379242843253328
17208,0.00010890476397005485
17209,0.00028952607621213146
17210,4.304092829613636e-05
17211,5.402009216700826e-05
17212,0.00016465313004087906
17213,9.596960584449884e-05
17214,0.00022399199732940273
17215,0.00019595576266986985
17216,4.993924443329969e-05
17217,9.89613229019413e-05
17218,0.0001856035562045935
17219,0.00018665172992590547
17220,5.024205382520827e-05
17221,0.00010258462273397674
17222,0.0001594767517455107
17223,0.00014734349285974312
17224,0.00023782937665556302
17225,0.0001171356528401645
17226,0.00011147723322368707
17227,0.00027379215170833646
17228,0.00018608069721115403
17229,0.00011951009042791659
17230,9.321649392546911e-05
17231,0.00010373820142193153
17232,0.0002026029591391963
17233,7.500385872704521e-05
17234,0.00013714320727369156
17235,8.211602550979348e-05
17236,0.00012227842650579007
17237,0.00012557210071165783
17238,8.217376635716173e-05
17239,0.0001123584328087721
17240,0.00012002218242941677
17241,0.00022584559198231708
17242,5.312026505212144e-05
17243,5.690592612330424e-05
17244,4.1898029316681974e-05
17245,8.982448331496834e-05
17246,0.00016046472567599822
17247,0.00011133263545162453
17248,6.94114889382051e-05
17249,2.1380625417267015e-05
17250,0.00023722512559785317
17251,0.0001823297908210333
17252,9.877317309636938e-05
17253,0.00014105754063922077
17254,7.093428522939538e-05
17255,3.8496935686283966e-05
17256,9.109701774792558e-05
17257,8.885284018215429e-05
17258,9.527561959248212e-05
17259,0.00010738409183056504
17260,5.99943800891196e-05
17261,9.422690911618734e-05
17262,5.260455600659529e-05
17263,5.672162300594149e-05
17264,4.7740004044042635e-05
17265,7.328117798557622e-05
17266,3.924908639658898e-05
17267,0.00020953906456199688
17268,0.00022131311924283975
17269,0.00013728653501627813
17270,6.464729061257008e-05
17271,5.908362943425389e-05
17272,0.00017407500940174226
17273,4.5971682160790695e-05
17274,9.509003748507174e-05
17275,6.507384437679325e-05
17276,0.0002096241056364397
17277,0.00013903086219882723
17278,0.00010807245360891703
17279,0.00014388320633147608
17280,8.952334861540379e-05
17281,0.0003227842196551129
17282,8.029746919226499e-05
17283,0.0001705444481835963
17284,0.00023314509489285774
17285,0.00018614245302009866
17286,8.41070228939058e-05
17287,0.00010347138187521823
17288,0.0001387351652069954
17289,0.00012134196287812622
17290,7.503334470955464e-05
17291,0.000263898039873999
17292,0.000310581627678808
17293,6.654250057945178e-05
17294,0.00016084422574014041
17295,0.00011675075445910262
17296,0.00011408060998330629
17297,7.687416859328374e-05
17298,6.109128845394178e-05
17299,0.00017198066290160908
17300,8.820225766624832e-05
17301,0.00016440260802486487
17302,7.174073693615576e-05
17303,0.00012555363142980813
17304,0.00021419784615306158
17305,7.085453879026148e-05
17306,0.00026464814031259713
17307,0.00021341131159110746
17308,0.00014398938858982077
17309,0.00016042461035313259
17310,9.436042718224652e-05
17311,0.00019913100227831573
17312,0.00011115973568571211
17313,7.4980733351512e-05
17314,0.00014589928332619208
17315,7.827897016539625e-05
17316,2.7011262739164443e-05
17317,6.318600302501412e-05
17318,0.00016022595162534748
17319,9.482586495031069e-05
17320,4.2988363399137255e-05
17321,0.00020703242357826454
17322,0.0001462475003156787
17323,0.00018599368760119727
17324,0.0001263318745954928
17325,0.0002254748721692965
17326,4.2702463645303444e-05
17327,0.00011898112726958405
17328,0.00010851215534882401
17329,0.00011785038900489209
17330,8.527113983654888e-05
17331,7.633559798836704e-05
17332,0.00018017527517401338
17333,8.92239795267466e-05
17334,0.00011382850350039125
17335,9.533654451479901e-05
17336,9.82030803539398e-05
17337,6.32428237831881e-05
17338,0.00015973755315863716
17339,6.411565054927716e-05
17340,0.00021131853623109165
17341,0.0002802759570357239
17342,5.792532639240185e-05
17343,3.172095957530908e-05
17344,0.0002377138803848563
17345,0.0001833900418696755
17346,8.71513663103308e-05
17347,6.545287887728457e-05
17348,0.00010129849181283586
17349,1.610012182625349e-05
17350,5.473776161230547e-05
17351,0.00020309616629969807
17352,5.715260602906761e-05
17353,6.542082567570261e-05
17354,0.0001310843742888173
17355,0.00014781646213198822
17356,0.00010882521529957735
17357,0.00015689659103649469
17358,9.014482740906793e-05
17359,0.0001846308438459757
17360,7.675996560432773e-05
17361,0.00016021554656938682
17362,8.093121822945164e-05
17363,0.0001116774778516458
17364,0.00023355125026320263
17365,0.00012713078329615302
17366,0.0001689563095464621
17367,0.0001010126667027082
17368,9.34209145829514e-05
17369,6.645374834859407e-05
17370,6.398395804711592e-05
17371,4.3861031786374963e-05
17372,0.00011509955871287946
17373,0.0001933066967483761
17374,0.00010751743300523577
17375,0.0001422583835259962
17376,0.00011073868955186505
17377,0.00010605365655520899
17378,7.782020380508332e-05
17379,0.00011069540578379546
17380,6.210977295718941e-05
17381,0.00014459108645525917
17382,8.618408753331396e-05
17383,5.885169996145713e-05
17384,8.472053155181071e-05
17385,6.903447620337139e-05
17386,0.0001071924101298572
17387,9.544270735014088e-05
17388,0.0001754009803000536
17389,0.0002299191848901951
17390,6.263028158390297e-05
17391,0.00014493220393957642
17392,0.00019835079854793372
17393,5.4980101012181135e-05
17394,8.528187896718193e-05
17395,8.236418705233797e-05
17396,0.0002648202902695189
17397,0.00012844905815053597
17398,8.807980630716365e-05
17399,0.00013878498504340934
17400,5.86247755113966e-05
17401,0.00018617952183538734
17402,7.636449200761195e-05
17403,0.0001797096572009744
17404,7.401991325261658e-05
17405,6.899482906030632e-05
17406,9.896364419520778e-05
17407,0.00013059166881543437
17408,0.0001252034976958227
17409,2.9808649732876974e-05
17410,8.274963286700852e-05
17411,0.00016408686456718027
17412,7.047983876614383e-05
17413,4.278086044275008e-05
17414,4.912677387483262e-05
17415,0.00018088865155704107
17416,7.893924067262328e-05
17417,0.00011853608700110617
17418,0.00012657372046488794
17419,5.383051362331444e-05
17420,4.514762424012885e-05
17421,0.0001381868007142661
17422,0.0001360149891649474
17423,0.00017349089106135477
17424,9.057110707362011e-05
17425,8.419543939582482e-05
17426,0.00011966514234751628
17427,0.00010525297482643607
17428,7.599717392184239e-05
17429,0.00013966775786214078
17430,0.00017974584753732673
17431,6.915961820637434e-05
17432,7.764433890274825e-05
17433,0.00014782226930569616
17434,9.500168076790447e-05
17435,0.0001649563191107726
17436,0.00014696337850759976
17437,0.000132951050861237
17438,9.092737183333626e-05
17439,6.745541547387209e-05
17440,0.00016589830702185032
17441,5.6893030855736835e-05
17442,7.649561292925785e-05
17443,0.00015895724351051263
17444,0.0002052063863006992
17445,5.5957120154743136e-05
17446,6.98882270346867e-05
17447,0.0001578559564742172
17448,7.778443141078291e-05
17449,0.00011448367333274803
17450,0.0002796384926482258
17451,8.128471088371769e-05
17452,0.00012132377157238994
17453,0.0003572596170733764
17454,5.4925410224505454e-05
17455,0.00016437477800411503
17456,7.467046342478364e-05
17457,0.00014150286273014245
17458,0.00016147158451940117
17459,0.00016310535989587046
17460,0.00014345570049333528
17461,0.00013979736154255462
17462,0.00010812140667451426
17463,0.00012426341794638526
17464,5.465789368546274e-05
17465,9.428478475260638e-05
17466,9.336610973048882e-05
17467,9.285616253412095e-05
17468,0.00020308577408632841
17469,7.990335493306605e-05
17470,0.00016912459906577823
17471,0.0001853256014827987
17472,0.00011766622552242342
17473,8.852591356119608e-05
17474,0.00019859322363094747
17475,8.894347362536597e-05
17476,0.00016790025851436125
17477,0.00011065259693505009
17478,6.605184855025492e-05
17479,8.80220123139356e-05
17480,0.0002296735902902274
17481,0.00011033153326758093
17482,5.308128654212964e-05
17483,0.0002323011391039796
17484,0.00012819705498442452
17485,8.758113893498385e-05
17486,0.00030011410793332285
17487,0.00010769021336804916
17488,9.940972544009207e-05
17489,2.7305909333981026e-05
17490,0.00014998994826363588
17491,0.00016438333875013823
17492,0.00016411311230256505
17493,6.660533818945766e-05
17494,7.778163798817914e-05
17495,8.513443790787483e-05
17496,6.945176213442745e-05
17497,6.822218750167373e-05
17498,0.00014020971532937906
17499,6.435230051411497e-05
17500,5.941886443531637e-05
17501,7.643678868663747e-05
17502,8.935951461306323e-05
17503,0.00027361042921546496
17504,0.00017242763261352803
17505,0.00010765519222293422
17506,0.000148018527376058
17507,7.575825103957223e-05
17508,0.00016100976787362633
17509,0.0002460668290746902
17510,8.678896911542212e-05
17511,9.047858092111839e-05
17512,0.0001337519925565538
17513,0.00012009790461037001
17514,0.00029129010672517583
17515,0.00012821168258411123
17516,0.00013937796021075904
17517,5.011563255624169e-05
17518,4.271527913933534e-05
17519,4.45824859508532e-05
17520,0.00011458914180661757
17521,0.00014836092165646233
17522,0.00011121439665829022
17523,4.7221128243790344e-05
17524,4.073414015351603e-05
17525,5.81536075074624e-05
17526,0.00011255350125357098
17527,8.492861051694472e-05
17528,7.872938819305e-05
17529,0.00011856346191079458
17530,4.857856633241285e-05
17531,0.00017766549810199598
17532,0.00017967761308519372
17533,7.70392426826263e-05
17534,5.605920655401047e-05
17535,0.00010117093130106477
17536,9.224563257683986e-05
17537,8.477025810277768e-05
17538,7.064297194288359e-05
17539,9.235275977875207e-05
17540,0.0002677192625038377
17541,0.00012027851867793558
17542,9.459666303910615e-05
17543,6.280932707444998e-05
17544,5.579513873316714e-05
17545,3.356006665312255e-05
17546,9.2988922329491e-05
17547,6.504401372002209e-05
17548,0.0002215458757993717
17549,5.366358723877732e-05
17550,5.467718674095758e-05
17551,7.700502435257814e-05
17552,0.00010493644134464766
17553,0.00023373706118183372
17554,0.00010657386904275388
17555,4.2111882438606694e-05
17556,7.502434504229781e-05
17557,0.00014440055102381117
17558,5.000133961398995e-05
17559,0.0001132781140724652
17560,0.0002601203609940831
17561,0.00010903566310683745
17562,0.0001575723361015368
17563,0.00012435064943494326
17564,0.00014359092498815977
17565,0.0002453499310094535
17566,6.892282688930764e-05
17567,0.00014395586571027175
17568,0.000169306169639758
17569,0.00010162867767614955
17570,0.00017014129609637554
17571,0.00015548323842608813
17572,9.395227324855171e-05
17573,0.0003857645025165883
17574,0.00011811734493410116
17575,0.00013746893750732326
17576,4.718976773588295e-05
17577,9.677552803174648e-05
17578,0.00010415620404756419
17579,4.834808894982757e-05
17580,0.00014269251146713382
17581,6.584662069561596e-05
17582,0.00012747631306405966
17583,7.006344182297107e-05
17584,0.0001783138908463107
17585,0.00013387076407648187
17586,0.00018450131121433113
17587,0.00011403921779299924
17588,8.108511304301864e-05
17589,0.00013710539849286012
17590,0.00014756618270887843
17591,0.00014531419361250153
17592,0.000164377449523429
17593,0.0001400000139288882
17594,7.126426093744377e-05
17595,0.00018062596354925694
17596,0.00010204535516176454
17597,5.215643663125461e-05
17598,0.00015585816383775918
17599,9.849860007901966e-05
17600,0.00011298106145659397
17601,0.00017721657676093863
17602,0.00011984879829957906
17603,0.00012545812117019438
17604,0.00014394516133182765
17605,4.019422805586416e-05
17606,6.417038562137514e-05
17607,4.544648236852624e-05
17608,0.00019804053752175342
17609,7.520352565506246e-05
17610,3.913141585892486e-05
17611,0.00010209373545090588
17612,7.245924522463737e-05
17613,0.00010246555651128445
17614,0.000124208445563715
17615,0.00012846174591031319
17616,9.439235759527231e-05
17617,4.4250143884386554e-05
17618,0.00010289336442904158
17619,0.00017078610642505757
17620,6.653263893215701e-05
17621,6.0008015330454136e-05
17622,0.00021774552202764473
17623,5.795739022767881e-05
17624,8.077566624876042e-05
17625,7.002026009458451e-05
17626,7.819096427005414e-05
17627,3.785179904903024e-05
17628,2.7437055911820843e-05
17629,9.099032913250521e-05
17630,4.901837210018656e-05
17631,0.00014617031879040612
17632,0.00010399301573173988
17633,3.9264449698448695e-05
17634,0.0001104243309525783
17635,0.00011602144513397556
17636,0.00013943342342452036
17637,0.00013252270978297254
17638,0.00011977054277385498
17639,8.644514430521326e-05
17640,0.00013730038495775792
17641,5.982292651902416e-05
17642,6.598922591553732e-05
17643,0.0001677843789007755
17644,0.00012650888631173554
17645,0.0002336041504269576
17646,0.0001325640510396378
17647,0.0002767391438813063
17648,0.0001621174324714944
17649,8.934220272838731e-05
17650,0.00031364424071591565
17651,4.62584371385888e-05
17652,0.0001388174254910325
17653,8.106180765276865e-05
17654,0.00011633183771511983
17655,3.987400639855376e-05
17656,8.917291294630138e-05
17657,0.00013104500773282815
17658,0.00010795703100911734
17659,0.0002503426339137033
17660,0.00017311132363648696
17661,0.00022670727924784353
17662,4.646558688757146e-05
17663,0.00021951968577864649
17664,0.00011858054818297928
17665,0.0001117756917520216
17666,0.00010042522453745664
17667,8.58224066087029e-05
17668,7.459880945823058e-05
17669,0.00029683993985111856
17670,0.00018225934937963348
17671,0.00014188655847039325
17672,0.00020823857411939481
17673,0.00018602807509711223
17674,2.472798663207684e-05
17675,0.00016535559105120112
17676,5.99521040526412e-05
17677,0.00017505301943303005
17678,9.438838807899799e-05
17679,0.00013553268292645706
17680,9.518439324433831e-05
17681,0.00010281353396447826
17682,0.00022939918035016748
17683,4.2068245312471845e-05
17684,0.00014776892314378112
17685,8.146353882658802e-05
17686,0.0001591149560103342
17687,0.00011112363232001582
17688,7.561845996992863e-05
17689,0.0001445800874952487
17690,6.0386822135892446e-05
17691,7.479556471324233e-05
17692,0.00011520947602814988
17693,0.00016070463914296545
17694,2.776318956819208e-05
17695,0.00012881892506736594
17696,0.00010091545633903048
17697,0.00018234583169486583
17698,0.00013494191244417474
17699,0.0001137869094344281
17700,8.253104748010103e-05
17701,7.055361352118833e-05
17702,7.716570662560486e-05
17703,0.00011018579202159599
17704,0.00010242324149073563
17705,0.00014792622499808098
17706,3.969569756122513e-05
17707,0.00010602571532972387
17708,5.98729012978641e-05
17709,8.886117722969289e-05
17710,0.00010431796193013942
17711,9.356482508053243e-05
17712,0.00032375855492119835
17713,0.00012344392314791254
17714,7.070355719929593e-05
17715,0.00010073221782370834
17716,0.00023459106921093367
17717,0.00016873146389845712
17718,0.00011537405938364337
17719,5.545573880768874e-05
17720,0.00018777315005025062
17721,0.0001236857679354744
17722,6.19552875652632e-05
17723,7.605210692796782e-05
17724,6.0748776531901046e-05
17725,7.449368889013032e-05
17726,0.00018576588920759642
17727,6.521559063129137e-05
17728,2.8878263620136656e-05
17729,0.0001309681475840036
17730,0.00013033214893927436
17731,6.3655918862419e-05
17732,9.572031405622326e-05
17733,0.00013719968738260742
17734,6.527259006895359e-05
17735,8.388566514024994e-05
17736,0.00021318881522066808
17737,2.214928779749734e-05
17738,0.00012032802539934728
17739,8.886005604619878e-05
17740,1.6576842240494167e-05
17741,5.677254975299154e-05
17742,5.58012951306227e-05
17743,0.0001122213359406098
17744,4.85878074056538e-05
17745,9.92688678611328e-05
17746,9.45456458335453e-05
17747,6.187080657157865e-05
17748,0.00018641425269911064
17749,6.278154729204448e-05
17750,6.293844676237885e-05
17751,1.8836531282101182e-05
17752,0.00011363817519444828
17753,0.00010937019983563042
17754,7.021144099885741e-05
17755,9.07115987666473e-05
17756,0.00013011540696761885
17757,5.1063309721693105e-05
17758,9.792844593346949e-05
17759,0.0001942199709402782
17760,0.00015541801466538113
17761,4.9600873452971334e-05
17762,0.00010481681418413941
17763,0.00017443746180264807
17764,8.716648353668705e-05
17765,0.00018137060447579394
17766,0.00012766848904774812
17767,0.00016869773292527824
17768,0.00010243469317274589
17769,0.00011306123632073642
17770,6.841903458517012e-05
17771,5.447210706853707e-05
17772,7.474271978384725e-05
17773,0.00017901506350958852
17774,0.00025062740071006697
17775,7.441744531899361e-05
17776,4.9859105912689356e-05
17777,0.00011018829691231138
17778,7.309158815683116e-05
17779,0.00017459243030159245
17780,0.00010684023687598465
17781,2.650869027784259e-05
17782,0.00011069391190635672
17783,0.00012581224817709774
17784,0.0001645750926169865
17785,0.00011883617867579233
17786,7.058427935909459e-05
17787,0.0001102654188452684
17788,3.432125787865581e-05
17789,0.00014437344010033437
17790,0.00020407606665480632
17791,0.00025951145422616615
17792,0.00011693546281967014
17793,0.00011619153828453248
17794,1.5263177068544505e-05
17795,4.424210373590121e-05
17796,7.7892154931417e-05
17797,9.223939961830073e-05
17798,0.00010937940043916005
17799,8.402329996902066e-05
17800,8.276235272021418e-05
17801,0.00010718560539868315
17802,8.998231961094914e-05
17803,0.00019292247446036896
17804,0.00011793080479767373
17805,0.00012638242620660985
17806,0.00019030516839079655
17807,0.00017210676441682438
17808,0.00010935917832658034
17809,9.274769919886211e-05
17810,5.483553536039641e-05
17811,0.0001447559485296859
17812,7.021087607969866e-05
17813,9.876324777258159e-05
17814,0.0001187455341465018
17815,0.00019529258179983188
17816,7.318538687681555e-05
17817,0.0001270320764307
17818,8.223587555943104e-05
17819,3.665357952421829e-05
17820,0.00011238584627936096
17821,0.00017853358237830515
17822,0.00024443410265298564
17823,0.00011719401329573496
17824,0.00017263397033854866
17825,6.879917482506411e-05
17826,3.766333841890707e-05
17827,3.138372956865698e-05
17828,0.00014416471960682813
17829,7.079469506268514e-05
17830,0.00010039459311221757
17831,0.00017151463456251584
17832,0.00025209176561119203
17833,0.00010012830750961218
17834,9.745950800549842e-05
17835,4.11585280352664e-05
17836,0.00011886037409545918
17837,0.00022236228388342418
17838,0.00032973567423895574
17839,6.022101562416343e-05
17840,7.92494728577251e-05
17841,9.23681643452315e-05
17842,5.5484268692066615e-05
17843,0.0001233408300916915
17844,8.935900101720812e-05
17845,0.00017116013465214662
17846,7.330126204158646e-05
17847,0.00013182883807266895
17848,3.882405404716655e-05
17849,8.313177610428704e-05
17850,0.00010185803180600546
17851,7.466164533566199e-05
17852,0.00010619817138645921
17853,7.409848809046452e-05
17854,0.00016198786890876842
17855,5.512390812335901e-05
17856,3.359944322738411e-05
17857,0.00011110377685701429
17858,0.00014623949953634284
17859,7.7257927198229e-05
17860,0.00035950520298221164
17861,0.00010690280670076813
17862,9.003264171606915e-05
17863,0.00011353010513640438
17864,5.071188227784697e-05
17865,0.00010296481972135708
17866,0.00016810341228656954
17867,0.00016216051747904817
17868,5.379662520713294e-05
17869,0.00013146343765659948
17870,6.267827233222772e-05
17871,9.890390910848363e-05
17872,0.00010340055368817963
17873,0.00012923222335869673
17874,6.458219135129088e-05
17875,0.00011240415799980156
17876,0.00016985905032956532
17877,4.028112800225008e-05
17878,0.00020225731287919804
17879,0.00014856122778708346
17880,7.810101352210683e-05
17881,0.0003620529075861785
17882,4.1931965035352914e-05
17883,8.778455531150473e-05
17884,0.00013103434059812168
17885,0.0001543247234156724
17886,0.00010113023194365973
17887,0.00019514692863375636
17888,9.043134429296244e-05
17889,8.39717277380055e-05
17890,0.00016166963018205907
17891,0.0001263351208640209
17892,0.00020356168342635454
17893,7.642795416438927e-05
17894,0.00010113091509454055
17895,7.891674477797894e-05
17896,8.786904166292392e-05
17897,0.00029861140560728697
17898,0.00020986519382125223
17899,0.00020165777020275178
17900,7.675907512353619e-05
17901,0.00015618296733145324
17902,0.00011034923348906564
17903,0.00010943653156068432
17904,8.961228750208755e-05
17905,8.422268801551154e-05
17906,7.969907834134332e-05
17907,0.00013419256695061473
17908,0.0002423461764383368
17909,9.81056171654161e-05
17910,2.4190967928527257e-05
17911,0.00011135444119577614
17912,0.00015731302109680525
17913,8.623423989366727e-05
17914,0.000157157862979377
17915,6.232509885035779e-05
17916,0.00013808920227621622
17917,4.4620925580466e-05
17918,0.00012994845615936444
17919,0.00016995639773639874
17920,0.0001298931207712045
17921,0.0004244202840225472
17922,7.770398023303784e-05
17923,0.00013260687482659757
17924,0.0001637708702653561
17925,0.0001710390965381219
17926,0.00011240197200211116
17927,8.851421636786792e-05
17928,0.00011492114548979077
17929,0.000260220592161321
17930,6.717004275161913e-05
17931,2.622134467513572e-05
17932,0.00018181453678133344
17933,0.00019965142908310983
17934,6.513175298366225e-05
17935,0.00010845243138367532
17936,8.99899628468465e-05
17937,7.337906967242438e-05
17938,0.00020844362075771747
17939,7.553425329335012e-05
17940,0.0001157583006481131
17941,9.182311952926167e-05
17942,0.00012046329648267202
17943,6.603594477060294e-05
17944,9.604088369207119e-05
17945,0.0001761105624078004
17946,9.374700434583486e-05
17947,0.00012918593283527049
17948,0.00013748256994193823
17949,3.083015827517201e-05
17950,0.00015172356532914866
17951,7.567588727521222e-05
17952,0.00013033868006026518
17953,0.0001070332500253478
17954,0.00014795367817602463
17955,0.00020282065287315648
17956,9.109316234564526e-05
17957,6.167771188286215e-05
17958,0.0001797576848435757
17959,6.86430835892989e-05
17960,0.00020015835708356953
17961,0.00015408253135062934
17962,9.630893596617682e-05
17963,7.724759427574835e-05
17964,9.941225434163848e-05
17965,0.00022837370886314971
17966,6.023191568729789e-05
17967,0.00011135489921572974
17968,0.00010776348151218923
17969,0.00010450858222066253
17970,0.00021606274212996105
17971,5.298329512026709e-05
17972,3.064504707947682e-05
17973,0.00022663028189218138
17974,9.393210061609829e-05
17975,6.239124372652242e-05
17976,0.00015088725245122135
17977,5.940321969370518e-05
17978,0.00015721582588760838
17979,0.00030996339558837186
17980,9.256821667961873e-05
17981,0.00010675334210913257
17982,0.00010952212372861351
17983,0.0001404437637911997
17984,0.0001149370571056496
17985,0.00011489388338800814
17986,9.100661421892296e-05
17987,0.00012073270085497466
17988,2.7132085724311815e-05
17989,0.0001104880512354646
17990,0.00030153562216530063
17991,9.633560732435056e-05
17992,0.00010510907034501211
17993,0.00013687101839495635
17994,0.0001654304292865191
17995,7.239160659981387e-05
17996,0.00015206243387405188
17997,0.00011736317718105342
17998,0.00010822018276794575
17999,0.0001291951242723096
18000,8.579439070233192e-05
18001,9.436882203500697e-05
18002,8.117114155144313e-05
18003,0.00010604067466960449
18004,9.973148390938581e-05
18005,0.00013434846658350088
18006,8.793227709949814e-05
18007,0.00018831253190338426
18008,0.00012565904369059926
18009,0.000206554108379104
18010,7.737071025905507e-05
18011,6.265439806597092e-05
18012,8.891377093193714e-05
18013,5.276002810157318e-05
18014,8.982506733040265e-05
18015,0.0002099545060484972
18016,5.09556751723901e-05
18017,0.00010503824658416412
18018,8.36183882667831e-05
18019,0.00014310554560478892
18020,7.382878192255395e-05
18021,0.0002168331132570449
18022,6.278430704052303e-05
18023,6.13377366683439e-05
18024,0.00016759793413987495
18025,6.959566109862302e-05
18026,0.00017468083771255726
18027,0.000109291403339773
18028,0.000134867701567467
18029,0.0002579321460018333
18030,7.161051045019446e-05
18031,7.328483222929944e-05
18032,0.00010087033583851299
18033,0.0002561821272409556
18034,7.27977892574371e-05
18035,0.00012370812097119307
18036,8.156255259530402e-05
18037,0.0002336006099677471
18038,6.914256635417971e-05
18039,0.00016589538127687972
18040,0.00015862811261749282
18041,0.00020660612614335042
18042,4.5576093240071336e-05
18043,0.00017988554189151895
18044,0.00022547488302250625
18045,8.509486332927003e-05
18046,9.736792401660729e-05
18047,0.0001286552960073819
18048,0.00026870770512477175
18049,6.195559871261975e-05
18050,0.0001309775113847497
18051,5.293656113666336e-05
18052,0.00010717613302735811
18053,0.00013451291611729413
18054,0.00018065544554531272
18055,0.00018789954104855383
18056,9.213116336879599e-05
18057,6.378728788251877e-05
18058,0.00016163942870466702
18059,8.418099396273205e-05
18060,0.00014733617928702563
18061,0.0001483907309134314
18062,0.00012636726324895308
18063,8.976336307791034e-05
18064,0.00014479092829069358
18065,0.00013051499319532682
18066,0.0001234849730595861
18067,0.0002237513304199205
18068,3.213855116592927e-05
18069,0.00018958456962011176
18070,0.0001479401338183704
18071,0.00015559278179495353
18072,6.732769619065444e-05
18073,0.00013535482744296898
18074,0.0001260053419718384
18075,0.0001050974886232895
18076,0.00011851223499773487
18077,2.0383343861550058e-05
18078,2.3114549522039905e-05
18079,8.683149529598926e-05
18080,7.698620637925079e-05
18081,0.00015022554714454054
18082,8.958487124971853e-05
18083,0.00013587102944680036
18084,6.727561807555207e-05
18085,5.3291200508022114e-05
18086,0.00010634810361363493
18087,0.00011892130312278403
18088,0.0001207172515762659
18089,0.00010677069101707514
18090,3.4786172051673495e-05
18091,5.4159782478294454e-05
18092,4.895914352350302e-05
18093,6.987691602597645e-05
18094,3.911743684007176e-05
18095,8.88329490184357e-05
18096,0.00018821144135666723
18097,8.898072663382609e-05
18098,0.00010867994352933762
18099,0.00012253956769613642
18100,5.637419318202017e-05
18101,0.0002680091663299682
18102,6.555869982877797e-05
18103,0.00029098955266629404
18104,0.00017248385474876113
18105,0.0001509787185816088
18106,8.306805264595258e-05
18107,0.0001037636830245479
18108,4.281080022484204e-05
18109,4.2979831372381904e-05
18110,0.00022438535965799492
18111,0.00016311608838014323
18112,8.562742276494619e-05
18113,9.900742284729125e-05
18114,0.00011726539052355052
18115,0.00010197521271241592
18116,0.00031819294212654493
18117,0.00010509413054405965
18118,0.0001527424955779897
18119,0.00013974862001503197
18120,4.9951534162929793e-05
18121,0.00017122924590348354
18122,0.00012597294482260215
18123,0.00029026337678676295
18124,0.0002904290530064158
18125,0.0001501271460423337
18126,0.00013235034370758967
18127,6.376028849451926e-05
18128,6.252734761054661e-05
18129,2.98016331235331e-05
18130,0.00011054358259074868
18131,0.0001704330312403813
18132,0.000271139231272766
18133,0.00011299728958269524
18134,0.0002572593269442243
18135,4.4153468594138314e-05
18136,6.016293296711998e-05
18137,0.00010196020527703149
18138,3.3619276014732566e-05
18139,8.861602849797229e-05
18140,0.00012808385978407152
18141,0.0001224333289600946
18142,4.84477656654378e-05
18143,7.124266240141861e-05
18144,0.00013014488632795033
18145,0.00013882576751067375
18146,0.00014502625441342889
18147,0.00012391438972934966
18148,0.0002091473069445341
18149,0.00013576619881642342
18150,0.00016647956532011855
18151,9.794087330274461e-05
18152,0.0001006225982407073
18153,6.095760117054582e-05
18154,0.00016903088803079693
18155,7.510754688664294e-05
18156,6.266782069142937e-05
18157,0.00015403488644007165
18158,0.00015801510031577927
18159,0.0001852041451212497
18160,0.0001496417240471733
18161,0.0003356990585539094
18162,5.481815640659497e-05
18163,5.071383582819414e-05
18164,7.842766842739158e-05
18165,0.0001649328026316145
18166,0.0001315981528081415
18167,0.0001768784901391937
18168,0.0002099636056258021
18169,6.1031066426203146e-05
18170,0.00011764774512359417
18171,0.00022365583797982877
18172,0.00020360367783587256
18173,0.00019960476824503235
18174,0.0002125240101216856
18175,8.685458416599393e-05
18176,0.0001745422261354452
18177,0.00012468044065206286
18178,0.0001497888340895614
18179,0.00015547728345748085
18180,0.00015661544787174114
18181,0.00014271109051080334
18182,0.00013845118572694898
18183,0.00020422325878796508
18184,6.246846427818263e-05
18185,7.192240499953382e-05
18186,4.666594599942734e-05
18187,0.0001494363000723166
18188,8.897205878602687e-05
18189,7.46315552898478e-05
18190,0.00020621500941663613
18191,8.506585174129497e-05
18192,0.00011659343041778518
18193,0.0002194022962043066
18194,0.0001710773774544221
18195,2.007008818782496e-05
18196,0.0001770400995946559
18197,2.6296236719811322e-05
18198,0.00011535811489061121
18199,0.00011462807346356081
18200,7.757570623680645e-05
18201,0.00022906943732176714
18202,0.00022898839364495686
18203,6.555627156199284e-05
18204,6.554736087392981e-05
18205,5.8554312701013916e-05
18206,0.00019680365906956531
18207,8.873292108213755e-05
18208,1.9700814216882333e-05
18209,7.245082783248142e-05
18210,0.0003862900250469882
18211,6.353732211440095e-05
18212,6.654439925151651e-05
18213,0.00015185234730546088
18214,0.00012940587506499117
18215,0.0001352588890483791
18216,0.00010365123082659371
18217,0.0002542157943282482
18218,0.00012213799186272452
18219,8.227013398799401e-05
18220,6.183874475475602e-05
18221,0.00017609672731729817
18222,5.9003727591840236e-05
18223,0.00010249304077470029
18224,5.974642125388038e-05
18225,0.00014463386116641714
18226,0.00025353343090194977
18227,8.933679308882186e-05
18228,0.0005406565617172077
18229,8.763395234309244e-05
18230,7.478883341193997e-05
18231,0.00014283559467705728
18232,5.8382400050127734e-05
18233,0.000551613906556367
18234,7.099753394040944e-05
18235,0.00021015426233425243
18236,9.149584929974582e-05
18237,5.4384006025190126e-05
18238,0.00018662203900445006
18239,7.881471773727254e-05
18240,0.00012228512757766824
18241,0.00010348334973401689
18242,7.716110569015017e-05
18243,0.00012192147308117467
18244,0.00011814350686814819
18245,6.6290996348634e-05
18246,0.00013862620534764642
18247,0.00010265583035164744
18248,0.00031001210814108937
18249,0.00017947684176979468
18250,8.606030495382041e-05
18251,7.16195998401402e-05
18252,0.0001248382424159825
18253,2.9012323377524922e-05
18254,9.702184706000641e-05
18255,9.915696025924637e-05
18256,0.00030565848533057173
18257,4.62172382577855e-05
18258,0.00019325068625790462
18259,5.5777929346070956e-05
18260,0.00012479775751345347
18261,8.701325009454886e-05
18262,6.7140871446766e-05
18263,0.00011389059229927322
18264,0.00011923137922871042
18265,6.18298780854137e-05
18266,0.00022493164588388126
18267,3.089288369206902e-05
18268,7.139547907235446e-05
18269,0.00016694714032097682
18270,6.834997397853157e-05
18271,0.00023948753697609345
18272,0.00032112312736452044
18273,0.00017511515439780253
18274,0.00017362893046873765
18275,8.452333314669377e-05
18276,6.80808009124737e-05
18277,9.754918404877658e-05
18278,7.062426833006609e-05
18279,6.913268117771596e-05
18280,0.0001871257733604686
18281,0.00010422950608290427
18282,0.0001455842831983713
18283,8.177842266065694e-05
18284,7.807918846361434e-05
18285,0.0002577962817402885
18286,1.585308762451987e-05
18287,0.00016912851435914552
18288,0.00023222934936616653
18289,0.00013223125760355165
18290,3.4116827839119687e-05
18291,0.0003524193107026477
18292,7.510574832601244e-05
18293,0.00018936235769598204
18294,8.89126176053936e-05
18295,0.00020227824045436837
18296,0.0001319683323443077
18297,8.419365309049591e-05
18298,0.00011099893177592552
18299,9.982505870722657e-05
18300,6.309946456498144e-05
18301,0.00015662128643320825
18302,2.848818916612803e-05
18303,0.00010239709013052508
18304,0.000156208506867465
18305,7.006425390064871e-05
18306,0.00015532182663622693
18307,8.459576934081557e-05
18308,7.322698773943117e-05
18309,9.871763825328702e-05
18310,7.4826852124939e-05
18311,0.0001393270671616116
18312,0.00012095492429866099
18313,0.0001198403264308677
18314,0.0001027604166370834
18315,4.554358307511179e-05
18316,0.00016421872601222708
18317,2.0936985158244503e-05
18318,3.5681967985528944e-05
18319,0.00010465964583944543
18320,0.00011392159936073827
18321,0.00017562757126928665
18322,0.00012496324270122
18323,0.00011709056578560721
18324,3.317332342156187e-05
18325,0.00014736791111797206
18326,0.00030834056015977706
18327,0.0002039804604057741
18328,6.237060497146858e-05
18329,5.427088052580935e-05
18330,3.0591637865937206e-05
18331,9.943720183495857e-05
18332,0.00019919497677921172
18333,0.00012576033091126545
18334,0.00010280048997838479
18335,6.0848633424155125e-05
18336,0.00014168117509861134
18337,6.110403397187808e-05
18338,8.515095027958386e-05
18339,0.0001551014655820421
18340,0.00013640436642374653
18341,7.570845282028717e-05
18342,5.5966450342281816e-05
18343,9.15618108484274e-05
18344,0.00019285870954740552
18345,0.0001778825583365158
18346,5.1687681161434964e-05
18347,5.1837542878508855e-05
18348,6.701062589883699e-05
18349,9.955176067938475e-05
18350,4.710361109230938e-05
18351,0.00011731630556011127
18352,0.00012309409049840087
18353,5.664979671150487e-05
18354,0.00014911301874127332
18355,9.251058173424203e-05
18356,0.0001342504623145208
18357,0.00010174308755380612
18358,0.00016738537329381314
18359,0.00022540520958622956
18360,9.267063313557085e-05
18361,0.0001882202704508668
18362,9.467369835520798e-05
18363,5.880190644915869e-05
18364,0.0001475699250370107
18365,0.00013674582670978214
18366,0.00023538740826102415
18367,0.000124621871678567
18368,8.158025919551638e-05
18369,0.00013908994623248552
18370,0.00036045070870646846
18371,0.0002208622021313012
18372,0.00020000699316136226
18373,9.844376247190722e-05
18374,0.00011106289175819824
18375,0.00010227047478413317
18376,7.00409019258545e-05
18377,0.0001373530305057997
18378,4.126202576526951e-05
18379,0.0001659487898599235
18380,4.533773018498106e-05
18381,0.00021179563609922966
18382,9.221745293782824e-05
18383,8.334883255408511e-05
18384,0.00010877999812623498
18385,9.978430523223842e-05
18386,7.743587763493937e-05
18387,0.00014474206513202825
18388,6.340759568339699e-05
18389,0.00015761115247455495
18390,0.00012980041700631295
18391,0.000110125344894428
18392,0.0001546948979832665
18393,0.0002058943174590065
18394,0.0001402819277736397
18395,8.886078284919993e-05
18396,0.00016760008323976115
18397,8.763120667766701e-05
18398,6.362337919039505e-05
18399,0.0002292538466272049
18400,6.305748928279287e-05
18401,0.00013926449009653142
18402,0.00017498365526474822
18403,0.00016959643541292885
18404,3.803243570250871e-05
18405,9.915199397643308e-05
18406,7.251741577231276e-05
18407,0.00010624020623839424
18408,5.0132891755298e-05
18409,4.373876417671747e-05
18410,0.00012623774800260462
18411,5.806290810873937e-05
18412,2.5624481304627945e-05
18413,8.737374019009272e-05
18414,5.505720499112509e-05
18415,5.512434097175568e-05
18416,0.0001929449237558164
18417,4.168208011534513e-05
18418,8.56390756609018e-05
18419,7.566771290834166e-05
18420,7.759176827630844e-05
18421,5.2229056427381455e-05
18422,0.00012884058559915984
18423,0.00020348151131304332
18424,0.0002894966642282849
18425,9.804830415619491e-05
18426,0.00011476614711318216
18427,0.00013870038737222591
18428,0.00013889213463418992
18429,0.00021085595528212716
18430,0.0001202950986884789
18431,0.0001463124993853401
18432,0.0002834679987447419
18433,0.00010176485066998794
18434,0.00011194974728462414
18435,4.284293486055877e-05
18436,9.620590628735346e-05
18437,0.00020960272768773288
18438,0.0001240887044525267
18439,0.00010862118011800936
18440,9.872261716836762e-05
18441,6.819767627940048e-05
18442,7.097472964350835e-05
18443,7.453785922642469e-05
18444,9.178127627316725e-05
18445,8.634247908007831e-05
18446,5.51154980510266e-05
18447,0.00013778034771519084
18448,0.0001416160201495173
18449,9.585155267831236e-05
18450,0.0002121311108474779
18451,0.00011957440647695392
18452,0.00012653320929857068
18453,0.00021611066531366358
18454,0.0001597561110530144
18455,0.0001449456287146704
18456,0.00010693885865465988
18457,0.0001489811982289978
18458,5.8885236114757327e-05
18459,0.00011581258104345059
18460,7.80589278871222e-05
18461,8.612328585963963e-05
18462,2.830805346579878e-05
18463,0.00012680980829041645
18464,0.00010026297122651113
18465,0.00014486930248340697
18466,0.000115176241493615
18467,0.0001404496992777722
18468,0.00016111531424905034
18469,8.390708728501265e-05
18470,4.880581618650796e-05
18471,8.128017506273317e-05
18472,5.201742763909365e-05
18473,0.00014204638900597826
18474,0.00014790808208267058
18475,0.0001149718691402717
18476,5.567661281597475e-05
18477,8.000064705358391e-05
18478,5.0228820169854796e-05
18479,0.00016410853993764426
18480,0.00012639041864874427
18481,2.0225733249511033e-05
18482,0.0001703810320607267
18483,6.633989110267864e-05
18484,0.00017788669432166192
18485,6.816905198967072e-05
18486,0.0002301758425802512
18487,0.00010980473606500411
18488,0.00014019704428746977
18489,0.00014372415163915514
18490,0.00021394393261387967
18491,0.0001945080767713346
18492,6.318425054895402e-05
18493,4.5770102558480125e-05
18494,0.00011516403023472391
18495,7.783846466067377e-05
18496,7.166262617263083e-05
18497,4.208634707742692e-05
18498,0.0001751954325640791
18499,0.00021352821355915213
18500,4.413113790906483e-05
18501,0.00020426901239402936
18502,0.00010325945471588281
18503,0.00015178825159980127
18504,9.862776455865161e-05
18505,3.966521992752008e-05
18506,0.00020677468801551824
18507,0.0002037931790592151
18508,0.00015509747950431476
18509,0.00012803309927093514
18510,3.54447261242404e-05
18511,0.0001308534986807839
18512,6.185301478131683e-05
18513,0.00013078267883895637
18514,8.096044934561016e-05
18515,7.881594747294653e-05
18516,0.0001739709506088525
18517,4.525029780099189e-05
18518,0.00012837543930966402
18519,9.91883746735933e-05
18520,5.337491095444139e-05
18521,9.391235171735505e-05
18522,0.00034847164988308674
18523,0.0001203448825998347
18524,0.00014768428537162458
18525,0.00014682495183711137
18526,8.896832958121608e-05
18527,5.039728209674548e-05
18528,6.11447028521658e-05
18529,0.00015799676969613616
18530,8.169070802298105e-05
18531,7.65550249646078e-05
18532,0.00019902888644885043
18533,0.000269845748447027
18534,3.8872878769409776e-05
18535,3.8179839733944044e-05
18536,3.5230754618006605e-05
18537,0.00011800117313579603
18538,9.643311365100719e-05
18539,0.00012153467072243453
18540,4.885317900949881e-05
18541,8.617098587351001e-05
18542,6.634042187705428e-05
18543,0.00011116864405694753
18544,9.052866697782112e-05
18545,9.809901743588686e-05
18546,0.00021872951926351795
18547,5.5983605786017096e-05
18548,9.957761624917432e-05
18549,6.282040521165584e-05
18550,0.00012746549662495416
18551,8.836889649807343e-05
18552,9.962421115770742e-05
18553,0.00014432295269203892
18554,0.00021004647702227262
18555,9.707815533233808e-05
18556,3.350436936658719e-05
18557,0.00016381526040749943
18558,0.00016601705320864535
18559,0.00016233317475335428
18560,9.277131057858317e-05
18561,0.00010064080016584836
18562,0.00023511735021705104
18563,0.0003704262696404168
18564,0.00026638291425701245
18565,0.0002538584400726113
18566,0.0001492362803719605
18567,9.38569168904894e-05
18568,0.00011360896415040697
18569,0.00013833481598750228
18570,0.00021088984928669958
18571,8.576835796786009e-05
18572,7.231526176703637e-05
18573,8.714174823790153e-05
18574,0.00016088780458972914
18575,8.879085082271994e-05
18576,0.0002191903732862857
18577,0.00010795892693034055
18578,4.32462043914864e-05
18579,0.00032382464706814967
18580,4.5613323551564696e-05
18581,0.00012084088976848829
18582,8.309805224130031e-05
18583,8.118881982193081e-05
18584,0.0001459358433899852
18585,0.0001349488065422829
18586,8.048104028835253e-05
18587,4.487134571254328e-05
18588,0.0001344995127950366
18589,8.851357527210652e-05
18590,0.00010715556966241468
18591,0.00016750976461574115
18592,4.345508701959851e-05
18593,9.496823947298389e-05
18594,3.574677291674992e-05
18595,4.843622548962196e-05
18596,5.980940813314666e-05
18597,0.00010532577773527114
18598,0.00015797298775917544
18599,4.869174746549309e-05
18600,0.00010764117683688344
18601,0.0004107235562153814
18602,0.00013904477679490526
18603,9.944469990219205e-05
18604,0.00017369151057402505
18605,9.670121391671446e-05
18606,0.00014399822770992101
18607,0.00028711450039966706
18608,0.00021580605403789991
18609,0.00013316163974422615
18610,0.00015925501738105243
18611,7.943617726178811e-05
18612,0.0001456691071949866
18613,0.00011691402339240906
18614,0.0001420512902308414
18615,4.843983450084204e-05
18616,9.44904546311139e-05
18617,6.599030706181824e-05
18618,9.759512030970029e-05
18619,9.467684409639852e-05
18620,0.0001571158455359668
18621,4.089078490263809e-05
18622,7.302069621704146e-05
18623,3.562596195440582e-05
18624,0.0001371043231663489
18625,7.36595437829999e-05
18626,6.9118259848633e-05
18627,0.00013384468362714788
18628,4.2839655397298215e-05
18629,5.176229927105255e-05
18630,0.00023052258636050045
18631,0.00028671210591748046
18632,7.860486602886004e-05
18633,8.116631161518156e-05
18634,8.732187542638163e-05
18635,5.6487498403041565e-05
18636,0.00017218210019121763
18637,0.0001227957823840849
18638,8.220055740637043e-05
18639,0.00017707812007258022
18640,0.00014071193859020685
18641,6.456323464629183e-05
18642,0.00011092314408597153
18643,6.259597481514331e-05
18644,0.0001299881955488049
18645,0.0002853520766179955
18646,0.00014524866724718193
18647,8.903996668262301e-05
18648,9.330125984243176e-05
18649,0.00010183341437506276
18650,5.7713648004571776e-05
18651,9.931165539477111e-05
18652,0.00020360958230185094
18653,0.00010757201171275523
18654,0.00010747225052892664
18655,0.00013053347545384145
18656,0.00012412846139149138
18657,0.00020175111062381278
18658,0.00017957008024135795
18659,8.977638670397407e-05
18660,0.00010606085728191063
18661,0.00010449829178730119
18662,0.0002506516604272608
18663,0.00013868702050046176
18664,8.214995493313772e-05
18665,0.00012734623683974226
18666,3.0485040401056646e-05
18667,7.95393118665389e-05
18668,0.00011866900998957729
18669,9.23100868156348e-05
18670,6.930050270816408e-05
18671,0.0001666275003502046
18672,0.0001397926721846949
18673,1.5597397499751095e-05
18674,0.00014399843392026056
18675,0.00012736581573787604
18676,0.00023037281797358547
18677,0.00015031661656713838
18678,0.0001411121428543881
18679,5.673275104690594e-05
18680,6.780611698234376e-05
18681,0.00016432850840089987
18682,4.6171814150424495e-05
18683,7.334436286939806e-05
18684,8.839075225117011e-05
18685,8.772213027016321e-05
18686,0.000344017307997503
18687,5.7829355734046764e-05
18688,0.00022608827685023945
18689,7.556598136761731e-05
18690,0.00014353600223220524
18691,0.00016645730933051848
18692,0.00018925164666523444
18693,6.034911279432862e-05
18694,0.00012130192815576748
18695,8.787410725740868e-05
18696,0.00010744166644696213
18697,0.00017503478269387883
18698,0.00021295877290489738
18699,0.00010618947685568647
18700,0.00017768031090497756
18701,7.010642427845378e-05
18702,0.00010208295996972229
18703,0.00011947407791240193
18704,5.939657931611268e-05
18705,0.00020580379318396546
18706,0.00017994450629643817
18707,0.00012095576385961508
18708,4.470900008074998e-05
18709,6.55524590586024e-05
18710,0.00019435576652411857
18711,0.0001385144238511696
18712,6.575288876677975e-05
18713,0.00025674892860513506
18714,9.440078797962303e-05
18715,8.359905336954419e-05
18716,0.00018806674328339298
18717,4.902353898128744e-05
18718,6.018249571900106e-05
18719,0.0001147724736306605
18720,6.541264800434437e-05
18721,5.129216398904989e-05
18722,9.111342031700595e-05
18723,0.00016860782092327086
18724,0.00011527820746048434
18725,7.457438358459983e-05
18726,8.30243580690051e-05
18727,9.004930098835138e-05
18728,0.00016818137668104375
18729,0.00010334201843524744
18730,0.00013465592571457706
18731,0.00012217675953573706
18732,6.13965312005024e-05
18733,0.0001134147012389367
18734,0.00033132690327061906
18735,0.00025920435607279025
18736,3.229882187063836e-05
18737,0.00019638658959229578
18738,0.00012012528121465092
18739,9.157740798620682e-05
18740,0.00012918158087403715
18741,0.00023010020796164466
18742,7.816202107288812e-05
18743,6.71651491710636e-05
18744,7.942151048761912e-05
18745,8.945192032428615e-05
18746,0.00010441282373365922
18747,9.837759236280088e-05
18748,0.00015296878832062936
18749,0.00030492322738284787
18750,6.0680572621298585e-05
18751,4.6300170595160015e-05
18752,0.0002301773343429966
18753,0.00028671424116824264
18754,0.000200366526564282
18755,0.00013646967321961274
18756,0.0001639758455569331
18757,8.59295079182747e-05
18758,0.00015481830424137646
18759,0.00014102996341410214
18760,6.76385023017059e-05
18761,0.00011103621172398661
18762,9.614403666255427e-05
18763,4.2910634530857125e-05
18764,0.00023141250595706578
18765,0.00012271376249229694
18766,0.00010846310537261544
18767,0.00013201005598478203
18768,6.994551958556172e-05
18769,0.00014025159740619345
18770,8.909768892837912e-05
18771,0.00017800097645971575
18772,8.820977740527857e-05
18773,6.719607740365602e-05
18774,0.00021808961045679593
18775,0.00013653664141180993
18776,7.235573142964257e-05
18777,3.3719913854300704e-05
18778,7.252688613977949e-05
18779,0.00010228898319645632
18780,9.022362596272589e-05
18781,0.00016193501010552827
18782,0.00011864430327410876
18783,8.530679738995668e-05
18784,0.000457105440878885
18785,8.667348586431019e-05
18786,6.109796955572481e-05
18787,0.00016971968043754169
18788,8.552465471938925e-05
18789,0.00022133567424692838
18790,0.00016547443686397038
18791,7.988964816606396e-05
18792,0.00010324257466131441
18793,0.0001617340719724956
18794,5.944213954129803e-05
18795,0.00012890168691433645
18796,6.444144593966375e-05
18797,9.916747102387837e-05
18798,4.71991668952709e-05
18799,9.748299832121969e-05
18800,0.00015756059095792648
18801,0.00028927035604531324
18802,0.00014128599023784122
18803,0.00012506305833862437
18804,0.0001318815701902702
18805,8.296211902272361e-05
18806,0.00013016300220774514
18807,0.0001995497084441426
18808,0.0001158835790408535
18809,7.447275623828677e-05
18810,0.00012231032977946598
18811,9.414862336859251e-05
18812,2.6441968035246787e-05
18813,0.00023181170711521676
18814,8.74652888505442e-05
18815,0.00011289528423149691
18816,7.577303617283176e-05
18817,0.00012051474919744568
18818,7.457476993838947e-05
18819,0.00013792480002318617
18820,1.3117263894955389e-05
18821,8.877629971638549e-05
18822,0.0002295723031152901
18823,5.598463246919185e-05
18824,2.8348612534887602e-05
18825,0.00013004714997345666
18826,4.16852261063643e-05
18827,7.168116059709447e-05
18828,0.00014891259021959579
18829,0.00012477735245429607
18830,0.00011654212939537011
18831,0.00012613114434885907
18832,8.757917512549804e-05
18833,4.2949464384540464e-05
18834,0.00015772993838686006
18835,0.0001694273273891104
18836,8.509923465375089e-05
18837,7.42100250266743e-05
18838,0.00023165815585617604
18839,6.169313573008606e-05
18840,0.00010171028584189564
18841,0.00010006867182356296
18842,7.550522031578276e-05
18843,0.00016238152278869888
18844,1.912081473041597e-05
18845,0.00014840330054261304
18846,6.91648936947055e-05
18847,6.895028559167441e-05
18848,9.269685343831298e-05
18849,0.00016322628079430657
18850,0.00021815656638669157
18851,0.0001541038943743744
18852,9.329748112277493e-05
18853,9.887418910721519e-05
18854,8.92138136968456e-05
18855,0.00028630133010610324
18856,0.00013636267737200233
18857,0.00013433810145114104
18858,7.61470559529677e-05
18859,0.00011543236898951374
18860,0.0001048856276719105
18861,0.0002790118635261879
18862,6.83330615720733e-05
18863,5.8780321177441654e-05
18864,0.00014308386435267855
18865,0.0001043810336406893
18866,0.00011605968937416568
18867,0.0001139142697581193
18868,0.00022481804847369202
18869,8.216154262618398e-05
18870,0.00012122639546905946
18871,0.0001565402558193041
18872,0.0002671496379651321
18873,0.0001846206947705846
18874,7.318326536216431e-05
18875,7.303286144281696e-05
18876,4.8584457645047e-05
18877,5.498961999790149e-05
18878,0.00015013766081416148
18879,0.00012127498098780484
18880,0.0001403682544129681
18881,0.0001744885467629708
18882,6.444188934906644e-05
18883,0.00013708400121265003
18884,0.00017336787768908315
18885,0.00010140302344120295
18886,0.00015357215726770245
18887,6.965365002991289e-05
18888,0.0002649500162783362
18889,0.00016821040946361608
18890,4.296274441086827e-05
18891,0.00015233335308620155
18892,7.557783206472723e-05
18893,0.00011218584135612596
18894,6.471749853557876e-05
18895,0.0001048993199850435
18896,0.00021729295938000012
18897,0.00012813401882836702
18898,0.00020013679844539098
18899,0.00015359081139688355
18900,0.00018853464546051893
18901,0.00011195410822380429
18902,0.0001976544495043776
18903,0.00017790360783755252
18904,0.00014364232919005738
18905,5.934923332411321e-05
18906,0.00014409692023852468
18907,5.909466520763859e-05
18908,2.1579401924455233e-05
18909,8.937747571125192e-05
18910,0.00015110077058703948
18911,7.667774086452099e-05
18912,0.00020123501481431974
18913,8.039197661362372e-05
18914,0.00015020482026493418
18915,5.0719429355161816e-05
18916,9.364771805949597e-05
18917,7.646904600712633e-05
18918,0.00021503626959575592
18919,0.00012416387220863328
18920,0.00019215379440498556
18921,0.00010229268793448159
18922,0.00011388041460496839
18923,8.658698865509414e-05
18924,0.00011413649186513386
18925,0.0001284122806083168
18926,0.00015584963331674616
18927,0.00011202474459555466
18928,6.979154956375077e-05
18929,9.125935186216453e-05
18930,0.000174252195675458
18931,0.00010673291540325495
18932,0.00013662567636743886
18933,9.148518404304182e-05
18934,7.189315971245309e-05
18935,0.00016855258788303125
18936,6.469195902008826e-05
18937,0.00021192427206735405
18938,6.712639501983022e-05
18939,0.00011685231055756075
18940,6.143727627299138e-05
18941,0.00016489854832879114
18942,7.505768302165324e-05
18943,0.0004097977383577337
18944,0.0001283028752109821
18945,0.00011505044923054388
18946,0.0002042088864289788
18947,0.00015160711460105643
18948,0.00013150897616228524
18949,0.0001258005520998642
18950,9.12654560621335e-05
18951,8.393378110916396e-05
18952,8.491651865663889e-05
18953,2.596149621038447e-05
18954,0.0001474263785025064
18955,4.547975439277319e-05
18956,0.00012034270629111017
18957,0.00023509942229567516
18958,0.00016594900845213776
18959,7.504965080852096e-05
18960,3.503137044573545e-05
18961,0.00021098709093923804
18962,0.00017092003277237536
18963,9.10251552343317e-05
18964,5.741865690668058e-05
18965,0.0001895788266921119
18966,6.7711048087625e-05
18967,0.0001415419845668834
18968,4.3455418247118495e-05
18969,0.00012227014782019972
18970,0.00010784170907476245
18971,9.592575941569035e-05
18972,0.0001490519017469398
18973,5.228307570419065e-05
18974,4.518418716279397e-05
18975,9.604732150130137e-05
18976,9.272259964083923e-05
18977,0.0001449771815564981
18978,4.694508543118389e-05
18979,3.935574480465363e-05
18980,6.321026108217008e-05
18981,7.736206185434314e-05
18982,9.481328549108776e-05
18983,4.734442055782704e-05
18984,0.00022412717290818616
18985,0.00011051066573432122
18986,0.00012974970694756298
18987,0.00028687471428989384
18988,6.671310603281351e-05
18989,6.739808092564766e-05
18990,9.057940313726291e-05
18991,0.00014584306786017307
18992,0.00014346549855364884
18993,5.964560677817939e-05
18994,0.00015049525003036306
18995,0.0001497212390711518
18996,4.71516817629696e-05
18997,0.0002589475518462954
18998,0.00012989292653105882
18999,5.3403183547496785e-05
19000,0.00010435021743557051
19001,4.847226154246918e-05
19002,0.0001555135470708638
19003,0.00016241770295813348
19004,0.0001445557801064879
19005,9.485387698663088e-05
19006,0.00012793811084555243
19007,3.307835917056794e-05
19008,0.00021836549957092696
19009,3.484386357566123e-05
19010,0.0001678206989656589
19011,3.372669061318575e-05
19012,6.303787960182145e-05
19013,0.00040812091965967734
19014,5.614650681955968e-05
19015,0.0001865507013061808
19016,5.880105355819196e-05
19017,7.053204039174359e-05
19018,0.00020149110682908674
19019,6.186680950833763e-05
19020,4.1730371602097985e-05
19021,6.075158276321636e-05
19022,0.00012355011962757891
19023,0.00017907332745703718
19024,0.00012015450057761376
19025,0.0002595320915850672
19026,0.00011451749002768842
19027,9.019987081945273e-05
19028,0.00010603147103065678
19029,0.00022095897067054754
19030,0.00011679625570163274
19031,9.569724058017175e-05
19032,8.849107638913587e-05
19033,4.92050756864547e-05
19034,0.00017767237326293112
19035,2.0150902321343947e-05
19036,0.00013081145391042855
19037,0.000102658933149631
19038,6.403075026437177e-05
19039,4.991502255192074e-05
19040,0.00012484019927609758
19041,5.493876631535758e-05
19042,0.00013246275755939544
19043,0.0001409977144831171
19044,5.280234194604128e-05
19045,0.00028458457668297925
19046,0.00011117117781982182
19047,4.101033110967984e-05
19048,0.00010161641273396549
19049,0.00016089245873690425
19050,6.0236438095846544e-05
19051,0.00015926063992573403
19052,4.391111267230397e-05
19053,7.662583801468101e-05
19054,5.101065843053964e-05
19055,2.53361181035738e-05
19056,0.00031396191145322634
19057,0.000200913741978672
19058,0.00010426390236771449
19059,0.00015609422759003678
19060,6.609675152240644e-05
19061,6.601674433834745e-05
19062,0.0001734638551408543
19063,7.445084927831612e-05
19064,7.634571504339024e-05
19065,0.0001516548628693694
19066,8.256217366675566e-05
19067,6.217688189456377e-05
19068,0.00016079216618607758
19069,6.521653004785098e-05
19070,6.689879845377171e-05
19071,0.00016391431313141913
19072,0.00010471312389368897
19073,0.0003749188860819688
19074,0.0001602629871098674
19075,9.68083827268549e-05
19076,0.0003377580132610817
19077,4.514314519967234e-05
19078,4.9479116208589496e-05
19079,7.29697732428975e-05
19080,9.630668387566837e-05
19081,7.078845521304097e-05
19082,9.773619826442911e-05
19083,0.00010724771294768111
19084,1.892250325490062e-05
19085,2.2272469851107324e-05
19086,0.00016293803519764938
19087,5.5342747311552904e-05
19088,0.00011345462960257761
19089,3.640750539532215e-05
19090,0.00017006216034804136
19091,2.668939039872929e-05
19092,0.00014088553499930665
19093,0.00010781401739285684
19094,0.00010963027260899173
19095,0.00012647492863381596
19096,0.00022364430809605111
19097,0.00023238706543637712
19098,6.713955774253303e-05
19099,9.4191496109837e-05
19100,8.406799374935744e-05
19101,0.00010697562275109926
19102,0.0001441537989858274
19103,8.623596691820854e-05
19104,0.00027762983466743987
19105,4.017430260296817e-05
19106,0.0001541747068200994
19107,7.246849213061191e-05
19108,0.0002424129669819108
19109,0.0001269197904426099
19110,0.00015266421623809283
19111,0.00012872704523197333
19112,8.194695699620725e-05
19113,0.00017130960937249322
19114,9.370538862830095e-05
19115,0.00021564457031308536
19116,0.0001972107270492024
19117,0.0002752020551288865
19118,8.745952067964369e-05
19119,8.451080471503288e-05
19120,6.068158583940744e-05
19121,5.881157404977306e-05
19122,0.00022192237218557025
19123,0.0001717372563143236
19124,7.212598604435715e-05
19125,0.000185109079678405
19126,9.933461240343313e-05
19127,0.00011558978334998462
19128,6.108814849763917e-05
19129,6.441520020987869e-05
19130,0.00018573649549539166
19131,0.00038167722373994104
19132,8.664457719620653e-05
19133,0.0001485729451069296
19134,6.965431015343742e-05
19135,7.447032860078258e-05
19136,0.000111012932662161
19137,0.00012709663459803603
19138,0.00012739101533992348
19139,0.00015107494488525352
19140,0.00010540583769027916
19141,0.00010842911847459862
19142,0.00021518931291122966
19143,4.835877121099619e-05
19144,0.00011415339913215288
19145,0.00014642366061078734
19146,2.7323833715805607e-05
19147,0.00021591173225910519
19148,0.0002459447500680157
19149,7.978981807871887e-05
19150,0.00012105775025945327
19151,1.4144845502649243e-05
19152,0.00011444901903811787
19153,4.5731622297928174e-05
19154,0.00015531938950293
19155,0.00019097568855252234
19156,8.427780128557574e-05
19157,0.00023261208381963045
19158,5.608322560093543e-05
19159,9.035021882526717e-05
19160,0.00011535442532646335
19161,9.969936748054389e-05
19162,0.0001303332406735103
19163,7.966049791782602e-05
19164,3.8956141926763166e-05
19165,0.0003091788697643757
19166,0.0001355616854406619
19167,0.00014157182543382898
19168,0.00010247462836140011
19169,0.00013718190444570198
19170,6.842542009427998e-05
19171,0.00016860282760054808
19172,4.6889801417943e-05
19173,8.645793061674568e-05
19174,8.607731300715045e-05
19175,0.00012647873919817193
19176,0.00010447590927791013
19177,1.98042601123647e-05
19178,0.0002233448215632405
19179,9.073995472723023e-05
19180,0.00014663509315462423
19181,0.0001606885909348429
19182,0.00017013976057416615
19183,9.491406117526096e-05
19184,0.0001295170660503359
19185,0.00020160609016388223
19186,0.0003090923458735749
19187,0.0001284782866408365
19188,5.7861426302632816e-05
19189,4.0742153387410416e-05
19190,7.540595069770059e-05
19191,0.0001019053651510774
19192,9.752619397308332e-05
19193,0.00014623681345766147
19194,0.0001747290077541573
19195,0.0001999285297847014
19196,0.00011739300534000755
19197,0.0001092187934158195
19198,6.427524029633122e-05
19199,0.00013682865507586177
19200,0.00010743853208344887
19201,0.00014362937029554153
19202,7.935695055989209e-05
19203,9.062223927472016e-05
19204,0.00010341084742312808
19205,8.25998323426571e-05
19206,0.00012799094726060773
19207,0.00014230706312247225
19208,8.28391947037803e-05
19209,0.00013139658132460284
19210,5.766704379100305e-05
19211,7.764190165523512e-05
19212,6.836773092706795e-05
19213,0.00017846577546167412
19214,0.00017493965013280728
19215,0.00027628447242585913
19216,0.00011216482091277784
19217,0.00019308272339911537
19218,5.7947370464497484e-05
19219,6.367328861115545e-05
19220,6.549594213967495e-05
19221,0.00018446438513586218
19222,0.00019993042722263234
19223,7.208216525311678e-05
19224,0.00016746454343840103
19225,0.00015569477132657773
19226,0.00010482456300834724
19227,3.4965152916249875e-05
19228,8.576096462797768e-05
19229,0.00011887311465345987
19230,9.8342006123865e-05
19231,0.00012403198499461114
19232,2.9025676133067036e-05
19233,7.429057904488171e-05
19234,0.00011313140164191244
19235,0.00026331209466322314
19236,6.826170564504138e-05
19237,0.00017388571801219468
19238,8.357157356021571e-05
19239,0.00019931508349779693
19240,2.552557933753954e-05
19241,0.00011104958416210234
19242,7.491404475321572e-05
19243,0.0001540401165415286
19244,0.000199188451011164
19245,0.0001222602036310083
19246,0.00017635336203841292
19247,7.816514553749814e-05
19248,0.0001376609490730213
19249,0.00019949694606563218
19250,0.00014533431142519046
19251,0.00014632848952668198
19252,4.657721118412013e-05
19253,9.043971367203997e-05
19254,0.00024105384066864784
19255,0.00010177706596796915
19256,0.00012556391018554567
19257,5.791397415826133e-05
19258,7.251615055902314e-05
19259,0.00014535734093996076
19260,4.530923417897797e-05
19261,9.010933847652886e-05
19262,8.065209277866786e-05
19263,0.00012611329501817557
19264,0.00011843345445392346
19265,0.00012032106445140063
19266,0.00017520779715670732
19267,8.950546534659935e-05
19268,0.0002958489281160594
19269,0.00011124567860460821
19270,0.0002814148378475617
19271,9.239462934440771e-05
19272,8.951422956319262e-05
19273,0.00027263834966498546
19274,9.991884043848018e-05
19275,4.0027389898138076e-05
19276,0.00017085485575548778
19277,0.00022935494120940184
19278,0.00010224653666534558
19279,4.622350878338373e-05
19280,0.00013768761784956188
19281,0.00013478651114483934
19282,5.7592333419811495e-05
19283,0.00018716488666250337
19284,0.0001074221988614211
19285,0.00014199497072574064
19286,7.397652998821586e-05
19287,7.260059463598373e-05
19288,0.00013769229398670553
19289,7.951877868055598e-05
19290,0.00014258771080820037
19291,3.888369122659598e-05
19292,0.00022361113712663012
19293,0.00010736193439166757
19294,8.647000131572988e-05
19295,7.83704372449464e-05
19296,0.00016487741862991444
19297,6.243853187609325e-05
19298,3.6030587540221545e-05
19299,0.0002191743152017668
19300,0.00016171289756786264
19301,0.00011883106962582583
19302,6.0107989581551914e-05
19303,0.00019168679838986634
19304,0.00023822230404952268
19305,0.00013897453399195324
19306,0.00022316865628947336
19307,2.9676286791317482e-05
19308,6.306785911709699e-05
19309,0.00011119244249147071
19310,0.00013056966610543912
19311,3.982112885270633e-05
19312,8.464788382729e-05
19313,0.0001279536265531487
19314,5.961094103671939e-05
19315,0.00011797389888197439
19316,6.263952009470977e-05
19317,6.867686576928368e-05
19318,8.540458687805544e-05
19319,8.198180049710675e-05
19320,0.00013126713764465898
19321,0.00016139242831522707
19322,2.5587166490353402e-05
19323,0.00010765478249008847
19324,0.0001300093711604956
19325,0.0001231120610803304
19326,8.824647872147455e-05
19327,0.0002701223625794282
19328,0.00012795449843007415
19329,0.00011265670573648902
19330,0.00012195601286008993
19331,0.00013456209749109133
19332,0.00016329486934399146
19333,0.00014734878683469058
19334,0.00026614697361327207
19335,0.0001632931215387399
19336,0.00016211226838043805
19337,0.0001149056221631995
19338,0.00010543283063313903
19339,0.00012449703280965104
19340,7.18244145703522e-05
19341,0.00025667356991686735
19342,8.278868182968655e-05
19343,0.00010774966563289781
19344,5.669318089408389e-05
19345,0.00010054806587621178
19346,3.786808468236561e-05
19347,0.00017456514165627236
19348,0.00017174015017462087
19349,0.00013196453444477127
19350,3.9741723448449026e-05
19351,8.243856392858937e-05
19352,6.650672988047487e-05
19353,9.848420257743153e-05
19354,7.253020372701849e-05
19355,6.243181422474915e-05
19356,8.488356364980533e-05
19357,4.0654944920107885e-05
19358,0.00030190013115592577
19359,0.00010438984820748692
19360,5.9519915319381376e-05
19361,6.743217623597887e-05
19362,9.706267368262587e-05
19363,6.848097781697627e-05
19364,0.0001969942080427583
19365,7.914692434297939e-05
19366,0.00011779518243007516
19367,8.083320990192056e-05
19368,5.941024742933784e-05
19369,2.6696631555705732e-05
19370,0.00011842991702893207
19371,2.9367779012587942e-05
19372,0.00012223205202073392
19373,3.8022903375445585e-05
19374,0.00010178257423181639
19375,7.520710585291832e-05
19376,0.0001603113334395001
19377,5.7789713875825016e-05
19378,5.747266593910061e-05
19379,0.00015147768066134417
19380,0.00017893304153964262
19381,5.2859266773052925e-05
19382,8.885261965940549e-05
19383,0.00013559377486095406
19384,5.120692642773258e-05
19385,3.959440207293065e-05
19386,0.00011385105978805505
19387,0.00011059491249826292
19388,8.50869950552379e-05
19389,0.0002199853342921117
19390,0.0001283604322528879
19391,7.421168387485664e-05
19392,0.0001167649991577363
19393,7.693992190519216e-05
19394,0.000149660350944297
19395,8.369507566034063e-05
19396,0.00014656877870935337
19397,2.6546478160454028e-05
19398,9.911794418319747e-05
19399,0.00014294650235015276
19400,0.00022812191208903727
19401,7.39229165549674e-05
19402,0.00011063340399114651
19403,5.919366354748562e-05
19404,4.111512391065264e-05
19405,0.00011014442651048682
19406,3.5016909213781275e-05
19407,5.4098332465076515e-05
19408,0.00014517317501588515
19409,0.00011037225585087489
19410,0.00011574325616573948
19411,4.886965443163675e-05
19412,6.494536487861804e-05
19413,0.00012150075813830077
19414,6.150344631020697e-05
19415,0.00017869544614218478
19416,8.427493416737579e-05
19417,7.215911615251836e-05
19418,0.00022629132547504014
19419,0.0001853631467642456
19420,0.00016690484009863093
19421,8.463123681550156e-05
19422,6.471511570163586e-05
19423,0.00011641003497699383
19424,0.0001921581499186543
19425,0.0001316744760382511
19426,0.00015940284635552145
19427,6.680901008158997e-05
19428,9.142301533361221e-05
19429,9.178493278691948e-05
19430,3.87343831093802e-05
19431,4.647521706432626e-05
19432,7.635402138729197e-05
19433,0.00017533928204334614
19434,0.00017455667683685598
19435,8.559905068074904e-05
19436,0.00013932429991772696
19437,0.00015589134540193138
19438,5.582483154332386e-05
19439,0.00010961357727603634
19440,9.189136015016242e-05
19441,0.0002515133074373718
19442,0.00011238262904602055
19443,0.00043250847121229364
19444,0.00029416025319505196
19445,0.00013222333575847403
19446,0.00011444583341285955
19447,0.00014557348336539163
19448,0.00015211669265089762
19449,8.179515394288146e-05
19450,7.309708452955645e-05
19451,7.155334137808071e-05
19452,3.2958510249319466e-05
19453,0.00014974361718855716
19454,0.000132890189172991
19455,0.00014183455320575516
19456,9.743266598175648e-05
19457,0.00023015196365746846
19458,5.918621676632194e-05
19459,0.00025348410355764087
19460,0.0001447758443275523
19461,3.910504487906123e-05
19462,5.982860744162894e-05
19463,9.304295090316623e-05
19464,0.00015103212888630224
19465,6.337524498490339e-05
19466,5.6800799777937194e-05
19467,6.956700077658842e-05
19468,0.0002069817858832945
19469,0.00016925886783522248
19470,0.00011551423117545248
19471,0.00010420401187106727
19472,0.00021133950230431924
19473,8.441972645348349e-05
19474,8.528289783951012e-05
19475,4.9495701052043877e-05
19476,0.00010040049269719519
19477,0.00031877725909639084
19478,0.00015658939541795202
19479,4.490188380185163e-05
19480,6.871212263060553e-05
19481,0.00014337009467987362
19482,7.132334845645433e-05
19483,0.00018602915795629872
19484,0.00010391561614544286
19485,0.00013536200312535006
19486,0.00026582451894744666
19487,4.2548003832679955e-05
19488,0.0001239000039969037
19489,0.00023835445305121701
19490,7.079914732093605e-05
19491,5.2412970927411874e-05
19492,9.479405144964592e-05
19493,7.03587150624125e-05
19494,0.00023931214153105807
19495,0.00011191240439763702
19496,0.00015871013504892116
19497,0.000291941232253359
19498,0.00010681341890206596
19499,0.00021067987196844108
19500,0.00013629380689981964
19501,7.661589530702434e-05
19502,8.239959954584282e-05
19503,7.68970623231556e-05
19504,5.0189321075438504e-05
19505,0.0001984381642219485
19506,0.0005880017662756247
19507,7.805893944337816e-05
19508,6.14304845643235e-05
19509,7.996894665976413e-05
19510,0.00010430044298332996
19511,6.881673729715036e-05
19512,4.0360010892332304e-05
19513,0.00010584384342646536
19514,7.475811409373978e-05
19515,4.022927411460151e-05
19516,8.296229603957158e-05
19517,9.528851811814789e-05
19518,7.628268721595577e-05
19519,9.158135525842153e-05
19520,8.773110629169055e-05
19521,0.00019552571668344113
19522,0.00031929638472498153
19523,6.0386283053289006e-05
19524,7.023671782905027e-05
19525,0.00023708524432758786
19526,0.00013455644803833243
19527,0.0001826508508730604
19528,0.00012120488725664627
19529,0.0001449039796018109
19530,0.00010761095555500542
19531,3.0406412193233498e-05
19532,0.00013315032426114228
19533,0.00010029958596667714
19534,0.0002999101453036151
19535,0.00013405849062703953
19536,8.767880863836449e-05
19537,0.00023125153829200195
19538,5.49773564626268e-05
19539,0.00011592546233082511
19540,0.00014590794493122823
19541,0.00010717212823883699
19542,8.179936510711603e-05
19543,0.00014820872744964128
19544,6.490874924815757e-05
19545,0.00011006765015077672
19546,7.217865473403623e-05
19547,0.00017698707668616442
19548,3.162023358632996e-05
19549,0.00010143524958051892
19550,0.00022269498275232088
19551,0.0001608918144548388
19552,5.705882905747581e-05
19553,0.00016432795882909666
19554,0.0002681219407780924
19555,0.00013456735861102742
19556,0.00012911525322161085
19557,0.000361861475090752
19558,7.348920430786249e-05
19559,0.00012566966038229628
19560,7.7685291076068e-05
19561,6.46406788365013e-05
19562,0.00010440044838772187
19563,0.0001584180492352036
19564,6.369524742884868e-05
19565,0.00032975267392895414
19566,0.00019579221621527103
19567,0.0001380037018702018
19568,9.925707032328611e-05
19569,7.949965674150302e-05
19570,6.311283052884274e-05
19571,7.380869101733673e-05
19572,0.00019517579669379258
19573,8.923759683599106e-05
19574,0.00011783148551162381
19575,5.5028753773033054e-05
19576,0.0001753619047021614
19577,4.988067593190106e-05
19578,0.00016557181163989341
19579,0.00017440425855197794
19580,0.0003041313557785912
19581,0.0001000397170800261
19582,0.00010894458292255687
19583,0.00016538603224635734
19584,6.0376899567972866e-05
19585,0.00014311510758733452
19586,5.990849795616868e-05
19587,0.0001516447549355394
19588,0.00018143899692248135
19589,7.786192024112186e-05
19590,7.127519883739651e-05
19591,9.424893452937401e-05
19592,5.8306275030216734e-05
19593,5.9122245588693744e-05
19594,0.0001356520874900882
19595,9.801091765604737e-05
19596,0.00011309476321559768
19597,7.45770311908755e-05
19598,5.784635737910426e-05
19599,0.00025777783520809626
19600,0.00012061343656677028
19601,0.0001902422054175417
19602,0.00021610920361096
19603,0.00023762791697329669
19604,0.00014331640260581665
19605,0.00013697059751457735
19606,9.665329558460372e-05
19607,0.0002891694960607746
19608,0.00011116597927936282
19609,4.425036998282878e-05
19610,8.267815326830354e-05
19611,0.00012459524958943264
19612,0.00020983487208235793
19613,0.00016791714631724823
19614,4.031126263718722e-05
19615,6.129331394333224e-05
19616,9.998483914534645e-05
19617,0.00010703055874674758
19618,0.0003080057081322592
19619,0.00015764356343512024
19620,0.00010019950185645355
19621,7.656755356761982e-05
19622,0.0001318085169867434
19623,0.00021277683044545155
19624,0.00017495231530278947
19625,8.448031160821924e-05
19626,0.0001662285641059833
19627,0.00011813690482403895
19628,0.00013604642013965472
19629,0.0002439028371914493
19630,9.68982774109191e-05
19631,6.62641286201181e-05
19632,6.094903594405934e-05
19633,0.00013660284660800418
19634,7.674199766800382e-05
19635,0.00013102248097904618
19636,6.966752329601548e-05
19637,7.548572449625826e-05
19638,0.000130017201829072
19639,6.977101631013784e-05
19640,9.115791510240891e-05
19641,6.944097419719294e-05
19642,4.830111977262382e-05
19643,8.975059808714723e-06
19644,0.0001200057726171238
19645,9.150040824382655e-05
19646,0.00015056480351589515
19647,7.169993250561658e-05
19648,8.895823899542588e-05
19649,0.0001182980824305511
19650,0.00017119825815937892
19651,0.00018180879364457719
19652,5.2793634010559237e-05
19653,6.117680753126187e-05
19654,5.913253264873776e-05
19655,0.00019209292969477298
19656,7.987666951174097e-05
19657,0.0001264109684929457
19658,0.0001006772288042427
19659,9.6515528516874e-05
19660,9.150731192250238e-05
19661,8.8214176934074e-05
19662,0.00019755839559011364
19663,6.538875282955377e-05
19664,7.385968602913507e-05
19665,0.000233132523542322
19666,4.1367495849459324e-05
19667,0.00031672948353400734
19668,0.00014687029323185133
19669,0.00011771467318751931
19670,4.892816506215381e-05
19671,0.00012798826705550076
19672,8.115615477237644e-05
19673,0.0001358923200054107
19674,4.724314964390329e-05
19675,0.000108165329608719
19676,0.00012897466139284174
19677,7.602304747709673e-05
19678,0.00035345820497233263
19679,9.570801790093529e-05
19680,7.430304967442451e-05
19681,0.00011066707959385168
19682,0.00012272316153144375
19683,0.00011984993066754589
19684,0.00011875480550188117
19685,0.00016631195930165118
19686,0.00025006905159415045
19687,0.0001774093597548325
19688,0.00018310658858787027
19689,0.00015487545161669102
19690,0.00013269587276242307
19691,8.893178371022345e-05
19692,0.00011392391049778074
19693,7.495701743672624e-05
19694,7.618723693507314e-05
19695,4.943194781167137e-05
19696,4.304856965120921e-05
19697,0.0002355623137694436
19698,0.00017989353321278359
19699,0.00012011330210851939
19700,0.0001587616693321041
19701,0.0002396294283398792
19702,3.786484072516424e-05
19703,0.00015909854747613673
19704,8.11552651604543e-05
19705,7.495833153714656e-05
19706,8.435932557722185e-05
19707,0.00012553534490871498
19708,0.00010577745232497466
19709,9.260010731748126e-05
19710,5.3284854530373735e-05
19711,8.526331312308867e-05
19712,0.00026949129579513693
19713,0.00010631232349598687
19714,7.019871779702728e-05
19715,6.4651180840868e-05
19716,0.00010331164325034244
19717,7.269355007571077e-05
19718,7.749127775335704e-05
19719,0.00020804891131343816
19720,0.00010585395537570568
19721,0.00010227541491711951
19722,0.00019869328005365112
19723,0.0001751017488761251
19724,0.00017560250066048295
19725,5.929655138360232e-05
19726,7.117251007566675e-05
19727,0.00010692346797428297
19728,0.0001385717110765195
19729,0.00010769885770574859
19730,0.00011908522066949781
19731,3.628435895414887e-05
19732,0.0001146470581464956
19733,7.969686185841057e-05
19734,8.701632956426904e-05
19735,0.00010596746945147704
19736,0.00010837667084310584
19737,6.728185403180026e-05
19738,9.783909221309734e-05
19739,0.00022035306803439594
19740,9.859363399819412e-05
19741,0.00019154392257307823
19742,0.00011190492641382097
19743,0.00018139332104601783
19744,5.9425704567031855e-05
19745,0.00011617667935858288
19746,0.00016718111406409484
19747,0.00015603666008634972
19748,8.900093156988535e-05
19749,9.731489665337657e-05
19750,0.00018782144855349222
19751,7.460585871356738e-05
19752,8.584459933209139e-05
19753,4.8924608220281304e-05
19754,0.0001923986834008862
19755,0.00015677785148185706
19756,7.838270231082946e-05
19757,0.0001739624940152102
19758,8.939687575586133e-05
19759,0.0001116685075937365
19760,0.00017168640004721491
19761,8.339340862910705e-05
19762,0.00010855659310022558
19763,8.449144786413307e-05
19764,0.00013433272538957558
19765,0.00010603386660317517
19766,0.0001387201381416374
19767,5.819040066980167e-05
19768,0.0001092040933430406
19769,0.00013749909063754504
19770,0.00022962424513293462
19771,4.884180625655543e-05
19772,8.938302656634933e-05
19773,0.00015533095126262078
19774,0.00015825433077170295
19775,4.622125086706154e-05
19776,7.327251176091232e-05
19777,0.00010353528396688866
19778,0.00012872600906899289
19779,0.00025818577971012396
19780,5.579881904398357e-05
19781,0.0002962646391680316
19782,0.00016680098104201947
19783,8.505449776601862e-05
19784,0.00010128493450221074
19785,9.28415044435459e-05
19786,7.472535451296727e-05
19787,3.9465523663236515e-05
19788,4.20376283471347e-05
19789,0.00012086099163946258
19790,0.0001355062185061635
19791,4.5921372493080146e-05
19792,7.941803201791472e-05
19793,4.730512697500901e-05
19794,9.821876560197043e-05
19795,0.00010200912066143804
19796,0.0001733127569325117
19797,0.00014913836521764415
19798,8.596069193445771e-05
19799,0.00039891335273981173
19800,0.0004451623588055854
19801,4.052134836427079e-05
19802,0.00015236125683711484
19803,5.8130589515406516e-05
19804,8.71751252053629e-05
19805,7.399033936812175e-05
19806,0.00016428676998379654
19807,0.00014059306627458906
19808,3.2161553910818233e-05
19809,2.0358574978948396e-05
19810,0.00014917065163648033
19811,8.91758701963341e-05
19812,0.00010677648997071566
19813,0.00020674383720967752
19814,0.00012984075852179674
19815,2.1480348757507483e-05
19816,4.303314795507559e-05
19817,8.566040170366842e-05
19818,0.0001248551872886725
19819,5.412436772915902e-05
19820,0.00013562342367657567
19821,0.0001186592412683113
19822,0.00012788350402495282
19823,9.992758098759603e-05
19824,0.00020165386622477378
19825,0.00010073980998716343
19826,0.00013988130579352108
19827,2.8987864280833668e-05
19828,0.00011720179594331517
19829,9.363082070798157e-05
19830,0.00010336061976930852
19831,0.00010075334131532057
19832,7.011869962281775e-05
19833,9.579740527690323e-05
19834,9.799074998212437e-05
19835,0.00016707215745129478
19836,6.471055345807792e-05
19837,3.7634177141842555e-05
19838,0.00014980698271849598
19839,0.00022600257859846314
19840,5.478408695718858e-05
19841,9.75147656610525e-05
19842,8.734154643345231e-05
19843,9.823045848453086e-05
19844,0.00015888671148488968
19845,8.620931606881729e-05
19846,6.592345244764738e-05
19847,0.0001361815838436627
19848,3.996285302345444e-05
19849,3.902586594561132e-05
19850,0.00011959856802301312
19851,7.948941092949986e-05
19852,0.00017742159336511654
19853,5.6543605770869803e-05
19854,3.1381366546878865e-05
19855,0.00022952579975018015
19856,4.53666046802393e-05
19857,8.56827605205238e-05
19858,2.9502071131739137e-05
19859,9.408819096967506e-05
19860,0.00013415597869468278
19861,0.0001612333773164385
19862,0.00014720314080174154
19863,9.711156531644968e-05
19864,3.9267907849091796e-05
19865,0.0002257289932071018
19866,8.7399989623991e-05
19867,0.0001052380596037416
19868,0.0002535225576476024
19869,0.00012659524873664352
19870,8.977752576128305e-05
19871,7.458986621977389e-05
19872,0.00010709099027229237
19873,9.189573838119528e-05
19874,4.835248051414196e-05
19875,0.00018833215252160042
19876,6.43345559563653e-05
19877,0.00019143726260789735
19878,6.139827426030111e-05
19879,4.50898859062521e-05
19880,8.462119497750455e-05
19881,7.987368469547538e-05
19882,4.129190175585766e-05
19883,8.127042392480272e-05
19884,0.00011088214299952056
19885,9.964196426630629e-05
19886,0.0002535615052782243
19887,0.00010128721809548199
19888,0.00010660657995368873
19889,5.704866668325504e-05
19890,9.17549933388279e-05
19891,0.00018400059149380101
19892,0.00022511221142621824
19893,0.00011402404260758585
19894,4.441862997815578e-05
19895,0.00014840788833197748
19896,0.0001759471453407602
19897,0.00012684336944132803
19898,4.787741837817506e-05
19899,7.453606460673277e-05
19900,9.168904653063679e-05
19901,0.00017775927848809092
19902,0.0001259006599842179
19903,0.0001434280485528848
19904,0.0001274871159370945
19905,0.00011431244626550658
19906,0.00013321677937896777
19907,0.0001278358851968668
19908,7.134666981051627e-05
19909,0.00012073954220295957
19910,0.00011926091377959566
19911,0.00019443347627402333
19912,8.19375129587997e-05
19913,7.635186009077669e-05
19914,7.925808446771318e-05
19915,0.00013963800188261964
19916,8.979281106285354e-05
19917,0.00010352783293679948
19918,9.549187354635592e-05
19919,0.00014786391858770333
19920,0.00010872602612575313
19921,6.181696771031288e-05
19922,4.122284224888979e-05
19923,9.548202175240935e-05
19924,0.0001348081335858635
19925,6.873508291430732e-05
19926,0.0001715869520896808
19927,8.694413562540618e-05
19928,8.324418007504037e-05
19929,1.2074019480020895e-05
19930,8.84919955668128e-05
19931,0.00010750262554156606
19932,5.550661253086832e-05
19933,0.00014313302751466073
19934,0.00011100260794329005
19935,9.774958709504093e-05
19936,0.00014124391228405759
19937,1.4524106274221355e-05
19938,9.639029042564931e-05
19939,0.00012388910506367848
19940,9.502963822348115e-05
19941,7.17628466764292e-05
19942,4.688342724048247e-05
19943,9.718462716906684e-05
19944,0.00013920076596528558
19945,0.00018788089957031415
19946,0.00016456689819472364
19947,0.00012328643258584387
19948,4.999230880051185e-05
19949,0.00010834928155701779
19950,6.398564026758676e-05
19951,7.237201272104513e-05
19952,3.730775788625537e-05
19953,7.08828573294873e-05
19954,0.00022996077149618047
19955,8.208338159966917e-05
19956,0.00015596146400472845
19957,5.3498881532453745e-05
19958,0.00011659549398474375
19959,9.036165140945329e-05
19960,9.722687257426051e-05
19961,0.00012638697985494515
19962,0.00011032422630009175
19963,4.83298203962405e-05
19964,0.00012446996469853096
19965,0.00010590838342008568
19966,4.845163777679787e-05
19967,0.0001402102692002221
19968,5.76536098973437e-05
19969,3.310575367514477e-05
19970,8.328199495596511e-05
19971,0.0001356129912036642
19972,0.00019192109867283475
19973,6.561462161130449e-05
19974,0.00013469302483075382
19975,0.00011239668223618282
19976,0.00010414371965547849
19977,5.926882251661757e-05
19978,0.00012806421720742032
19979,2.406217744327341e-05
19980,9.666768548811374e-05
19981,0.0001081451755504513
19982,0.00016507009099572828
19983,0.00021725404848135042
19984,0.0001429687382787288
19985,0.0001095096479527489
19986,4.55866959782904e-05
19987,0.00010400896943525086
19988,0.00010909663311467789
19989,0.00011650711176091065
19990,3.7538454672249874e-05
19991,2.2919894157627618e-05
19992,0.00012081691171787519
19993,0.0003054362826631338
19994,0.00016468940262240748
19995,3.474908908643305e-05
19996,0.00013151539481892806
19997,4.675612739718349e-05
19998,6.6636512564972e-05
19999,0.0001499433129717156
