pair_id,condition_id,dataset_id,encoder_id,projection_dim,intervention,task,tau,balanced_accuracy
cifar100__resnet18_imagenet1k_v1__d128__all_reflect,cifar100__resnet18_imagenet1k_v1__d128,cifar100,resnet18_imagenet1k_v1,128,all_reflect,counterfactual,0.0,0.6993
cifar100__resnet18_imagenet1k_v1__d128__all_reflect,cifar100__resnet18_imagenet1k_v1__d128,cifar100,resnet18_imagenet1k_v1,128,all_reflect,counterfactual,0.1,0.8693000000000001
cifar100__resnet18_imagenet1k_v1__d128__all_reflect,cifar100__resnet18_imagenet1k_v1__d128,cifar100,resnet18_imagenet1k_v1,128,all_reflect,counterfactual,0.2,0.9400999999999999
cifar100__resnet18_imagenet1k_v1__d128__all_reflect,cifar100__resnet18_imagenet1k_v1__d128,cifar100,resnet18_imagenet1k_v1,128,all_reflect,counterfactual,0.3,0.9568000000000001
cifar100__resnet18_imagenet1k_v1__d128__all_reflect,cifar100__resnet18_imagenet1k_v1__d128,cifar100,resnet18_imagenet1k_v1,128,all_reflect,counterfactual,0.4,0.9577
cifar100__resnet18_imagenet1k_v1__d128__all_reflect,cifar100__resnet18_imagenet1k_v1__d128,cifar100,resnet18_imagenet1k_v1,128,all_reflect,counterfactual,0.5,0.9532
cifar100__resnet18_imagenet1k_v1__d128__all_reflect,cifar100__resnet18_imagenet1k_v1__d128,cifar100,resnet18_imagenet1k_v1,128,all_reflect,counterfactual,0.6,0.9468000000000001
cifar100__resnet18_imagenet1k_v1__d128__all_reflect,cifar100__resnet18_imagenet1k_v1__d128,cifar100,resnet18_imagenet1k_v1,128,all_reflect,counterfactual,0.7,0.9386
cifar100__resnet18_imagenet1k_v1__d128__all_reflect,cifar100__resnet18_imagenet1k_v1__d128,cifar100,resnet18_imagenet1k_v1,128,all_reflect,counterfactual,0.8,0.9276000000000001
cifar100__resnet18_imagenet1k_v1__d128__all_reflect,cifar100__resnet18_imagenet1k_v1__d128,cifar100,resnet18_imagenet1k_v1,128,all_reflect,counterfactual,0.9,0.9142999999999999
cifar100__resnet18_imagenet1k_v1__d128__all_reflect,cifar100__resnet18_imagenet1k_v1__d128,cifar100,resnet18_imagenet1k_v1,128,all_reflect,counterfactual,1.0,0.8952000000000001
cifar100__resnet18_imagenet1k_v1__d128__all_reflect,cifar100__resnet18_imagenet1k_v1__d128,cifar100,resnet18_imagenet1k_v1,128,all_reflect,original,0.0,0.5615000000000001
cifar100__resnet18_imagenet1k_v1__d128__all_reflect,cifar100__resnet18_imagenet1k_v1__d128,cifar100,resnet18_imagenet1k_v1,128,all_reflect,original,0.1,0.6113999999999999
cifar100__resnet18_imagenet1k_v1__d128__all_reflect,cifar100__resnet18_imagenet1k_v1__d128,cifar100,resnet18_imagenet1k_v1,128,all_reflect,original,0.2,0.6275999999999999
cifar100__resnet18_imagenet1k_v1__d128__all_reflect,cifar100__resnet18_imagenet1k_v1__d128,cifar100,resnet18_imagenet1k_v1,128,all_reflect,original,0.3,0.6311
cifar100__resnet18_imagenet1k_v1__d128__all_reflect,cifar100__resnet18_imagenet1k_v1__d128,cifar100,resnet18_imagenet1k_v1,128,all_reflect,original,0.4,0.63
cifar100__resnet18_imagenet1k_v1__d128__all_reflect,cifar100__resnet18_imagenet1k_v1__d128,cifar100,resnet18_imagenet1k_v1,128,all_reflect,original,0.5,0.6259
cifar100__resnet18_imagenet1k_v1__d128__all_reflect,cifar100__resnet18_imagenet1k_v1__d128,cifar100,resnet18_imagenet1k_v1,128,all_reflect,original,0.6,0.6226999999999999
cifar100__resnet18_imagenet1k_v1__d128__all_reflect,cifar100__resnet18_imagenet1k_v1__d128,cifar100,resnet18_imagenet1k_v1,128,all_reflect,original,0.7,0.617
cifar100__resnet18_imagenet1k_v1__d128__all_reflect,cifar100__resnet18_imagenet1k_v1__d128,cifar100,resnet18_imagenet1k_v1,128,all_reflect,original,0.8,0.6152
cifar100__resnet18_imagenet1k_v1__d128__all_reflect,cifar100__resnet18_imagenet1k_v1__d128,cifar100,resnet18_imagenet1k_v1,128,all_reflect,original,0.9,0.6100000000000001
cifar100__resnet18_imagenet1k_v1__d128__all_reflect,cifar100__resnet18_imagenet1k_v1__d128,cifar100,resnet18_imagenet1k_v1,128,all_reflect,original,1.0,0.6035
cifar100__resnet18_imagenet1k_v1__d128__hash_half_reflect,cifar100__resnet18_imagenet1k_v1__d128,cifar100,resnet18_imagenet1k_v1,128,hash_half_reflect,counterfactual,0.0,0.6182
cifar100__resnet18_imagenet1k_v1__d128__hash_half_reflect,cifar100__resnet18_imagenet1k_v1__d128,cifar100,resnet18_imagenet1k_v1,128,hash_half_reflect,counterfactual,0.1,0.7164
cifar100__resnet18_imagenet1k_v1__d128__hash_half_reflect,cifar100__resnet18_imagenet1k_v1__d128,cifar100,resnet18_imagenet1k_v1,128,hash_half_reflect,counterfactual,0.2,0.7545000000000001
cifar100__resnet18_imagenet1k_v1__d128__hash_half_reflect,cifar100__resnet18_imagenet1k_v1__d128,cifar100,resnet18_imagenet1k_v1,128,hash_half_reflect,counterfactual,0.3,0.7626000000000001
cifar100__resnet18_imagenet1k_v1__d128__hash_half_reflect,cifar100__resnet18_imagenet1k_v1__d128,cifar100,resnet18_imagenet1k_v1,128,hash_half_reflect,counterfactual,0.4,0.7615
cifar100__resnet18_imagenet1k_v1__d128__hash_half_reflect,cifar100__resnet18_imagenet1k_v1__d128,cifar100,resnet18_imagenet1k_v1,128,hash_half_reflect,counterfactual,0.5,0.7572
cifar100__resnet18_imagenet1k_v1__d128__hash_half_reflect,cifar100__resnet18_imagenet1k_v1__d128,cifar100,resnet18_imagenet1k_v1,128,hash_half_reflect,counterfactual,0.6,0.7521000000000001
cifar100__resnet18_imagenet1k_v1__d128__hash_half_reflect,cifar100__resnet18_imagenet1k_v1__d128,cifar100,resnet18_imagenet1k_v1,128,hash_half_reflect,counterfactual,0.7,0.7456999999999999
cifar100__resnet18_imagenet1k_v1__d128__hash_half_reflect,cifar100__resnet18_imagenet1k_v1__d128,cifar100,resnet18_imagenet1k_v1,128,hash_half_reflect,counterfactual,0.8,0.7391999999999999
cifar100__resnet18_imagenet1k_v1__d128__hash_half_reflect,cifar100__resnet18_imagenet1k_v1__d128,cifar100,resnet18_imagenet1k_v1,128,hash_half_reflect,counterfactual,0.9,0.7303000000000001
cifar100__resnet18_imagenet1k_v1__d128__hash_half_reflect,cifar100__resnet18_imagenet1k_v1__d128,cifar100,resnet18_imagenet1k_v1,128,hash_half_reflect,counterfactual,1.0,0.7181000000000001
cifar100__resnet18_imagenet1k_v1__d128__hash_half_reflect,cifar100__resnet18_imagenet1k_v1__d128,cifar100,resnet18_imagenet1k_v1,128,hash_half_reflect,original,0.0,0.5615000000000001
cifar100__resnet18_imagenet1k_v1__d128__hash_half_reflect,cifar100__resnet18_imagenet1k_v1__d128,cifar100,resnet18_imagenet1k_v1,128,hash_half_reflect,original,0.1,0.6113999999999999
cifar100__resnet18_imagenet1k_v1__d128__hash_half_reflect,cifar100__resnet18_imagenet1k_v1__d128,cifar100,resnet18_imagenet1k_v1,128,hash_half_reflect,original,0.2,0.6275999999999999
cifar100__resnet18_imagenet1k_v1__d128__hash_half_reflect,cifar100__resnet18_imagenet1k_v1__d128,cifar100,resnet18_imagenet1k_v1,128,hash_half_reflect,original,0.3,0.6311
cifar100__resnet18_imagenet1k_v1__d128__hash_half_reflect,cifar100__resnet18_imagenet1k_v1__d128,cifar100,resnet18_imagenet1k_v1,128,hash_half_reflect,original,0.4,0.63
cifar100__resnet18_imagenet1k_v1__d128__hash_half_reflect,cifar100__resnet18_imagenet1k_v1__d128,cifar100,resnet18_imagenet1k_v1,128,hash_half_reflect,original,0.5,0.6259
cifar100__resnet18_imagenet1k_v1__d128__hash_half_reflect,cifar100__resnet18_imagenet1k_v1__d128,cifar100,resnet18_imagenet1k_v1,128,hash_half_reflect,original,0.6,0.6226999999999999
cifar100__resnet18_imagenet1k_v1__d128__hash_half_reflect,cifar100__resnet18_imagenet1k_v1__d128,cifar100,resnet18_imagenet1k_v1,128,hash_half_reflect,original,0.7,0.617
cifar100__resnet18_imagenet1k_v1__d128__hash_half_reflect,cifar100__resnet18_imagenet1k_v1__d128,cifar100,resnet18_imagenet1k_v1,128,hash_half_reflect,original,0.8,0.6152
cifar100__resnet18_imagenet1k_v1__d128__hash_half_reflect,cifar100__resnet18_imagenet1k_v1__d128,cifar100,resnet18_imagenet1k_v1,128,hash_half_reflect,original,0.9,0.6100000000000001
cifar100__resnet18_imagenet1k_v1__d128__hash_half_reflect,cifar100__resnet18_imagenet1k_v1__d128,cifar100,resnet18_imagenet1k_v1,128,hash_half_reflect,original,1.0,0.6035
cifar100__resnet18_imagenet1k_v1__d64__all_reflect,cifar100__resnet18_imagenet1k_v1__d64,cifar100,resnet18_imagenet1k_v1,64,all_reflect,counterfactual,0.0,0.604
cifar100__resnet18_imagenet1k_v1__d64__all_reflect,cifar100__resnet18_imagenet1k_v1__d64,cifar100,resnet18_imagenet1k_v1,64,all_reflect,counterfactual,0.1,0.7040999999999998
cifar100__resnet18_imagenet1k_v1__d64__all_reflect,cifar100__resnet18_imagenet1k_v1__d64,cifar100,resnet18_imagenet1k_v1,64,all_reflect,counterfactual,0.2,0.7772
cifar100__resnet18_imagenet1k_v1__d64__all_reflect,cifar100__resnet18_imagenet1k_v1__d64,cifar100,resnet18_imagenet1k_v1,64,all_reflect,counterfactual,0.3,0.8271999999999999
cifar100__resnet18_imagenet1k_v1__d64__all_reflect,cifar100__resnet18_imagenet1k_v1__d64,cifar100,resnet18_imagenet1k_v1,64,all_reflect,counterfactual,0.4,0.855
cifar100__resnet18_imagenet1k_v1__d64__all_reflect,cifar100__resnet18_imagenet1k_v1__d64,cifar100,resnet18_imagenet1k_v1,64,all_reflect,counterfactual,0.5,0.8641999999999999
cifar100__resnet18_imagenet1k_v1__d64__all_reflect,cifar100__resnet18_imagenet1k_v1__d64,cifar100,resnet18_imagenet1k_v1,64,all_reflect,counterfactual,0.6,0.8655000000000002
cifar100__resnet18_imagenet1k_v1__d64__all_reflect,cifar100__resnet18_imagenet1k_v1__d64,cifar100,resnet18_imagenet1k_v1,64,all_reflect,counterfactual,0.7,0.8634
cifar100__resnet18_imagenet1k_v1__d64__all_reflect,cifar100__resnet18_imagenet1k_v1__d64,cifar100,resnet18_imagenet1k_v1,64,all_reflect,counterfactual,0.8,0.8581000000000002
cifar100__resnet18_imagenet1k_v1__d64__all_reflect,cifar100__resnet18_imagenet1k_v1__d64,cifar100,resnet18_imagenet1k_v1,64,all_reflect,counterfactual,0.9,0.8498
cifar100__resnet18_imagenet1k_v1__d64__all_reflect,cifar100__resnet18_imagenet1k_v1__d64,cifar100,resnet18_imagenet1k_v1,64,all_reflect,counterfactual,1.0,0.8332
cifar100__resnet18_imagenet1k_v1__d64__all_reflect,cifar100__resnet18_imagenet1k_v1__d64,cifar100,resnet18_imagenet1k_v1,64,all_reflect,original,0.0,0.4928999999999999
cifar100__resnet18_imagenet1k_v1__d64__all_reflect,cifar100__resnet18_imagenet1k_v1__d64,cifar100,resnet18_imagenet1k_v1,64,all_reflect,original,0.1,0.5318
cifar100__resnet18_imagenet1k_v1__d64__all_reflect,cifar100__resnet18_imagenet1k_v1__d64,cifar100,resnet18_imagenet1k_v1,64,all_reflect,original,0.2,0.5549000000000001
cifar100__resnet18_imagenet1k_v1__d64__all_reflect,cifar100__resnet18_imagenet1k_v1__d64,cifar100,resnet18_imagenet1k_v1,64,all_reflect,original,0.3,0.5627
cifar100__resnet18_imagenet1k_v1__d64__all_reflect,cifar100__resnet18_imagenet1k_v1__d64,cifar100,resnet18_imagenet1k_v1,64,all_reflect,original,0.4,0.5652999999999999
cifar100__resnet18_imagenet1k_v1__d64__all_reflect,cifar100__resnet18_imagenet1k_v1__d64,cifar100,resnet18_imagenet1k_v1,64,all_reflect,original,0.5,0.568
cifar100__resnet18_imagenet1k_v1__d64__all_reflect,cifar100__resnet18_imagenet1k_v1__d64,cifar100,resnet18_imagenet1k_v1,64,all_reflect,original,0.6,0.5668
cifar100__resnet18_imagenet1k_v1__d64__all_reflect,cifar100__resnet18_imagenet1k_v1__d64,cifar100,resnet18_imagenet1k_v1,64,all_reflect,original,0.7,0.5637
cifar100__resnet18_imagenet1k_v1__d64__all_reflect,cifar100__resnet18_imagenet1k_v1__d64,cifar100,resnet18_imagenet1k_v1,64,all_reflect,original,0.8,0.5601
cifar100__resnet18_imagenet1k_v1__d64__all_reflect,cifar100__resnet18_imagenet1k_v1__d64,cifar100,resnet18_imagenet1k_v1,64,all_reflect,original,0.9,0.5544
cifar100__resnet18_imagenet1k_v1__d64__all_reflect,cifar100__resnet18_imagenet1k_v1__d64,cifar100,resnet18_imagenet1k_v1,64,all_reflect,original,1.0,0.5504000000000001
cifar100__resnet18_imagenet1k_v1__d64__hash_half_reflect,cifar100__resnet18_imagenet1k_v1__d64,cifar100,resnet18_imagenet1k_v1,64,hash_half_reflect,counterfactual,0.0,0.5337
cifar100__resnet18_imagenet1k_v1__d64__hash_half_reflect,cifar100__resnet18_imagenet1k_v1__d64,cifar100,resnet18_imagenet1k_v1,64,hash_half_reflect,counterfactual,0.1,0.6064
cifar100__resnet18_imagenet1k_v1__d64__hash_half_reflect,cifar100__resnet18_imagenet1k_v1__d64,cifar100,resnet18_imagenet1k_v1,64,hash_half_reflect,counterfactual,0.2,0.6517999999999999
cifar100__resnet18_imagenet1k_v1__d64__hash_half_reflect,cifar100__resnet18_imagenet1k_v1__d64,cifar100,resnet18_imagenet1k_v1,64,hash_half_reflect,counterfactual,0.3,0.6778
cifar100__resnet18_imagenet1k_v1__d64__hash_half_reflect,cifar100__resnet18_imagenet1k_v1__d64,cifar100,resnet18_imagenet1k_v1,64,hash_half_reflect,counterfactual,0.4,0.6919
cifar100__resnet18_imagenet1k_v1__d64__hash_half_reflect,cifar100__resnet18_imagenet1k_v1__d64,cifar100,resnet18_imagenet1k_v1,64,hash_half_reflect,counterfactual,0.5,0.6972999999999999
cifar100__resnet18_imagenet1k_v1__d64__hash_half_reflect,cifar100__resnet18_imagenet1k_v1__d64,cifar100,resnet18_imagenet1k_v1,64,hash_half_reflect,counterfactual,0.6,0.6955000000000001
cifar100__resnet18_imagenet1k_v1__d64__hash_half_reflect,cifar100__resnet18_imagenet1k_v1__d64,cifar100,resnet18_imagenet1k_v1,64,hash_half_reflect,counterfactual,0.7,0.6925
cifar100__resnet18_imagenet1k_v1__d64__hash_half_reflect,cifar100__resnet18_imagenet1k_v1__d64,cifar100,resnet18_imagenet1k_v1,64,hash_half_reflect,counterfactual,0.8,0.689
cifar100__resnet18_imagenet1k_v1__d64__hash_half_reflect,cifar100__resnet18_imagenet1k_v1__d64,cifar100,resnet18_imagenet1k_v1,64,hash_half_reflect,counterfactual,0.9,0.6838000000000001
cifar100__resnet18_imagenet1k_v1__d64__hash_half_reflect,cifar100__resnet18_imagenet1k_v1__d64,cifar100,resnet18_imagenet1k_v1,64,hash_half_reflect,counterfactual,1.0,0.6733
cifar100__resnet18_imagenet1k_v1__d64__hash_half_reflect,cifar100__resnet18_imagenet1k_v1__d64,cifar100,resnet18_imagenet1k_v1,64,hash_half_reflect,original,0.0,0.4928999999999999
cifar100__resnet18_imagenet1k_v1__d64__hash_half_reflect,cifar100__resnet18_imagenet1k_v1__d64,cifar100,resnet18_imagenet1k_v1,64,hash_half_reflect,original,0.1,0.5318
cifar100__resnet18_imagenet1k_v1__d64__hash_half_reflect,cifar100__resnet18_imagenet1k_v1__d64,cifar100,resnet18_imagenet1k_v1,64,hash_half_reflect,original,0.2,0.5549000000000001
cifar100__resnet18_imagenet1k_v1__d64__hash_half_reflect,cifar100__resnet18_imagenet1k_v1__d64,cifar100,resnet18_imagenet1k_v1,64,hash_half_reflect,original,0.3,0.5627
cifar100__resnet18_imagenet1k_v1__d64__hash_half_reflect,cifar100__resnet18_imagenet1k_v1__d64,cifar100,resnet18_imagenet1k_v1,64,hash_half_reflect,original,0.4,0.5652999999999999
cifar100__resnet18_imagenet1k_v1__d64__hash_half_reflect,cifar100__resnet18_imagenet1k_v1__d64,cifar100,resnet18_imagenet1k_v1,64,hash_half_reflect,original,0.5,0.568
cifar100__resnet18_imagenet1k_v1__d64__hash_half_reflect,cifar100__resnet18_imagenet1k_v1__d64,cifar100,resnet18_imagenet1k_v1,64,hash_half_reflect,original,0.6,0.5668
cifar100__resnet18_imagenet1k_v1__d64__hash_half_reflect,cifar100__resnet18_imagenet1k_v1__d64,cifar100,resnet18_imagenet1k_v1,64,hash_half_reflect,original,0.7,0.5637
cifar100__resnet18_imagenet1k_v1__d64__hash_half_reflect,cifar100__resnet18_imagenet1k_v1__d64,cifar100,resnet18_imagenet1k_v1,64,hash_half_reflect,original,0.8,0.5601
cifar100__resnet18_imagenet1k_v1__d64__hash_half_reflect,cifar100__resnet18_imagenet1k_v1__d64,cifar100,resnet18_imagenet1k_v1,64,hash_half_reflect,original,0.9,0.5544
cifar100__resnet18_imagenet1k_v1__d64__hash_half_reflect,cifar100__resnet18_imagenet1k_v1__d64,cifar100,resnet18_imagenet1k_v1,64,hash_half_reflect,original,1.0,0.5504000000000001
cifar100__vit_b_16_imagenet1k_v1__d128__all_reflect,cifar100__vit_b_16_imagenet1k_v1__d128,cifar100,vit_b_16_imagenet1k_v1,128,all_reflect,counterfactual,0.0,0.8331999999999999
cifar100__vit_b_16_imagenet1k_v1__d128__all_reflect,cifar100__vit_b_16_imagenet1k_v1__d128,cifar100,vit_b_16_imagenet1k_v1,128,all_reflect,counterfactual,0.1,0.9509000000000001
cifar100__vit_b_16_imagenet1k_v1__d128__all_reflect,cifar100__vit_b_16_imagenet1k_v1__d128,cifar100,vit_b_16_imagenet1k_v1,128,all_reflect,counterfactual,0.2,0.9790000000000001
cifar100__vit_b_16_imagenet1k_v1__d128__all_reflect,cifar100__vit_b_16_imagenet1k_v1__d128,cifar100,vit_b_16_imagenet1k_v1,128,all_reflect,counterfactual,0.3,0.9833999999999999
cifar100__vit_b_16_imagenet1k_v1__d128__all_reflect,cifar100__vit_b_16_imagenet1k_v1__d128,cifar100,vit_b_16_imagenet1k_v1,128,all_reflect,counterfactual,0.4,0.9823
cifar100__vit_b_16_imagenet1k_v1__d128__all_reflect,cifar100__vit_b_16_imagenet1k_v1__d128,cifar100,vit_b_16_imagenet1k_v1,128,all_reflect,counterfactual,0.5,0.9786999999999999
cifar100__vit_b_16_imagenet1k_v1__d128__all_reflect,cifar100__vit_b_16_imagenet1k_v1__d128,cifar100,vit_b_16_imagenet1k_v1,128,all_reflect,counterfactual,0.6,0.9749000000000001
cifar100__vit_b_16_imagenet1k_v1__d128__all_reflect,cifar100__vit_b_16_imagenet1k_v1__d128,cifar100,vit_b_16_imagenet1k_v1,128,all_reflect,counterfactual,0.7,0.9692000000000001
cifar100__vit_b_16_imagenet1k_v1__d128__all_reflect,cifar100__vit_b_16_imagenet1k_v1__d128,cifar100,vit_b_16_imagenet1k_v1,128,all_reflect,counterfactual,0.8,0.9626
cifar100__vit_b_16_imagenet1k_v1__d128__all_reflect,cifar100__vit_b_16_imagenet1k_v1__d128,cifar100,vit_b_16_imagenet1k_v1,128,all_reflect,counterfactual,0.9,0.9535000000000001
cifar100__vit_b_16_imagenet1k_v1__d128__all_reflect,cifar100__vit_b_16_imagenet1k_v1__d128,cifar100,vit_b_16_imagenet1k_v1,128,all_reflect,counterfactual,1.0,0.9385999999999999
cifar100__vit_b_16_imagenet1k_v1__d128__all_reflect,cifar100__vit_b_16_imagenet1k_v1__d128,cifar100,vit_b_16_imagenet1k_v1,128,all_reflect,original,0.0,0.7003
cifar100__vit_b_16_imagenet1k_v1__d128__all_reflect,cifar100__vit_b_16_imagenet1k_v1__d128,cifar100,vit_b_16_imagenet1k_v1,128,all_reflect,original,0.1,0.7396999999999998
cifar100__vit_b_16_imagenet1k_v1__d128__all_reflect,cifar100__vit_b_16_imagenet1k_v1__d128,cifar100,vit_b_16_imagenet1k_v1,128,all_reflect,original,0.2,0.7509999999999999
cifar100__vit_b_16_imagenet1k_v1__d128__all_reflect,cifar100__vit_b_16_imagenet1k_v1__d128,cifar100,vit_b_16_imagenet1k_v1,128,all_reflect,original,0.3,0.7552999999999999
cifar100__vit_b_16_imagenet1k_v1__d128__all_reflect,cifar100__vit_b_16_imagenet1k_v1__d128,cifar100,vit_b_16_imagenet1k_v1,128,all_reflect,original,0.4,0.7577000000000002
cifar100__vit_b_16_imagenet1k_v1__d128__all_reflect,cifar100__vit_b_16_imagenet1k_v1__d128,cifar100,vit_b_16_imagenet1k_v1,128,all_reflect,original,0.5,0.7558000000000001
cifar100__vit_b_16_imagenet1k_v1__d128__all_reflect,cifar100__vit_b_16_imagenet1k_v1__d128,cifar100,vit_b_16_imagenet1k_v1,128,all_reflect,original,0.6,0.7518999999999998
cifar100__vit_b_16_imagenet1k_v1__d128__all_reflect,cifar100__vit_b_16_imagenet1k_v1__d128,cifar100,vit_b_16_imagenet1k_v1,128,all_reflect,original,0.7,0.7505000000000002
cifar100__vit_b_16_imagenet1k_v1__d128__all_reflect,cifar100__vit_b_16_imagenet1k_v1__d128,cifar100,vit_b_16_imagenet1k_v1,128,all_reflect,original,0.8,0.7441999999999999
cifar100__vit_b_16_imagenet1k_v1__d128__all_reflect,cifar100__vit_b_16_imagenet1k_v1__d128,cifar100,vit_b_16_imagenet1k_v1,128,all_reflect,original,0.9,0.7384
cifar100__vit_b_16_imagenet1k_v1__d128__all_reflect,cifar100__vit_b_16_imagenet1k_v1__d128,cifar100,vit_b_16_imagenet1k_v1,128,all_reflect,original,1.0,0.7243999999999999
cifar100__vit_b_16_imagenet1k_v1__d128__hash_half_reflect,cifar100__vit_b_16_imagenet1k_v1__d128,cifar100,vit_b_16_imagenet1k_v1,128,hash_half_reflect,counterfactual,0.0,0.7711
cifar100__vit_b_16_imagenet1k_v1__d128__hash_half_reflect,cifar100__vit_b_16_imagenet1k_v1__d128,cifar100,vit_b_16_imagenet1k_v1,128,hash_half_reflect,counterfactual,0.1,0.8484999999999999
cifar100__vit_b_16_imagenet1k_v1__d128__hash_half_reflect,cifar100__vit_b_16_imagenet1k_v1__d128,cifar100,vit_b_16_imagenet1k_v1,128,hash_half_reflect,counterfactual,0.2,0.8698
cifar100__vit_b_16_imagenet1k_v1__d128__hash_half_reflect,cifar100__vit_b_16_imagenet1k_v1__d128,cifar100,vit_b_16_imagenet1k_v1,128,hash_half_reflect,counterfactual,0.3,0.8755999999999999
cifar100__vit_b_16_imagenet1k_v1__d128__hash_half_reflect,cifar100__vit_b_16_imagenet1k_v1__d128,cifar100,vit_b_16_imagenet1k_v1,128,hash_half_reflect,counterfactual,0.4,0.8760999999999999
cifar100__vit_b_16_imagenet1k_v1__d128__hash_half_reflect,cifar100__vit_b_16_imagenet1k_v1__d128,cifar100,vit_b_16_imagenet1k_v1,128,hash_half_reflect,counterfactual,0.5,0.8728
cifar100__vit_b_16_imagenet1k_v1__d128__hash_half_reflect,cifar100__vit_b_16_imagenet1k_v1__d128,cifar100,vit_b_16_imagenet1k_v1,128,hash_half_reflect,counterfactual,0.6,0.8683
cifar100__vit_b_16_imagenet1k_v1__d128__hash_half_reflect,cifar100__vit_b_16_imagenet1k_v1__d128,cifar100,vit_b_16_imagenet1k_v1,128,hash_half_reflect,counterfactual,0.7,0.8648
cifar100__vit_b_16_imagenet1k_v1__d128__hash_half_reflect,cifar100__vit_b_16_imagenet1k_v1__d128,cifar100,vit_b_16_imagenet1k_v1,128,hash_half_reflect,counterfactual,0.8,0.8589999999999999
cifar100__vit_b_16_imagenet1k_v1__d128__hash_half_reflect,cifar100__vit_b_16_imagenet1k_v1__d128,cifar100,vit_b_16_imagenet1k_v1,128,hash_half_reflect,counterfactual,0.9,0.8517
cifar100__vit_b_16_imagenet1k_v1__d128__hash_half_reflect,cifar100__vit_b_16_imagenet1k_v1__d128,cifar100,vit_b_16_imagenet1k_v1,128,hash_half_reflect,counterfactual,1.0,0.8377999999999999
cifar100__vit_b_16_imagenet1k_v1__d128__hash_half_reflect,cifar100__vit_b_16_imagenet1k_v1__d128,cifar100,vit_b_16_imagenet1k_v1,128,hash_half_reflect,original,0.0,0.7003
cifar100__vit_b_16_imagenet1k_v1__d128__hash_half_reflect,cifar100__vit_b_16_imagenet1k_v1__d128,cifar100,vit_b_16_imagenet1k_v1,128,hash_half_reflect,original,0.1,0.7396999999999998
cifar100__vit_b_16_imagenet1k_v1__d128__hash_half_reflect,cifar100__vit_b_16_imagenet1k_v1__d128,cifar100,vit_b_16_imagenet1k_v1,128,hash_half_reflect,original,0.2,0.7509999999999999
cifar100__vit_b_16_imagenet1k_v1__d128__hash_half_reflect,cifar100__vit_b_16_imagenet1k_v1__d128,cifar100,vit_b_16_imagenet1k_v1,128,hash_half_reflect,original,0.3,0.7552999999999999
cifar100__vit_b_16_imagenet1k_v1__d128__hash_half_reflect,cifar100__vit_b_16_imagenet1k_v1__d128,cifar100,vit_b_16_imagenet1k_v1,128,hash_half_reflect,original,0.4,0.7577000000000002
cifar100__vit_b_16_imagenet1k_v1__d128__hash_half_reflect,cifar100__vit_b_16_imagenet1k_v1__d128,cifar100,vit_b_16_imagenet1k_v1,128,hash_half_reflect,original,0.5,0.7558000000000001
cifar100__vit_b_16_imagenet1k_v1__d128__hash_half_reflect,cifar100__vit_b_16_imagenet1k_v1__d128,cifar100,vit_b_16_imagenet1k_v1,128,hash_half_reflect,original,0.6,0.7518999999999998
cifar100__vit_b_16_imagenet1k_v1__d128__hash_half_reflect,cifar100__vit_b_16_imagenet1k_v1__d128,cifar100,vit_b_16_imagenet1k_v1,128,hash_half_reflect,original,0.7,0.7505000000000002
cifar100__vit_b_16_imagenet1k_v1__d128__hash_half_reflect,cifar100__vit_b_16_imagenet1k_v1__d128,cifar100,vit_b_16_imagenet1k_v1,128,hash_half_reflect,original,0.8,0.7441999999999999
cifar100__vit_b_16_imagenet1k_v1__d128__hash_half_reflect,cifar100__vit_b_16_imagenet1k_v1__d128,cifar100,vit_b_16_imagenet1k_v1,128,hash_half_reflect,original,0.9,0.7384
cifar100__vit_b_16_imagenet1k_v1__d128__hash_half_reflect,cifar100__vit_b_16_imagenet1k_v1__d128,cifar100,vit_b_16_imagenet1k_v1,128,hash_half_reflect,original,1.0,0.7243999999999999
cifar100__vit_b_16_imagenet1k_v1__d64__all_reflect,cifar100__vit_b_16_imagenet1k_v1__d64,cifar100,vit_b_16_imagenet1k_v1,64,all_reflect,counterfactual,0.0,0.7472000000000001
cifar100__vit_b_16_imagenet1k_v1__d64__all_reflect,cifar100__vit_b_16_imagenet1k_v1__d64,cifar100,vit_b_16_imagenet1k_v1,64,all_reflect,counterfactual,0.1,0.8405999999999999
cifar100__vit_b_16_imagenet1k_v1__d64__all_reflect,cifar100__vit_b_16_imagenet1k_v1__d64,cifar100,vit_b_16_imagenet1k_v1,64,all_reflect,counterfactual,0.2,0.892
cifar100__vit_b_16_imagenet1k_v1__d64__all_reflect,cifar100__vit_b_16_imagenet1k_v1__d64,cifar100,vit_b_16_imagenet1k_v1,64,all_reflect,counterfactual,0.3,0.9175
cifar100__vit_b_16_imagenet1k_v1__d64__all_reflect,cifar100__vit_b_16_imagenet1k_v1__d64,cifar100,vit_b_16_imagenet1k_v1,64,all_reflect,counterfactual,0.4,0.9308999999999998
cifar100__vit_b_16_imagenet1k_v1__d64__all_reflect,cifar100__vit_b_16_imagenet1k_v1__d64,cifar100,vit_b_16_imagenet1k_v1,64,all_reflect,counterfactual,0.5,0.9373999999999999
cifar100__vit_b_16_imagenet1k_v1__d64__all_reflect,cifar100__vit_b_16_imagenet1k_v1__d64,cifar100,vit_b_16_imagenet1k_v1,64,all_reflect,counterfactual,0.6,0.9384999999999999
cifar100__vit_b_16_imagenet1k_v1__d64__all_reflect,cifar100__vit_b_16_imagenet1k_v1__d64,cifar100,vit_b_16_imagenet1k_v1,64,all_reflect,counterfactual,0.7,0.9362999999999999
cifar100__vit_b_16_imagenet1k_v1__d64__all_reflect,cifar100__vit_b_16_imagenet1k_v1__d64,cifar100,vit_b_16_imagenet1k_v1,64,all_reflect,counterfactual,0.8,0.9309000000000001
cifar100__vit_b_16_imagenet1k_v1__d64__all_reflect,cifar100__vit_b_16_imagenet1k_v1__d64,cifar100,vit_b_16_imagenet1k_v1,64,all_reflect,counterfactual,0.9,0.9212
cifar100__vit_b_16_imagenet1k_v1__d64__all_reflect,cifar100__vit_b_16_imagenet1k_v1__d64,cifar100,vit_b_16_imagenet1k_v1,64,all_reflect,counterfactual,1.0,0.9079999999999998
cifar100__vit_b_16_imagenet1k_v1__d64__all_reflect,cifar100__vit_b_16_imagenet1k_v1__d64,cifar100,vit_b_16_imagenet1k_v1,64,all_reflect,original,0.0,0.6363000000000001
cifar100__vit_b_16_imagenet1k_v1__d64__all_reflect,cifar100__vit_b_16_imagenet1k_v1__d64,cifar100,vit_b_16_imagenet1k_v1,64,all_reflect,original,0.1,0.6728000000000001
cifar100__vit_b_16_imagenet1k_v1__d64__all_reflect,cifar100__vit_b_16_imagenet1k_v1__d64,cifar100,vit_b_16_imagenet1k_v1,64,all_reflect,original,0.2,0.6920000000000001
cifar100__vit_b_16_imagenet1k_v1__d64__all_reflect,cifar100__vit_b_16_imagenet1k_v1__d64,cifar100,vit_b_16_imagenet1k_v1,64,all_reflect,original,0.3,0.6996999999999999
cifar100__vit_b_16_imagenet1k_v1__d64__all_reflect,cifar100__vit_b_16_imagenet1k_v1__d64,cifar100,vit_b_16_imagenet1k_v1,64,all_reflect,original,0.4,0.7051999999999999
cifar100__vit_b_16_imagenet1k_v1__d64__all_reflect,cifar100__vit_b_16_imagenet1k_v1__d64,cifar100,vit_b_16_imagenet1k_v1,64,all_reflect,original,0.5,0.705
cifar100__vit_b_16_imagenet1k_v1__d64__all_reflect,cifar100__vit_b_16_imagenet1k_v1__d64,cifar100,vit_b_16_imagenet1k_v1,64,all_reflect,original,0.6,0.7038999999999999
cifar100__vit_b_16_imagenet1k_v1__d64__all_reflect,cifar100__vit_b_16_imagenet1k_v1__d64,cifar100,vit_b_16_imagenet1k_v1,64,all_reflect,original,0.7,0.701
cifar100__vit_b_16_imagenet1k_v1__d64__all_reflect,cifar100__vit_b_16_imagenet1k_v1__d64,cifar100,vit_b_16_imagenet1k_v1,64,all_reflect,original,0.8,0.6957999999999999
cifar100__vit_b_16_imagenet1k_v1__d64__all_reflect,cifar100__vit_b_16_imagenet1k_v1__d64,cifar100,vit_b_16_imagenet1k_v1,64,all_reflect,original,0.9,0.6916
cifar100__vit_b_16_imagenet1k_v1__d64__all_reflect,cifar100__vit_b_16_imagenet1k_v1__d64,cifar100,vit_b_16_imagenet1k_v1,64,all_reflect,original,1.0,0.6844000000000001
cifar100__vit_b_16_imagenet1k_v1__d64__hash_half_reflect,cifar100__vit_b_16_imagenet1k_v1__d64,cifar100,vit_b_16_imagenet1k_v1,64,hash_half_reflect,counterfactual,0.0,0.6884999999999999
cifar100__vit_b_16_imagenet1k_v1__d64__hash_half_reflect,cifar100__vit_b_16_imagenet1k_v1__d64,cifar100,vit_b_16_imagenet1k_v1,64,hash_half_reflect,counterfactual,0.1,0.7519
cifar100__vit_b_16_imagenet1k_v1__d64__hash_half_reflect,cifar100__vit_b_16_imagenet1k_v1__d64,cifar100,vit_b_16_imagenet1k_v1,64,hash_half_reflect,counterfactual,0.2,0.7896
cifar100__vit_b_16_imagenet1k_v1__d64__hash_half_reflect,cifar100__vit_b_16_imagenet1k_v1__d64,cifar100,vit_b_16_imagenet1k_v1,64,hash_half_reflect,counterfactual,0.3,0.8068000000000001
cifar100__vit_b_16_imagenet1k_v1__d64__hash_half_reflect,cifar100__vit_b_16_imagenet1k_v1__d64,cifar100,vit_b_16_imagenet1k_v1,64,hash_half_reflect,counterfactual,0.4,0.8180999999999998
cifar100__vit_b_16_imagenet1k_v1__d64__hash_half_reflect,cifar100__vit_b_16_imagenet1k_v1__d64,cifar100,vit_b_16_imagenet1k_v1,64,hash_half_reflect,counterfactual,0.5,0.8212
cifar100__vit_b_16_imagenet1k_v1__d64__hash_half_reflect,cifar100__vit_b_16_imagenet1k_v1__d64,cifar100,vit_b_16_imagenet1k_v1,64,hash_half_reflect,counterfactual,0.6,0.8205999999999999
cifar100__vit_b_16_imagenet1k_v1__d64__hash_half_reflect,cifar100__vit_b_16_imagenet1k_v1__d64,cifar100,vit_b_16_imagenet1k_v1,64,hash_half_reflect,counterfactual,0.7,0.8169
cifar100__vit_b_16_imagenet1k_v1__d64__hash_half_reflect,cifar100__vit_b_16_imagenet1k_v1__d64,cifar100,vit_b_16_imagenet1k_v1,64,hash_half_reflect,counterfactual,0.8,0.8107000000000001
cifar100__vit_b_16_imagenet1k_v1__d64__hash_half_reflect,cifar100__vit_b_16_imagenet1k_v1__d64,cifar100,vit_b_16_imagenet1k_v1,64,hash_half_reflect,counterfactual,0.9,0.804
cifar100__vit_b_16_imagenet1k_v1__d64__hash_half_reflect,cifar100__vit_b_16_imagenet1k_v1__d64,cifar100,vit_b_16_imagenet1k_v1,64,hash_half_reflect,counterfactual,1.0,0.7931999999999999
cifar100__vit_b_16_imagenet1k_v1__d64__hash_half_reflect,cifar100__vit_b_16_imagenet1k_v1__d64,cifar100,vit_b_16_imagenet1k_v1,64,hash_half_reflect,original,0.0,0.6363000000000001
cifar100__vit_b_16_imagenet1k_v1__d64__hash_half_reflect,cifar100__vit_b_16_imagenet1k_v1__d64,cifar100,vit_b_16_imagenet1k_v1,64,hash_half_reflect,original,0.1,0.6728000000000001
cifar100__vit_b_16_imagenet1k_v1__d64__hash_half_reflect,cifar100__vit_b_16_imagenet1k_v1__d64,cifar100,vit_b_16_imagenet1k_v1,64,hash_half_reflect,original,0.2,0.6920000000000001
cifar100__vit_b_16_imagenet1k_v1__d64__hash_half_reflect,cifar100__vit_b_16_imagenet1k_v1__d64,cifar100,vit_b_16_imagenet1k_v1,64,hash_half_reflect,original,0.3,0.6996999999999999
cifar100__vit_b_16_imagenet1k_v1__d64__hash_half_reflect,cifar100__vit_b_16_imagenet1k_v1__d64,cifar100,vit_b_16_imagenet1k_v1,64,hash_half_reflect,original,0.4,0.7051999999999999
cifar100__vit_b_16_imagenet1k_v1__d64__hash_half_reflect,cifar100__vit_b_16_imagenet1k_v1__d64,cifar100,vit_b_16_imagenet1k_v1,64,hash_half_reflect,original,0.5,0.705
cifar100__vit_b_16_imagenet1k_v1__d64__hash_half_reflect,cifar100__vit_b_16_imagenet1k_v1__d64,cifar100,vit_b_16_imagenet1k_v1,64,hash_half_reflect,original,0.6,0.7038999999999999
cifar100__vit_b_16_imagenet1k_v1__d64__hash_half_reflect,cifar100__vit_b_16_imagenet1k_v1__d64,cifar100,vit_b_16_imagenet1k_v1,64,hash_half_reflect,original,0.7,0.701
cifar100__vit_b_16_imagenet1k_v1__d64__hash_half_reflect,cifar100__vit_b_16_imagenet1k_v1__d64,cifar100,vit_b_16_imagenet1k_v1,64,hash_half_reflect,original,0.8,0.6957999999999999
cifar100__vit_b_16_imagenet1k_v1__d64__hash_half_reflect,cifar100__vit_b_16_imagenet1k_v1__d64,cifar100,vit_b_16_imagenet1k_v1,64,hash_half_reflect,original,0.9,0.6916
cifar100__vit_b_16_imagenet1k_v1__d64__hash_half_reflect,cifar100__vit_b_16_imagenet1k_v1__d64,cifar100,vit_b_16_imagenet1k_v1,64,hash_half_reflect,original,1.0,0.6844000000000001
dermamnist__resnet18_imagenet1k_v1__d128__all_reflect,dermamnist__resnet18_imagenet1k_v1__d128,dermamnist,resnet18_imagenet1k_v1,128,all_reflect,counterfactual,0.0,0.4987919073101554
dermamnist__resnet18_imagenet1k_v1__d128__all_reflect,dermamnist__resnet18_imagenet1k_v1__d128,dermamnist,resnet18_imagenet1k_v1,128,all_reflect,counterfactual,0.1,0.6672524710016862
dermamnist__resnet18_imagenet1k_v1__d128__all_reflect,dermamnist__resnet18_imagenet1k_v1__d128,dermamnist,resnet18_imagenet1k_v1,128,all_reflect,counterfactual,0.2,0.7462087237492666
dermamnist__resnet18_imagenet1k_v1__d128__all_reflect,dermamnist__resnet18_imagenet1k_v1__d128,dermamnist,resnet18_imagenet1k_v1,128,all_reflect,counterfactual,0.3,0.7692752432187542
dermamnist__resnet18_imagenet1k_v1__d128__all_reflect,dermamnist__resnet18_imagenet1k_v1__d128,dermamnist,resnet18_imagenet1k_v1,128,all_reflect,counterfactual,0.4,0.7639725155189971
dermamnist__resnet18_imagenet1k_v1__d128__all_reflect,dermamnist__resnet18_imagenet1k_v1__d128,dermamnist,resnet18_imagenet1k_v1,128,all_reflect,counterfactual,0.5,0.7360745094339469
dermamnist__resnet18_imagenet1k_v1__d128__all_reflect,dermamnist__resnet18_imagenet1k_v1__d128,dermamnist,resnet18_imagenet1k_v1,128,all_reflect,counterfactual,0.6,0.7059525307070705
dermamnist__resnet18_imagenet1k_v1__d128__all_reflect,dermamnist__resnet18_imagenet1k_v1__d128,dermamnist,resnet18_imagenet1k_v1,128,all_reflect,counterfactual,0.7,0.6645590980733369
dermamnist__resnet18_imagenet1k_v1__d128__all_reflect,dermamnist__resnet18_imagenet1k_v1__d128,dermamnist,resnet18_imagenet1k_v1,128,all_reflect,counterfactual,0.8,0.6403246831900552
dermamnist__resnet18_imagenet1k_v1__d128__all_reflect,dermamnist__resnet18_imagenet1k_v1__d128,dermamnist,resnet18_imagenet1k_v1,128,all_reflect,counterfactual,0.9,0.6242150104617445
dermamnist__resnet18_imagenet1k_v1__d128__all_reflect,dermamnist__resnet18_imagenet1k_v1__d128,dermamnist,resnet18_imagenet1k_v1,128,all_reflect,counterfactual,1.0,0.6230438805220011
dermamnist__resnet18_imagenet1k_v1__d128__all_reflect,dermamnist__resnet18_imagenet1k_v1__d128,dermamnist,resnet18_imagenet1k_v1,128,all_reflect,original,0.0,0.40820366421206405
dermamnist__resnet18_imagenet1k_v1__d128__all_reflect,dermamnist__resnet18_imagenet1k_v1__d128,dermamnist,resnet18_imagenet1k_v1,128,all_reflect,original,0.1,0.47684691658485523
dermamnist__resnet18_imagenet1k_v1__d128__all_reflect,dermamnist__resnet18_imagenet1k_v1__d128,dermamnist,resnet18_imagenet1k_v1,128,all_reflect,original,0.2,0.5154808520996601
dermamnist__resnet18_imagenet1k_v1__d128__all_reflect,dermamnist__resnet18_imagenet1k_v1__d128,dermamnist,resnet18_imagenet1k_v1,128,all_reflect,original,0.3,0.516266756949518
dermamnist__resnet18_imagenet1k_v1__d128__all_reflect,dermamnist__resnet18_imagenet1k_v1__d128,dermamnist,resnet18_imagenet1k_v1,128,all_reflect,original,0.4,0.509179068304407
dermamnist__resnet18_imagenet1k_v1__d128__all_reflect,dermamnist__resnet18_imagenet1k_v1__d128,dermamnist,resnet18_imagenet1k_v1,128,all_reflect,original,0.5,0.49990166629949784
dermamnist__resnet18_imagenet1k_v1__d128__all_reflect,dermamnist__resnet18_imagenet1k_v1__d128,dermamnist,resnet18_imagenet1k_v1,128,all_reflect,original,0.6,0.49049400678178084
dermamnist__resnet18_imagenet1k_v1__d128__all_reflect,dermamnist__resnet18_imagenet1k_v1__d128,dermamnist,resnet18_imagenet1k_v1,128,all_reflect,original,0.7,0.4769503923767937
dermamnist__resnet18_imagenet1k_v1__d128__all_reflect,dermamnist__resnet18_imagenet1k_v1__d128,dermamnist,resnet18_imagenet1k_v1,128,all_reflect,original,0.8,0.47943549149742104
dermamnist__resnet18_imagenet1k_v1__d128__all_reflect,dermamnist__resnet18_imagenet1k_v1__d128,dermamnist,resnet18_imagenet1k_v1,128,all_reflect,original,0.9,0.4722345904239618
dermamnist__resnet18_imagenet1k_v1__d128__all_reflect,dermamnist__resnet18_imagenet1k_v1__d128,dermamnist,resnet18_imagenet1k_v1,128,all_reflect,original,1.0,0.4640916913915367
dermamnist__resnet18_imagenet1k_v1__d128__hash_half_reflect,dermamnist__resnet18_imagenet1k_v1__d128,dermamnist,resnet18_imagenet1k_v1,128,hash_half_reflect,counterfactual,0.0,0.3998638831153925
dermamnist__resnet18_imagenet1k_v1__d128__hash_half_reflect,dermamnist__resnet18_imagenet1k_v1__d128,dermamnist,resnet18_imagenet1k_v1,128,hash_half_reflect,counterfactual,0.1,0.5028381491311149
dermamnist__resnet18_imagenet1k_v1__d128__hash_half_reflect,dermamnist__resnet18_imagenet1k_v1__d128,dermamnist,resnet18_imagenet1k_v1,128,hash_half_reflect,counterfactual,0.2,0.5724702886746834
dermamnist__resnet18_imagenet1k_v1__d128__hash_half_reflect,dermamnist__resnet18_imagenet1k_v1__d128,dermamnist,resnet18_imagenet1k_v1,128,hash_half_reflect,counterfactual,0.3,0.5804296887087226
dermamnist__resnet18_imagenet1k_v1__d128__hash_half_reflect,dermamnist__resnet18_imagenet1k_v1__d128,dermamnist,resnet18_imagenet1k_v1,128,hash_half_reflect,counterfactual,0.4,0.5794162961620167
dermamnist__resnet18_imagenet1k_v1__d128__hash_half_reflect,dermamnist__resnet18_imagenet1k_v1__d128,dermamnist,resnet18_imagenet1k_v1,128,hash_half_reflect,counterfactual,0.5,0.5693828392536623
dermamnist__resnet18_imagenet1k_v1__d128__hash_half_reflect,dermamnist__resnet18_imagenet1k_v1__d128,dermamnist,resnet18_imagenet1k_v1,128,hash_half_reflect,counterfactual,0.6,0.5667564496956866
dermamnist__resnet18_imagenet1k_v1__d128__hash_half_reflect,dermamnist__resnet18_imagenet1k_v1__d128,dermamnist,resnet18_imagenet1k_v1,128,hash_half_reflect,counterfactual,0.7,0.5442712002657908
dermamnist__resnet18_imagenet1k_v1__d128__hash_half_reflect,dermamnist__resnet18_imagenet1k_v1__d128,dermamnist,resnet18_imagenet1k_v1,128,hash_half_reflect,counterfactual,0.8,0.5367708459918293
dermamnist__resnet18_imagenet1k_v1__d128__hash_half_reflect,dermamnist__resnet18_imagenet1k_v1__d128,dermamnist,resnet18_imagenet1k_v1,128,hash_half_reflect,counterfactual,0.9,0.5282791699258945
dermamnist__resnet18_imagenet1k_v1__d128__hash_half_reflect,dermamnist__resnet18_imagenet1k_v1__d128,dermamnist,resnet18_imagenet1k_v1,128,hash_half_reflect,counterfactual,1.0,0.5370274833277847
dermamnist__resnet18_imagenet1k_v1__d128__hash_half_reflect,dermamnist__resnet18_imagenet1k_v1__d128,dermamnist,resnet18_imagenet1k_v1,128,hash_half_reflect,original,0.0,0.40820366421206405
dermamnist__resnet18_imagenet1k_v1__d128__hash_half_reflect,dermamnist__resnet18_imagenet1k_v1__d128,dermamnist,resnet18_imagenet1k_v1,128,hash_half_reflect,original,0.1,0.47684691658485523
dermamnist__resnet18_imagenet1k_v1__d128__hash_half_reflect,dermamnist__resnet18_imagenet1k_v1__d128,dermamnist,resnet18_imagenet1k_v1,128,hash_half_reflect,original,0.2,0.5154808520996601
dermamnist__resnet18_imagenet1k_v1__d128__hash_half_reflect,dermamnist__resnet18_imagenet1k_v1__d128,dermamnist,resnet18_imagenet1k_v1,128,hash_half_reflect,original,0.3,0.516266756949518
dermamnist__resnet18_imagenet1k_v1__d128__hash_half_reflect,dermamnist__resnet18_imagenet1k_v1__d128,dermamnist,resnet18_imagenet1k_v1,128,hash_half_reflect,original,0.4,0.509179068304407
dermamnist__resnet18_imagenet1k_v1__d128__hash_half_reflect,dermamnist__resnet18_imagenet1k_v1__d128,dermamnist,resnet18_imagenet1k_v1,128,hash_half_reflect,original,0.5,0.49990166629949784
dermamnist__resnet18_imagenet1k_v1__d128__hash_half_reflect,dermamnist__resnet18_imagenet1k_v1__d128,dermamnist,resnet18_imagenet1k_v1,128,hash_half_reflect,original,0.6,0.49049400678178084
dermamnist__resnet18_imagenet1k_v1__d128__hash_half_reflect,dermamnist__resnet18_imagenet1k_v1__d128,dermamnist,resnet18_imagenet1k_v1,128,hash_half_reflect,original,0.7,0.4769503923767937
dermamnist__resnet18_imagenet1k_v1__d128__hash_half_reflect,dermamnist__resnet18_imagenet1k_v1__d128,dermamnist,resnet18_imagenet1k_v1,128,hash_half_reflect,original,0.8,0.47943549149742104
dermamnist__resnet18_imagenet1k_v1__d128__hash_half_reflect,dermamnist__resnet18_imagenet1k_v1__d128,dermamnist,resnet18_imagenet1k_v1,128,hash_half_reflect,original,0.9,0.4722345904239618
dermamnist__resnet18_imagenet1k_v1__d128__hash_half_reflect,dermamnist__resnet18_imagenet1k_v1__d128,dermamnist,resnet18_imagenet1k_v1,128,hash_half_reflect,original,1.0,0.4640916913915367
dermamnist__resnet18_imagenet1k_v1__d64__all_reflect,dermamnist__resnet18_imagenet1k_v1__d64,dermamnist,resnet18_imagenet1k_v1,64,all_reflect,counterfactual,0.0,0.3961900994807627
dermamnist__resnet18_imagenet1k_v1__d64__all_reflect,dermamnist__resnet18_imagenet1k_v1__d64,dermamnist,resnet18_imagenet1k_v1,64,all_reflect,counterfactual,0.1,0.47622582546729175
dermamnist__resnet18_imagenet1k_v1__d64__all_reflect,dermamnist__resnet18_imagenet1k_v1__d64,dermamnist,resnet18_imagenet1k_v1,64,all_reflect,counterfactual,0.2,0.5207449903655582
dermamnist__resnet18_imagenet1k_v1__d64__all_reflect,dermamnist__resnet18_imagenet1k_v1__d64,dermamnist,resnet18_imagenet1k_v1,64,all_reflect,counterfactual,0.3,0.5699600255470504
dermamnist__resnet18_imagenet1k_v1__d64__all_reflect,dermamnist__resnet18_imagenet1k_v1__d64,dermamnist,resnet18_imagenet1k_v1,64,all_reflect,counterfactual,0.4,0.6273835490054792
dermamnist__resnet18_imagenet1k_v1__d64__all_reflect,dermamnist__resnet18_imagenet1k_v1__d64,dermamnist,resnet18_imagenet1k_v1,64,all_reflect,counterfactual,0.5,0.6386834563303802
dermamnist__resnet18_imagenet1k_v1__d64__all_reflect,dermamnist__resnet18_imagenet1k_v1__d64,dermamnist,resnet18_imagenet1k_v1,64,all_reflect,counterfactual,0.6,0.6546107418792805
dermamnist__resnet18_imagenet1k_v1__d64__all_reflect,dermamnist__resnet18_imagenet1k_v1__d64,dermamnist,resnet18_imagenet1k_v1,64,all_reflect,counterfactual,0.7,0.653344309809999
dermamnist__resnet18_imagenet1k_v1__d64__all_reflect,dermamnist__resnet18_imagenet1k_v1__d64,dermamnist,resnet18_imagenet1k_v1,64,all_reflect,counterfactual,0.8,0.6247365924577668
dermamnist__resnet18_imagenet1k_v1__d64__all_reflect,dermamnist__resnet18_imagenet1k_v1__d64,dermamnist,resnet18_imagenet1k_v1,64,all_reflect,counterfactual,0.9,0.6133380321429761
dermamnist__resnet18_imagenet1k_v1__d64__all_reflect,dermamnist__resnet18_imagenet1k_v1__d64,dermamnist,resnet18_imagenet1k_v1,64,all_reflect,counterfactual,1.0,0.6101116885464711
dermamnist__resnet18_imagenet1k_v1__d64__all_reflect,dermamnist__resnet18_imagenet1k_v1__d64,dermamnist,resnet18_imagenet1k_v1,64,all_reflect,original,0.0,0.3453209160628594
dermamnist__resnet18_imagenet1k_v1__d64__all_reflect,dermamnist__resnet18_imagenet1k_v1__d64,dermamnist,resnet18_imagenet1k_v1,64,all_reflect,original,0.1,0.38416936299489307
dermamnist__resnet18_imagenet1k_v1__d64__all_reflect,dermamnist__resnet18_imagenet1k_v1__d64,dermamnist,resnet18_imagenet1k_v1,64,all_reflect,original,0.2,0.41727348048495166
dermamnist__resnet18_imagenet1k_v1__d64__all_reflect,dermamnist__resnet18_imagenet1k_v1__d64,dermamnist,resnet18_imagenet1k_v1,64,all_reflect,original,0.3,0.43387154233469516
dermamnist__resnet18_imagenet1k_v1__d64__all_reflect,dermamnist__resnet18_imagenet1k_v1__d64,dermamnist,resnet18_imagenet1k_v1,64,all_reflect,original,0.4,0.45015054057949994
dermamnist__resnet18_imagenet1k_v1__d64__all_reflect,dermamnist__resnet18_imagenet1k_v1__d64,dermamnist,resnet18_imagenet1k_v1,64,all_reflect,original,0.5,0.4516069816575949
dermamnist__resnet18_imagenet1k_v1__d64__all_reflect,dermamnist__resnet18_imagenet1k_v1__d64,dermamnist,resnet18_imagenet1k_v1,64,all_reflect,original,0.6,0.4564154000460593
dermamnist__resnet18_imagenet1k_v1__d64__all_reflect,dermamnist__resnet18_imagenet1k_v1__d64,dermamnist,resnet18_imagenet1k_v1,64,all_reflect,original,0.7,0.4494772189431214
dermamnist__resnet18_imagenet1k_v1__d64__all_reflect,dermamnist__resnet18_imagenet1k_v1__d64,dermamnist,resnet18_imagenet1k_v1,64,all_reflect,original,0.8,0.4260313218271802
dermamnist__resnet18_imagenet1k_v1__d64__all_reflect,dermamnist__resnet18_imagenet1k_v1__d64,dermamnist,resnet18_imagenet1k_v1,64,all_reflect,original,0.9,0.41940546972833725
dermamnist__resnet18_imagenet1k_v1__d64__all_reflect,dermamnist__resnet18_imagenet1k_v1__d64,dermamnist,resnet18_imagenet1k_v1,64,all_reflect,original,1.0,0.4098611194694827
dermamnist__resnet18_imagenet1k_v1__d64__hash_half_reflect,dermamnist__resnet18_imagenet1k_v1__d64,dermamnist,resnet18_imagenet1k_v1,64,hash_half_reflect,counterfactual,0.0,0.4186504492953726
dermamnist__resnet18_imagenet1k_v1__d64__hash_half_reflect,dermamnist__resnet18_imagenet1k_v1__d64,dermamnist,resnet18_imagenet1k_v1,64,hash_half_reflect,counterfactual,0.1,0.49380391255210526
dermamnist__resnet18_imagenet1k_v1__d64__hash_half_reflect,dermamnist__resnet18_imagenet1k_v1__d64,dermamnist,resnet18_imagenet1k_v1,64,hash_half_reflect,counterfactual,0.2,0.540563541866699
dermamnist__resnet18_imagenet1k_v1__d64__hash_half_reflect,dermamnist__resnet18_imagenet1k_v1__d64,dermamnist,resnet18_imagenet1k_v1,64,hash_half_reflect,counterfactual,0.3,0.5753866844149258
dermamnist__resnet18_imagenet1k_v1__d64__hash_half_reflect,dermamnist__resnet18_imagenet1k_v1__d64,dermamnist,resnet18_imagenet1k_v1,64,hash_half_reflect,counterfactual,0.4,0.5949388052134942
dermamnist__resnet18_imagenet1k_v1__d64__hash_half_reflect,dermamnist__resnet18_imagenet1k_v1__d64,dermamnist,resnet18_imagenet1k_v1,64,hash_half_reflect,counterfactual,0.5,0.5880790922146104
dermamnist__resnet18_imagenet1k_v1__d64__hash_half_reflect,dermamnist__resnet18_imagenet1k_v1__d64,dermamnist,resnet18_imagenet1k_v1,64,hash_half_reflect,counterfactual,0.6,0.613702959208971
dermamnist__resnet18_imagenet1k_v1__d64__hash_half_reflect,dermamnist__resnet18_imagenet1k_v1__d64,dermamnist,resnet18_imagenet1k_v1,64,hash_half_reflect,counterfactual,0.7,0.6155999329156904
dermamnist__resnet18_imagenet1k_v1__d64__hash_half_reflect,dermamnist__resnet18_imagenet1k_v1__d64,dermamnist,resnet18_imagenet1k_v1,64,hash_half_reflect,counterfactual,0.8,0.5786165332747325
dermamnist__resnet18_imagenet1k_v1__d64__hash_half_reflect,dermamnist__resnet18_imagenet1k_v1__d64,dermamnist,resnet18_imagenet1k_v1,64,hash_half_reflect,counterfactual,0.9,0.5728282072697276
dermamnist__resnet18_imagenet1k_v1__d64__hash_half_reflect,dermamnist__resnet18_imagenet1k_v1__d64,dermamnist,resnet18_imagenet1k_v1,64,hash_half_reflect,counterfactual,1.0,0.5689612486828318
dermamnist__resnet18_imagenet1k_v1__d64__hash_half_reflect,dermamnist__resnet18_imagenet1k_v1__d64,dermamnist,resnet18_imagenet1k_v1,64,hash_half_reflect,original,0.0,0.3453209160628594
dermamnist__resnet18_imagenet1k_v1__d64__hash_half_reflect,dermamnist__resnet18_imagenet1k_v1__d64,dermamnist,resnet18_imagenet1k_v1,64,hash_half_reflect,original,0.1,0.38416936299489307
dermamnist__resnet18_imagenet1k_v1__d64__hash_half_reflect,dermamnist__resnet18_imagenet1k_v1__d64,dermamnist,resnet18_imagenet1k_v1,64,hash_half_reflect,original,0.2,0.41727348048495166
dermamnist__resnet18_imagenet1k_v1__d64__hash_half_reflect,dermamnist__resnet18_imagenet1k_v1__d64,dermamnist,resnet18_imagenet1k_v1,64,hash_half_reflect,original,0.3,0.43387154233469516
dermamnist__resnet18_imagenet1k_v1__d64__hash_half_reflect,dermamnist__resnet18_imagenet1k_v1__d64,dermamnist,resnet18_imagenet1k_v1,64,hash_half_reflect,original,0.4,0.45015054057949994
dermamnist__resnet18_imagenet1k_v1__d64__hash_half_reflect,dermamnist__resnet18_imagenet1k_v1__d64,dermamnist,resnet18_imagenet1k_v1,64,hash_half_reflect,original,0.5,0.4516069816575949
dermamnist__resnet18_imagenet1k_v1__d64__hash_half_reflect,dermamnist__resnet18_imagenet1k_v1__d64,dermamnist,resnet18_imagenet1k_v1,64,hash_half_reflect,original,0.6,0.4564154000460593
dermamnist__resnet18_imagenet1k_v1__d64__hash_half_reflect,dermamnist__resnet18_imagenet1k_v1__d64,dermamnist,resnet18_imagenet1k_v1,64,hash_half_reflect,original,0.7,0.4494772189431214
dermamnist__resnet18_imagenet1k_v1__d64__hash_half_reflect,dermamnist__resnet18_imagenet1k_v1__d64,dermamnist,resnet18_imagenet1k_v1,64,hash_half_reflect,original,0.8,0.4260313218271802
dermamnist__resnet18_imagenet1k_v1__d64__hash_half_reflect,dermamnist__resnet18_imagenet1k_v1__d64,dermamnist,resnet18_imagenet1k_v1,64,hash_half_reflect,original,0.9,0.41940546972833725
dermamnist__resnet18_imagenet1k_v1__d64__hash_half_reflect,dermamnist__resnet18_imagenet1k_v1__d64,dermamnist,resnet18_imagenet1k_v1,64,hash_half_reflect,original,1.0,0.4098611194694827
dermamnist__vit_b_16_imagenet1k_v1__d128__all_reflect,dermamnist__vit_b_16_imagenet1k_v1__d128,dermamnist,vit_b_16_imagenet1k_v1,128,all_reflect,counterfactual,0.0,0.6003146395457005
dermamnist__vit_b_16_imagenet1k_v1__d128__all_reflect,dermamnist__vit_b_16_imagenet1k_v1__d128,dermamnist,vit_b_16_imagenet1k_v1,128,all_reflect,counterfactual,0.1,0.7687807140133638
dermamnist__vit_b_16_imagenet1k_v1__d128__all_reflect,dermamnist__vit_b_16_imagenet1k_v1__d128,dermamnist,vit_b_16_imagenet1k_v1,128,all_reflect,counterfactual,0.2,0.8594274133069211
dermamnist__vit_b_16_imagenet1k_v1__d128__all_reflect,dermamnist__vit_b_16_imagenet1k_v1__d128,dermamnist,vit_b_16_imagenet1k_v1,128,all_reflect,counterfactual,0.3,0.8468694795647738
dermamnist__vit_b_16_imagenet1k_v1__d128__all_reflect,dermamnist__vit_b_16_imagenet1k_v1__d128,dermamnist,vit_b_16_imagenet1k_v1,128,all_reflect,counterfactual,0.4,0.839659323310636
dermamnist__vit_b_16_imagenet1k_v1__d128__all_reflect,dermamnist__vit_b_16_imagenet1k_v1__d128,dermamnist,vit_b_16_imagenet1k_v1,128,all_reflect,counterfactual,0.5,0.814312984999403
dermamnist__vit_b_16_imagenet1k_v1__d128__all_reflect,dermamnist__vit_b_16_imagenet1k_v1__d128,dermamnist,vit_b_16_imagenet1k_v1,128,all_reflect,counterfactual,0.6,0.7768136942893795
dermamnist__vit_b_16_imagenet1k_v1__d128__all_reflect,dermamnist__vit_b_16_imagenet1k_v1__d128,dermamnist,vit_b_16_imagenet1k_v1,128,all_reflect,counterfactual,0.7,0.7493656859340622
dermamnist__vit_b_16_imagenet1k_v1__d128__all_reflect,dermamnist__vit_b_16_imagenet1k_v1__d128,dermamnist,vit_b_16_imagenet1k_v1,128,all_reflect,counterfactual,0.8,0.7339977918575306
dermamnist__vit_b_16_imagenet1k_v1__d128__all_reflect,dermamnist__vit_b_16_imagenet1k_v1__d128,dermamnist,vit_b_16_imagenet1k_v1,128,all_reflect,counterfactual,0.9,0.6992933688579035
dermamnist__vit_b_16_imagenet1k_v1__d128__all_reflect,dermamnist__vit_b_16_imagenet1k_v1__d128,dermamnist,vit_b_16_imagenet1k_v1,128,all_reflect,counterfactual,1.0,0.6468947283459793
dermamnist__vit_b_16_imagenet1k_v1__d128__all_reflect,dermamnist__vit_b_16_imagenet1k_v1__d128,dermamnist,vit_b_16_imagenet1k_v1,128,all_reflect,original,0.0,0.4913434509039732
dermamnist__vit_b_16_imagenet1k_v1__d128__all_reflect,dermamnist__vit_b_16_imagenet1k_v1__d128,dermamnist,vit_b_16_imagenet1k_v1,128,all_reflect,original,0.1,0.5531732715576468
dermamnist__vit_b_16_imagenet1k_v1__d128__all_reflect,dermamnist__vit_b_16_imagenet1k_v1__d128,dermamnist,vit_b_16_imagenet1k_v1,128,all_reflect,original,0.2,0.5585185806854011
dermamnist__vit_b_16_imagenet1k_v1__d128__all_reflect,dermamnist__vit_b_16_imagenet1k_v1__d128,dermamnist,vit_b_16_imagenet1k_v1,128,all_reflect,original,0.3,0.5586384046155768
dermamnist__vit_b_16_imagenet1k_v1__d128__all_reflect,dermamnist__vit_b_16_imagenet1k_v1__d128,dermamnist,vit_b_16_imagenet1k_v1,128,all_reflect,original,0.4,0.5543352775835327
dermamnist__vit_b_16_imagenet1k_v1__d128__all_reflect,dermamnist__vit_b_16_imagenet1k_v1__d128,dermamnist,vit_b_16_imagenet1k_v1,128,all_reflect,original,0.5,0.5607384952201379
dermamnist__vit_b_16_imagenet1k_v1__d128__all_reflect,dermamnist__vit_b_16_imagenet1k_v1__d128,dermamnist,vit_b_16_imagenet1k_v1,128,all_reflect,original,0.6,0.5536168758685401
dermamnist__vit_b_16_imagenet1k_v1__d128__all_reflect,dermamnist__vit_b_16_imagenet1k_v1__d128,dermamnist,vit_b_16_imagenet1k_v1,128,all_reflect,original,0.7,0.5484874235121732
dermamnist__vit_b_16_imagenet1k_v1__d128__all_reflect,dermamnist__vit_b_16_imagenet1k_v1__d128,dermamnist,vit_b_16_imagenet1k_v1,128,all_reflect,original,0.8,0.5393904523141156
dermamnist__vit_b_16_imagenet1k_v1__d128__all_reflect,dermamnist__vit_b_16_imagenet1k_v1__d128,dermamnist,vit_b_16_imagenet1k_v1,128,all_reflect,original,0.9,0.5184998691322144
dermamnist__vit_b_16_imagenet1k_v1__d128__all_reflect,dermamnist__vit_b_16_imagenet1k_v1__d128,dermamnist,vit_b_16_imagenet1k_v1,128,all_reflect,original,1.0,0.49109000461023256
dermamnist__vit_b_16_imagenet1k_v1__d128__hash_half_reflect,dermamnist__vit_b_16_imagenet1k_v1__d128,dermamnist,vit_b_16_imagenet1k_v1,128,hash_half_reflect,counterfactual,0.0,0.530775033813817
dermamnist__vit_b_16_imagenet1k_v1__d128__hash_half_reflect,dermamnist__vit_b_16_imagenet1k_v1__d128,dermamnist,vit_b_16_imagenet1k_v1,128,hash_half_reflect,counterfactual,0.1,0.6350479186496852
dermamnist__vit_b_16_imagenet1k_v1__d128__hash_half_reflect,dermamnist__vit_b_16_imagenet1k_v1__d128,dermamnist,vit_b_16_imagenet1k_v1,128,hash_half_reflect,counterfactual,0.2,0.6825539655903512
dermamnist__vit_b_16_imagenet1k_v1__d128__hash_half_reflect,dermamnist__vit_b_16_imagenet1k_v1__d128,dermamnist,vit_b_16_imagenet1k_v1,128,hash_half_reflect,counterfactual,0.3,0.6678046007382947
dermamnist__vit_b_16_imagenet1k_v1__d128__hash_half_reflect,dermamnist__vit_b_16_imagenet1k_v1__d128,dermamnist,vit_b_16_imagenet1k_v1,128,hash_half_reflect,counterfactual,0.4,0.6653836495014698
dermamnist__vit_b_16_imagenet1k_v1__d128__hash_half_reflect,dermamnist__vit_b_16_imagenet1k_v1__d128,dermamnist,vit_b_16_imagenet1k_v1,128,hash_half_reflect,counterfactual,0.5,0.6507064982316191
dermamnist__vit_b_16_imagenet1k_v1__d128__hash_half_reflect,dermamnist__vit_b_16_imagenet1k_v1__d128,dermamnist,vit_b_16_imagenet1k_v1,128,hash_half_reflect,counterfactual,0.6,0.6311625186315741
dermamnist__vit_b_16_imagenet1k_v1__d128__hash_half_reflect,dermamnist__vit_b_16_imagenet1k_v1__d128,dermamnist,vit_b_16_imagenet1k_v1,128,hash_half_reflect,counterfactual,0.7,0.6114462038622577
dermamnist__vit_b_16_imagenet1k_v1__d128__hash_half_reflect,dermamnist__vit_b_16_imagenet1k_v1__d128,dermamnist,vit_b_16_imagenet1k_v1,128,hash_half_reflect,counterfactual,0.8,0.5918090482109724
dermamnist__vit_b_16_imagenet1k_v1__d128__hash_half_reflect,dermamnist__vit_b_16_imagenet1k_v1__d128,dermamnist,vit_b_16_imagenet1k_v1,128,hash_half_reflect,counterfactual,0.9,0.5606606069451262
dermamnist__vit_b_16_imagenet1k_v1__d128__hash_half_reflect,dermamnist__vit_b_16_imagenet1k_v1__d128,dermamnist,vit_b_16_imagenet1k_v1,128,hash_half_reflect,counterfactual,1.0,0.5270395622989208
dermamnist__vit_b_16_imagenet1k_v1__d128__hash_half_reflect,dermamnist__vit_b_16_imagenet1k_v1__d128,dermamnist,vit_b_16_imagenet1k_v1,128,hash_half_reflect,original,0.0,0.4913434509039732
dermamnist__vit_b_16_imagenet1k_v1__d128__hash_half_reflect,dermamnist__vit_b_16_imagenet1k_v1__d128,dermamnist,vit_b_16_imagenet1k_v1,128,hash_half_reflect,original,0.1,0.5531732715576468
dermamnist__vit_b_16_imagenet1k_v1__d128__hash_half_reflect,dermamnist__vit_b_16_imagenet1k_v1__d128,dermamnist,vit_b_16_imagenet1k_v1,128,hash_half_reflect,original,0.2,0.5585185806854011
dermamnist__vit_b_16_imagenet1k_v1__d128__hash_half_reflect,dermamnist__vit_b_16_imagenet1k_v1__d128,dermamnist,vit_b_16_imagenet1k_v1,128,hash_half_reflect,original,0.3,0.5586384046155768
dermamnist__vit_b_16_imagenet1k_v1__d128__hash_half_reflect,dermamnist__vit_b_16_imagenet1k_v1__d128,dermamnist,vit_b_16_imagenet1k_v1,128,hash_half_reflect,original,0.4,0.5543352775835327
dermamnist__vit_b_16_imagenet1k_v1__d128__hash_half_reflect,dermamnist__vit_b_16_imagenet1k_v1__d128,dermamnist,vit_b_16_imagenet1k_v1,128,hash_half_reflect,original,0.5,0.5607384952201379
dermamnist__vit_b_16_imagenet1k_v1__d128__hash_half_reflect,dermamnist__vit_b_16_imagenet1k_v1__d128,dermamnist,vit_b_16_imagenet1k_v1,128,hash_half_reflect,original,0.6,0.5536168758685401
dermamnist__vit_b_16_imagenet1k_v1__d128__hash_half_reflect,dermamnist__vit_b_16_imagenet1k_v1__d128,dermamnist,vit_b_16_imagenet1k_v1,128,hash_half_reflect,original,0.7,0.5484874235121732
dermamnist__vit_b_16_imagenet1k_v1__d128__hash_half_reflect,dermamnist__vit_b_16_imagenet1k_v1__d128,dermamnist,vit_b_16_imagenet1k_v1,128,hash_half_reflect,original,0.8,0.5393904523141156
dermamnist__vit_b_16_imagenet1k_v1__d128__hash_half_reflect,dermamnist__vit_b_16_imagenet1k_v1__d128,dermamnist,vit_b_16_imagenet1k_v1,128,hash_half_reflect,original,0.9,0.5184998691322144
dermamnist__vit_b_16_imagenet1k_v1__d128__hash_half_reflect,dermamnist__vit_b_16_imagenet1k_v1__d128,dermamnist,vit_b_16_imagenet1k_v1,128,hash_half_reflect,original,1.0,0.49109000461023256
dermamnist__vit_b_16_imagenet1k_v1__d64__all_reflect,dermamnist__vit_b_16_imagenet1k_v1__d64,dermamnist,vit_b_16_imagenet1k_v1,64,all_reflect,counterfactual,0.0,0.4819152036024971
dermamnist__vit_b_16_imagenet1k_v1__d64__all_reflect,dermamnist__vit_b_16_imagenet1k_v1__d64,dermamnist,vit_b_16_imagenet1k_v1,64,all_reflect,counterfactual,0.1,0.5859437748538431
dermamnist__vit_b_16_imagenet1k_v1__d64__all_reflect,dermamnist__vit_b_16_imagenet1k_v1__d64,dermamnist,vit_b_16_imagenet1k_v1,64,all_reflect,counterfactual,0.2,0.6566319754727438
dermamnist__vit_b_16_imagenet1k_v1__d64__all_reflect,dermamnist__vit_b_16_imagenet1k_v1__d64,dermamnist,vit_b_16_imagenet1k_v1,64,all_reflect,counterfactual,0.3,0.7033412947482612
dermamnist__vit_b_16_imagenet1k_v1__d64__all_reflect,dermamnist__vit_b_16_imagenet1k_v1__d64,dermamnist,vit_b_16_imagenet1k_v1,64,all_reflect,counterfactual,0.4,0.7365201544581093
dermamnist__vit_b_16_imagenet1k_v1__d64__all_reflect,dermamnist__vit_b_16_imagenet1k_v1__d64,dermamnist,vit_b_16_imagenet1k_v1,64,all_reflect,counterfactual,0.5,0.7377362149840041
dermamnist__vit_b_16_imagenet1k_v1__d64__all_reflect,dermamnist__vit_b_16_imagenet1k_v1__d64,dermamnist,vit_b_16_imagenet1k_v1,64,all_reflect,counterfactual,0.6,0.725017705182937
dermamnist__vit_b_16_imagenet1k_v1__d64__all_reflect,dermamnist__vit_b_16_imagenet1k_v1__d64,dermamnist,vit_b_16_imagenet1k_v1,64,all_reflect,counterfactual,0.7,0.707711756133998
dermamnist__vit_b_16_imagenet1k_v1__d64__all_reflect,dermamnist__vit_b_16_imagenet1k_v1__d64,dermamnist,vit_b_16_imagenet1k_v1,64,all_reflect,counterfactual,0.8,0.7052223169876232
dermamnist__vit_b_16_imagenet1k_v1__d64__all_reflect,dermamnist__vit_b_16_imagenet1k_v1__d64,dermamnist,vit_b_16_imagenet1k_v1,64,all_reflect,counterfactual,0.9,0.6862786477955038
dermamnist__vit_b_16_imagenet1k_v1__d64__all_reflect,dermamnist__vit_b_16_imagenet1k_v1__d64,dermamnist,vit_b_16_imagenet1k_v1,64,all_reflect,counterfactual,1.0,0.6406624613489381
dermamnist__vit_b_16_imagenet1k_v1__d64__all_reflect,dermamnist__vit_b_16_imagenet1k_v1__d64,dermamnist,vit_b_16_imagenet1k_v1,64,all_reflect,original,0.0,0.4415506320531052
dermamnist__vit_b_16_imagenet1k_v1__d64__all_reflect,dermamnist__vit_b_16_imagenet1k_v1__d64,dermamnist,vit_b_16_imagenet1k_v1,64,all_reflect,original,0.1,0.4844392679086777
dermamnist__vit_b_16_imagenet1k_v1__d64__all_reflect,dermamnist__vit_b_16_imagenet1k_v1__d64,dermamnist,vit_b_16_imagenet1k_v1,64,all_reflect,original,0.2,0.5108347497398171
dermamnist__vit_b_16_imagenet1k_v1__d64__all_reflect,dermamnist__vit_b_16_imagenet1k_v1__d64,dermamnist,vit_b_16_imagenet1k_v1,64,all_reflect,original,0.3,0.5197314472729933
dermamnist__vit_b_16_imagenet1k_v1__d64__all_reflect,dermamnist__vit_b_16_imagenet1k_v1__d64,dermamnist,vit_b_16_imagenet1k_v1,64,all_reflect,original,0.4,0.5062171602546084
dermamnist__vit_b_16_imagenet1k_v1__d64__all_reflect,dermamnist__vit_b_16_imagenet1k_v1__d64,dermamnist,vit_b_16_imagenet1k_v1,64,all_reflect,original,0.5,0.5043055752696403
dermamnist__vit_b_16_imagenet1k_v1__d64__all_reflect,dermamnist__vit_b_16_imagenet1k_v1__d64,dermamnist,vit_b_16_imagenet1k_v1,64,all_reflect,original,0.6,0.5079698261810417
dermamnist__vit_b_16_imagenet1k_v1__d64__all_reflect,dermamnist__vit_b_16_imagenet1k_v1__d64,dermamnist,vit_b_16_imagenet1k_v1,64,all_reflect,original,0.7,0.5077574009718087
dermamnist__vit_b_16_imagenet1k_v1__d64__all_reflect,dermamnist__vit_b_16_imagenet1k_v1__d64,dermamnist,vit_b_16_imagenet1k_v1,64,all_reflect,original,0.8,0.5099024753608413
dermamnist__vit_b_16_imagenet1k_v1__d64__all_reflect,dermamnist__vit_b_16_imagenet1k_v1__d64,dermamnist,vit_b_16_imagenet1k_v1,64,all_reflect,original,0.9,0.5056962227526335
dermamnist__vit_b_16_imagenet1k_v1__d64__all_reflect,dermamnist__vit_b_16_imagenet1k_v1__d64,dermamnist,vit_b_16_imagenet1k_v1,64,all_reflect,original,1.0,0.4977695702556617
dermamnist__vit_b_16_imagenet1k_v1__d64__hash_half_reflect,dermamnist__vit_b_16_imagenet1k_v1__d64,dermamnist,vit_b_16_imagenet1k_v1,64,hash_half_reflect,counterfactual,0.0,0.44847510206482355
dermamnist__vit_b_16_imagenet1k_v1__d64__hash_half_reflect,dermamnist__vit_b_16_imagenet1k_v1__d64,dermamnist,vit_b_16_imagenet1k_v1,64,hash_half_reflect,counterfactual,0.1,0.49914045039509514
dermamnist__vit_b_16_imagenet1k_v1__d64__hash_half_reflect,dermamnist__vit_b_16_imagenet1k_v1__d64,dermamnist,vit_b_16_imagenet1k_v1,64,hash_half_reflect,counterfactual,0.2,0.5278795989994315
dermamnist__vit_b_16_imagenet1k_v1__d64__hash_half_reflect,dermamnist__vit_b_16_imagenet1k_v1__d64,dermamnist,vit_b_16_imagenet1k_v1,64,hash_half_reflect,counterfactual,0.3,0.5382677208428238
dermamnist__vit_b_16_imagenet1k_v1__d64__hash_half_reflect,dermamnist__vit_b_16_imagenet1k_v1__d64,dermamnist,vit_b_16_imagenet1k_v1,64,hash_half_reflect,counterfactual,0.4,0.5263513884425279
dermamnist__vit_b_16_imagenet1k_v1__d64__hash_half_reflect,dermamnist__vit_b_16_imagenet1k_v1__d64,dermamnist,vit_b_16_imagenet1k_v1,64,hash_half_reflect,counterfactual,0.5,0.5243332731496871
dermamnist__vit_b_16_imagenet1k_v1__d64__hash_half_reflect,dermamnist__vit_b_16_imagenet1k_v1__d64,dermamnist,vit_b_16_imagenet1k_v1,64,hash_half_reflect,counterfactual,0.6,0.529169357447687
dermamnist__vit_b_16_imagenet1k_v1__d64__hash_half_reflect,dermamnist__vit_b_16_imagenet1k_v1__d64,dermamnist,vit_b_16_imagenet1k_v1,64,hash_half_reflect,counterfactual,0.7,0.5295961140856895
dermamnist__vit_b_16_imagenet1k_v1__d64__hash_half_reflect,dermamnist__vit_b_16_imagenet1k_v1__d64,dermamnist,vit_b_16_imagenet1k_v1,64,hash_half_reflect,counterfactual,0.8,0.5316346581668496
dermamnist__vit_b_16_imagenet1k_v1__d64__hash_half_reflect,dermamnist__vit_b_16_imagenet1k_v1__d64,dermamnist,vit_b_16_imagenet1k_v1,64,hash_half_reflect,counterfactual,0.9,0.5274284055586417
dermamnist__vit_b_16_imagenet1k_v1__d64__hash_half_reflect,dermamnist__vit_b_16_imagenet1k_v1__d64,dermamnist,vit_b_16_imagenet1k_v1,64,hash_half_reflect,counterfactual,1.0,0.5188625712144345
dermamnist__vit_b_16_imagenet1k_v1__d64__hash_half_reflect,dermamnist__vit_b_16_imagenet1k_v1__d64,dermamnist,vit_b_16_imagenet1k_v1,64,hash_half_reflect,original,0.0,0.4415506320531052
dermamnist__vit_b_16_imagenet1k_v1__d64__hash_half_reflect,dermamnist__vit_b_16_imagenet1k_v1__d64,dermamnist,vit_b_16_imagenet1k_v1,64,hash_half_reflect,original,0.1,0.4844392679086777
dermamnist__vit_b_16_imagenet1k_v1__d64__hash_half_reflect,dermamnist__vit_b_16_imagenet1k_v1__d64,dermamnist,vit_b_16_imagenet1k_v1,64,hash_half_reflect,original,0.2,0.5108347497398171
dermamnist__vit_b_16_imagenet1k_v1__d64__hash_half_reflect,dermamnist__vit_b_16_imagenet1k_v1__d64,dermamnist,vit_b_16_imagenet1k_v1,64,hash_half_reflect,original,0.3,0.5197314472729933
dermamnist__vit_b_16_imagenet1k_v1__d64__hash_half_reflect,dermamnist__vit_b_16_imagenet1k_v1__d64,dermamnist,vit_b_16_imagenet1k_v1,64,hash_half_reflect,original,0.4,0.5062171602546084
dermamnist__vit_b_16_imagenet1k_v1__d64__hash_half_reflect,dermamnist__vit_b_16_imagenet1k_v1__d64,dermamnist,vit_b_16_imagenet1k_v1,64,hash_half_reflect,original,0.5,0.5043055752696403
dermamnist__vit_b_16_imagenet1k_v1__d64__hash_half_reflect,dermamnist__vit_b_16_imagenet1k_v1__d64,dermamnist,vit_b_16_imagenet1k_v1,64,hash_half_reflect,original,0.6,0.5079698261810417
dermamnist__vit_b_16_imagenet1k_v1__d64__hash_half_reflect,dermamnist__vit_b_16_imagenet1k_v1__d64,dermamnist,vit_b_16_imagenet1k_v1,64,hash_half_reflect,original,0.7,0.5077574009718087
dermamnist__vit_b_16_imagenet1k_v1__d64__hash_half_reflect,dermamnist__vit_b_16_imagenet1k_v1__d64,dermamnist,vit_b_16_imagenet1k_v1,64,hash_half_reflect,original,0.8,0.5099024753608413
dermamnist__vit_b_16_imagenet1k_v1__d64__hash_half_reflect,dermamnist__vit_b_16_imagenet1k_v1__d64,dermamnist,vit_b_16_imagenet1k_v1,64,hash_half_reflect,original,0.9,0.5056962227526335
dermamnist__vit_b_16_imagenet1k_v1__d64__hash_half_reflect,dermamnist__vit_b_16_imagenet1k_v1__d64,dermamnist,vit_b_16_imagenet1k_v1,64,hash_half_reflect,original,1.0,0.4977695702556617
eurosat__resnet18_imagenet1k_v1__d128__all_reflect,eurosat__resnet18_imagenet1k_v1__d128,eurosat,resnet18_imagenet1k_v1,128,all_reflect,counterfactual,0.0,0.9464166666666667
eurosat__resnet18_imagenet1k_v1__d128__all_reflect,eurosat__resnet18_imagenet1k_v1__d128,eurosat,resnet18_imagenet1k_v1,128,all_reflect,counterfactual,0.1,0.9923
eurosat__resnet18_imagenet1k_v1__d128__all_reflect,eurosat__resnet18_imagenet1k_v1__d128,eurosat,resnet18_imagenet1k_v1,128,all_reflect,counterfactual,0.2,0.99835
eurosat__resnet18_imagenet1k_v1__d128__all_reflect,eurosat__resnet18_imagenet1k_v1__d128,eurosat,resnet18_imagenet1k_v1,128,all_reflect,counterfactual,0.3,0.9987833333333332
eurosat__resnet18_imagenet1k_v1__d128__all_reflect,eurosat__resnet18_imagenet1k_v1__d128,eurosat,resnet18_imagenet1k_v1,128,all_reflect,counterfactual,0.4,0.9987
eurosat__resnet18_imagenet1k_v1__d128__all_reflect,eurosat__resnet18_imagenet1k_v1__d128,eurosat,resnet18_imagenet1k_v1,128,all_reflect,counterfactual,0.5,0.9981333333333333
eurosat__resnet18_imagenet1k_v1__d128__all_reflect,eurosat__resnet18_imagenet1k_v1__d128,eurosat,resnet18_imagenet1k_v1,128,all_reflect,counterfactual,0.6,0.9973166666666667
eurosat__resnet18_imagenet1k_v1__d128__all_reflect,eurosat__resnet18_imagenet1k_v1__d128,eurosat,resnet18_imagenet1k_v1,128,all_reflect,counterfactual,0.7,0.9964166666666667
eurosat__resnet18_imagenet1k_v1__d128__all_reflect,eurosat__resnet18_imagenet1k_v1__d128,eurosat,resnet18_imagenet1k_v1,128,all_reflect,counterfactual,0.8,0.99605
eurosat__resnet18_imagenet1k_v1__d128__all_reflect,eurosat__resnet18_imagenet1k_v1__d128,eurosat,resnet18_imagenet1k_v1,128,all_reflect,counterfactual,0.9,0.9955833333333333
eurosat__resnet18_imagenet1k_v1__d128__all_reflect,eurosat__resnet18_imagenet1k_v1__d128,eurosat,resnet18_imagenet1k_v1,128,all_reflect,counterfactual,1.0,0.9914
eurosat__resnet18_imagenet1k_v1__d128__all_reflect,eurosat__resnet18_imagenet1k_v1__d128,eurosat,resnet18_imagenet1k_v1,128,all_reflect,original,0.0,0.8901000000000001
eurosat__resnet18_imagenet1k_v1__d128__all_reflect,eurosat__resnet18_imagenet1k_v1__d128,eurosat,resnet18_imagenet1k_v1,128,all_reflect,original,0.1,0.9034833333333333
eurosat__resnet18_imagenet1k_v1__d128__all_reflect,eurosat__resnet18_imagenet1k_v1__d128,eurosat,resnet18_imagenet1k_v1,128,all_reflect,original,0.2,0.9049999999999999
eurosat__resnet18_imagenet1k_v1__d128__all_reflect,eurosat__resnet18_imagenet1k_v1__d128,eurosat,resnet18_imagenet1k_v1,128,all_reflect,original,0.3,0.8997166666666667
eurosat__resnet18_imagenet1k_v1__d128__all_reflect,eurosat__resnet18_imagenet1k_v1__d128,eurosat,resnet18_imagenet1k_v1,128,all_reflect,original,0.4,0.8937833333333334
eurosat__resnet18_imagenet1k_v1__d128__all_reflect,eurosat__resnet18_imagenet1k_v1__d128,eurosat,resnet18_imagenet1k_v1,128,all_reflect,original,0.5,0.8871833333333333
eurosat__resnet18_imagenet1k_v1__d128__all_reflect,eurosat__resnet18_imagenet1k_v1__d128,eurosat,resnet18_imagenet1k_v1,128,all_reflect,original,0.6,0.8800666666666667
eurosat__resnet18_imagenet1k_v1__d128__all_reflect,eurosat__resnet18_imagenet1k_v1__d128,eurosat,resnet18_imagenet1k_v1,128,all_reflect,original,0.7,0.87705
eurosat__resnet18_imagenet1k_v1__d128__all_reflect,eurosat__resnet18_imagenet1k_v1__d128,eurosat,resnet18_imagenet1k_v1,128,all_reflect,original,0.8,0.87715
eurosat__resnet18_imagenet1k_v1__d128__all_reflect,eurosat__resnet18_imagenet1k_v1__d128,eurosat,resnet18_imagenet1k_v1,128,all_reflect,original,0.9,0.8802166666666666
eurosat__resnet18_imagenet1k_v1__d128__all_reflect,eurosat__resnet18_imagenet1k_v1__d128,eurosat,resnet18_imagenet1k_v1,128,all_reflect,original,1.0,0.8840833333333334
eurosat__resnet18_imagenet1k_v1__d128__hash_half_reflect,eurosat__resnet18_imagenet1k_v1__d128,eurosat,resnet18_imagenet1k_v1,128,hash_half_reflect,counterfactual,0.0,0.8996666666666668
eurosat__resnet18_imagenet1k_v1__d128__hash_half_reflect,eurosat__resnet18_imagenet1k_v1__d128,eurosat,resnet18_imagenet1k_v1,128,hash_half_reflect,counterfactual,0.1,0.9237500000000001
eurosat__resnet18_imagenet1k_v1__d128__hash_half_reflect,eurosat__resnet18_imagenet1k_v1__d128,eurosat,resnet18_imagenet1k_v1,128,hash_half_reflect,counterfactual,0.2,0.9274333333333333
eurosat__resnet18_imagenet1k_v1__d128__hash_half_reflect,eurosat__resnet18_imagenet1k_v1__d128,eurosat,resnet18_imagenet1k_v1,128,hash_half_reflect,counterfactual,0.3,0.9227833333333333
eurosat__resnet18_imagenet1k_v1__d128__hash_half_reflect,eurosat__resnet18_imagenet1k_v1__d128,eurosat,resnet18_imagenet1k_v1,128,hash_half_reflect,counterfactual,0.4,0.91815
eurosat__resnet18_imagenet1k_v1__d128__hash_half_reflect,eurosat__resnet18_imagenet1k_v1__d128,eurosat,resnet18_imagenet1k_v1,128,hash_half_reflect,counterfactual,0.5,0.9119833333333333
eurosat__resnet18_imagenet1k_v1__d128__hash_half_reflect,eurosat__resnet18_imagenet1k_v1__d128,eurosat,resnet18_imagenet1k_v1,128,hash_half_reflect,counterfactual,0.6,0.9073333333333332
eurosat__resnet18_imagenet1k_v1__d128__hash_half_reflect,eurosat__resnet18_imagenet1k_v1__d128,eurosat,resnet18_imagenet1k_v1,128,hash_half_reflect,counterfactual,0.7,0.9050499999999999
eurosat__resnet18_imagenet1k_v1__d128__hash_half_reflect,eurosat__resnet18_imagenet1k_v1__d128,eurosat,resnet18_imagenet1k_v1,128,hash_half_reflect,counterfactual,0.8,0.9051500000000001
eurosat__resnet18_imagenet1k_v1__d128__hash_half_reflect,eurosat__resnet18_imagenet1k_v1__d128,eurosat,resnet18_imagenet1k_v1,128,hash_half_reflect,counterfactual,0.9,0.90725
eurosat__resnet18_imagenet1k_v1__d128__hash_half_reflect,eurosat__resnet18_imagenet1k_v1__d128,eurosat,resnet18_imagenet1k_v1,128,hash_half_reflect,counterfactual,1.0,0.91035
eurosat__resnet18_imagenet1k_v1__d128__hash_half_reflect,eurosat__resnet18_imagenet1k_v1__d128,eurosat,resnet18_imagenet1k_v1,128,hash_half_reflect,original,0.0,0.8901000000000001
eurosat__resnet18_imagenet1k_v1__d128__hash_half_reflect,eurosat__resnet18_imagenet1k_v1__d128,eurosat,resnet18_imagenet1k_v1,128,hash_half_reflect,original,0.1,0.9034833333333333
eurosat__resnet18_imagenet1k_v1__d128__hash_half_reflect,eurosat__resnet18_imagenet1k_v1__d128,eurosat,resnet18_imagenet1k_v1,128,hash_half_reflect,original,0.2,0.9049999999999999
eurosat__resnet18_imagenet1k_v1__d128__hash_half_reflect,eurosat__resnet18_imagenet1k_v1__d128,eurosat,resnet18_imagenet1k_v1,128,hash_half_reflect,original,0.3,0.8997166666666667
eurosat__resnet18_imagenet1k_v1__d128__hash_half_reflect,eurosat__resnet18_imagenet1k_v1__d128,eurosat,resnet18_imagenet1k_v1,128,hash_half_reflect,original,0.4,0.8937833333333334
eurosat__resnet18_imagenet1k_v1__d128__hash_half_reflect,eurosat__resnet18_imagenet1k_v1__d128,eurosat,resnet18_imagenet1k_v1,128,hash_half_reflect,original,0.5,0.8871833333333333
eurosat__resnet18_imagenet1k_v1__d128__hash_half_reflect,eurosat__resnet18_imagenet1k_v1__d128,eurosat,resnet18_imagenet1k_v1,128,hash_half_reflect,original,0.6,0.8800666666666667
eurosat__resnet18_imagenet1k_v1__d128__hash_half_reflect,eurosat__resnet18_imagenet1k_v1__d128,eurosat,resnet18_imagenet1k_v1,128,hash_half_reflect,original,0.7,0.87705
eurosat__resnet18_imagenet1k_v1__d128__hash_half_reflect,eurosat__resnet18_imagenet1k_v1__d128,eurosat,resnet18_imagenet1k_v1,128,hash_half_reflect,original,0.8,0.87715
eurosat__resnet18_imagenet1k_v1__d128__hash_half_reflect,eurosat__resnet18_imagenet1k_v1__d128,eurosat,resnet18_imagenet1k_v1,128,hash_half_reflect,original,0.9,0.8802166666666666
eurosat__resnet18_imagenet1k_v1__d128__hash_half_reflect,eurosat__resnet18_imagenet1k_v1__d128,eurosat,resnet18_imagenet1k_v1,128,hash_half_reflect,original,1.0,0.8840833333333334
eurosat__resnet18_imagenet1k_v1__d64__all_reflect,eurosat__resnet18_imagenet1k_v1__d64,eurosat,resnet18_imagenet1k_v1,64,all_reflect,counterfactual,0.0,0.9079666666666666
eurosat__resnet18_imagenet1k_v1__d64__all_reflect,eurosat__resnet18_imagenet1k_v1__d64,eurosat,resnet18_imagenet1k_v1,64,all_reflect,counterfactual,0.1,0.9586333333333334
eurosat__resnet18_imagenet1k_v1__d64__all_reflect,eurosat__resnet18_imagenet1k_v1__d64,eurosat,resnet18_imagenet1k_v1,64,all_reflect,counterfactual,0.2,0.9792166666666666
eurosat__resnet18_imagenet1k_v1__d64__all_reflect,eurosat__resnet18_imagenet1k_v1__d64,eurosat,resnet18_imagenet1k_v1,64,all_reflect,counterfactual,0.3,0.9868333333333332
eurosat__resnet18_imagenet1k_v1__d64__all_reflect,eurosat__resnet18_imagenet1k_v1__d64,eurosat,resnet18_imagenet1k_v1,64,all_reflect,counterfactual,0.4,0.9888333333333333
eurosat__resnet18_imagenet1k_v1__d64__all_reflect,eurosat__resnet18_imagenet1k_v1__d64,eurosat,resnet18_imagenet1k_v1,64,all_reflect,counterfactual,0.5,0.9916
eurosat__resnet18_imagenet1k_v1__d64__all_reflect,eurosat__resnet18_imagenet1k_v1__d64,eurosat,resnet18_imagenet1k_v1,64,all_reflect,counterfactual,0.6,0.9918333333333333
eurosat__resnet18_imagenet1k_v1__d64__all_reflect,eurosat__resnet18_imagenet1k_v1__d64,eurosat,resnet18_imagenet1k_v1,64,all_reflect,counterfactual,0.7,0.9917833333333332
eurosat__resnet18_imagenet1k_v1__d64__all_reflect,eurosat__resnet18_imagenet1k_v1__d64,eurosat,resnet18_imagenet1k_v1,64,all_reflect,counterfactual,0.8,0.99145
eurosat__resnet18_imagenet1k_v1__d64__all_reflect,eurosat__resnet18_imagenet1k_v1__d64,eurosat,resnet18_imagenet1k_v1,64,all_reflect,counterfactual,0.9,0.9893333333333333
eurosat__resnet18_imagenet1k_v1__d64__all_reflect,eurosat__resnet18_imagenet1k_v1__d64,eurosat,resnet18_imagenet1k_v1,64,all_reflect,counterfactual,1.0,0.9850999999999999
eurosat__resnet18_imagenet1k_v1__d64__all_reflect,eurosat__resnet18_imagenet1k_v1__d64,eurosat,resnet18_imagenet1k_v1,64,all_reflect,original,0.0,0.8663833333333333
eurosat__resnet18_imagenet1k_v1__d64__all_reflect,eurosat__resnet18_imagenet1k_v1__d64,eurosat,resnet18_imagenet1k_v1,64,all_reflect,original,0.1,0.8818166666666667
eurosat__resnet18_imagenet1k_v1__d64__all_reflect,eurosat__resnet18_imagenet1k_v1__d64,eurosat,resnet18_imagenet1k_v1,64,all_reflect,original,0.2,0.8832000000000001
eurosat__resnet18_imagenet1k_v1__d64__all_reflect,eurosat__resnet18_imagenet1k_v1__d64,eurosat,resnet18_imagenet1k_v1,64,all_reflect,original,0.3,0.8829499999999999
eurosat__resnet18_imagenet1k_v1__d64__all_reflect,eurosat__resnet18_imagenet1k_v1__d64,eurosat,resnet18_imagenet1k_v1,64,all_reflect,original,0.4,0.8781666666666667
eurosat__resnet18_imagenet1k_v1__d64__all_reflect,eurosat__resnet18_imagenet1k_v1__d64,eurosat,resnet18_imagenet1k_v1,64,all_reflect,original,0.5,0.8748666666666667
eurosat__resnet18_imagenet1k_v1__d64__all_reflect,eurosat__resnet18_imagenet1k_v1__d64,eurosat,resnet18_imagenet1k_v1,64,all_reflect,original,0.6,0.8704000000000001
eurosat__resnet18_imagenet1k_v1__d64__all_reflect,eurosat__resnet18_imagenet1k_v1__d64,eurosat,resnet18_imagenet1k_v1,64,all_reflect,original,0.7,0.8677166666666667
eurosat__resnet18_imagenet1k_v1__d64__all_reflect,eurosat__resnet18_imagenet1k_v1__d64,eurosat,resnet18_imagenet1k_v1,64,all_reflect,original,0.8,0.8658333333333333
eurosat__resnet18_imagenet1k_v1__d64__all_reflect,eurosat__resnet18_imagenet1k_v1__d64,eurosat,resnet18_imagenet1k_v1,64,all_reflect,original,0.9,0.8649666666666667
eurosat__resnet18_imagenet1k_v1__d64__all_reflect,eurosat__resnet18_imagenet1k_v1__d64,eurosat,resnet18_imagenet1k_v1,64,all_reflect,original,1.0,0.8675499999999999
eurosat__resnet18_imagenet1k_v1__d64__hash_half_reflect,eurosat__resnet18_imagenet1k_v1__d64,eurosat,resnet18_imagenet1k_v1,64,hash_half_reflect,counterfactual,0.0,0.8820499999999999
eurosat__resnet18_imagenet1k_v1__d64__hash_half_reflect,eurosat__resnet18_imagenet1k_v1__d64,eurosat,resnet18_imagenet1k_v1,64,hash_half_reflect,counterfactual,0.1,0.91625
eurosat__resnet18_imagenet1k_v1__d64__hash_half_reflect,eurosat__resnet18_imagenet1k_v1__d64,eurosat,resnet18_imagenet1k_v1,64,hash_half_reflect,counterfactual,0.2,0.9244666666666668
eurosat__resnet18_imagenet1k_v1__d64__hash_half_reflect,eurosat__resnet18_imagenet1k_v1__d64,eurosat,resnet18_imagenet1k_v1,64,hash_half_reflect,counterfactual,0.3,0.9254499999999999
eurosat__resnet18_imagenet1k_v1__d64__hash_half_reflect,eurosat__resnet18_imagenet1k_v1__d64,eurosat,resnet18_imagenet1k_v1,64,hash_half_reflect,counterfactual,0.4,0.9234333333333333
eurosat__resnet18_imagenet1k_v1__d64__hash_half_reflect,eurosat__resnet18_imagenet1k_v1__d64,eurosat,resnet18_imagenet1k_v1,64,hash_half_reflect,counterfactual,0.5,0.9237666666666666
eurosat__resnet18_imagenet1k_v1__d64__hash_half_reflect,eurosat__resnet18_imagenet1k_v1__d64,eurosat,resnet18_imagenet1k_v1,64,hash_half_reflect,counterfactual,0.6,0.9206999999999999
eurosat__resnet18_imagenet1k_v1__d64__hash_half_reflect,eurosat__resnet18_imagenet1k_v1__d64,eurosat,resnet18_imagenet1k_v1,64,hash_half_reflect,counterfactual,0.7,0.9183833333333334
eurosat__resnet18_imagenet1k_v1__d64__hash_half_reflect,eurosat__resnet18_imagenet1k_v1__d64,eurosat,resnet18_imagenet1k_v1,64,hash_half_reflect,counterfactual,0.8,0.9173666666666668
eurosat__resnet18_imagenet1k_v1__d64__hash_half_reflect,eurosat__resnet18_imagenet1k_v1__d64,eurosat,resnet18_imagenet1k_v1,64,hash_half_reflect,counterfactual,0.9,0.9145666666666665
eurosat__resnet18_imagenet1k_v1__d64__hash_half_reflect,eurosat__resnet18_imagenet1k_v1__d64,eurosat,resnet18_imagenet1k_v1,64,hash_half_reflect,counterfactual,1.0,0.9140166666666667
eurosat__resnet18_imagenet1k_v1__d64__hash_half_reflect,eurosat__resnet18_imagenet1k_v1__d64,eurosat,resnet18_imagenet1k_v1,64,hash_half_reflect,original,0.0,0.8663833333333333
eurosat__resnet18_imagenet1k_v1__d64__hash_half_reflect,eurosat__resnet18_imagenet1k_v1__d64,eurosat,resnet18_imagenet1k_v1,64,hash_half_reflect,original,0.1,0.8818166666666667
eurosat__resnet18_imagenet1k_v1__d64__hash_half_reflect,eurosat__resnet18_imagenet1k_v1__d64,eurosat,resnet18_imagenet1k_v1,64,hash_half_reflect,original,0.2,0.8832000000000001
eurosat__resnet18_imagenet1k_v1__d64__hash_half_reflect,eurosat__resnet18_imagenet1k_v1__d64,eurosat,resnet18_imagenet1k_v1,64,hash_half_reflect,original,0.3,0.8829499999999999
eurosat__resnet18_imagenet1k_v1__d64__hash_half_reflect,eurosat__resnet18_imagenet1k_v1__d64,eurosat,resnet18_imagenet1k_v1,64,hash_half_reflect,original,0.4,0.8781666666666667
eurosat__resnet18_imagenet1k_v1__d64__hash_half_reflect,eurosat__resnet18_imagenet1k_v1__d64,eurosat,resnet18_imagenet1k_v1,64,hash_half_reflect,original,0.5,0.8748666666666667
eurosat__resnet18_imagenet1k_v1__d64__hash_half_reflect,eurosat__resnet18_imagenet1k_v1__d64,eurosat,resnet18_imagenet1k_v1,64,hash_half_reflect,original,0.6,0.8704000000000001
eurosat__resnet18_imagenet1k_v1__d64__hash_half_reflect,eurosat__resnet18_imagenet1k_v1__d64,eurosat,resnet18_imagenet1k_v1,64,hash_half_reflect,original,0.7,0.8677166666666667
eurosat__resnet18_imagenet1k_v1__d64__hash_half_reflect,eurosat__resnet18_imagenet1k_v1__d64,eurosat,resnet18_imagenet1k_v1,64,hash_half_reflect,original,0.8,0.8658333333333333
eurosat__resnet18_imagenet1k_v1__d64__hash_half_reflect,eurosat__resnet18_imagenet1k_v1__d64,eurosat,resnet18_imagenet1k_v1,64,hash_half_reflect,original,0.9,0.8649666666666667
eurosat__resnet18_imagenet1k_v1__d64__hash_half_reflect,eurosat__resnet18_imagenet1k_v1__d64,eurosat,resnet18_imagenet1k_v1,64,hash_half_reflect,original,1.0,0.8675499999999999
eurosat__vit_b_16_imagenet1k_v1__d128__all_reflect,eurosat__vit_b_16_imagenet1k_v1__d128,eurosat,vit_b_16_imagenet1k_v1,128,all_reflect,counterfactual,0.0,0.9579333333333334
eurosat__vit_b_16_imagenet1k_v1__d128__all_reflect,eurosat__vit_b_16_imagenet1k_v1__d128,eurosat,vit_b_16_imagenet1k_v1,128,all_reflect,counterfactual,0.1,0.9927666666666667
eurosat__vit_b_16_imagenet1k_v1__d128__all_reflect,eurosat__vit_b_16_imagenet1k_v1__d128,eurosat,vit_b_16_imagenet1k_v1,128,all_reflect,counterfactual,0.2,0.9986
eurosat__vit_b_16_imagenet1k_v1__d128__all_reflect,eurosat__vit_b_16_imagenet1k_v1__d128,eurosat,vit_b_16_imagenet1k_v1,128,all_reflect,counterfactual,0.3,0.9992000000000001
eurosat__vit_b_16_imagenet1k_v1__d128__all_reflect,eurosat__vit_b_16_imagenet1k_v1__d128,eurosat,vit_b_16_imagenet1k_v1,128,all_reflect,counterfactual,0.4,0.9994
eurosat__vit_b_16_imagenet1k_v1__d128__all_reflect,eurosat__vit_b_16_imagenet1k_v1__d128,eurosat,vit_b_16_imagenet1k_v1,128,all_reflect,counterfactual,0.5,0.9990666666666665
eurosat__vit_b_16_imagenet1k_v1__d128__all_reflect,eurosat__vit_b_16_imagenet1k_v1__d128,eurosat,vit_b_16_imagenet1k_v1,128,all_reflect,counterfactual,0.6,0.9990333333333332
eurosat__vit_b_16_imagenet1k_v1__d128__all_reflect,eurosat__vit_b_16_imagenet1k_v1__d128,eurosat,vit_b_16_imagenet1k_v1,128,all_reflect,counterfactual,0.7,0.9976833333333334
eurosat__vit_b_16_imagenet1k_v1__d128__all_reflect,eurosat__vit_b_16_imagenet1k_v1__d128,eurosat,vit_b_16_imagenet1k_v1,128,all_reflect,counterfactual,0.8,0.9973166666666667
eurosat__vit_b_16_imagenet1k_v1__d128__all_reflect,eurosat__vit_b_16_imagenet1k_v1__d128,eurosat,vit_b_16_imagenet1k_v1,128,all_reflect,counterfactual,0.9,0.9962500000000001
eurosat__vit_b_16_imagenet1k_v1__d128__all_reflect,eurosat__vit_b_16_imagenet1k_v1__d128,eurosat,vit_b_16_imagenet1k_v1,128,all_reflect,counterfactual,1.0,0.99465
eurosat__vit_b_16_imagenet1k_v1__d128__all_reflect,eurosat__vit_b_16_imagenet1k_v1__d128,eurosat,vit_b_16_imagenet1k_v1,128,all_reflect,original,0.0,0.8977333333333334
eurosat__vit_b_16_imagenet1k_v1__d128__all_reflect,eurosat__vit_b_16_imagenet1k_v1__d128,eurosat,vit_b_16_imagenet1k_v1,128,all_reflect,original,0.1,0.9108833333333333
eurosat__vit_b_16_imagenet1k_v1__d128__all_reflect,eurosat__vit_b_16_imagenet1k_v1__d128,eurosat,vit_b_16_imagenet1k_v1,128,all_reflect,original,0.2,0.9163166666666667
eurosat__vit_b_16_imagenet1k_v1__d128__all_reflect,eurosat__vit_b_16_imagenet1k_v1__d128,eurosat,vit_b_16_imagenet1k_v1,128,all_reflect,original,0.3,0.9123833333333333
eurosat__vit_b_16_imagenet1k_v1__d128__all_reflect,eurosat__vit_b_16_imagenet1k_v1__d128,eurosat,vit_b_16_imagenet1k_v1,128,all_reflect,original,0.4,0.9089166666666667
eurosat__vit_b_16_imagenet1k_v1__d128__all_reflect,eurosat__vit_b_16_imagenet1k_v1__d128,eurosat,vit_b_16_imagenet1k_v1,128,all_reflect,original,0.5,0.9045333333333332
eurosat__vit_b_16_imagenet1k_v1__d128__all_reflect,eurosat__vit_b_16_imagenet1k_v1__d128,eurosat,vit_b_16_imagenet1k_v1,128,all_reflect,original,0.6,0.8990500000000001
eurosat__vit_b_16_imagenet1k_v1__d128__all_reflect,eurosat__vit_b_16_imagenet1k_v1__d128,eurosat,vit_b_16_imagenet1k_v1,128,all_reflect,original,0.7,0.8968833333333333
eurosat__vit_b_16_imagenet1k_v1__d128__all_reflect,eurosat__vit_b_16_imagenet1k_v1__d128,eurosat,vit_b_16_imagenet1k_v1,128,all_reflect,original,0.8,0.8965
eurosat__vit_b_16_imagenet1k_v1__d128__all_reflect,eurosat__vit_b_16_imagenet1k_v1__d128,eurosat,vit_b_16_imagenet1k_v1,128,all_reflect,original,0.9,0.8969333333333334
eurosat__vit_b_16_imagenet1k_v1__d128__all_reflect,eurosat__vit_b_16_imagenet1k_v1__d128,eurosat,vit_b_16_imagenet1k_v1,128,all_reflect,original,1.0,0.8969833333333334
eurosat__vit_b_16_imagenet1k_v1__d128__hash_half_reflect,eurosat__vit_b_16_imagenet1k_v1__d128,eurosat,vit_b_16_imagenet1k_v1,128,hash_half_reflect,counterfactual,0.0,0.9502666666666668
eurosat__vit_b_16_imagenet1k_v1__d128__hash_half_reflect,eurosat__vit_b_16_imagenet1k_v1__d128,eurosat,vit_b_16_imagenet1k_v1,128,hash_half_reflect,counterfactual,0.1,0.9881
eurosat__vit_b_16_imagenet1k_v1__d128__hash_half_reflect,eurosat__vit_b_16_imagenet1k_v1__d128,eurosat,vit_b_16_imagenet1k_v1,128,hash_half_reflect,counterfactual,0.2,0.9944333333333335
eurosat__vit_b_16_imagenet1k_v1__d128__hash_half_reflect,eurosat__vit_b_16_imagenet1k_v1__d128,eurosat,vit_b_16_imagenet1k_v1,128,hash_half_reflect,counterfactual,0.3,0.9952000000000002
eurosat__vit_b_16_imagenet1k_v1__d128__hash_half_reflect,eurosat__vit_b_16_imagenet1k_v1__d128,eurosat,vit_b_16_imagenet1k_v1,128,hash_half_reflect,counterfactual,0.4,0.9952333333333334
eurosat__vit_b_16_imagenet1k_v1__d128__hash_half_reflect,eurosat__vit_b_16_imagenet1k_v1__d128,eurosat,vit_b_16_imagenet1k_v1,128,hash_half_reflect,counterfactual,0.5,0.9950666666666667
eurosat__vit_b_16_imagenet1k_v1__d128__hash_half_reflect,eurosat__vit_b_16_imagenet1k_v1__d128,eurosat,vit_b_16_imagenet1k_v1,128,hash_half_reflect,counterfactual,0.6,0.9945333333333333
eurosat__vit_b_16_imagenet1k_v1__d128__hash_half_reflect,eurosat__vit_b_16_imagenet1k_v1__d128,eurosat,vit_b_16_imagenet1k_v1,128,hash_half_reflect,counterfactual,0.7,0.99285
eurosat__vit_b_16_imagenet1k_v1__d128__hash_half_reflect,eurosat__vit_b_16_imagenet1k_v1__d128,eurosat,vit_b_16_imagenet1k_v1,128,hash_half_reflect,counterfactual,0.8,0.9916500000000001
eurosat__vit_b_16_imagenet1k_v1__d128__hash_half_reflect,eurosat__vit_b_16_imagenet1k_v1__d128,eurosat,vit_b_16_imagenet1k_v1,128,hash_half_reflect,counterfactual,0.9,0.9895833333333334
eurosat__vit_b_16_imagenet1k_v1__d128__hash_half_reflect,eurosat__vit_b_16_imagenet1k_v1__d128,eurosat,vit_b_16_imagenet1k_v1,128,hash_half_reflect,counterfactual,1.0,0.9859833333333334
eurosat__vit_b_16_imagenet1k_v1__d128__hash_half_reflect,eurosat__vit_b_16_imagenet1k_v1__d128,eurosat,vit_b_16_imagenet1k_v1,128,hash_half_reflect,original,0.0,0.8977333333333334
eurosat__vit_b_16_imagenet1k_v1__d128__hash_half_reflect,eurosat__vit_b_16_imagenet1k_v1__d128,eurosat,vit_b_16_imagenet1k_v1,128,hash_half_reflect,original,0.1,0.9108833333333333
eurosat__vit_b_16_imagenet1k_v1__d128__hash_half_reflect,eurosat__vit_b_16_imagenet1k_v1__d128,eurosat,vit_b_16_imagenet1k_v1,128,hash_half_reflect,original,0.2,0.9163166666666667
eurosat__vit_b_16_imagenet1k_v1__d128__hash_half_reflect,eurosat__vit_b_16_imagenet1k_v1__d128,eurosat,vit_b_16_imagenet1k_v1,128,hash_half_reflect,original,0.3,0.9123833333333333
eurosat__vit_b_16_imagenet1k_v1__d128__hash_half_reflect,eurosat__vit_b_16_imagenet1k_v1__d128,eurosat,vit_b_16_imagenet1k_v1,128,hash_half_reflect,original,0.4,0.9089166666666667
eurosat__vit_b_16_imagenet1k_v1__d128__hash_half_reflect,eurosat__vit_b_16_imagenet1k_v1__d128,eurosat,vit_b_16_imagenet1k_v1,128,hash_half_reflect,original,0.5,0.9045333333333332
eurosat__vit_b_16_imagenet1k_v1__d128__hash_half_reflect,eurosat__vit_b_16_imagenet1k_v1__d128,eurosat,vit_b_16_imagenet1k_v1,128,hash_half_reflect,original,0.6,0.8990500000000001
eurosat__vit_b_16_imagenet1k_v1__d128__hash_half_reflect,eurosat__vit_b_16_imagenet1k_v1__d128,eurosat,vit_b_16_imagenet1k_v1,128,hash_half_reflect,original,0.7,0.8968833333333333
eurosat__vit_b_16_imagenet1k_v1__d128__hash_half_reflect,eurosat__vit_b_16_imagenet1k_v1__d128,eurosat,vit_b_16_imagenet1k_v1,128,hash_half_reflect,original,0.8,0.8965
eurosat__vit_b_16_imagenet1k_v1__d128__hash_half_reflect,eurosat__vit_b_16_imagenet1k_v1__d128,eurosat,vit_b_16_imagenet1k_v1,128,hash_half_reflect,original,0.9,0.8969333333333334
eurosat__vit_b_16_imagenet1k_v1__d128__hash_half_reflect,eurosat__vit_b_16_imagenet1k_v1__d128,eurosat,vit_b_16_imagenet1k_v1,128,hash_half_reflect,original,1.0,0.8969833333333334
eurosat__vit_b_16_imagenet1k_v1__d64__all_reflect,eurosat__vit_b_16_imagenet1k_v1__d64,eurosat,vit_b_16_imagenet1k_v1,64,all_reflect,counterfactual,0.0,0.9120333333333333
eurosat__vit_b_16_imagenet1k_v1__d64__all_reflect,eurosat__vit_b_16_imagenet1k_v1__d64,eurosat,vit_b_16_imagenet1k_v1,64,all_reflect,counterfactual,0.1,0.95175
eurosat__vit_b_16_imagenet1k_v1__d64__all_reflect,eurosat__vit_b_16_imagenet1k_v1__d64,eurosat,vit_b_16_imagenet1k_v1,64,all_reflect,counterfactual,0.2,0.9699833333333332
eurosat__vit_b_16_imagenet1k_v1__d64__all_reflect,eurosat__vit_b_16_imagenet1k_v1__d64,eurosat,vit_b_16_imagenet1k_v1,64,all_reflect,counterfactual,0.3,0.9802833333333332
eurosat__vit_b_16_imagenet1k_v1__d64__all_reflect,eurosat__vit_b_16_imagenet1k_v1__d64,eurosat,vit_b_16_imagenet1k_v1,64,all_reflect,counterfactual,0.4,0.9834666666666667
eurosat__vit_b_16_imagenet1k_v1__d64__all_reflect,eurosat__vit_b_16_imagenet1k_v1__d64,eurosat,vit_b_16_imagenet1k_v1,64,all_reflect,counterfactual,0.5,0.9851333333333333
eurosat__vit_b_16_imagenet1k_v1__d64__all_reflect,eurosat__vit_b_16_imagenet1k_v1__d64,eurosat,vit_b_16_imagenet1k_v1,64,all_reflect,counterfactual,0.6,0.9856
eurosat__vit_b_16_imagenet1k_v1__d64__all_reflect,eurosat__vit_b_16_imagenet1k_v1__d64,eurosat,vit_b_16_imagenet1k_v1,64,all_reflect,counterfactual,0.7,0.9864
eurosat__vit_b_16_imagenet1k_v1__d64__all_reflect,eurosat__vit_b_16_imagenet1k_v1__d64,eurosat,vit_b_16_imagenet1k_v1,64,all_reflect,counterfactual,0.8,0.9869333333333333
eurosat__vit_b_16_imagenet1k_v1__d64__all_reflect,eurosat__vit_b_16_imagenet1k_v1__d64,eurosat,vit_b_16_imagenet1k_v1,64,all_reflect,counterfactual,0.9,0.9869499999999999
eurosat__vit_b_16_imagenet1k_v1__d64__all_reflect,eurosat__vit_b_16_imagenet1k_v1__d64,eurosat,vit_b_16_imagenet1k_v1,64,all_reflect,counterfactual,1.0,0.9863999999999999
eurosat__vit_b_16_imagenet1k_v1__d64__all_reflect,eurosat__vit_b_16_imagenet1k_v1__d64,eurosat,vit_b_16_imagenet1k_v1,64,all_reflect,original,0.0,0.8491666666666667
eurosat__vit_b_16_imagenet1k_v1__d64__all_reflect,eurosat__vit_b_16_imagenet1k_v1__d64,eurosat,vit_b_16_imagenet1k_v1,64,all_reflect,original,0.1,0.8693666666666667
eurosat__vit_b_16_imagenet1k_v1__d64__all_reflect,eurosat__vit_b_16_imagenet1k_v1__d64,eurosat,vit_b_16_imagenet1k_v1,64,all_reflect,original,0.2,0.8786166666666666
eurosat__vit_b_16_imagenet1k_v1__d64__all_reflect,eurosat__vit_b_16_imagenet1k_v1__d64,eurosat,vit_b_16_imagenet1k_v1,64,all_reflect,original,0.3,0.8792833333333334
eurosat__vit_b_16_imagenet1k_v1__d64__all_reflect,eurosat__vit_b_16_imagenet1k_v1__d64,eurosat,vit_b_16_imagenet1k_v1,64,all_reflect,original,0.4,0.8816333333333333
eurosat__vit_b_16_imagenet1k_v1__d64__all_reflect,eurosat__vit_b_16_imagenet1k_v1__d64,eurosat,vit_b_16_imagenet1k_v1,64,all_reflect,original,0.5,0.8802833333333334
eurosat__vit_b_16_imagenet1k_v1__d64__all_reflect,eurosat__vit_b_16_imagenet1k_v1__d64,eurosat,vit_b_16_imagenet1k_v1,64,all_reflect,original,0.6,0.8802166666666666
eurosat__vit_b_16_imagenet1k_v1__d64__all_reflect,eurosat__vit_b_16_imagenet1k_v1__d64,eurosat,vit_b_16_imagenet1k_v1,64,all_reflect,original,0.7,0.87835
eurosat__vit_b_16_imagenet1k_v1__d64__all_reflect,eurosat__vit_b_16_imagenet1k_v1__d64,eurosat,vit_b_16_imagenet1k_v1,64,all_reflect,original,0.8,0.8785333333333334
eurosat__vit_b_16_imagenet1k_v1__d64__all_reflect,eurosat__vit_b_16_imagenet1k_v1__d64,eurosat,vit_b_16_imagenet1k_v1,64,all_reflect,original,0.9,0.8765166666666667
eurosat__vit_b_16_imagenet1k_v1__d64__all_reflect,eurosat__vit_b_16_imagenet1k_v1__d64,eurosat,vit_b_16_imagenet1k_v1,64,all_reflect,original,1.0,0.8780833333333333
eurosat__vit_b_16_imagenet1k_v1__d64__hash_half_reflect,eurosat__vit_b_16_imagenet1k_v1__d64,eurosat,vit_b_16_imagenet1k_v1,64,hash_half_reflect,counterfactual,0.0,0.8921666666666667
eurosat__vit_b_16_imagenet1k_v1__d64__hash_half_reflect,eurosat__vit_b_16_imagenet1k_v1__d64,eurosat,vit_b_16_imagenet1k_v1,64,hash_half_reflect,counterfactual,0.1,0.9297166666666665
eurosat__vit_b_16_imagenet1k_v1__d64__hash_half_reflect,eurosat__vit_b_16_imagenet1k_v1__d64,eurosat,vit_b_16_imagenet1k_v1,64,hash_half_reflect,counterfactual,0.2,0.9489833333333333
eurosat__vit_b_16_imagenet1k_v1__d64__hash_half_reflect,eurosat__vit_b_16_imagenet1k_v1__d64,eurosat,vit_b_16_imagenet1k_v1,64,hash_half_reflect,counterfactual,0.3,0.9573499999999999
eurosat__vit_b_16_imagenet1k_v1__d64__hash_half_reflect,eurosat__vit_b_16_imagenet1k_v1__d64,eurosat,vit_b_16_imagenet1k_v1,64,hash_half_reflect,counterfactual,0.4,0.9613666666666667
eurosat__vit_b_16_imagenet1k_v1__d64__hash_half_reflect,eurosat__vit_b_16_imagenet1k_v1__d64,eurosat,vit_b_16_imagenet1k_v1,64,hash_half_reflect,counterfactual,0.5,0.9635
eurosat__vit_b_16_imagenet1k_v1__d64__hash_half_reflect,eurosat__vit_b_16_imagenet1k_v1__d64,eurosat,vit_b_16_imagenet1k_v1,64,hash_half_reflect,counterfactual,0.6,0.9637333333333334
eurosat__vit_b_16_imagenet1k_v1__d64__hash_half_reflect,eurosat__vit_b_16_imagenet1k_v1__d64,eurosat,vit_b_16_imagenet1k_v1,64,hash_half_reflect,counterfactual,0.7,0.9639999999999999
eurosat__vit_b_16_imagenet1k_v1__d64__hash_half_reflect,eurosat__vit_b_16_imagenet1k_v1__d64,eurosat,vit_b_16_imagenet1k_v1,64,hash_half_reflect,counterfactual,0.8,0.9633666666666668
eurosat__vit_b_16_imagenet1k_v1__d64__hash_half_reflect,eurosat__vit_b_16_imagenet1k_v1__d64,eurosat,vit_b_16_imagenet1k_v1,64,hash_half_reflect,counterfactual,0.9,0.9615833333333332
eurosat__vit_b_16_imagenet1k_v1__d64__hash_half_reflect,eurosat__vit_b_16_imagenet1k_v1__d64,eurosat,vit_b_16_imagenet1k_v1,64,hash_half_reflect,counterfactual,1.0,0.9586666666666666
eurosat__vit_b_16_imagenet1k_v1__d64__hash_half_reflect,eurosat__vit_b_16_imagenet1k_v1__d64,eurosat,vit_b_16_imagenet1k_v1,64,hash_half_reflect,original,0.0,0.8491666666666667
eurosat__vit_b_16_imagenet1k_v1__d64__hash_half_reflect,eurosat__vit_b_16_imagenet1k_v1__d64,eurosat,vit_b_16_imagenet1k_v1,64,hash_half_reflect,original,0.1,0.8693666666666667
eurosat__vit_b_16_imagenet1k_v1__d64__hash_half_reflect,eurosat__vit_b_16_imagenet1k_v1__d64,eurosat,vit_b_16_imagenet1k_v1,64,hash_half_reflect,original,0.2,0.8786166666666666
eurosat__vit_b_16_imagenet1k_v1__d64__hash_half_reflect,eurosat__vit_b_16_imagenet1k_v1__d64,eurosat,vit_b_16_imagenet1k_v1,64,hash_half_reflect,original,0.3,0.8792833333333334
eurosat__vit_b_16_imagenet1k_v1__d64__hash_half_reflect,eurosat__vit_b_16_imagenet1k_v1__d64,eurosat,vit_b_16_imagenet1k_v1,64,hash_half_reflect,original,0.4,0.8816333333333333
eurosat__vit_b_16_imagenet1k_v1__d64__hash_half_reflect,eurosat__vit_b_16_imagenet1k_v1__d64,eurosat,vit_b_16_imagenet1k_v1,64,hash_half_reflect,original,0.5,0.8802833333333334
eurosat__vit_b_16_imagenet1k_v1__d64__hash_half_reflect,eurosat__vit_b_16_imagenet1k_v1__d64,eurosat,vit_b_16_imagenet1k_v1,64,hash_half_reflect,original,0.6,0.8802166666666666
eurosat__vit_b_16_imagenet1k_v1__d64__hash_half_reflect,eurosat__vit_b_16_imagenet1k_v1__d64,eurosat,vit_b_16_imagenet1k_v1,64,hash_half_reflect,original,0.7,0.87835
eurosat__vit_b_16_imagenet1k_v1__d64__hash_half_reflect,eurosat__vit_b_16_imagenet1k_v1__d64,eurosat,vit_b_16_imagenet1k_v1,64,hash_half_reflect,original,0.8,0.8785333333333334
eurosat__vit_b_16_imagenet1k_v1__d64__hash_half_reflect,eurosat__vit_b_16_imagenet1k_v1__d64,eurosat,vit_b_16_imagenet1k_v1,64,hash_half_reflect,original,0.9,0.8765166666666667
eurosat__vit_b_16_imagenet1k_v1__d64__hash_half_reflect,eurosat__vit_b_16_imagenet1k_v1__d64,eurosat,vit_b_16_imagenet1k_v1,64,hash_half_reflect,original,1.0,0.8780833333333333
pathmnist__resnet18_imagenet1k_v1__d128__all_reflect,pathmnist__resnet18_imagenet1k_v1__d128,pathmnist,resnet18_imagenet1k_v1,128,all_reflect,counterfactual,0.0,0.8903289008137245
pathmnist__resnet18_imagenet1k_v1__d128__all_reflect,pathmnist__resnet18_imagenet1k_v1__d128,pathmnist,resnet18_imagenet1k_v1,128,all_reflect,counterfactual,0.1,0.9681128882277963
pathmnist__resnet18_imagenet1k_v1__d128__all_reflect,pathmnist__resnet18_imagenet1k_v1__d128,pathmnist,resnet18_imagenet1k_v1,128,all_reflect,counterfactual,0.2,0.9789758371178752
pathmnist__resnet18_imagenet1k_v1__d128__all_reflect,pathmnist__resnet18_imagenet1k_v1__d128,pathmnist,resnet18_imagenet1k_v1,128,all_reflect,counterfactual,0.3,0.9713401904066736
pathmnist__resnet18_imagenet1k_v1__d128__all_reflect,pathmnist__resnet18_imagenet1k_v1__d128,pathmnist,resnet18_imagenet1k_v1,128,all_reflect,counterfactual,0.4,0.9502906008231461
pathmnist__resnet18_imagenet1k_v1__d128__all_reflect,pathmnist__resnet18_imagenet1k_v1__d128,pathmnist,resnet18_imagenet1k_v1,128,all_reflect,counterfactual,0.5,0.926503782861845
pathmnist__resnet18_imagenet1k_v1__d128__all_reflect,pathmnist__resnet18_imagenet1k_v1__d128,pathmnist,resnet18_imagenet1k_v1,128,all_reflect,counterfactual,0.6,0.9106840332791957
pathmnist__resnet18_imagenet1k_v1__d128__all_reflect,pathmnist__resnet18_imagenet1k_v1__d128,pathmnist,resnet18_imagenet1k_v1,128,all_reflect,counterfactual,0.7,0.8981634345886111
pathmnist__resnet18_imagenet1k_v1__d128__all_reflect,pathmnist__resnet18_imagenet1k_v1__d128,pathmnist,resnet18_imagenet1k_v1,128,all_reflect,counterfactual,0.8,0.893230549613858
pathmnist__resnet18_imagenet1k_v1__d128__all_reflect,pathmnist__resnet18_imagenet1k_v1__d128,pathmnist,resnet18_imagenet1k_v1,128,all_reflect,counterfactual,0.9,0.8892153894438923
pathmnist__resnet18_imagenet1k_v1__d128__all_reflect,pathmnist__resnet18_imagenet1k_v1__d128,pathmnist,resnet18_imagenet1k_v1,128,all_reflect,counterfactual,1.0,0.8973491073124814
pathmnist__resnet18_imagenet1k_v1__d128__all_reflect,pathmnist__resnet18_imagenet1k_v1__d128,pathmnist,resnet18_imagenet1k_v1,128,all_reflect,original,0.0,0.7314196414122848
pathmnist__resnet18_imagenet1k_v1__d128__all_reflect,pathmnist__resnet18_imagenet1k_v1__d128,pathmnist,resnet18_imagenet1k_v1,128,all_reflect,original,0.1,0.7424205075144195
pathmnist__resnet18_imagenet1k_v1__d128__all_reflect,pathmnist__resnet18_imagenet1k_v1__d128,pathmnist,resnet18_imagenet1k_v1,128,all_reflect,original,0.2,0.7380782448459668
pathmnist__resnet18_imagenet1k_v1__d128__all_reflect,pathmnist__resnet18_imagenet1k_v1__d128,pathmnist,resnet18_imagenet1k_v1,128,all_reflect,original,0.3,0.7278212725961305
pathmnist__resnet18_imagenet1k_v1__d128__all_reflect,pathmnist__resnet18_imagenet1k_v1__d128,pathmnist,resnet18_imagenet1k_v1,128,all_reflect,original,0.4,0.722136400372891
pathmnist__resnet18_imagenet1k_v1__d128__all_reflect,pathmnist__resnet18_imagenet1k_v1__d128,pathmnist,resnet18_imagenet1k_v1,128,all_reflect,original,0.5,0.7118146984958437
pathmnist__resnet18_imagenet1k_v1__d128__all_reflect,pathmnist__resnet18_imagenet1k_v1__d128,pathmnist,resnet18_imagenet1k_v1,128,all_reflect,original,0.6,0.7059021372872057
pathmnist__resnet18_imagenet1k_v1__d128__all_reflect,pathmnist__resnet18_imagenet1k_v1__d128,pathmnist,resnet18_imagenet1k_v1,128,all_reflect,original,0.7,0.699739596814783
pathmnist__resnet18_imagenet1k_v1__d128__all_reflect,pathmnist__resnet18_imagenet1k_v1__d128,pathmnist,resnet18_imagenet1k_v1,128,all_reflect,original,0.8,0.6948669637081757
pathmnist__resnet18_imagenet1k_v1__d128__all_reflect,pathmnist__resnet18_imagenet1k_v1__d128,pathmnist,resnet18_imagenet1k_v1,128,all_reflect,original,0.9,0.6924884989248108
pathmnist__resnet18_imagenet1k_v1__d128__all_reflect,pathmnist__resnet18_imagenet1k_v1__d128,pathmnist,resnet18_imagenet1k_v1,128,all_reflect,original,1.0,0.6924359088673396
pathmnist__resnet18_imagenet1k_v1__d128__hash_half_reflect,pathmnist__resnet18_imagenet1k_v1__d128,pathmnist,resnet18_imagenet1k_v1,128,hash_half_reflect,counterfactual,0.0,0.7864544401165106
pathmnist__resnet18_imagenet1k_v1__d128__hash_half_reflect,pathmnist__resnet18_imagenet1k_v1__d128,pathmnist,resnet18_imagenet1k_v1,128,hash_half_reflect,counterfactual,0.1,0.8317141354717784
pathmnist__resnet18_imagenet1k_v1__d128__hash_half_reflect,pathmnist__resnet18_imagenet1k_v1__d128,pathmnist,resnet18_imagenet1k_v1,128,hash_half_reflect,counterfactual,0.2,0.831294550110706
pathmnist__resnet18_imagenet1k_v1__d128__hash_half_reflect,pathmnist__resnet18_imagenet1k_v1__d128,pathmnist,resnet18_imagenet1k_v1,128,hash_half_reflect,counterfactual,0.3,0.8243549206717329
pathmnist__resnet18_imagenet1k_v1__d128__hash_half_reflect,pathmnist__resnet18_imagenet1k_v1__d128,pathmnist,resnet18_imagenet1k_v1,128,hash_half_reflect,counterfactual,0.4,0.8195415146384897
pathmnist__resnet18_imagenet1k_v1__d128__hash_half_reflect,pathmnist__resnet18_imagenet1k_v1__d128,pathmnist,resnet18_imagenet1k_v1,128,hash_half_reflect,counterfactual,0.5,0.808210698968373
pathmnist__resnet18_imagenet1k_v1__d128__hash_half_reflect,pathmnist__resnet18_imagenet1k_v1__d128,pathmnist,resnet18_imagenet1k_v1,128,hash_half_reflect,counterfactual,0.6,0.8018035785619606
pathmnist__resnet18_imagenet1k_v1__d128__hash_half_reflect,pathmnist__resnet18_imagenet1k_v1__d128,pathmnist,resnet18_imagenet1k_v1,128,hash_half_reflect,counterfactual,0.7,0.7943219391488078
pathmnist__resnet18_imagenet1k_v1__d128__hash_half_reflect,pathmnist__resnet18_imagenet1k_v1__d128,pathmnist,resnet18_imagenet1k_v1,128,hash_half_reflect,counterfactual,0.8,0.7900575352732474
pathmnist__resnet18_imagenet1k_v1__d128__hash_half_reflect,pathmnist__resnet18_imagenet1k_v1__d128,pathmnist,resnet18_imagenet1k_v1,128,hash_half_reflect,counterfactual,0.9,0.7864824510591775
pathmnist__resnet18_imagenet1k_v1__d128__hash_half_reflect,pathmnist__resnet18_imagenet1k_v1__d128,pathmnist,resnet18_imagenet1k_v1,128,hash_half_reflect,counterfactual,1.0,0.7893611988257421
pathmnist__resnet18_imagenet1k_v1__d128__hash_half_reflect,pathmnist__resnet18_imagenet1k_v1__d128,pathmnist,resnet18_imagenet1k_v1,128,hash_half_reflect,original,0.0,0.7314196414122848
pathmnist__resnet18_imagenet1k_v1__d128__hash_half_reflect,pathmnist__resnet18_imagenet1k_v1__d128,pathmnist,resnet18_imagenet1k_v1,128,hash_half_reflect,original,0.1,0.7424205075144195
pathmnist__resnet18_imagenet1k_v1__d128__hash_half_reflect,pathmnist__resnet18_imagenet1k_v1__d128,pathmnist,resnet18_imagenet1k_v1,128,hash_half_reflect,original,0.2,0.7380782448459668
pathmnist__resnet18_imagenet1k_v1__d128__hash_half_reflect,pathmnist__resnet18_imagenet1k_v1__d128,pathmnist,resnet18_imagenet1k_v1,128,hash_half_reflect,original,0.3,0.7278212725961305
pathmnist__resnet18_imagenet1k_v1__d128__hash_half_reflect,pathmnist__resnet18_imagenet1k_v1__d128,pathmnist,resnet18_imagenet1k_v1,128,hash_half_reflect,original,0.4,0.722136400372891
pathmnist__resnet18_imagenet1k_v1__d128__hash_half_reflect,pathmnist__resnet18_imagenet1k_v1__d128,pathmnist,resnet18_imagenet1k_v1,128,hash_half_reflect,original,0.5,0.7118146984958437
pathmnist__resnet18_imagenet1k_v1__d128__hash_half_reflect,pathmnist__resnet18_imagenet1k_v1__d128,pathmnist,resnet18_imagenet1k_v1,128,hash_half_reflect,original,0.6,0.7059021372872057
pathmnist__resnet18_imagenet1k_v1__d128__hash_half_reflect,pathmnist__resnet18_imagenet1k_v1__d128,pathmnist,resnet18_imagenet1k_v1,128,hash_half_reflect,original,0.7,0.699739596814783
pathmnist__resnet18_imagenet1k_v1__d128__hash_half_reflect,pathmnist__resnet18_imagenet1k_v1__d128,pathmnist,resnet18_imagenet1k_v1,128,hash_half_reflect,original,0.8,0.6948669637081757
pathmnist__resnet18_imagenet1k_v1__d128__hash_half_reflect,pathmnist__resnet18_imagenet1k_v1__d128,pathmnist,resnet18_imagenet1k_v1,128,hash_half_reflect,original,0.9,0.6924884989248108
pathmnist__resnet18_imagenet1k_v1__d128__hash_half_reflect,pathmnist__resnet18_imagenet1k_v1__d128,pathmnist,resnet18_imagenet1k_v1,128,hash_half_reflect,original,1.0,0.6924359088673396
pathmnist__resnet18_imagenet1k_v1__d64__all_reflect,pathmnist__resnet18_imagenet1k_v1__d64,pathmnist,resnet18_imagenet1k_v1,64,all_reflect,counterfactual,0.0,0.8173620324466414
pathmnist__resnet18_imagenet1k_v1__d64__all_reflect,pathmnist__resnet18_imagenet1k_v1__d64,pathmnist,resnet18_imagenet1k_v1,64,all_reflect,counterfactual,0.1,0.8972125700946676
pathmnist__resnet18_imagenet1k_v1__d64__all_reflect,pathmnist__resnet18_imagenet1k_v1__d64,pathmnist,resnet18_imagenet1k_v1,64,all_reflect,counterfactual,0.2,0.93383316504909
pathmnist__resnet18_imagenet1k_v1__d64__all_reflect,pathmnist__resnet18_imagenet1k_v1__d64,pathmnist,resnet18_imagenet1k_v1,64,all_reflect,counterfactual,0.3,0.9464220833129924
pathmnist__resnet18_imagenet1k_v1__d64__all_reflect,pathmnist__resnet18_imagenet1k_v1__d64,pathmnist,resnet18_imagenet1k_v1,64,all_reflect,counterfactual,0.4,0.9517668340405611
pathmnist__resnet18_imagenet1k_v1__d64__all_reflect,pathmnist__resnet18_imagenet1k_v1__d64,pathmnist,resnet18_imagenet1k_v1,64,all_reflect,counterfactual,0.5,0.9481327179430996
pathmnist__resnet18_imagenet1k_v1__d64__all_reflect,pathmnist__resnet18_imagenet1k_v1__d64,pathmnist,resnet18_imagenet1k_v1,64,all_reflect,counterfactual,0.6,0.940913119445046
pathmnist__resnet18_imagenet1k_v1__d64__all_reflect,pathmnist__resnet18_imagenet1k_v1__d64,pathmnist,resnet18_imagenet1k_v1,64,all_reflect,counterfactual,0.7,0.9357813362894127
pathmnist__resnet18_imagenet1k_v1__d64__all_reflect,pathmnist__resnet18_imagenet1k_v1__d64,pathmnist,resnet18_imagenet1k_v1,64,all_reflect,counterfactual,0.8,0.9297241317667309
pathmnist__resnet18_imagenet1k_v1__d64__all_reflect,pathmnist__resnet18_imagenet1k_v1__d64,pathmnist,resnet18_imagenet1k_v1,64,all_reflect,counterfactual,0.9,0.9269164129267335
pathmnist__resnet18_imagenet1k_v1__d64__all_reflect,pathmnist__resnet18_imagenet1k_v1__d64,pathmnist,resnet18_imagenet1k_v1,64,all_reflect,counterfactual,1.0,0.9257274744906668
pathmnist__resnet18_imagenet1k_v1__d64__all_reflect,pathmnist__resnet18_imagenet1k_v1__d64,pathmnist,resnet18_imagenet1k_v1,64,all_reflect,original,0.0,0.7325496799443194
pathmnist__resnet18_imagenet1k_v1__d64__all_reflect,pathmnist__resnet18_imagenet1k_v1__d64,pathmnist,resnet18_imagenet1k_v1,64,all_reflect,original,0.1,0.7349616657897087
pathmnist__resnet18_imagenet1k_v1__d64__all_reflect,pathmnist__resnet18_imagenet1k_v1__d64,pathmnist,resnet18_imagenet1k_v1,64,all_reflect,original,0.2,0.7327234271858265
pathmnist__resnet18_imagenet1k_v1__d64__all_reflect,pathmnist__resnet18_imagenet1k_v1__d64,pathmnist,resnet18_imagenet1k_v1,64,all_reflect,original,0.3,0.7241548009231267
pathmnist__resnet18_imagenet1k_v1__d64__all_reflect,pathmnist__resnet18_imagenet1k_v1__d64,pathmnist,resnet18_imagenet1k_v1,64,all_reflect,original,0.4,0.715943014606502
pathmnist__resnet18_imagenet1k_v1__d64__all_reflect,pathmnist__resnet18_imagenet1k_v1__d64,pathmnist,resnet18_imagenet1k_v1,64,all_reflect,original,0.5,0.7107262708160361
pathmnist__resnet18_imagenet1k_v1__d64__all_reflect,pathmnist__resnet18_imagenet1k_v1__d64,pathmnist,resnet18_imagenet1k_v1,64,all_reflect,original,0.6,0.7056402421844382
pathmnist__resnet18_imagenet1k_v1__d64__all_reflect,pathmnist__resnet18_imagenet1k_v1__d64,pathmnist,resnet18_imagenet1k_v1,64,all_reflect,original,0.7,0.7023621305465227
pathmnist__resnet18_imagenet1k_v1__d64__all_reflect,pathmnist__resnet18_imagenet1k_v1__d64,pathmnist,resnet18_imagenet1k_v1,64,all_reflect,original,0.8,0.6952788034084069
pathmnist__resnet18_imagenet1k_v1__d64__all_reflect,pathmnist__resnet18_imagenet1k_v1__d64,pathmnist,resnet18_imagenet1k_v1,64,all_reflect,original,0.9,0.6904266087231032
pathmnist__resnet18_imagenet1k_v1__d64__all_reflect,pathmnist__resnet18_imagenet1k_v1__d64,pathmnist,resnet18_imagenet1k_v1,64,all_reflect,original,1.0,0.6873342522561837
pathmnist__resnet18_imagenet1k_v1__d64__hash_half_reflect,pathmnist__resnet18_imagenet1k_v1__d64,pathmnist,resnet18_imagenet1k_v1,64,hash_half_reflect,counterfactual,0.0,0.8074939159869936
pathmnist__resnet18_imagenet1k_v1__d64__hash_half_reflect,pathmnist__resnet18_imagenet1k_v1__d64,pathmnist,resnet18_imagenet1k_v1,64,hash_half_reflect,counterfactual,0.1,0.8514523767889367
pathmnist__resnet18_imagenet1k_v1__d64__hash_half_reflect,pathmnist__resnet18_imagenet1k_v1__d64,pathmnist,resnet18_imagenet1k_v1,64,hash_half_reflect,counterfactual,0.2,0.8798877556927517
pathmnist__resnet18_imagenet1k_v1__d64__hash_half_reflect,pathmnist__resnet18_imagenet1k_v1__d64,pathmnist,resnet18_imagenet1k_v1,64,hash_half_reflect,counterfactual,0.3,0.8907592336702227
pathmnist__resnet18_imagenet1k_v1__d64__hash_half_reflect,pathmnist__resnet18_imagenet1k_v1__d64,pathmnist,resnet18_imagenet1k_v1,64,hash_half_reflect,counterfactual,0.4,0.8946312628171292
pathmnist__resnet18_imagenet1k_v1__d64__hash_half_reflect,pathmnist__resnet18_imagenet1k_v1__d64,pathmnist,resnet18_imagenet1k_v1,64,hash_half_reflect,counterfactual,0.5,0.8921421069106219
pathmnist__resnet18_imagenet1k_v1__d64__hash_half_reflect,pathmnist__resnet18_imagenet1k_v1__d64,pathmnist,resnet18_imagenet1k_v1,64,hash_half_reflect,counterfactual,0.6,0.8854119458241058
pathmnist__resnet18_imagenet1k_v1__d64__hash_half_reflect,pathmnist__resnet18_imagenet1k_v1__d64,pathmnist,resnet18_imagenet1k_v1,64,hash_half_reflect,counterfactual,0.7,0.8829022537861388
pathmnist__resnet18_imagenet1k_v1__d64__hash_half_reflect,pathmnist__resnet18_imagenet1k_v1__d64,pathmnist,resnet18_imagenet1k_v1,64,hash_half_reflect,counterfactual,0.8,0.8762681598219301
pathmnist__resnet18_imagenet1k_v1__d64__hash_half_reflect,pathmnist__resnet18_imagenet1k_v1__d64,pathmnist,resnet18_imagenet1k_v1,64,hash_half_reflect,counterfactual,0.9,0.8723110714449287
pathmnist__resnet18_imagenet1k_v1__d64__hash_half_reflect,pathmnist__resnet18_imagenet1k_v1__d64,pathmnist,resnet18_imagenet1k_v1,64,hash_half_reflect,counterfactual,1.0,0.8710390903249224
pathmnist__resnet18_imagenet1k_v1__d64__hash_half_reflect,pathmnist__resnet18_imagenet1k_v1__d64,pathmnist,resnet18_imagenet1k_v1,64,hash_half_reflect,original,0.0,0.7325496799443194
pathmnist__resnet18_imagenet1k_v1__d64__hash_half_reflect,pathmnist__resnet18_imagenet1k_v1__d64,pathmnist,resnet18_imagenet1k_v1,64,hash_half_reflect,original,0.1,0.7349616657897087
pathmnist__resnet18_imagenet1k_v1__d64__hash_half_reflect,pathmnist__resnet18_imagenet1k_v1__d64,pathmnist,resnet18_imagenet1k_v1,64,hash_half_reflect,original,0.2,0.7327234271858265
pathmnist__resnet18_imagenet1k_v1__d64__hash_half_reflect,pathmnist__resnet18_imagenet1k_v1__d64,pathmnist,resnet18_imagenet1k_v1,64,hash_half_reflect,original,0.3,0.7241548009231267
pathmnist__resnet18_imagenet1k_v1__d64__hash_half_reflect,pathmnist__resnet18_imagenet1k_v1__d64,pathmnist,resnet18_imagenet1k_v1,64,hash_half_reflect,original,0.4,0.715943014606502
pathmnist__resnet18_imagenet1k_v1__d64__hash_half_reflect,pathmnist__resnet18_imagenet1k_v1__d64,pathmnist,resnet18_imagenet1k_v1,64,hash_half_reflect,original,0.5,0.7107262708160361
pathmnist__resnet18_imagenet1k_v1__d64__hash_half_reflect,pathmnist__resnet18_imagenet1k_v1__d64,pathmnist,resnet18_imagenet1k_v1,64,hash_half_reflect,original,0.6,0.7056402421844382
pathmnist__resnet18_imagenet1k_v1__d64__hash_half_reflect,pathmnist__resnet18_imagenet1k_v1__d64,pathmnist,resnet18_imagenet1k_v1,64,hash_half_reflect,original,0.7,0.7023621305465227
pathmnist__resnet18_imagenet1k_v1__d64__hash_half_reflect,pathmnist__resnet18_imagenet1k_v1__d64,pathmnist,resnet18_imagenet1k_v1,64,hash_half_reflect,original,0.8,0.6952788034084069
pathmnist__resnet18_imagenet1k_v1__d64__hash_half_reflect,pathmnist__resnet18_imagenet1k_v1__d64,pathmnist,resnet18_imagenet1k_v1,64,hash_half_reflect,original,0.9,0.6904266087231032
pathmnist__resnet18_imagenet1k_v1__d64__hash_half_reflect,pathmnist__resnet18_imagenet1k_v1__d64,pathmnist,resnet18_imagenet1k_v1,64,hash_half_reflect,original,1.0,0.6873342522561837
pathmnist__vit_b_16_imagenet1k_v1__d128__all_reflect,pathmnist__vit_b_16_imagenet1k_v1__d128,pathmnist,vit_b_16_imagenet1k_v1,128,all_reflect,counterfactual,0.0,0.9371985145877861
pathmnist__vit_b_16_imagenet1k_v1__d128__all_reflect,pathmnist__vit_b_16_imagenet1k_v1__d128,pathmnist,vit_b_16_imagenet1k_v1,128,all_reflect,counterfactual,0.1,0.9931017144889904
pathmnist__vit_b_16_imagenet1k_v1__d128__all_reflect,pathmnist__vit_b_16_imagenet1k_v1__d128,pathmnist,vit_b_16_imagenet1k_v1,128,all_reflect,counterfactual,0.2,0.9956393811497962
pathmnist__vit_b_16_imagenet1k_v1__d128__all_reflect,pathmnist__vit_b_16_imagenet1k_v1__d128,pathmnist,vit_b_16_imagenet1k_v1,128,all_reflect,counterfactual,0.3,0.9938797748123869
pathmnist__vit_b_16_imagenet1k_v1__d128__all_reflect,pathmnist__vit_b_16_imagenet1k_v1__d128,pathmnist,vit_b_16_imagenet1k_v1,128,all_reflect,counterfactual,0.4,0.9860609090822218
pathmnist__vit_b_16_imagenet1k_v1__d128__all_reflect,pathmnist__vit_b_16_imagenet1k_v1__d128,pathmnist,vit_b_16_imagenet1k_v1,128,all_reflect,counterfactual,0.5,0.9724366111464791
pathmnist__vit_b_16_imagenet1k_v1__d128__all_reflect,pathmnist__vit_b_16_imagenet1k_v1__d128,pathmnist,vit_b_16_imagenet1k_v1,128,all_reflect,counterfactual,0.6,0.956804131651257
pathmnist__vit_b_16_imagenet1k_v1__d128__all_reflect,pathmnist__vit_b_16_imagenet1k_v1__d128,pathmnist,vit_b_16_imagenet1k_v1,128,all_reflect,counterfactual,0.7,0.9441629492078406
pathmnist__vit_b_16_imagenet1k_v1__d128__all_reflect,pathmnist__vit_b_16_imagenet1k_v1__d128,pathmnist,vit_b_16_imagenet1k_v1,128,all_reflect,counterfactual,0.8,0.9375299168195005
pathmnist__vit_b_16_imagenet1k_v1__d128__all_reflect,pathmnist__vit_b_16_imagenet1k_v1__d128,pathmnist,vit_b_16_imagenet1k_v1,128,all_reflect,counterfactual,0.9,0.9376344246549144
pathmnist__vit_b_16_imagenet1k_v1__d128__all_reflect,pathmnist__vit_b_16_imagenet1k_v1__d128,pathmnist,vit_b_16_imagenet1k_v1,128,all_reflect,counterfactual,1.0,0.9436003754582727
pathmnist__vit_b_16_imagenet1k_v1__d128__all_reflect,pathmnist__vit_b_16_imagenet1k_v1__d128,pathmnist,vit_b_16_imagenet1k_v1,128,all_reflect,original,0.0,0.8228345892081541
pathmnist__vit_b_16_imagenet1k_v1__d128__all_reflect,pathmnist__vit_b_16_imagenet1k_v1__d128,pathmnist,vit_b_16_imagenet1k_v1,128,all_reflect,original,0.1,0.8295128097848417
pathmnist__vit_b_16_imagenet1k_v1__d128__all_reflect,pathmnist__vit_b_16_imagenet1k_v1__d128,pathmnist,vit_b_16_imagenet1k_v1,128,all_reflect,original,0.2,0.8146908167555029
pathmnist__vit_b_16_imagenet1k_v1__d128__all_reflect,pathmnist__vit_b_16_imagenet1k_v1__d128,pathmnist,vit_b_16_imagenet1k_v1,128,all_reflect,original,0.3,0.8001919043242488
pathmnist__vit_b_16_imagenet1k_v1__d128__all_reflect,pathmnist__vit_b_16_imagenet1k_v1__d128,pathmnist,vit_b_16_imagenet1k_v1,128,all_reflect,original,0.4,0.7874284472226942
pathmnist__vit_b_16_imagenet1k_v1__d128__all_reflect,pathmnist__vit_b_16_imagenet1k_v1__d128,pathmnist,vit_b_16_imagenet1k_v1,128,all_reflect,original,0.5,0.7725713744968559
pathmnist__vit_b_16_imagenet1k_v1__d128__all_reflect,pathmnist__vit_b_16_imagenet1k_v1__d128,pathmnist,vit_b_16_imagenet1k_v1,128,all_reflect,original,0.6,0.761796506101606
pathmnist__vit_b_16_imagenet1k_v1__d128__all_reflect,pathmnist__vit_b_16_imagenet1k_v1__d128,pathmnist,vit_b_16_imagenet1k_v1,128,all_reflect,original,0.7,0.7536969189792635
pathmnist__vit_b_16_imagenet1k_v1__d128__all_reflect,pathmnist__vit_b_16_imagenet1k_v1__d128,pathmnist,vit_b_16_imagenet1k_v1,128,all_reflect,original,0.8,0.7525351195709639
pathmnist__vit_b_16_imagenet1k_v1__d128__all_reflect,pathmnist__vit_b_16_imagenet1k_v1__d128,pathmnist,vit_b_16_imagenet1k_v1,128,all_reflect,original,0.9,0.7522521604455915
pathmnist__vit_b_16_imagenet1k_v1__d128__all_reflect,pathmnist__vit_b_16_imagenet1k_v1__d128,pathmnist,vit_b_16_imagenet1k_v1,128,all_reflect,original,1.0,0.7555610859280327
pathmnist__vit_b_16_imagenet1k_v1__d128__hash_half_reflect,pathmnist__vit_b_16_imagenet1k_v1__d128,pathmnist,vit_b_16_imagenet1k_v1,128,hash_half_reflect,counterfactual,0.0,0.8832303852579639
pathmnist__vit_b_16_imagenet1k_v1__d128__hash_half_reflect,pathmnist__vit_b_16_imagenet1k_v1__d128,pathmnist,vit_b_16_imagenet1k_v1,128,hash_half_reflect,counterfactual,0.1,0.9450679324884627
pathmnist__vit_b_16_imagenet1k_v1__d128__hash_half_reflect,pathmnist__vit_b_16_imagenet1k_v1__d128,pathmnist,vit_b_16_imagenet1k_v1,128,hash_half_reflect,counterfactual,0.2,0.95050873981963
pathmnist__vit_b_16_imagenet1k_v1__d128__hash_half_reflect,pathmnist__vit_b_16_imagenet1k_v1__d128,pathmnist,vit_b_16_imagenet1k_v1,128,hash_half_reflect,counterfactual,0.3,0.9521801179108296
pathmnist__vit_b_16_imagenet1k_v1__d128__hash_half_reflect,pathmnist__vit_b_16_imagenet1k_v1__d128,pathmnist,vit_b_16_imagenet1k_v1,128,hash_half_reflect,counterfactual,0.4,0.9475283147301501
pathmnist__vit_b_16_imagenet1k_v1__d128__hash_half_reflect,pathmnist__vit_b_16_imagenet1k_v1__d128,pathmnist,vit_b_16_imagenet1k_v1,128,hash_half_reflect,counterfactual,0.5,0.93562028799891
pathmnist__vit_b_16_imagenet1k_v1__d128__hash_half_reflect,pathmnist__vit_b_16_imagenet1k_v1__d128,pathmnist,vit_b_16_imagenet1k_v1,128,hash_half_reflect,counterfactual,0.6,0.9218368196379506
pathmnist__vit_b_16_imagenet1k_v1__d128__hash_half_reflect,pathmnist__vit_b_16_imagenet1k_v1__d128,pathmnist,vit_b_16_imagenet1k_v1,128,hash_half_reflect,counterfactual,0.7,0.9103840646407895
pathmnist__vit_b_16_imagenet1k_v1__d128__hash_half_reflect,pathmnist__vit_b_16_imagenet1k_v1__d128,pathmnist,vit_b_16_imagenet1k_v1,128,hash_half_reflect,counterfactual,0.8,0.9049394596987042
pathmnist__vit_b_16_imagenet1k_v1__d128__hash_half_reflect,pathmnist__vit_b_16_imagenet1k_v1__d128,pathmnist,vit_b_16_imagenet1k_v1,128,hash_half_reflect,counterfactual,0.9,0.905704551222126
pathmnist__vit_b_16_imagenet1k_v1__d128__hash_half_reflect,pathmnist__vit_b_16_imagenet1k_v1__d128,pathmnist,vit_b_16_imagenet1k_v1,128,hash_half_reflect,counterfactual,1.0,0.9132555912806232
pathmnist__vit_b_16_imagenet1k_v1__d128__hash_half_reflect,pathmnist__vit_b_16_imagenet1k_v1__d128,pathmnist,vit_b_16_imagenet1k_v1,128,hash_half_reflect,original,0.0,0.8228345892081541
pathmnist__vit_b_16_imagenet1k_v1__d128__hash_half_reflect,pathmnist__vit_b_16_imagenet1k_v1__d128,pathmnist,vit_b_16_imagenet1k_v1,128,hash_half_reflect,original,0.1,0.8295128097848417
pathmnist__vit_b_16_imagenet1k_v1__d128__hash_half_reflect,pathmnist__vit_b_16_imagenet1k_v1__d128,pathmnist,vit_b_16_imagenet1k_v1,128,hash_half_reflect,original,0.2,0.8146908167555029
pathmnist__vit_b_16_imagenet1k_v1__d128__hash_half_reflect,pathmnist__vit_b_16_imagenet1k_v1__d128,pathmnist,vit_b_16_imagenet1k_v1,128,hash_half_reflect,original,0.3,0.8001919043242488
pathmnist__vit_b_16_imagenet1k_v1__d128__hash_half_reflect,pathmnist__vit_b_16_imagenet1k_v1__d128,pathmnist,vit_b_16_imagenet1k_v1,128,hash_half_reflect,original,0.4,0.7874284472226942
pathmnist__vit_b_16_imagenet1k_v1__d128__hash_half_reflect,pathmnist__vit_b_16_imagenet1k_v1__d128,pathmnist,vit_b_16_imagenet1k_v1,128,hash_half_reflect,original,0.5,0.7725713744968559
pathmnist__vit_b_16_imagenet1k_v1__d128__hash_half_reflect,pathmnist__vit_b_16_imagenet1k_v1__d128,pathmnist,vit_b_16_imagenet1k_v1,128,hash_half_reflect,original,0.6,0.761796506101606
pathmnist__vit_b_16_imagenet1k_v1__d128__hash_half_reflect,pathmnist__vit_b_16_imagenet1k_v1__d128,pathmnist,vit_b_16_imagenet1k_v1,128,hash_half_reflect,original,0.7,0.7536969189792635
pathmnist__vit_b_16_imagenet1k_v1__d128__hash_half_reflect,pathmnist__vit_b_16_imagenet1k_v1__d128,pathmnist,vit_b_16_imagenet1k_v1,128,hash_half_reflect,original,0.8,0.7525351195709639
pathmnist__vit_b_16_imagenet1k_v1__d128__hash_half_reflect,pathmnist__vit_b_16_imagenet1k_v1__d128,pathmnist,vit_b_16_imagenet1k_v1,128,hash_half_reflect,original,0.9,0.7522521604455915
pathmnist__vit_b_16_imagenet1k_v1__d128__hash_half_reflect,pathmnist__vit_b_16_imagenet1k_v1__d128,pathmnist,vit_b_16_imagenet1k_v1,128,hash_half_reflect,original,1.0,0.7555610859280327
pathmnist__vit_b_16_imagenet1k_v1__d64__all_reflect,pathmnist__vit_b_16_imagenet1k_v1__d64,pathmnist,vit_b_16_imagenet1k_v1,64,all_reflect,counterfactual,0.0,0.866897252166101
pathmnist__vit_b_16_imagenet1k_v1__d64__all_reflect,pathmnist__vit_b_16_imagenet1k_v1__d64,pathmnist,vit_b_16_imagenet1k_v1,64,all_reflect,counterfactual,0.1,0.9356408110836545
pathmnist__vit_b_16_imagenet1k_v1__d64__all_reflect,pathmnist__vit_b_16_imagenet1k_v1__d64,pathmnist,vit_b_16_imagenet1k_v1,64,all_reflect,counterfactual,0.2,0.9637531509160707
pathmnist__vit_b_16_imagenet1k_v1__d64__all_reflect,pathmnist__vit_b_16_imagenet1k_v1__d64,pathmnist,vit_b_16_imagenet1k_v1,64,all_reflect,counterfactual,0.3,0.9720252350784558
pathmnist__vit_b_16_imagenet1k_v1__d64__all_reflect,pathmnist__vit_b_16_imagenet1k_v1__d64,pathmnist,vit_b_16_imagenet1k_v1,64,all_reflect,counterfactual,0.4,0.9705682940561524
pathmnist__vit_b_16_imagenet1k_v1__d64__all_reflect,pathmnist__vit_b_16_imagenet1k_v1__d64,pathmnist,vit_b_16_imagenet1k_v1,64,all_reflect,counterfactual,0.5,0.9631942223350455
pathmnist__vit_b_16_imagenet1k_v1__d64__all_reflect,pathmnist__vit_b_16_imagenet1k_v1__d64,pathmnist,vit_b_16_imagenet1k_v1,64,all_reflect,counterfactual,0.6,0.9556607518069978
pathmnist__vit_b_16_imagenet1k_v1__d64__all_reflect,pathmnist__vit_b_16_imagenet1k_v1__d64,pathmnist,vit_b_16_imagenet1k_v1,64,all_reflect,counterfactual,0.7,0.9464888388528172
pathmnist__vit_b_16_imagenet1k_v1__d64__all_reflect,pathmnist__vit_b_16_imagenet1k_v1__d64,pathmnist,vit_b_16_imagenet1k_v1,64,all_reflect,counterfactual,0.8,0.937975812424211
pathmnist__vit_b_16_imagenet1k_v1__d64__all_reflect,pathmnist__vit_b_16_imagenet1k_v1__d64,pathmnist,vit_b_16_imagenet1k_v1,64,all_reflect,counterfactual,0.9,0.9341835273395027
pathmnist__vit_b_16_imagenet1k_v1__d64__all_reflect,pathmnist__vit_b_16_imagenet1k_v1__d64,pathmnist,vit_b_16_imagenet1k_v1,64,all_reflect,counterfactual,1.0,0.932119452537392
pathmnist__vit_b_16_imagenet1k_v1__d64__all_reflect,pathmnist__vit_b_16_imagenet1k_v1__d64,pathmnist,vit_b_16_imagenet1k_v1,64,all_reflect,original,0.0,0.7663267200262558
pathmnist__vit_b_16_imagenet1k_v1__d64__all_reflect,pathmnist__vit_b_16_imagenet1k_v1__d64,pathmnist,vit_b_16_imagenet1k_v1,64,all_reflect,original,0.1,0.7819341674365279
pathmnist__vit_b_16_imagenet1k_v1__d64__all_reflect,pathmnist__vit_b_16_imagenet1k_v1__d64,pathmnist,vit_b_16_imagenet1k_v1,64,all_reflect,original,0.2,0.784268794230227
pathmnist__vit_b_16_imagenet1k_v1__d64__all_reflect,pathmnist__vit_b_16_imagenet1k_v1__d64,pathmnist,vit_b_16_imagenet1k_v1,64,all_reflect,original,0.3,0.7785380399246242
pathmnist__vit_b_16_imagenet1k_v1__d64__all_reflect,pathmnist__vit_b_16_imagenet1k_v1__d64,pathmnist,vit_b_16_imagenet1k_v1,64,all_reflect,original,0.4,0.7698321121700552
pathmnist__vit_b_16_imagenet1k_v1__d64__all_reflect,pathmnist__vit_b_16_imagenet1k_v1__d64,pathmnist,vit_b_16_imagenet1k_v1,64,all_reflect,original,0.5,0.7613587794160348
pathmnist__vit_b_16_imagenet1k_v1__d64__all_reflect,pathmnist__vit_b_16_imagenet1k_v1__d64,pathmnist,vit_b_16_imagenet1k_v1,64,all_reflect,original,0.6,0.7570758136901726
pathmnist__vit_b_16_imagenet1k_v1__d64__all_reflect,pathmnist__vit_b_16_imagenet1k_v1__d64,pathmnist,vit_b_16_imagenet1k_v1,64,all_reflect,original,0.7,0.7528156228634877
pathmnist__vit_b_16_imagenet1k_v1__d64__all_reflect,pathmnist__vit_b_16_imagenet1k_v1__d64,pathmnist,vit_b_16_imagenet1k_v1,64,all_reflect,original,0.8,0.7524940572229833
pathmnist__vit_b_16_imagenet1k_v1__d64__all_reflect,pathmnist__vit_b_16_imagenet1k_v1__d64,pathmnist,vit_b_16_imagenet1k_v1,64,all_reflect,original,0.9,0.7533357845299131
pathmnist__vit_b_16_imagenet1k_v1__d64__all_reflect,pathmnist__vit_b_16_imagenet1k_v1__d64,pathmnist,vit_b_16_imagenet1k_v1,64,all_reflect,original,1.0,0.7561217867207247
pathmnist__vit_b_16_imagenet1k_v1__d64__hash_half_reflect,pathmnist__vit_b_16_imagenet1k_v1__d64,pathmnist,vit_b_16_imagenet1k_v1,64,hash_half_reflect,counterfactual,0.0,0.7630205705437673
pathmnist__vit_b_16_imagenet1k_v1__d64__hash_half_reflect,pathmnist__vit_b_16_imagenet1k_v1__d64,pathmnist,vit_b_16_imagenet1k_v1,64,hash_half_reflect,counterfactual,0.1,0.7907722527914758
pathmnist__vit_b_16_imagenet1k_v1__d64__hash_half_reflect,pathmnist__vit_b_16_imagenet1k_v1__d64,pathmnist,vit_b_16_imagenet1k_v1,64,hash_half_reflect,counterfactual,0.2,0.8001093377294396
pathmnist__vit_b_16_imagenet1k_v1__d64__hash_half_reflect,pathmnist__vit_b_16_imagenet1k_v1__d64,pathmnist,vit_b_16_imagenet1k_v1,64,hash_half_reflect,counterfactual,0.3,0.8010399806180044
pathmnist__vit_b_16_imagenet1k_v1__d64__hash_half_reflect,pathmnist__vit_b_16_imagenet1k_v1__d64,pathmnist,vit_b_16_imagenet1k_v1,64,hash_half_reflect,counterfactual,0.4,0.7969369613374665
pathmnist__vit_b_16_imagenet1k_v1__d64__hash_half_reflect,pathmnist__vit_b_16_imagenet1k_v1__d64,pathmnist,vit_b_16_imagenet1k_v1,64,hash_half_reflect,counterfactual,0.5,0.7914303335184445
pathmnist__vit_b_16_imagenet1k_v1__d64__hash_half_reflect,pathmnist__vit_b_16_imagenet1k_v1__d64,pathmnist,vit_b_16_imagenet1k_v1,64,hash_half_reflect,counterfactual,0.6,0.7885891989181116
pathmnist__vit_b_16_imagenet1k_v1__d64__hash_half_reflect,pathmnist__vit_b_16_imagenet1k_v1__d64,pathmnist,vit_b_16_imagenet1k_v1,64,hash_half_reflect,counterfactual,0.7,0.7850357801313793
pathmnist__vit_b_16_imagenet1k_v1__d64__hash_half_reflect,pathmnist__vit_b_16_imagenet1k_v1__d64,pathmnist,vit_b_16_imagenet1k_v1,64,hash_half_reflect,counterfactual,0.8,0.7848873716201603
pathmnist__vit_b_16_imagenet1k_v1__d64__hash_half_reflect,pathmnist__vit_b_16_imagenet1k_v1__d64,pathmnist,vit_b_16_imagenet1k_v1,64,hash_half_reflect,counterfactual,0.9,0.7866231716191397
pathmnist__vit_b_16_imagenet1k_v1__d64__hash_half_reflect,pathmnist__vit_b_16_imagenet1k_v1__d64,pathmnist,vit_b_16_imagenet1k_v1,64,hash_half_reflect,counterfactual,1.0,0.7892148013964481
pathmnist__vit_b_16_imagenet1k_v1__d64__hash_half_reflect,pathmnist__vit_b_16_imagenet1k_v1__d64,pathmnist,vit_b_16_imagenet1k_v1,64,hash_half_reflect,original,0.0,0.7663267200262558
pathmnist__vit_b_16_imagenet1k_v1__d64__hash_half_reflect,pathmnist__vit_b_16_imagenet1k_v1__d64,pathmnist,vit_b_16_imagenet1k_v1,64,hash_half_reflect,original,0.1,0.7819341674365279
pathmnist__vit_b_16_imagenet1k_v1__d64__hash_half_reflect,pathmnist__vit_b_16_imagenet1k_v1__d64,pathmnist,vit_b_16_imagenet1k_v1,64,hash_half_reflect,original,0.2,0.784268794230227
pathmnist__vit_b_16_imagenet1k_v1__d64__hash_half_reflect,pathmnist__vit_b_16_imagenet1k_v1__d64,pathmnist,vit_b_16_imagenet1k_v1,64,hash_half_reflect,original,0.3,0.7785380399246242
pathmnist__vit_b_16_imagenet1k_v1__d64__hash_half_reflect,pathmnist__vit_b_16_imagenet1k_v1__d64,pathmnist,vit_b_16_imagenet1k_v1,64,hash_half_reflect,original,0.4,0.7698321121700552
pathmnist__vit_b_16_imagenet1k_v1__d64__hash_half_reflect,pathmnist__vit_b_16_imagenet1k_v1__d64,pathmnist,vit_b_16_imagenet1k_v1,64,hash_half_reflect,original,0.5,0.7613587794160348
pathmnist__vit_b_16_imagenet1k_v1__d64__hash_half_reflect,pathmnist__vit_b_16_imagenet1k_v1__d64,pathmnist,vit_b_16_imagenet1k_v1,64,hash_half_reflect,original,0.6,0.7570758136901726
pathmnist__vit_b_16_imagenet1k_v1__d64__hash_half_reflect,pathmnist__vit_b_16_imagenet1k_v1__d64,pathmnist,vit_b_16_imagenet1k_v1,64,hash_half_reflect,original,0.7,0.7528156228634877
pathmnist__vit_b_16_imagenet1k_v1__d64__hash_half_reflect,pathmnist__vit_b_16_imagenet1k_v1__d64,pathmnist,vit_b_16_imagenet1k_v1,64,hash_half_reflect,original,0.8,0.7524940572229833
pathmnist__vit_b_16_imagenet1k_v1__d64__hash_half_reflect,pathmnist__vit_b_16_imagenet1k_v1__d64,pathmnist,vit_b_16_imagenet1k_v1,64,hash_half_reflect,original,0.9,0.7533357845299131
pathmnist__vit_b_16_imagenet1k_v1__d64__hash_half_reflect,pathmnist__vit_b_16_imagenet1k_v1__d64,pathmnist,vit_b_16_imagenet1k_v1,64,hash_half_reflect,original,1.0,0.7561217867207247
